# Generated by tools/cldr-dates/reference/format_matcher.py golden-styles from cldr-json 48.2.0; do not edit.
# The last column is what ICU (Node 24.19, ICU 78.3) writes where it differs from the model: text@1|text@2|resolvedOptions.
# A Temporal case (options.temporal) is compared with ICU through the component bag AdjustDateTimeStyleFormat matched.
# locale	case	options	pattern	text@2022-12-24T15:07:09Z	text@2023-03-06T09:04:05Z	zone	resolvedOptions	icu
ar	d_full	{"dateStyle":"full"}	EEEE\u060c d MMMM y	\u0627\u0644\u0633\u0628\u062a\u060c 24 \u062f\u064a\u0633\u0645\u0628\u0631 2022	\u0627\u0644\u0627\u062b\u0646\u064a\u0646\u060c 6 \u0645\u0627\u0631\u0633 2023		dateStyle=full	
ar	d_long	{"dateStyle":"long"}	d MMMM y	24 \u062f\u064a\u0633\u0645\u0628\u0631 2022	6 \u0645\u0627\u0631\u0633 2023		dateStyle=long	
ar	d_medium	{"dateStyle":"medium"}	dd\u200f/MM\u200f/y	24\u200f/12\u200f/2022	06\u200f/03\u200f/2023		dateStyle=medium	
ar	d_short	{"dateStyle":"short"}	d\u200f/M\u200f/y	24\u200f/12\u200f/2022	6\u200f/3\u200f/2023		dateStyle=short	
ar	t_full	{"timeStyle":"full"}	h:mm:ss a zzzz	3:07:09 \u0645 \u0627\u0644\u062a\u0648\u0642\u064a\u062a \u0627\u0644\u0639\u0627\u0644\u0645\u064a \u0627\u0644\u0645\u0646\u0633\u0642	9:04:05 \u0635 \u0627\u0644\u062a\u0648\u0642\u064a\u062a \u0627\u0644\u0639\u0627\u0644\u0645\u064a \u0627\u0644\u0645\u0646\u0633\u0642	\u0627\u0644\u062a\u0648\u0642\u064a\u062a \u0627\u0644\u0639\u0627\u0644\u0645\u064a \u0627\u0644\u0645\u0646\u0633\u0642	timeStyle=full,hourCycle=h12	
ar	t_long	{"timeStyle":"long"}	h:mm:ss a z	3:07:09 \u0645 UTC	9:04:05 \u0635 UTC	UTC	timeStyle=long,hourCycle=h12	
ar	t_medium	{"timeStyle":"medium"}	h:mm:ss a	3:07:09 \u0645	9:04:05 \u0635		timeStyle=medium,hourCycle=h12	
ar	t_short	{"timeStyle":"short"}	h:mm a	3:07 \u0645	9:04 \u0635		timeStyle=short,hourCycle=h12	
ar	dt_full_full	{"dateStyle":"full","timeStyle":"full"}	EEEE\u060c d MMMM y \u0641\u064a h:mm:ss a zzzz	\u0627\u0644\u0633\u0628\u062a\u060c 24 \u062f\u064a\u0633\u0645\u0628\u0631 2022 \u0641\u064a 3:07:09 \u0645 \u0627\u0644\u062a\u0648\u0642\u064a\u062a \u0627\u0644\u0639\u0627\u0644\u0645\u064a \u0627\u0644\u0645\u0646\u0633\u0642	\u0627\u0644\u0627\u062b\u0646\u064a\u0646\u060c 6 \u0645\u0627\u0631\u0633 2023 \u0641\u064a 9:04:05 \u0635 \u0627\u0644\u062a\u0648\u0642\u064a\u062a \u0627\u0644\u0639\u0627\u0644\u0645\u064a \u0627\u0644\u0645\u0646\u0633\u0642	\u0627\u0644\u062a\u0648\u0642\u064a\u062a \u0627\u0644\u0639\u0627\u0644\u0645\u064a \u0627\u0644\u0645\u0646\u0633\u0642	dateStyle=full,timeStyle=full,hourCycle=h12	
ar	dt_full_long	{"dateStyle":"full","timeStyle":"long"}	EEEE\u060c d MMMM y \u0641\u064a h:mm:ss a z	\u0627\u0644\u0633\u0628\u062a\u060c 24 \u062f\u064a\u0633\u0645\u0628\u0631 2022 \u0641\u064a 3:07:09 \u0645 UTC	\u0627\u0644\u0627\u062b\u0646\u064a\u0646\u060c 6 \u0645\u0627\u0631\u0633 2023 \u0641\u064a 9:04:05 \u0635 UTC	UTC	dateStyle=full,timeStyle=long,hourCycle=h12	
ar	dt_full_medium	{"dateStyle":"full","timeStyle":"medium"}	EEEE\u060c d MMMM y \u0641\u064a h:mm:ss a	\u0627\u0644\u0633\u0628\u062a\u060c 24 \u062f\u064a\u0633\u0645\u0628\u0631 2022 \u0641\u064a 3:07:09 \u0645	\u0627\u0644\u0627\u062b\u0646\u064a\u0646\u060c 6 \u0645\u0627\u0631\u0633 2023 \u0641\u064a 9:04:05 \u0635		dateStyle=full,timeStyle=medium,hourCycle=h12	
ar	dt_full_short	{"dateStyle":"full","timeStyle":"short"}	EEEE\u060c d MMMM y \u0641\u064a h:mm a	\u0627\u0644\u0633\u0628\u062a\u060c 24 \u062f\u064a\u0633\u0645\u0628\u0631 2022 \u0641\u064a 3:07 \u0645	\u0627\u0644\u0627\u062b\u0646\u064a\u0646\u060c 6 \u0645\u0627\u0631\u0633 2023 \u0641\u064a 9:04 \u0635		dateStyle=full,timeStyle=short,hourCycle=h12	
ar	dt_long_full	{"dateStyle":"long","timeStyle":"full"}	d MMMM y \u0641\u064a h:mm:ss a zzzz	24 \u062f\u064a\u0633\u0645\u0628\u0631 2022 \u0641\u064a 3:07:09 \u0645 \u0627\u0644\u062a\u0648\u0642\u064a\u062a \u0627\u0644\u0639\u0627\u0644\u0645\u064a \u0627\u0644\u0645\u0646\u0633\u0642	6 \u0645\u0627\u0631\u0633 2023 \u0641\u064a 9:04:05 \u0635 \u0627\u0644\u062a\u0648\u0642\u064a\u062a \u0627\u0644\u0639\u0627\u0644\u0645\u064a \u0627\u0644\u0645\u0646\u0633\u0642	\u0627\u0644\u062a\u0648\u0642\u064a\u062a \u0627\u0644\u0639\u0627\u0644\u0645\u064a \u0627\u0644\u0645\u0646\u0633\u0642	dateStyle=long,timeStyle=full,hourCycle=h12	
ar	dt_long_long	{"dateStyle":"long","timeStyle":"long"}	d MMMM y \u0641\u064a h:mm:ss a z	24 \u062f\u064a\u0633\u0645\u0628\u0631 2022 \u0641\u064a 3:07:09 \u0645 UTC	6 \u0645\u0627\u0631\u0633 2023 \u0641\u064a 9:04:05 \u0635 UTC	UTC	dateStyle=long,timeStyle=long,hourCycle=h12	
ar	dt_long_medium	{"dateStyle":"long","timeStyle":"medium"}	d MMMM y \u0641\u064a h:mm:ss a	24 \u062f\u064a\u0633\u0645\u0628\u0631 2022 \u0641\u064a 3:07:09 \u0645	6 \u0645\u0627\u0631\u0633 2023 \u0641\u064a 9:04:05 \u0635		dateStyle=long,timeStyle=medium,hourCycle=h12	
ar	dt_long_short	{"dateStyle":"long","timeStyle":"short"}	d MMMM y \u0641\u064a h:mm a	24 \u062f\u064a\u0633\u0645\u0628\u0631 2022 \u0641\u064a 3:07 \u0645	6 \u0645\u0627\u0631\u0633 2023 \u0641\u064a 9:04 \u0635		dateStyle=long,timeStyle=short,hourCycle=h12	
ar	dt_medium_full	{"dateStyle":"medium","timeStyle":"full"}	dd\u200f/MM\u200f/y\u060c h:mm:ss a zzzz	24\u200f/12\u200f/2022\u060c 3:07:09 \u0645 \u0627\u0644\u062a\u0648\u0642\u064a\u062a \u0627\u0644\u0639\u0627\u0644\u0645\u064a \u0627\u0644\u0645\u0646\u0633\u0642	06\u200f/03\u200f/2023\u060c 9:04:05 \u0635 \u0627\u0644\u062a\u0648\u0642\u064a\u062a \u0627\u0644\u0639\u0627\u0644\u0645\u064a \u0627\u0644\u0645\u0646\u0633\u0642	\u0627\u0644\u062a\u0648\u0642\u064a\u062a \u0627\u0644\u0639\u0627\u0644\u0645\u064a \u0627\u0644\u0645\u0646\u0633\u0642	dateStyle=medium,timeStyle=full,hourCycle=h12	
ar	dt_medium_long	{"dateStyle":"medium","timeStyle":"long"}	dd\u200f/MM\u200f/y\u060c h:mm:ss a z	24\u200f/12\u200f/2022\u060c 3:07:09 \u0645 UTC	06\u200f/03\u200f/2023\u060c 9:04:05 \u0635 UTC	UTC	dateStyle=medium,timeStyle=long,hourCycle=h12	
ar	dt_medium_medium	{"dateStyle":"medium","timeStyle":"medium"}	dd\u200f/MM\u200f/y\u060c h:mm:ss a	24\u200f/12\u200f/2022\u060c 3:07:09 \u0645	06\u200f/03\u200f/2023\u060c 9:04:05 \u0635		dateStyle=medium,timeStyle=medium,hourCycle=h12	
ar	dt_medium_short	{"dateStyle":"medium","timeStyle":"short"}	dd\u200f/MM\u200f/y\u060c h:mm a	24\u200f/12\u200f/2022\u060c 3:07 \u0645	06\u200f/03\u200f/2023\u060c 9:04 \u0635		dateStyle=medium,timeStyle=short,hourCycle=h12	
ar	dt_short_full	{"dateStyle":"short","timeStyle":"full"}	d\u200f/M\u200f/y\u060c h:mm:ss a zzzz	24\u200f/12\u200f/2022\u060c 3:07:09 \u0645 \u0627\u0644\u062a\u0648\u0642\u064a\u062a \u0627\u0644\u0639\u0627\u0644\u0645\u064a \u0627\u0644\u0645\u0646\u0633\u0642	6\u200f/3\u200f/2023\u060c 9:04:05 \u0635 \u0627\u0644\u062a\u0648\u0642\u064a\u062a \u0627\u0644\u0639\u0627\u0644\u0645\u064a \u0627\u0644\u0645\u0646\u0633\u0642	\u0627\u0644\u062a\u0648\u0642\u064a\u062a \u0627\u0644\u0639\u0627\u0644\u0645\u064a \u0627\u0644\u0645\u0646\u0633\u0642	dateStyle=short,timeStyle=full,hourCycle=h12	
ar	dt_short_long	{"dateStyle":"short","timeStyle":"long"}	d\u200f/M\u200f/y\u060c h:mm:ss a z	24\u200f/12\u200f/2022\u060c 3:07:09 \u0645 UTC	6\u200f/3\u200f/2023\u060c 9:04:05 \u0635 UTC	UTC	dateStyle=short,timeStyle=long,hourCycle=h12	
ar	dt_short_medium	{"dateStyle":"short","timeStyle":"medium"}	d\u200f/M\u200f/y\u060c h:mm:ss a	24\u200f/12\u200f/2022\u060c 3:07:09 \u0645	6\u200f/3\u200f/2023\u060c 9:04:05 \u0635		dateStyle=short,timeStyle=medium,hourCycle=h12	
ar	dt_short_short	{"dateStyle":"short","timeStyle":"short"}	d\u200f/M\u200f/y\u060c h:mm a	24\u200f/12\u200f/2022\u060c 3:07 \u0645	6\u200f/3\u200f/2023\u060c 9:04 \u0635		dateStyle=short,timeStyle=short,hourCycle=h12	
ar	t_short_h23	{"timeStyle":"short","hourCycle":"h23"}	HH:mm	15:07	09:04		timeStyle=short,hourCycle=h23	
ar	t_short_h12	{"timeStyle":"short","hourCycle":"h12"}	h:mm a	3:07 \u0645	9:04 \u0635		timeStyle=short,hourCycle=h12	
ar	t_short_h11	{"timeStyle":"short","hourCycle":"h11"}	K:mm a	3:07 \u0645	9:04 \u0635		timeStyle=short,hourCycle=h11	
ar	t_short_h24	{"timeStyle":"short","hourCycle":"h24"}	kk:mm	15:07	09:04		timeStyle=short,hourCycle=h24	
ar	t_medium_12	{"timeStyle":"medium","hour12":true}	h:mm:ss a	3:07:09 \u0645	9:04:05 \u0635		timeStyle=medium,hourCycle=h12	
ar	t_medium_24	{"timeStyle":"medium","hour12":false}	HH:mm:ss	15:07:09	09:04:05		timeStyle=medium,hourCycle=h23	
ar	t_full_h23	{"timeStyle":"full","hourCycle":"h23"}	HH:mm:ss zzzz	15:07:09 \u0627\u0644\u062a\u0648\u0642\u064a\u062a \u0627\u0644\u0639\u0627\u0644\u0645\u064a \u0627\u0644\u0645\u0646\u0633\u0642	09:04:05 \u0627\u0644\u062a\u0648\u0642\u064a\u062a \u0627\u0644\u0639\u0627\u0644\u0645\u064a \u0627\u0644\u0645\u0646\u0633\u0642	\u0627\u0644\u062a\u0648\u0642\u064a\u062a \u0627\u0644\u0639\u0627\u0644\u0645\u064a \u0627\u0644\u0645\u0646\u0633\u0642	timeStyle=full,hourCycle=h23	
ar	t_long_h12	{"timeStyle":"long","hourCycle":"h12"}	h:mm:ss a z	3:07:09 \u0645 UTC	9:04:05 \u0635 UTC	UTC	timeStyle=long,hourCycle=h12	
ar	dt_full_short_h23	{"dateStyle":"full","timeStyle":"short","hourCycle":"h23"}	EEEE\u060c d MMMM y \u0641\u064a HH:mm	\u0627\u0644\u0633\u0628\u062a\u060c 24 \u062f\u064a\u0633\u0645\u0628\u0631 2022 \u0641\u064a 15:07	\u0627\u0644\u0627\u062b\u0646\u064a\u0646\u060c 6 \u0645\u0627\u0631\u0633 2023 \u0641\u064a 09:04		dateStyle=full,timeStyle=short,hourCycle=h23	
ar	dt_short_medium_h12	{"dateStyle":"short","timeStyle":"medium","hourCycle":"h12"}	d\u200f/M\u200f/y\u060c h:mm:ss a	24\u200f/12\u200f/2022\u060c 3:07:09 \u0645	6\u200f/3\u200f/2023\u060c 9:04:05 \u0635		dateStyle=short,timeStyle=medium,hourCycle=h12	
ar	dt_long_long_12	{"dateStyle":"long","timeStyle":"long","hour12":true}	d MMMM y \u0641\u064a h:mm:ss a z	24 \u062f\u064a\u0633\u0645\u0628\u0631 2022 \u0641\u064a 3:07:09 \u0645 UTC	6 \u0645\u0627\u0631\u0633 2023 \u0641\u064a 9:04:05 \u0635 UTC	UTC	dateStyle=long,timeStyle=long,hourCycle=h12	
ar	dt_medium_full_24	{"dateStyle":"medium","timeStyle":"full","hour12":false}	dd\u200f/MM\u200f/y\u060c HH:mm:ss zzzz	24\u200f/12\u200f/2022\u060c 15:07:09 \u0627\u0644\u062a\u0648\u0642\u064a\u062a \u0627\u0644\u0639\u0627\u0644\u0645\u064a \u0627\u0644\u0645\u0646\u0633\u0642	06\u200f/03\u200f/2023\u060c 09:04:05 \u0627\u0644\u062a\u0648\u0642\u064a\u062a \u0627\u0644\u0639\u0627\u0644\u0645\u064a \u0627\u0644\u0645\u0646\u0633\u0642	\u0627\u0644\u062a\u0648\u0642\u064a\u062a \u0627\u0644\u0639\u0627\u0644\u0645\u064a \u0627\u0644\u0645\u0646\u0633\u0642	dateStyle=medium,timeStyle=full,hourCycle=h23	
ar	PYM_full	{"temporal":"PlainYearMonth","dateStyle":"full"}	MMMM y	\u062f\u064a\u0633\u0645\u0628\u0631 2022	\u0645\u0627\u0631\u0633 2023		year=numeric,month=long	
ar	PYM_long	{"temporal":"PlainYearMonth","dateStyle":"long"}	MMMM y	\u062f\u064a\u0633\u0645\u0628\u0631 2022	\u0645\u0627\u0631\u0633 2023		year=numeric,month=long	
ar	PYM_medium	{"temporal":"PlainYearMonth","dateStyle":"medium"}	MM\u200f/y	12\u200f/2022	03\u200f/2023		year=numeric,month=2-digit	
ar	PYM_short	{"temporal":"PlainYearMonth","dateStyle":"short"}	M\u200f/y	12\u200f/2022	3\u200f/2023		year=numeric,month=numeric	
ar	PMD_full	{"temporal":"PlainMonthDay","dateStyle":"full"}	d MMMM	24 \u062f\u064a\u0633\u0645\u0628\u0631	6 \u0645\u0627\u0631\u0633		month=long,day=numeric	
ar	PMD_long	{"temporal":"PlainMonthDay","dateStyle":"long"}	d MMMM	24 \u062f\u064a\u0633\u0645\u0628\u0631	6 \u0645\u0627\u0631\u0633		month=long,day=numeric	
ar	PMD_medium	{"temporal":"PlainMonthDay","dateStyle":"medium"}	dd\u200f/MM	24\u200f/12	06\u200f/03		month=2-digit,day=2-digit	
ar	PMD_short	{"temporal":"PlainMonthDay","dateStyle":"short"}	d\u200f/M	24\u200f/12	6\u200f/3		month=numeric,day=numeric	
ar	PD_full	{"temporal":"PlainDate","dateStyle":"full"}	EEEE\u060c d MMMM y	\u0627\u0644\u0633\u0628\u062a\u060c 24 \u062f\u064a\u0633\u0645\u0628\u0631 2022	\u0627\u0644\u0627\u062b\u0646\u064a\u0646\u060c 6 \u0645\u0627\u0631\u0633 2023		dateStyle=full	
ar	PD_short	{"temporal":"PlainDate","dateStyle":"short"}	d\u200f/M\u200f/y	24\u200f/12\u200f/2022	6\u200f/3\u200f/2023		dateStyle=short	
ar	PT_full	{"temporal":"PlainTime","timeStyle":"full"}	h:mm:ss a	3:07:09 \u0645	9:04:05 \u0635		hour=numeric,minute=2-digit,second=2-digit,hourCycle=h12	
ar	PT_long	{"temporal":"PlainTime","timeStyle":"long"}	h:mm:ss a	3:07:09 \u0645	9:04:05 \u0635		hour=numeric,minute=2-digit,second=2-digit,hourCycle=h12	
ar	PT_medium	{"temporal":"PlainTime","timeStyle":"medium"}	h:mm:ss a	3:07:09 \u0645	9:04:05 \u0635		timeStyle=medium,hourCycle=h12	
ar	PDT_full_full	{"temporal":"PlainDateTime","dateStyle":"full","timeStyle":"full"}	EEEE\u060c d MMMM y \u0641\u064a h:mm:ss a	\u0627\u0644\u0633\u0628\u062a\u060c 24 \u062f\u064a\u0633\u0645\u0628\u0631 2022 \u0641\u064a 3:07:09 \u0645	\u0627\u0644\u0627\u062b\u0646\u064a\u0646\u060c 6 \u0645\u0627\u0631\u0633 2023 \u0641\u064a 9:04:05 \u0635		weekday=long,year=numeric,month=long,day=numeric,hour=numeric,minute=2-digit,second=2-digit,hourCycle=h12	
ar	PDT_long_long	{"temporal":"PlainDateTime","dateStyle":"long","timeStyle":"long"}	d MMMM y \u0641\u064a h:mm:ss a	24 \u062f\u064a\u0633\u0645\u0628\u0631 2022 \u0641\u064a 3:07:09 \u0645	6 \u0645\u0627\u0631\u0633 2023 \u0641\u064a 9:04:05 \u0635		year=numeric,month=long,day=numeric,hour=numeric,minute=2-digit,second=2-digit,hourCycle=h12	
ar	PDT_short_full	{"temporal":"PlainDateTime","dateStyle":"short","timeStyle":"full"}	d\u200f/M\u200f/y\u060c h:mm:ss a	24\u200f/12\u200f/2022\u060c 3:07:09 \u0645	6\u200f/3\u200f/2023\u060c 9:04:05 \u0635		year=numeric,month=numeric,day=numeric,hour=numeric,minute=2-digit,second=2-digit,hourCycle=h12	
ar	PDT_medium_medium	{"temporal":"PlainDateTime","dateStyle":"medium","timeStyle":"medium"}	dd\u200f/MM\u200f/y\u060c h:mm:ss a	24\u200f/12\u200f/2022\u060c 3:07:09 \u0645	06\u200f/03\u200f/2023\u060c 9:04:05 \u0635		dateStyle=medium,timeStyle=medium,hourCycle=h12	
bg	d_full	{"dateStyle":"full"}	EEEE, d MMMM y\u202f'\u0433'.	\u0441\u044a\u0431\u043e\u0442\u0430, 24 \u0434\u0435\u043a\u0435\u043c\u0432\u0440\u0438 2022 \u0433.	\u043f\u043e\u043d\u0435\u0434\u0435\u043b\u043d\u0438\u043a, 6 \u043c\u0430\u0440\u0442 2023 \u0433.		dateStyle=full	
bg	d_long	{"dateStyle":"long"}	d MMMM y\u202f'\u0433'.	24 \u0434\u0435\u043a\u0435\u043c\u0432\u0440\u0438 2022 \u0433.	6 \u043c\u0430\u0440\u0442 2023 \u0433.		dateStyle=long	
bg	d_medium	{"dateStyle":"medium"}	d.MM.y\u202f'\u0433'.	24.12.2022 \u0433.	6.03.2023 \u0433.		dateStyle=medium	
bg	d_short	{"dateStyle":"short"}	d.MM.yy\u202f'\u0433'.	24.12.22 \u0433.	6.03.23 \u0433.		dateStyle=short	
bg	t_full	{"timeStyle":"full"}	H:mm:ss '\u0447'. zzzz	15:07:09 \u0447. \u041a\u043e\u043e\u0440\u0434\u0438\u043d\u0438\u0440\u0430\u043d\u043e \u0443\u043d\u0438\u0432\u0435\u0440\u0441\u0430\u043b\u043d\u043e \u0432\u0440\u0435\u043c\u0435	9:04:05 \u0447. \u041a\u043e\u043e\u0440\u0434\u0438\u043d\u0438\u0440\u0430\u043d\u043e \u0443\u043d\u0438\u0432\u0435\u0440\u0441\u0430\u043b\u043d\u043e \u0432\u0440\u0435\u043c\u0435	\u041a\u043e\u043e\u0440\u0434\u0438\u043d\u0438\u0440\u0430\u043d\u043e \u0443\u043d\u0438\u0432\u0435\u0440\u0441\u0430\u043b\u043d\u043e \u0432\u0440\u0435\u043c\u0435	timeStyle=full,hourCycle=h23	
bg	t_long	{"timeStyle":"long"}	H:mm:ss '\u0447'. z	15:07:09 \u0447. UTC	9:04:05 \u0447. UTC	UTC	timeStyle=long,hourCycle=h23	
bg	t_medium	{"timeStyle":"medium"}	H:mm:ss	15:07:09	9:04:05		timeStyle=medium,hourCycle=h23	
bg	t_short	{"timeStyle":"short"}	H:mm	15:07	9:04		timeStyle=short,hourCycle=h23	
bg	dt_full_full	{"dateStyle":"full","timeStyle":"full"}	EEEE, d MMMM y\u202f'\u0433'. '\u0432' H:mm:ss '\u0447'. zzzz	\u0441\u044a\u0431\u043e\u0442\u0430, 24 \u0434\u0435\u043a\u0435\u043c\u0432\u0440\u0438 2022 \u0433. \u0432 15:07:09 \u0447. \u041a\u043e\u043e\u0440\u0434\u0438\u043d\u0438\u0440\u0430\u043d\u043e \u0443\u043d\u0438\u0432\u0435\u0440\u0441\u0430\u043b\u043d\u043e \u0432\u0440\u0435\u043c\u0435	\u043f\u043e\u043d\u0435\u0434\u0435\u043b\u043d\u0438\u043a, 6 \u043c\u0430\u0440\u0442 2023 \u0433. \u0432 9:04:05 \u0447. \u041a\u043e\u043e\u0440\u0434\u0438\u043d\u0438\u0440\u0430\u043d\u043e \u0443\u043d\u0438\u0432\u0435\u0440\u0441\u0430\u043b\u043d\u043e \u0432\u0440\u0435\u043c\u0435	\u041a\u043e\u043e\u0440\u0434\u0438\u043d\u0438\u0440\u0430\u043d\u043e \u0443\u043d\u0438\u0432\u0435\u0440\u0441\u0430\u043b\u043d\u043e \u0432\u0440\u0435\u043c\u0435	dateStyle=full,timeStyle=full,hourCycle=h23	
bg	dt_full_long	{"dateStyle":"full","timeStyle":"long"}	EEEE, d MMMM y\u202f'\u0433'. '\u0432' H:mm:ss '\u0447'. z	\u0441\u044a\u0431\u043e\u0442\u0430, 24 \u0434\u0435\u043a\u0435\u043c\u0432\u0440\u0438 2022 \u0433. \u0432 15:07:09 \u0447. UTC	\u043f\u043e\u043d\u0435\u0434\u0435\u043b\u043d\u0438\u043a, 6 \u043c\u0430\u0440\u0442 2023 \u0433. \u0432 9:04:05 \u0447. UTC	UTC	dateStyle=full,timeStyle=long,hourCycle=h23	
bg	dt_full_medium	{"dateStyle":"full","timeStyle":"medium"}	EEEE, d MMMM y\u202f'\u0433'. '\u0432' H:mm:ss	\u0441\u044a\u0431\u043e\u0442\u0430, 24 \u0434\u0435\u043a\u0435\u043c\u0432\u0440\u0438 2022 \u0433. \u0432 15:07:09	\u043f\u043e\u043d\u0435\u0434\u0435\u043b\u043d\u0438\u043a, 6 \u043c\u0430\u0440\u0442 2023 \u0433. \u0432 9:04:05		dateStyle=full,timeStyle=medium,hourCycle=h23	
bg	dt_full_short	{"dateStyle":"full","timeStyle":"short"}	EEEE, d MMMM y\u202f'\u0433'. '\u0432' H:mm	\u0441\u044a\u0431\u043e\u0442\u0430, 24 \u0434\u0435\u043a\u0435\u043c\u0432\u0440\u0438 2022 \u0433. \u0432 15:07	\u043f\u043e\u043d\u0435\u0434\u0435\u043b\u043d\u0438\u043a, 6 \u043c\u0430\u0440\u0442 2023 \u0433. \u0432 9:04		dateStyle=full,timeStyle=short,hourCycle=h23	
bg	dt_long_full	{"dateStyle":"long","timeStyle":"full"}	d MMMM y\u202f'\u0433'. '\u0432' H:mm:ss '\u0447'. zzzz	24 \u0434\u0435\u043a\u0435\u043c\u0432\u0440\u0438 2022 \u0433. \u0432 15:07:09 \u0447. \u041a\u043e\u043e\u0440\u0434\u0438\u043d\u0438\u0440\u0430\u043d\u043e \u0443\u043d\u0438\u0432\u0435\u0440\u0441\u0430\u043b\u043d\u043e \u0432\u0440\u0435\u043c\u0435	6 \u043c\u0430\u0440\u0442 2023 \u0433. \u0432 9:04:05 \u0447. \u041a\u043e\u043e\u0440\u0434\u0438\u043d\u0438\u0440\u0430\u043d\u043e \u0443\u043d\u0438\u0432\u0435\u0440\u0441\u0430\u043b\u043d\u043e \u0432\u0440\u0435\u043c\u0435	\u041a\u043e\u043e\u0440\u0434\u0438\u043d\u0438\u0440\u0430\u043d\u043e \u0443\u043d\u0438\u0432\u0435\u0440\u0441\u0430\u043b\u043d\u043e \u0432\u0440\u0435\u043c\u0435	dateStyle=long,timeStyle=full,hourCycle=h23	
bg	dt_long_long	{"dateStyle":"long","timeStyle":"long"}	d MMMM y\u202f'\u0433'. '\u0432' H:mm:ss '\u0447'. z	24 \u0434\u0435\u043a\u0435\u043c\u0432\u0440\u0438 2022 \u0433. \u0432 15:07:09 \u0447. UTC	6 \u043c\u0430\u0440\u0442 2023 \u0433. \u0432 9:04:05 \u0447. UTC	UTC	dateStyle=long,timeStyle=long,hourCycle=h23	
bg	dt_long_medium	{"dateStyle":"long","timeStyle":"medium"}	d MMMM y\u202f'\u0433'. '\u0432' H:mm:ss	24 \u0434\u0435\u043a\u0435\u043c\u0432\u0440\u0438 2022 \u0433. \u0432 15:07:09	6 \u043c\u0430\u0440\u0442 2023 \u0433. \u0432 9:04:05		dateStyle=long,timeStyle=medium,hourCycle=h23	
bg	dt_long_short	{"dateStyle":"long","timeStyle":"short"}	d MMMM y\u202f'\u0433'. '\u0432' H:mm	24 \u0434\u0435\u043a\u0435\u043c\u0432\u0440\u0438 2022 \u0433. \u0432 15:07	6 \u043c\u0430\u0440\u0442 2023 \u0433. \u0432 9:04		dateStyle=long,timeStyle=short,hourCycle=h23	
bg	dt_medium_full	{"dateStyle":"medium","timeStyle":"full"}	d.MM.y\u202f'\u0433'., H:mm:ss '\u0447'. zzzz	24.12.2022 \u0433., 15:07:09 \u0447. \u041a\u043e\u043e\u0440\u0434\u0438\u043d\u0438\u0440\u0430\u043d\u043e \u0443\u043d\u0438\u0432\u0435\u0440\u0441\u0430\u043b\u043d\u043e \u0432\u0440\u0435\u043c\u0435	6.03.2023 \u0433., 9:04:05 \u0447. \u041a\u043e\u043e\u0440\u0434\u0438\u043d\u0438\u0440\u0430\u043d\u043e \u0443\u043d\u0438\u0432\u0435\u0440\u0441\u0430\u043b\u043d\u043e \u0432\u0440\u0435\u043c\u0435	\u041a\u043e\u043e\u0440\u0434\u0438\u043d\u0438\u0440\u0430\u043d\u043e \u0443\u043d\u0438\u0432\u0435\u0440\u0441\u0430\u043b\u043d\u043e \u0432\u0440\u0435\u043c\u0435	dateStyle=medium,timeStyle=full,hourCycle=h23	
bg	dt_medium_long	{"dateStyle":"medium","timeStyle":"long"}	d.MM.y\u202f'\u0433'., H:mm:ss '\u0447'. z	24.12.2022 \u0433., 15:07:09 \u0447. UTC	6.03.2023 \u0433., 9:04:05 \u0447. UTC	UTC	dateStyle=medium,timeStyle=long,hourCycle=h23	
bg	dt_medium_medium	{"dateStyle":"medium","timeStyle":"medium"}	d.MM.y\u202f'\u0433'., H:mm:ss	24.12.2022 \u0433., 15:07:09	6.03.2023 \u0433., 9:04:05		dateStyle=medium,timeStyle=medium,hourCycle=h23	
bg	dt_medium_short	{"dateStyle":"medium","timeStyle":"short"}	d.MM.y\u202f'\u0433'., H:mm	24.12.2022 \u0433., 15:07	6.03.2023 \u0433., 9:04		dateStyle=medium,timeStyle=short,hourCycle=h23	
bg	dt_short_full	{"dateStyle":"short","timeStyle":"full"}	d.MM.yy\u202f'\u0433'., H:mm:ss '\u0447'. zzzz	24.12.22 \u0433., 15:07:09 \u0447. \u041a\u043e\u043e\u0440\u0434\u0438\u043d\u0438\u0440\u0430\u043d\u043e \u0443\u043d\u0438\u0432\u0435\u0440\u0441\u0430\u043b\u043d\u043e \u0432\u0440\u0435\u043c\u0435	6.03.23 \u0433., 9:04:05 \u0447. \u041a\u043e\u043e\u0440\u0434\u0438\u043d\u0438\u0440\u0430\u043d\u043e \u0443\u043d\u0438\u0432\u0435\u0440\u0441\u0430\u043b\u043d\u043e \u0432\u0440\u0435\u043c\u0435	\u041a\u043e\u043e\u0440\u0434\u0438\u043d\u0438\u0440\u0430\u043d\u043e \u0443\u043d\u0438\u0432\u0435\u0440\u0441\u0430\u043b\u043d\u043e \u0432\u0440\u0435\u043c\u0435	dateStyle=short,timeStyle=full,hourCycle=h23	
bg	dt_short_long	{"dateStyle":"short","timeStyle":"long"}	d.MM.yy\u202f'\u0433'., H:mm:ss '\u0447'. z	24.12.22 \u0433., 15:07:09 \u0447. UTC	6.03.23 \u0433., 9:04:05 \u0447. UTC	UTC	dateStyle=short,timeStyle=long,hourCycle=h23	
bg	dt_short_medium	{"dateStyle":"short","timeStyle":"medium"}	d.MM.yy\u202f'\u0433'., H:mm:ss	24.12.22 \u0433., 15:07:09	6.03.23 \u0433., 9:04:05		dateStyle=short,timeStyle=medium,hourCycle=h23	
bg	dt_short_short	{"dateStyle":"short","timeStyle":"short"}	d.MM.yy\u202f'\u0433'., H:mm	24.12.22 \u0433., 15:07	6.03.23 \u0433., 9:04		dateStyle=short,timeStyle=short,hourCycle=h23	
bg	t_short_h23	{"timeStyle":"short","hourCycle":"h23"}	H:mm	15:07	9:04		timeStyle=short,hourCycle=h23	
bg	t_short_h12	{"timeStyle":"short","hourCycle":"h12"}	h:mm '\u0447'. a	3:07 \u0447. pm	9:04 \u0447. am		timeStyle=short,hourCycle=h12	
bg	t_short_h11	{"timeStyle":"short","hourCycle":"h11"}	K:mm '\u0447'. a	3:07 \u0447. pm	9:04 \u0447. am		timeStyle=short,hourCycle=h11	
bg	t_short_h24	{"timeStyle":"short","hourCycle":"h24"}	k:mm	15:07	9:04		timeStyle=short,hourCycle=h24	
bg	t_medium_12	{"timeStyle":"medium","hour12":true}	h:mm:ss '\u0447'. a	3:07:09 \u0447. pm	9:04:05 \u0447. am		timeStyle=medium,hourCycle=h12	
bg	t_medium_24	{"timeStyle":"medium","hour12":false}	H:mm:ss	15:07:09	9:04:05		timeStyle=medium,hourCycle=h23	
bg	t_full_h23	{"timeStyle":"full","hourCycle":"h23"}	H:mm:ss '\u0447'. zzzz	15:07:09 \u0447. \u041a\u043e\u043e\u0440\u0434\u0438\u043d\u0438\u0440\u0430\u043d\u043e \u0443\u043d\u0438\u0432\u0435\u0440\u0441\u0430\u043b\u043d\u043e \u0432\u0440\u0435\u043c\u0435	9:04:05 \u0447. \u041a\u043e\u043e\u0440\u0434\u0438\u043d\u0438\u0440\u0430\u043d\u043e \u0443\u043d\u0438\u0432\u0435\u0440\u0441\u0430\u043b\u043d\u043e \u0432\u0440\u0435\u043c\u0435	\u041a\u043e\u043e\u0440\u0434\u0438\u043d\u0438\u0440\u0430\u043d\u043e \u0443\u043d\u0438\u0432\u0435\u0440\u0441\u0430\u043b\u043d\u043e \u0432\u0440\u0435\u043c\u0435	timeStyle=full,hourCycle=h23	
bg	t_long_h12	{"timeStyle":"long","hourCycle":"h12"}	h:mm:ss '\u0447'. a z	3:07:09 \u0447. pm UTC	9:04:05 \u0447. am UTC	UTC	timeStyle=long,hourCycle=h12	
bg	dt_full_short_h23	{"dateStyle":"full","timeStyle":"short","hourCycle":"h23"}	EEEE, d MMMM y\u202f'\u0433'. '\u0432' H:mm	\u0441\u044a\u0431\u043e\u0442\u0430, 24 \u0434\u0435\u043a\u0435\u043c\u0432\u0440\u0438 2022 \u0433. \u0432 15:07	\u043f\u043e\u043d\u0435\u0434\u0435\u043b\u043d\u0438\u043a, 6 \u043c\u0430\u0440\u0442 2023 \u0433. \u0432 9:04		dateStyle=full,timeStyle=short,hourCycle=h23	
bg	dt_short_medium_h12	{"dateStyle":"short","timeStyle":"medium","hourCycle":"h12"}	d.MM.yy\u202f'\u0433'., h:mm:ss '\u0447'. a	24.12.22 \u0433., 3:07:09 \u0447. pm	6.03.23 \u0433., 9:04:05 \u0447. am		dateStyle=short,timeStyle=medium,hourCycle=h12	
bg	dt_long_long_12	{"dateStyle":"long","timeStyle":"long","hour12":true}	d MMMM y\u202f'\u0433'. '\u0432' h:mm:ss '\u0447'. a z	24 \u0434\u0435\u043a\u0435\u043c\u0432\u0440\u0438 2022 \u0433. \u0432 3:07:09 \u0447. pm UTC	6 \u043c\u0430\u0440\u0442 2023 \u0433. \u0432 9:04:05 \u0447. am UTC	UTC	dateStyle=long,timeStyle=long,hourCycle=h12	
bg	dt_medium_full_24	{"dateStyle":"medium","timeStyle":"full","hour12":false}	d.MM.y\u202f'\u0433'., H:mm:ss '\u0447'. zzzz	24.12.2022 \u0433., 15:07:09 \u0447. \u041a\u043e\u043e\u0440\u0434\u0438\u043d\u0438\u0440\u0430\u043d\u043e \u0443\u043d\u0438\u0432\u0435\u0440\u0441\u0430\u043b\u043d\u043e \u0432\u0440\u0435\u043c\u0435	6.03.2023 \u0433., 9:04:05 \u0447. \u041a\u043e\u043e\u0440\u0434\u0438\u043d\u0438\u0440\u0430\u043d\u043e \u0443\u043d\u0438\u0432\u0435\u0440\u0441\u0430\u043b\u043d\u043e \u0432\u0440\u0435\u043c\u0435	\u041a\u043e\u043e\u0440\u0434\u0438\u043d\u0438\u0440\u0430\u043d\u043e \u0443\u043d\u0438\u0432\u0435\u0440\u0441\u0430\u043b\u043d\u043e \u0432\u0440\u0435\u043c\u0435	dateStyle=medium,timeStyle=full,hourCycle=h23	
bg	PYM_full	{"temporal":"PlainYearMonth","dateStyle":"full"}	MMMM y\u202f'\u0433'.	\u0434\u0435\u043a\u0435\u043c\u0432\u0440\u0438 2022 \u0433.	\u043c\u0430\u0440\u0442 2023 \u0433.		year=numeric,month=long	
bg	PYM_long	{"temporal":"PlainYearMonth","dateStyle":"long"}	MMMM y\u202f'\u0433'.	\u0434\u0435\u043a\u0435\u043c\u0432\u0440\u0438 2022 \u0433.	\u043c\u0430\u0440\u0442 2023 \u0433.		year=numeric,month=long	
bg	PYM_medium	{"temporal":"PlainYearMonth","dateStyle":"medium"}	MM.y\u202f'\u0433'.	12.2022 \u0433.	03.2023 \u0433.		year=numeric,month=2-digit	
bg	PYM_short	{"temporal":"PlainYearMonth","dateStyle":"short"}	MM.yy\u202f'\u0433'.	12.22 \u0433.	03.23 \u0433.		year=2-digit,month=2-digit	
bg	PMD_full	{"temporal":"PlainMonthDay","dateStyle":"full"}	d MMMM	24 \u0434\u0435\u043a\u0435\u043c\u0432\u0440\u0438	6 \u043c\u0430\u0440\u0442		month=long,day=numeric	
bg	PMD_long	{"temporal":"PlainMonthDay","dateStyle":"long"}	d MMMM	24 \u0434\u0435\u043a\u0435\u043c\u0432\u0440\u0438	6 \u043c\u0430\u0440\u0442		month=long,day=numeric	
bg	PMD_medium	{"temporal":"PlainMonthDay","dateStyle":"medium"}	d.MM	24.12	6.03		month=2-digit,day=numeric	
bg	PMD_short	{"temporal":"PlainMonthDay","dateStyle":"short"}	d.MM	24.12	6.03		month=2-digit,day=numeric	
bg	PD_full	{"temporal":"PlainDate","dateStyle":"full"}	EEEE, d MMMM y\u202f'\u0433'.	\u0441\u044a\u0431\u043e\u0442\u0430, 24 \u0434\u0435\u043a\u0435\u043c\u0432\u0440\u0438 2022 \u0433.	\u043f\u043e\u043d\u0435\u0434\u0435\u043b\u043d\u0438\u043a, 6 \u043c\u0430\u0440\u0442 2023 \u0433.		dateStyle=full	
bg	PD_short	{"temporal":"PlainDate","dateStyle":"short"}	d.MM.yy\u202f'\u0433'.	24.12.22 \u0433.	6.03.23 \u0433.		dateStyle=short	
bg	PT_full	{"temporal":"PlainTime","timeStyle":"full"}	H:mm:ss	15:07:09	9:04:05		hour=numeric,minute=2-digit,second=2-digit,hourCycle=h23	
bg	PT_long	{"temporal":"PlainTime","timeStyle":"long"}	H:mm:ss	15:07:09	9:04:05		hour=numeric,minute=2-digit,second=2-digit,hourCycle=h23	
bg	PT_medium	{"temporal":"PlainTime","timeStyle":"medium"}	H:mm:ss	15:07:09	9:04:05		timeStyle=medium,hourCycle=h23	
bg	PDT_full_full	{"temporal":"PlainDateTime","dateStyle":"full","timeStyle":"full"}	EEEE, d MMMM y\u202f'\u0433'. '\u0432' H:mm:ss	\u0441\u044a\u0431\u043e\u0442\u0430, 24 \u0434\u0435\u043a\u0435\u043c\u0432\u0440\u0438 2022 \u0433. \u0432 15:07:09	\u043f\u043e\u043d\u0435\u0434\u0435\u043b\u043d\u0438\u043a, 6 \u043c\u0430\u0440\u0442 2023 \u0433. \u0432 9:04:05		weekday=long,year=numeric,month=long,day=numeric,hour=numeric,minute=2-digit,second=2-digit,hourCycle=h23	
bg	PDT_long_long	{"temporal":"PlainDateTime","dateStyle":"long","timeStyle":"long"}	d MMMM y\u202f'\u0433'. '\u0432' H:mm:ss	24 \u0434\u0435\u043a\u0435\u043c\u0432\u0440\u0438 2022 \u0433. \u0432 15:07:09	6 \u043c\u0430\u0440\u0442 2023 \u0433. \u0432 9:04:05		year=numeric,month=long,day=numeric,hour=numeric,minute=2-digit,second=2-digit,hourCycle=h23	
bg	PDT_short_full	{"temporal":"PlainDateTime","dateStyle":"short","timeStyle":"full"}	d.MM.yy\u202f'\u0433'., H:mm:ss	24.12.22 \u0433., 15:07:09	6.03.23 \u0433., 9:04:05		year=2-digit,month=2-digit,day=numeric,hour=numeric,minute=2-digit,second=2-digit,hourCycle=h23	
bg	PDT_medium_medium	{"temporal":"PlainDateTime","dateStyle":"medium","timeStyle":"medium"}	d.MM.y\u202f'\u0433'., H:mm:ss	24.12.2022 \u0433., 15:07:09	6.03.2023 \u0433., 9:04:05		dateStyle=medium,timeStyle=medium,hourCycle=h23	
bn	d_full	{"dateStyle":"full"}	EEEE, d MMMM, y	\u09b6\u09a8\u09bf\u09ac\u09be\u09b0, 24 \u09a1\u09bf\u09b8\u09c7\u09ae\u09cd\u09ac\u09b0, 2022	\u09b8\u09cb\u09ae\u09ac\u09be\u09b0, 6 \u09ae\u09be\u09b0\u09cd\u099a, 2023		dateStyle=full	
bn	d_long	{"dateStyle":"long"}	d MMMM, y	24 \u09a1\u09bf\u09b8\u09c7\u09ae\u09cd\u09ac\u09b0, 2022	6 \u09ae\u09be\u09b0\u09cd\u099a, 2023		dateStyle=long	
bn	d_medium	{"dateStyle":"medium"}	d MMM, y	24 \u09a1\u09bf\u09b8\u09c7, 2022	6 \u09ae\u09be\u09b0\u09cd\u099a, 2023		dateStyle=medium	
bn	d_short	{"dateStyle":"short"}	d/M/yy	24/12/22	6/3/23		dateStyle=short	
bn	t_full	{"timeStyle":"full"}	h:mm:ss a zzzz	3:07:09 PM \u09b8\u09cd\u09a5\u09be\u09a8\u09be\u0982\u0995\u09bf\u09a4 \u0986\u09a8\u09cd\u09a4\u09b0\u09cd\u099c\u09be\u09a4\u09bf\u0995 \u09b8\u09ae\u09af\u09bc	9:04:05 AM \u09b8\u09cd\u09a5\u09be\u09a8\u09be\u0982\u0995\u09bf\u09a4 \u0986\u09a8\u09cd\u09a4\u09b0\u09cd\u099c\u09be\u09a4\u09bf\u0995 \u09b8\u09ae\u09af\u09bc	\u09b8\u09cd\u09a5\u09be\u09a8\u09be\u0982\u0995\u09bf\u09a4 \u0986\u09a8\u09cd\u09a4\u09b0\u09cd\u099c\u09be\u09a4\u09bf\u0995 \u09b8\u09ae\u09af\u09bc	timeStyle=full,hourCycle=h12	
bn	t_long	{"timeStyle":"long"}	h:mm:ss a z	3:07:09 PM UTC	9:04:05 AM UTC	UTC	timeStyle=long,hourCycle=h12	
bn	t_medium	{"timeStyle":"medium"}	h:mm:ss a	3:07:09 PM	9:04:05 AM		timeStyle=medium,hourCycle=h12	
bn	t_short	{"timeStyle":"short"}	h:mm a	3:07 PM	9:04 AM		timeStyle=short,hourCycle=h12	
bn	dt_full_full	{"dateStyle":"full","timeStyle":"full"}	EEEE, d MMMM, y \u098f h:mm:ss a zzzz	\u09b6\u09a8\u09bf\u09ac\u09be\u09b0, 24 \u09a1\u09bf\u09b8\u09c7\u09ae\u09cd\u09ac\u09b0, 2022 \u098f 3:07:09 PM \u09b8\u09cd\u09a5\u09be\u09a8\u09be\u0982\u0995\u09bf\u09a4 \u0986\u09a8\u09cd\u09a4\u09b0\u09cd\u099c\u09be\u09a4\u09bf\u0995 \u09b8\u09ae\u09af\u09bc	\u09b8\u09cb\u09ae\u09ac\u09be\u09b0, 6 \u09ae\u09be\u09b0\u09cd\u099a, 2023 \u098f 9:04:05 AM \u09b8\u09cd\u09a5\u09be\u09a8\u09be\u0982\u0995\u09bf\u09a4 \u0986\u09a8\u09cd\u09a4\u09b0\u09cd\u099c\u09be\u09a4\u09bf\u0995 \u09b8\u09ae\u09af\u09bc	\u09b8\u09cd\u09a5\u09be\u09a8\u09be\u0982\u0995\u09bf\u09a4 \u0986\u09a8\u09cd\u09a4\u09b0\u09cd\u099c\u09be\u09a4\u09bf\u0995 \u09b8\u09ae\u09af\u09bc	dateStyle=full,timeStyle=full,hourCycle=h12	
bn	dt_full_long	{"dateStyle":"full","timeStyle":"long"}	EEEE, d MMMM, y \u098f h:mm:ss a z	\u09b6\u09a8\u09bf\u09ac\u09be\u09b0, 24 \u09a1\u09bf\u09b8\u09c7\u09ae\u09cd\u09ac\u09b0, 2022 \u098f 3:07:09 PM UTC	\u09b8\u09cb\u09ae\u09ac\u09be\u09b0, 6 \u09ae\u09be\u09b0\u09cd\u099a, 2023 \u098f 9:04:05 AM UTC	UTC	dateStyle=full,timeStyle=long,hourCycle=h12	
bn	dt_full_medium	{"dateStyle":"full","timeStyle":"medium"}	EEEE, d MMMM, y \u098f h:mm:ss a	\u09b6\u09a8\u09bf\u09ac\u09be\u09b0, 24 \u09a1\u09bf\u09b8\u09c7\u09ae\u09cd\u09ac\u09b0, 2022 \u098f 3:07:09 PM	\u09b8\u09cb\u09ae\u09ac\u09be\u09b0, 6 \u09ae\u09be\u09b0\u09cd\u099a, 2023 \u098f 9:04:05 AM		dateStyle=full,timeStyle=medium,hourCycle=h12	
bn	dt_full_short	{"dateStyle":"full","timeStyle":"short"}	EEEE, d MMMM, y \u098f h:mm a	\u09b6\u09a8\u09bf\u09ac\u09be\u09b0, 24 \u09a1\u09bf\u09b8\u09c7\u09ae\u09cd\u09ac\u09b0, 2022 \u098f 3:07 PM	\u09b8\u09cb\u09ae\u09ac\u09be\u09b0, 6 \u09ae\u09be\u09b0\u09cd\u099a, 2023 \u098f 9:04 AM		dateStyle=full,timeStyle=short,hourCycle=h12	
bn	dt_long_full	{"dateStyle":"long","timeStyle":"full"}	d MMMM, y \u098f h:mm:ss a zzzz	24 \u09a1\u09bf\u09b8\u09c7\u09ae\u09cd\u09ac\u09b0, 2022 \u098f 3:07:09 PM \u09b8\u09cd\u09a5\u09be\u09a8\u09be\u0982\u0995\u09bf\u09a4 \u0986\u09a8\u09cd\u09a4\u09b0\u09cd\u099c\u09be\u09a4\u09bf\u0995 \u09b8\u09ae\u09af\u09bc	6 \u09ae\u09be\u09b0\u09cd\u099a, 2023 \u098f 9:04:05 AM \u09b8\u09cd\u09a5\u09be\u09a8\u09be\u0982\u0995\u09bf\u09a4 \u0986\u09a8\u09cd\u09a4\u09b0\u09cd\u099c\u09be\u09a4\u09bf\u0995 \u09b8\u09ae\u09af\u09bc	\u09b8\u09cd\u09a5\u09be\u09a8\u09be\u0982\u0995\u09bf\u09a4 \u0986\u09a8\u09cd\u09a4\u09b0\u09cd\u099c\u09be\u09a4\u09bf\u0995 \u09b8\u09ae\u09af\u09bc	dateStyle=long,timeStyle=full,hourCycle=h12	
bn	dt_long_long	{"dateStyle":"long","timeStyle":"long"}	d MMMM, y \u098f h:mm:ss a z	24 \u09a1\u09bf\u09b8\u09c7\u09ae\u09cd\u09ac\u09b0, 2022 \u098f 3:07:09 PM UTC	6 \u09ae\u09be\u09b0\u09cd\u099a, 2023 \u098f 9:04:05 AM UTC	UTC	dateStyle=long,timeStyle=long,hourCycle=h12	
bn	dt_long_medium	{"dateStyle":"long","timeStyle":"medium"}	d MMMM, y \u098f h:mm:ss a	24 \u09a1\u09bf\u09b8\u09c7\u09ae\u09cd\u09ac\u09b0, 2022 \u098f 3:07:09 PM	6 \u09ae\u09be\u09b0\u09cd\u099a, 2023 \u098f 9:04:05 AM		dateStyle=long,timeStyle=medium,hourCycle=h12	
bn	dt_long_short	{"dateStyle":"long","timeStyle":"short"}	d MMMM, y \u098f h:mm a	24 \u09a1\u09bf\u09b8\u09c7\u09ae\u09cd\u09ac\u09b0, 2022 \u098f 3:07 PM	6 \u09ae\u09be\u09b0\u09cd\u099a, 2023 \u098f 9:04 AM		dateStyle=long,timeStyle=short,hourCycle=h12	
bn	dt_medium_full	{"dateStyle":"medium","timeStyle":"full"}	d MMM, y, h:mm:ss a zzzz	24 \u09a1\u09bf\u09b8\u09c7, 2022, 3:07:09 PM \u09b8\u09cd\u09a5\u09be\u09a8\u09be\u0982\u0995\u09bf\u09a4 \u0986\u09a8\u09cd\u09a4\u09b0\u09cd\u099c\u09be\u09a4\u09bf\u0995 \u09b8\u09ae\u09af\u09bc	6 \u09ae\u09be\u09b0\u09cd\u099a, 2023, 9:04:05 AM \u09b8\u09cd\u09a5\u09be\u09a8\u09be\u0982\u0995\u09bf\u09a4 \u0986\u09a8\u09cd\u09a4\u09b0\u09cd\u099c\u09be\u09a4\u09bf\u0995 \u09b8\u09ae\u09af\u09bc	\u09b8\u09cd\u09a5\u09be\u09a8\u09be\u0982\u0995\u09bf\u09a4 \u0986\u09a8\u09cd\u09a4\u09b0\u09cd\u099c\u09be\u09a4\u09bf\u0995 \u09b8\u09ae\u09af\u09bc	dateStyle=medium,timeStyle=full,hourCycle=h12	
bn	dt_medium_long	{"dateStyle":"medium","timeStyle":"long"}	d MMM, y, h:mm:ss a z	24 \u09a1\u09bf\u09b8\u09c7, 2022, 3:07:09 PM UTC	6 \u09ae\u09be\u09b0\u09cd\u099a, 2023, 9:04:05 AM UTC	UTC	dateStyle=medium,timeStyle=long,hourCycle=h12	
bn	dt_medium_medium	{"dateStyle":"medium","timeStyle":"medium"}	d MMM, y, h:mm:ss a	24 \u09a1\u09bf\u09b8\u09c7, 2022, 3:07:09 PM	6 \u09ae\u09be\u09b0\u09cd\u099a, 2023, 9:04:05 AM		dateStyle=medium,timeStyle=medium,hourCycle=h12	
bn	dt_medium_short	{"dateStyle":"medium","timeStyle":"short"}	d MMM, y, h:mm a	24 \u09a1\u09bf\u09b8\u09c7, 2022, 3:07 PM	6 \u09ae\u09be\u09b0\u09cd\u099a, 2023, 9:04 AM		dateStyle=medium,timeStyle=short,hourCycle=h12	
bn	dt_short_full	{"dateStyle":"short","timeStyle":"full"}	d/M/yy, h:mm:ss a zzzz	24/12/22, 3:07:09 PM \u09b8\u09cd\u09a5\u09be\u09a8\u09be\u0982\u0995\u09bf\u09a4 \u0986\u09a8\u09cd\u09a4\u09b0\u09cd\u099c\u09be\u09a4\u09bf\u0995 \u09b8\u09ae\u09af\u09bc	6/3/23, 9:04:05 AM \u09b8\u09cd\u09a5\u09be\u09a8\u09be\u0982\u0995\u09bf\u09a4 \u0986\u09a8\u09cd\u09a4\u09b0\u09cd\u099c\u09be\u09a4\u09bf\u0995 \u09b8\u09ae\u09af\u09bc	\u09b8\u09cd\u09a5\u09be\u09a8\u09be\u0982\u0995\u09bf\u09a4 \u0986\u09a8\u09cd\u09a4\u09b0\u09cd\u099c\u09be\u09a4\u09bf\u0995 \u09b8\u09ae\u09af\u09bc	dateStyle=short,timeStyle=full,hourCycle=h12	
bn	dt_short_long	{"dateStyle":"short","timeStyle":"long"}	d/M/yy, h:mm:ss a z	24/12/22, 3:07:09 PM UTC	6/3/23, 9:04:05 AM UTC	UTC	dateStyle=short,timeStyle=long,hourCycle=h12	
bn	dt_short_medium	{"dateStyle":"short","timeStyle":"medium"}	d/M/yy, h:mm:ss a	24/12/22, 3:07:09 PM	6/3/23, 9:04:05 AM		dateStyle=short,timeStyle=medium,hourCycle=h12	
bn	dt_short_short	{"dateStyle":"short","timeStyle":"short"}	d/M/yy, h:mm a	24/12/22, 3:07 PM	6/3/23, 9:04 AM		dateStyle=short,timeStyle=short,hourCycle=h12	
bn	t_short_h23	{"timeStyle":"short","hourCycle":"h23"}	HH:mm	15:07	09:04		timeStyle=short,hourCycle=h23	
bn	t_short_h12	{"timeStyle":"short","hourCycle":"h12"}	h:mm a	3:07 PM	9:04 AM		timeStyle=short,hourCycle=h12	
bn	t_short_h11	{"timeStyle":"short","hourCycle":"h11"}	K:mm a	3:07 PM	9:04 AM		timeStyle=short,hourCycle=h11	
bn	t_short_h24	{"timeStyle":"short","hourCycle":"h24"}	kk:mm	15:07	09:04		timeStyle=short,hourCycle=h24	
bn	t_medium_12	{"timeStyle":"medium","hour12":true}	h:mm:ss a	3:07:09 PM	9:04:05 AM		timeStyle=medium,hourCycle=h12	
bn	t_medium_24	{"timeStyle":"medium","hour12":false}	HH:mm:ss	15:07:09	09:04:05		timeStyle=medium,hourCycle=h23	
bn	t_full_h23	{"timeStyle":"full","hourCycle":"h23"}	HH:mm:ss zzzz	15:07:09 \u09b8\u09cd\u09a5\u09be\u09a8\u09be\u0982\u0995\u09bf\u09a4 \u0986\u09a8\u09cd\u09a4\u09b0\u09cd\u099c\u09be\u09a4\u09bf\u0995 \u09b8\u09ae\u09af\u09bc	09:04:05 \u09b8\u09cd\u09a5\u09be\u09a8\u09be\u0982\u0995\u09bf\u09a4 \u0986\u09a8\u09cd\u09a4\u09b0\u09cd\u099c\u09be\u09a4\u09bf\u0995 \u09b8\u09ae\u09af\u09bc	\u09b8\u09cd\u09a5\u09be\u09a8\u09be\u0982\u0995\u09bf\u09a4 \u0986\u09a8\u09cd\u09a4\u09b0\u09cd\u099c\u09be\u09a4\u09bf\u0995 \u09b8\u09ae\u09af\u09bc	timeStyle=full,hourCycle=h23	
bn	t_long_h12	{"timeStyle":"long","hourCycle":"h12"}	h:mm:ss a z	3:07:09 PM UTC	9:04:05 AM UTC	UTC	timeStyle=long,hourCycle=h12	
bn	dt_full_short_h23	{"dateStyle":"full","timeStyle":"short","hourCycle":"h23"}	EEEE, d MMMM, y \u098f HH:mm	\u09b6\u09a8\u09bf\u09ac\u09be\u09b0, 24 \u09a1\u09bf\u09b8\u09c7\u09ae\u09cd\u09ac\u09b0, 2022 \u098f 15:07	\u09b8\u09cb\u09ae\u09ac\u09be\u09b0, 6 \u09ae\u09be\u09b0\u09cd\u099a, 2023 \u098f 09:04		dateStyle=full,timeStyle=short,hourCycle=h23	
bn	dt_short_medium_h12	{"dateStyle":"short","timeStyle":"medium","hourCycle":"h12"}	d/M/yy, h:mm:ss a	24/12/22, 3:07:09 PM	6/3/23, 9:04:05 AM		dateStyle=short,timeStyle=medium,hourCycle=h12	
bn	dt_long_long_12	{"dateStyle":"long","timeStyle":"long","hour12":true}	d MMMM, y \u098f h:mm:ss a z	24 \u09a1\u09bf\u09b8\u09c7\u09ae\u09cd\u09ac\u09b0, 2022 \u098f 3:07:09 PM UTC	6 \u09ae\u09be\u09b0\u09cd\u099a, 2023 \u098f 9:04:05 AM UTC	UTC	dateStyle=long,timeStyle=long,hourCycle=h12	
bn	dt_medium_full_24	{"dateStyle":"medium","timeStyle":"full","hour12":false}	d MMM, y, HH:mm:ss zzzz	24 \u09a1\u09bf\u09b8\u09c7, 2022, 15:07:09 \u09b8\u09cd\u09a5\u09be\u09a8\u09be\u0982\u0995\u09bf\u09a4 \u0986\u09a8\u09cd\u09a4\u09b0\u09cd\u099c\u09be\u09a4\u09bf\u0995 \u09b8\u09ae\u09af\u09bc	6 \u09ae\u09be\u09b0\u09cd\u099a, 2023, 09:04:05 \u09b8\u09cd\u09a5\u09be\u09a8\u09be\u0982\u0995\u09bf\u09a4 \u0986\u09a8\u09cd\u09a4\u09b0\u09cd\u099c\u09be\u09a4\u09bf\u0995 \u09b8\u09ae\u09af\u09bc	\u09b8\u09cd\u09a5\u09be\u09a8\u09be\u0982\u0995\u09bf\u09a4 \u0986\u09a8\u09cd\u09a4\u09b0\u09cd\u099c\u09be\u09a4\u09bf\u0995 \u09b8\u09ae\u09af\u09bc	dateStyle=medium,timeStyle=full,hourCycle=h23	
bn	PYM_full	{"temporal":"PlainYearMonth","dateStyle":"full"}	MMMM y	\u09a1\u09bf\u09b8\u09c7\u09ae\u09cd\u09ac\u09b0 2022	\u09ae\u09be\u09b0\u09cd\u099a 2023		year=numeric,month=long	
bn	PYM_long	{"temporal":"PlainYearMonth","dateStyle":"long"}	MMMM y	\u09a1\u09bf\u09b8\u09c7\u09ae\u09cd\u09ac\u09b0 2022	\u09ae\u09be\u09b0\u09cd\u099a 2023		year=numeric,month=long	
bn	PYM_medium	{"temporal":"PlainYearMonth","dateStyle":"medium"}	MMM y	\u09a1\u09bf\u09b8\u09c7 2022	\u09ae\u09be\u09b0\u09cd\u099a 2023		year=numeric,month=short	
bn	PYM_short	{"temporal":"PlainYearMonth","dateStyle":"short"}	M/yy	12/22	3/23		year=2-digit,month=numeric	
bn	PMD_full	{"temporal":"PlainMonthDay","dateStyle":"full"}	d MMMM	24 \u09a1\u09bf\u09b8\u09c7\u09ae\u09cd\u09ac\u09b0	6 \u09ae\u09be\u09b0\u09cd\u099a		month=long,day=numeric	
bn	PMD_long	{"temporal":"PlainMonthDay","dateStyle":"long"}	d MMMM	24 \u09a1\u09bf\u09b8\u09c7\u09ae\u09cd\u09ac\u09b0	6 \u09ae\u09be\u09b0\u09cd\u099a		month=long,day=numeric	
bn	PMD_medium	{"temporal":"PlainMonthDay","dateStyle":"medium"}	d MMM	24 \u09a1\u09bf\u09b8\u09c7	6 \u09ae\u09be\u09b0\u09cd\u099a		month=short,day=numeric	
bn	PMD_short	{"temporal":"PlainMonthDay","dateStyle":"short"}	d/M	24/12	6/3		month=numeric,day=numeric	
bn	PD_full	{"temporal":"PlainDate","dateStyle":"full"}	EEEE, d MMMM, y	\u09b6\u09a8\u09bf\u09ac\u09be\u09b0, 24 \u09a1\u09bf\u09b8\u09c7\u09ae\u09cd\u09ac\u09b0, 2022	\u09b8\u09cb\u09ae\u09ac\u09be\u09b0, 6 \u09ae\u09be\u09b0\u09cd\u099a, 2023		dateStyle=full	
bn	PD_short	{"temporal":"PlainDate","dateStyle":"short"}	d/M/yy	24/12/22	6/3/23		dateStyle=short	
bn	PT_full	{"temporal":"PlainTime","timeStyle":"full"}	h:mm:ss a	3:07:09 PM	9:04:05 AM		hour=numeric,minute=2-digit,second=2-digit,hourCycle=h12	
bn	PT_long	{"temporal":"PlainTime","timeStyle":"long"}	h:mm:ss a	3:07:09 PM	9:04:05 AM		hour=numeric,minute=2-digit,second=2-digit,hourCycle=h12	
bn	PT_medium	{"temporal":"PlainTime","timeStyle":"medium"}	h:mm:ss a	3:07:09 PM	9:04:05 AM		timeStyle=medium,hourCycle=h12	
bn	PDT_full_full	{"temporal":"PlainDateTime","dateStyle":"full","timeStyle":"full"}	EEEE, d MMMM, y \u098f h:mm:ss a	\u09b6\u09a8\u09bf\u09ac\u09be\u09b0, 24 \u09a1\u09bf\u09b8\u09c7\u09ae\u09cd\u09ac\u09b0, 2022 \u098f 3:07:09 PM	\u09b8\u09cb\u09ae\u09ac\u09be\u09b0, 6 \u09ae\u09be\u09b0\u09cd\u099a, 2023 \u098f 9:04:05 AM		weekday=long,year=numeric,month=long,day=numeric,hour=numeric,minute=2-digit,second=2-digit,hourCycle=h12	
bn	PDT_long_long	{"temporal":"PlainDateTime","dateStyle":"long","timeStyle":"long"}	d MMMM, y \u098f h:mm:ss a	24 \u09a1\u09bf\u09b8\u09c7\u09ae\u09cd\u09ac\u09b0, 2022 \u098f 3:07:09 PM	6 \u09ae\u09be\u09b0\u09cd\u099a, 2023 \u098f 9:04:05 AM		year=numeric,month=long,day=numeric,hour=numeric,minute=2-digit,second=2-digit,hourCycle=h12	
bn	PDT_short_full	{"temporal":"PlainDateTime","dateStyle":"short","timeStyle":"full"}	d/M/yy, h:mm:ss a	24/12/22, 3:07:09 PM	6/3/23, 9:04:05 AM		year=2-digit,month=numeric,day=numeric,hour=numeric,minute=2-digit,second=2-digit,hourCycle=h12	
bn	PDT_medium_medium	{"temporal":"PlainDateTime","dateStyle":"medium","timeStyle":"medium"}	d MMM, y, h:mm:ss a	24 \u09a1\u09bf\u09b8\u09c7, 2022, 3:07:09 PM	6 \u09ae\u09be\u09b0\u09cd\u099a, 2023, 9:04:05 AM		dateStyle=medium,timeStyle=medium,hourCycle=h12	
ca	d_full	{"dateStyle":"full"}	EEEE, d MMMM 'del' y	dissabte, 24 de desembre del 2022	dilluns, 6 de mar\u00e7 del 2023		dateStyle=full	
ca	d_long	{"dateStyle":"long"}	d MMMM 'del' y	24 de desembre del 2022	6 de mar\u00e7 del 2023		dateStyle=long	
ca	d_medium	{"dateStyle":"medium"}	d MMM y	24 de des. 2022	6 de mar\u00e7 2023		dateStyle=medium	
ca	d_short	{"dateStyle":"short"}	d/M/yy	24/12/22	6/3/23		dateStyle=short	
ca	t_full	{"timeStyle":"full"}	H:mm:ss (zzzz)	15:07:09 (Temps universal coordinat)	9:04:05 (Temps universal coordinat)	Temps universal coordinat	timeStyle=full,hourCycle=h23	
ca	t_long	{"timeStyle":"long"}	H:mm:ss z	15:07:09 UTC	9:04:05 UTC	UTC	timeStyle=long,hourCycle=h23	
ca	t_medium	{"timeStyle":"medium"}	H:mm:ss	15:07:09	9:04:05		timeStyle=medium,hourCycle=h23	
ca	t_short	{"timeStyle":"short"}	H:mm	15:07	9:04		timeStyle=short,hourCycle=h23	
ca	dt_full_full	{"dateStyle":"full","timeStyle":"full"}	EEEE, d MMMM 'del' y, 'a' 'les' H:mm:ss (zzzz)	dissabte, 24 de desembre del 2022, a les 15:07:09 (Temps universal coordinat)	dilluns, 6 de mar\u00e7 del 2023, a les 9:04:05 (Temps universal coordinat)	Temps universal coordinat	dateStyle=full,timeStyle=full,hourCycle=h23	
ca	dt_full_long	{"dateStyle":"full","timeStyle":"long"}	EEEE, d MMMM 'del' y, 'a' 'les' H:mm:ss z	dissabte, 24 de desembre del 2022, a les 15:07:09 UTC	dilluns, 6 de mar\u00e7 del 2023, a les 9:04:05 UTC	UTC	dateStyle=full,timeStyle=long,hourCycle=h23	
ca	dt_full_medium	{"dateStyle":"full","timeStyle":"medium"}	EEEE, d MMMM 'del' y, 'a' 'les' H:mm:ss	dissabte, 24 de desembre del 2022, a les 15:07:09	dilluns, 6 de mar\u00e7 del 2023, a les 9:04:05		dateStyle=full,timeStyle=medium,hourCycle=h23	
ca	dt_full_short	{"dateStyle":"full","timeStyle":"short"}	EEEE, d MMMM 'del' y, 'a' 'les' H:mm	dissabte, 24 de desembre del 2022, a les 15:07	dilluns, 6 de mar\u00e7 del 2023, a les 9:04		dateStyle=full,timeStyle=short,hourCycle=h23	
ca	dt_long_full	{"dateStyle":"long","timeStyle":"full"}	d MMMM 'del' y, 'a' 'les' H:mm:ss (zzzz)	24 de desembre del 2022, a les 15:07:09 (Temps universal coordinat)	6 de mar\u00e7 del 2023, a les 9:04:05 (Temps universal coordinat)	Temps universal coordinat	dateStyle=long,timeStyle=full,hourCycle=h23	
ca	dt_long_long	{"dateStyle":"long","timeStyle":"long"}	d MMMM 'del' y, 'a' 'les' H:mm:ss z	24 de desembre del 2022, a les 15:07:09 UTC	6 de mar\u00e7 del 2023, a les 9:04:05 UTC	UTC	dateStyle=long,timeStyle=long,hourCycle=h23	
ca	dt_long_medium	{"dateStyle":"long","timeStyle":"medium"}	d MMMM 'del' y, 'a' 'les' H:mm:ss	24 de desembre del 2022, a les 15:07:09	6 de mar\u00e7 del 2023, a les 9:04:05		dateStyle=long,timeStyle=medium,hourCycle=h23	
ca	dt_long_short	{"dateStyle":"long","timeStyle":"short"}	d MMMM 'del' y, 'a' 'les' H:mm	24 de desembre del 2022, a les 15:07	6 de mar\u00e7 del 2023, a les 9:04		dateStyle=long,timeStyle=short,hourCycle=h23	
ca	dt_medium_full	{"dateStyle":"medium","timeStyle":"full"}	d MMM y, H:mm:ss (zzzz)	24 de des. 2022, 15:07:09 (Temps universal coordinat)	6 de mar\u00e7 2023, 9:04:05 (Temps universal coordinat)	Temps universal coordinat	dateStyle=medium,timeStyle=full,hourCycle=h23	
ca	dt_medium_long	{"dateStyle":"medium","timeStyle":"long"}	d MMM y, H:mm:ss z	24 de des. 2022, 15:07:09 UTC	6 de mar\u00e7 2023, 9:04:05 UTC	UTC	dateStyle=medium,timeStyle=long,hourCycle=h23	
ca	dt_medium_medium	{"dateStyle":"medium","timeStyle":"medium"}	d MMM y, H:mm:ss	24 de des. 2022, 15:07:09	6 de mar\u00e7 2023, 9:04:05		dateStyle=medium,timeStyle=medium,hourCycle=h23	
ca	dt_medium_short	{"dateStyle":"medium","timeStyle":"short"}	d MMM y, H:mm	24 de des. 2022, 15:07	6 de mar\u00e7 2023, 9:04		dateStyle=medium,timeStyle=short,hourCycle=h23	
ca	dt_short_full	{"dateStyle":"short","timeStyle":"full"}	d/M/yy H:mm:ss (zzzz)	24/12/22 15:07:09 (Temps universal coordinat)	6/3/23 9:04:05 (Temps universal coordinat)	Temps universal coordinat	dateStyle=short,timeStyle=full,hourCycle=h23	
ca	dt_short_long	{"dateStyle":"short","timeStyle":"long"}	d/M/yy H:mm:ss z	24/12/22 15:07:09 UTC	6/3/23 9:04:05 UTC	UTC	dateStyle=short,timeStyle=long,hourCycle=h23	
ca	dt_short_medium	{"dateStyle":"short","timeStyle":"medium"}	d/M/yy H:mm:ss	24/12/22 15:07:09	6/3/23 9:04:05		dateStyle=short,timeStyle=medium,hourCycle=h23	
ca	dt_short_short	{"dateStyle":"short","timeStyle":"short"}	d/M/yy H:mm	24/12/22 15:07	6/3/23 9:04		dateStyle=short,timeStyle=short,hourCycle=h23	
ca	t_short_h23	{"timeStyle":"short","hourCycle":"h23"}	H:mm	15:07	9:04		timeStyle=short,hourCycle=h23	
ca	t_short_h12	{"timeStyle":"short","hourCycle":"h12"}	h:mm\u202fa	3:07 p. m.	9:04 a. m.		timeStyle=short,hourCycle=h12	
ca	t_short_h11	{"timeStyle":"short","hourCycle":"h11"}	K:mm\u202fa	3:07 p. m.	9:04 a. m.		timeStyle=short,hourCycle=h11	
ca	t_short_h24	{"timeStyle":"short","hourCycle":"h24"}	k:mm	15:07	9:04		timeStyle=short,hourCycle=h24	
ca	t_medium_12	{"timeStyle":"medium","hour12":true}	h:mm:ss\u202fa	3:07:09 p. m.	9:04:05 a. m.		timeStyle=medium,hourCycle=h12	
ca	t_medium_24	{"timeStyle":"medium","hour12":false}	H:mm:ss	15:07:09	9:04:05		timeStyle=medium,hourCycle=h23	
ca	t_full_h23	{"timeStyle":"full","hourCycle":"h23"}	H:mm:ss (zzzz)	15:07:09 (Temps universal coordinat)	9:04:05 (Temps universal coordinat)	Temps universal coordinat	timeStyle=full,hourCycle=h23	
ca	t_long_h12	{"timeStyle":"long","hourCycle":"h12"}	h:mm:ss\u202fa z	3:07:09 p. m. UTC	9:04:05 a. m. UTC	UTC	timeStyle=long,hourCycle=h12	
ca	dt_full_short_h23	{"dateStyle":"full","timeStyle":"short","hourCycle":"h23"}	EEEE, d MMMM 'del' y, 'a' 'les' H:mm	dissabte, 24 de desembre del 2022, a les 15:07	dilluns, 6 de mar\u00e7 del 2023, a les 9:04		dateStyle=full,timeStyle=short,hourCycle=h23	
ca	dt_short_medium_h12	{"dateStyle":"short","timeStyle":"medium","hourCycle":"h12"}	d/M/yy h:mm:ss\u202fa	24/12/22 3:07:09 p. m.	6/3/23 9:04:05 a. m.		dateStyle=short,timeStyle=medium,hourCycle=h12	
ca	dt_long_long_12	{"dateStyle":"long","timeStyle":"long","hour12":true}	d MMMM 'del' y, 'a' 'les' h:mm:ss\u202fa z	24 de desembre del 2022, a les 3:07:09 p. m. UTC	6 de mar\u00e7 del 2023, a les 9:04:05 a. m. UTC	UTC	dateStyle=long,timeStyle=long,hourCycle=h12	
ca	dt_medium_full_24	{"dateStyle":"medium","timeStyle":"full","hour12":false}	d MMM y, H:mm:ss (zzzz)	24 de des. 2022, 15:07:09 (Temps universal coordinat)	6 de mar\u00e7 2023, 9:04:05 (Temps universal coordinat)	Temps universal coordinat	dateStyle=medium,timeStyle=full,hourCycle=h23	
ca	PYM_full	{"temporal":"PlainYearMonth","dateStyle":"full"}	LLLL 'del' y	desembre del 2022	mar\u00e7 del 2023		year=numeric,month=long	desembre del 2022|mar\u00e7 del 2023|year=numeric,month=long,day=numeric
ca	PYM_long	{"temporal":"PlainYearMonth","dateStyle":"long"}	LLLL 'del' y	desembre del 2022	mar\u00e7 del 2023		year=numeric,month=long	desembre del 2022|mar\u00e7 del 2023|year=numeric,month=long,day=numeric
ca	PYM_medium	{"temporal":"PlainYearMonth","dateStyle":"medium"}	LLL 'del' y	des. del 2022	mar\u00e7 del 2023		year=numeric,month=short	des. del 2022|mar\u00e7 del 2023|year=numeric,month=short,day=numeric
ca	PYM_short	{"temporal":"PlainYearMonth","dateStyle":"short"}	M/yy	12/22	3/23		year=2-digit,month=numeric	
ca	PMD_full	{"temporal":"PlainMonthDay","dateStyle":"full"}	d MMMM	24 de desembre	6 de mar\u00e7		month=long,day=numeric	
ca	PMD_long	{"temporal":"PlainMonthDay","dateStyle":"long"}	d MMMM	24 de desembre	6 de mar\u00e7		month=long,day=numeric	
ca	PMD_medium	{"temporal":"PlainMonthDay","dateStyle":"medium"}	d MMM	24 de des.	6 de mar\u00e7		month=short,day=numeric	
ca	PMD_short	{"temporal":"PlainMonthDay","dateStyle":"short"}	d/M	24/12	6/3		month=numeric,day=numeric	
ca	PD_full	{"temporal":"PlainDate","dateStyle":"full"}	EEEE, d MMMM 'del' y	dissabte, 24 de desembre del 2022	dilluns, 6 de mar\u00e7 del 2023		dateStyle=full	
ca	PD_short	{"temporal":"PlainDate","dateStyle":"short"}	d/M/yy	24/12/22	6/3/23		dateStyle=short	
ca	PT_full	{"temporal":"PlainTime","timeStyle":"full"}	H:mm:ss	15:07:09	9:04:05		hour=numeric,minute=2-digit,second=2-digit,hourCycle=h23	
ca	PT_long	{"temporal":"PlainTime","timeStyle":"long"}	H:mm:ss	15:07:09	9:04:05		hour=numeric,minute=2-digit,second=2-digit,hourCycle=h23	
ca	PT_medium	{"temporal":"PlainTime","timeStyle":"medium"}	H:mm:ss	15:07:09	9:04:05		timeStyle=medium,hourCycle=h23	
ca	PDT_full_full	{"temporal":"PlainDateTime","dateStyle":"full","timeStyle":"full"}	EEEE, d MMMM 'del' y, 'a' 'les' H:mm:ss	dissabte, 24 de desembre del 2022, a les 15:07:09	dilluns, 6 de mar\u00e7 del 2023, a les 9:04:05		weekday=long,year=numeric,month=long,day=numeric,hour=numeric,minute=2-digit,second=2-digit,hourCycle=h23	
ca	PDT_long_long	{"temporal":"PlainDateTime","dateStyle":"long","timeStyle":"long"}	d MMMM 'del' y, 'a' 'les' H:mm:ss	24 de desembre del 2022, a les 15:07:09	6 de mar\u00e7 del 2023, a les 9:04:05		year=numeric,month=long,day=numeric,hour=numeric,minute=2-digit,second=2-digit,hourCycle=h23	
ca	PDT_short_full	{"temporal":"PlainDateTime","dateStyle":"short","timeStyle":"full"}	d/M/yy H:mm:ss	24/12/22 15:07:09	6/3/23 9:04:05		year=2-digit,month=numeric,day=numeric,hour=numeric,minute=2-digit,second=2-digit,hourCycle=h23	
ca	PDT_medium_medium	{"temporal":"PlainDateTime","dateStyle":"medium","timeStyle":"medium"}	d MMM y, H:mm:ss	24 de des. 2022, 15:07:09	6 de mar\u00e7 2023, 9:04:05		dateStyle=medium,timeStyle=medium,hourCycle=h23	
cs	d_full	{"dateStyle":"full"}	EEEE d. MMMM y	sobota 24. prosince 2022	pond\u011bl\u00ed 6. b\u0159ezna 2023		dateStyle=full	
cs	d_long	{"dateStyle":"long"}	d. MMMM y	24. prosince 2022	6. b\u0159ezna 2023		dateStyle=long	
cs	d_medium	{"dateStyle":"medium"}	d. M. y	24. 12. 2022	6. 3. 2023		dateStyle=medium	
cs	d_short	{"dateStyle":"short"}	dd.MM.yy	24.12.22	06.03.23		dateStyle=short	
cs	t_full	{"timeStyle":"full"}	H:mm:ss, zzzz	15:07:09, koordinovan\u00fd sv\u011btov\u00fd \u010das	9:04:05, koordinovan\u00fd sv\u011btov\u00fd \u010das	koordinovan\u00fd sv\u011btov\u00fd \u010das	timeStyle=full,hourCycle=h23	
cs	t_long	{"timeStyle":"long"}	H:mm:ss z	15:07:09 UTC	9:04:05 UTC	UTC	timeStyle=long,hourCycle=h23	
cs	t_medium	{"timeStyle":"medium"}	H:mm:ss	15:07:09	9:04:05		timeStyle=medium,hourCycle=h23	
cs	t_short	{"timeStyle":"short"}	H:mm	15:07	9:04		timeStyle=short,hourCycle=h23	
cs	dt_full_full	{"dateStyle":"full","timeStyle":"full"}	EEEE d. MMMM y 'v' H:mm:ss, zzzz	sobota 24. prosince 2022 v 15:07:09, koordinovan\u00fd sv\u011btov\u00fd \u010das	pond\u011bl\u00ed 6. b\u0159ezna 2023 v 9:04:05, koordinovan\u00fd sv\u011btov\u00fd \u010das	koordinovan\u00fd sv\u011btov\u00fd \u010das	dateStyle=full,timeStyle=full,hourCycle=h23	
cs	dt_full_long	{"dateStyle":"full","timeStyle":"long"}	EEEE d. MMMM y 'v' H:mm:ss z	sobota 24. prosince 2022 v 15:07:09 UTC	pond\u011bl\u00ed 6. b\u0159ezna 2023 v 9:04:05 UTC	UTC	dateStyle=full,timeStyle=long,hourCycle=h23	
cs	dt_full_medium	{"dateStyle":"full","timeStyle":"medium"}	EEEE d. MMMM y 'v' H:mm:ss	sobota 24. prosince 2022 v 15:07:09	pond\u011bl\u00ed 6. b\u0159ezna 2023 v 9:04:05		dateStyle=full,timeStyle=medium,hourCycle=h23	
cs	dt_full_short	{"dateStyle":"full","timeStyle":"short"}	EEEE d. MMMM y 'v' H:mm	sobota 24. prosince 2022 v 15:07	pond\u011bl\u00ed 6. b\u0159ezna 2023 v 9:04		dateStyle=full,timeStyle=short,hourCycle=h23	
cs	dt_long_full	{"dateStyle":"long","timeStyle":"full"}	d. MMMM y 'v' H:mm:ss, zzzz	24. prosince 2022 v 15:07:09, koordinovan\u00fd sv\u011btov\u00fd \u010das	6. b\u0159ezna 2023 v 9:04:05, koordinovan\u00fd sv\u011btov\u00fd \u010das	koordinovan\u00fd sv\u011btov\u00fd \u010das	dateStyle=long,timeStyle=full,hourCycle=h23	
cs	dt_long_long	{"dateStyle":"long","timeStyle":"long"}	d. MMMM y 'v' H:mm:ss z	24. prosince 2022 v 15:07:09 UTC	6. b\u0159ezna 2023 v 9:04:05 UTC	UTC	dateStyle=long,timeStyle=long,hourCycle=h23	
cs	dt_long_medium	{"dateStyle":"long","timeStyle":"medium"}	d. MMMM y 'v' H:mm:ss	24. prosince 2022 v 15:07:09	6. b\u0159ezna 2023 v 9:04:05		dateStyle=long,timeStyle=medium,hourCycle=h23	
cs	dt_long_short	{"dateStyle":"long","timeStyle":"short"}	d. MMMM y 'v' H:mm	24. prosince 2022 v 15:07	6. b\u0159ezna 2023 v 9:04		dateStyle=long,timeStyle=short,hourCycle=h23	
cs	dt_medium_full	{"dateStyle":"medium","timeStyle":"full"}	d. M. y H:mm:ss, zzzz	24. 12. 2022 15:07:09, koordinovan\u00fd sv\u011btov\u00fd \u010das	6. 3. 2023 9:04:05, koordinovan\u00fd sv\u011btov\u00fd \u010das	koordinovan\u00fd sv\u011btov\u00fd \u010das	dateStyle=medium,timeStyle=full,hourCycle=h23	
cs	dt_medium_long	{"dateStyle":"medium","timeStyle":"long"}	d. M. y H:mm:ss z	24. 12. 2022 15:07:09 UTC	6. 3. 2023 9:04:05 UTC	UTC	dateStyle=medium,timeStyle=long,hourCycle=h23	
cs	dt_medium_medium	{"dateStyle":"medium","timeStyle":"medium"}	d. M. y H:mm:ss	24. 12. 2022 15:07:09	6. 3. 2023 9:04:05		dateStyle=medium,timeStyle=medium,hourCycle=h23	
cs	dt_medium_short	{"dateStyle":"medium","timeStyle":"short"}	d. M. y H:mm	24. 12. 2022 15:07	6. 3. 2023 9:04		dateStyle=medium,timeStyle=short,hourCycle=h23	
cs	dt_short_full	{"dateStyle":"short","timeStyle":"full"}	dd.MM.yy H:mm:ss, zzzz	24.12.22 15:07:09, koordinovan\u00fd sv\u011btov\u00fd \u010das	06.03.23 9:04:05, koordinovan\u00fd sv\u011btov\u00fd \u010das	koordinovan\u00fd sv\u011btov\u00fd \u010das	dateStyle=short,timeStyle=full,hourCycle=h23	
cs	dt_short_long	{"dateStyle":"short","timeStyle":"long"}	dd.MM.yy H:mm:ss z	24.12.22 15:07:09 UTC	06.03.23 9:04:05 UTC	UTC	dateStyle=short,timeStyle=long,hourCycle=h23	
cs	dt_short_medium	{"dateStyle":"short","timeStyle":"medium"}	dd.MM.yy H:mm:ss	24.12.22 15:07:09	06.03.23 9:04:05		dateStyle=short,timeStyle=medium,hourCycle=h23	
cs	dt_short_short	{"dateStyle":"short","timeStyle":"short"}	dd.MM.yy H:mm	24.12.22 15:07	06.03.23 9:04		dateStyle=short,timeStyle=short,hourCycle=h23	
cs	t_short_h23	{"timeStyle":"short","hourCycle":"h23"}	H:mm	15:07	9:04		timeStyle=short,hourCycle=h23	
cs	t_short_h12	{"timeStyle":"short","hourCycle":"h12"}	h:mm\u202fa	3:07 odp.	9:04 dop.		timeStyle=short,hourCycle=h12	
cs	t_short_h11	{"timeStyle":"short","hourCycle":"h11"}	K:mm\u202fa	3:07 odp.	9:04 dop.		timeStyle=short,hourCycle=h11	
cs	t_short_h24	{"timeStyle":"short","hourCycle":"h24"}	k:mm	15:07	9:04		timeStyle=short,hourCycle=h24	
cs	t_medium_12	{"timeStyle":"medium","hour12":true}	h:mm:ss\u202fa	3:07:09 odp.	9:04:05 dop.		timeStyle=medium,hourCycle=h12	
cs	t_medium_24	{"timeStyle":"medium","hour12":false}	H:mm:ss	15:07:09	9:04:05		timeStyle=medium,hourCycle=h23	
cs	t_full_h23	{"timeStyle":"full","hourCycle":"h23"}	H:mm:ss, zzzz	15:07:09, koordinovan\u00fd sv\u011btov\u00fd \u010das	9:04:05, koordinovan\u00fd sv\u011btov\u00fd \u010das	koordinovan\u00fd sv\u011btov\u00fd \u010das	timeStyle=full,hourCycle=h23	
cs	t_long_h12	{"timeStyle":"long","hourCycle":"h12"}	h:mm:ss\u202fa z	3:07:09 odp. UTC	9:04:05 dop. UTC	UTC	timeStyle=long,hourCycle=h12	
cs	dt_full_short_h23	{"dateStyle":"full","timeStyle":"short","hourCycle":"h23"}	EEEE d. MMMM y 'v' H:mm	sobota 24. prosince 2022 v 15:07	pond\u011bl\u00ed 6. b\u0159ezna 2023 v 9:04		dateStyle=full,timeStyle=short,hourCycle=h23	
cs	dt_short_medium_h12	{"dateStyle":"short","timeStyle":"medium","hourCycle":"h12"}	dd. MM. yy h:mm:ss\u202fa	24. 12. 22 3:07:09 odp.	06. 03. 23 9:04:05 dop.		dateStyle=short,timeStyle=medium,hourCycle=h12	
cs	dt_long_long_12	{"dateStyle":"long","timeStyle":"long","hour12":true}	d. MMMM y 'v' h:mm:ss\u202fa z	24. prosince 2022 v 3:07:09 odp. UTC	6. b\u0159ezna 2023 v 9:04:05 dop. UTC	UTC	dateStyle=long,timeStyle=long,hourCycle=h12	
cs	dt_medium_full_24	{"dateStyle":"medium","timeStyle":"full","hour12":false}	d. M. y H:mm:ss, zzzz	24. 12. 2022 15:07:09, koordinovan\u00fd sv\u011btov\u00fd \u010das	6. 3. 2023 9:04:05, koordinovan\u00fd sv\u011btov\u00fd \u010das	koordinovan\u00fd sv\u011btov\u00fd \u010das	dateStyle=medium,timeStyle=full,hourCycle=h23	
cs	PYM_full	{"temporal":"PlainYearMonth","dateStyle":"full"}	LLLL y	prosinec 2022	b\u0159ezen 2023		year=numeric,month=long	
cs	PYM_long	{"temporal":"PlainYearMonth","dateStyle":"long"}	LLLL y	prosinec 2022	b\u0159ezen 2023		year=numeric,month=long	
cs	PYM_medium	{"temporal":"PlainYearMonth","dateStyle":"medium"}	M/y	12/2022	3/2023		year=numeric,month=numeric	
cs	PYM_short	{"temporal":"PlainYearMonth","dateStyle":"short"}	MM/yy	12/22	03/23		year=2-digit,month=2-digit	
cs	PMD_full	{"temporal":"PlainMonthDay","dateStyle":"full"}	d. MMMM	24. prosince	6. b\u0159ezna		month=long,day=numeric	
cs	PMD_long	{"temporal":"PlainMonthDay","dateStyle":"long"}	d. MMMM	24. prosince	6. b\u0159ezna		month=long,day=numeric	
cs	PMD_medium	{"temporal":"PlainMonthDay","dateStyle":"medium"}	d. M.	24. 12.	6. 3.		month=numeric,day=numeric	
cs	PMD_short	{"temporal":"PlainMonthDay","dateStyle":"short"}	dd. MM.	24. 12.	06. 03.		month=2-digit,day=2-digit	
cs	PD_full	{"temporal":"PlainDate","dateStyle":"full"}	EEEE d. MMMM y	sobota 24. prosince 2022	pond\u011bl\u00ed 6. b\u0159ezna 2023		dateStyle=full	
cs	PD_short	{"temporal":"PlainDate","dateStyle":"short"}	dd.MM.yy	24.12.22	06.03.23		dateStyle=short	
cs	PT_full	{"temporal":"PlainTime","timeStyle":"full"}	H:mm:ss	15:07:09	9:04:05		hour=numeric,minute=2-digit,second=2-digit,hourCycle=h23	
cs	PT_long	{"temporal":"PlainTime","timeStyle":"long"}	H:mm:ss	15:07:09	9:04:05		hour=numeric,minute=2-digit,second=2-digit,hourCycle=h23	
cs	PT_medium	{"temporal":"PlainTime","timeStyle":"medium"}	H:mm:ss	15:07:09	9:04:05		timeStyle=medium,hourCycle=h23	
cs	PDT_full_full	{"temporal":"PlainDateTime","dateStyle":"full","timeStyle":"full"}	EEEE d. MMMM y 'v' H:mm:ss	sobota 24. prosince 2022 v 15:07:09	pond\u011bl\u00ed 6. b\u0159ezna 2023 v 9:04:05		weekday=long,year=numeric,month=long,day=numeric,hour=numeric,minute=2-digit,second=2-digit,hourCycle=h23	sobota 24. prosince 2022 v 15:07:09|pond\u011bl\u00ed 6. b\u0159ezna 2023 v 9:04:05|weekday=long,year=numeric,month=long,day=numeric,hour=numeric,minute=2-digit,second=2-digit,timeZoneName=shortGeneric,hourCycle=h23
cs	PDT_long_long	{"temporal":"PlainDateTime","dateStyle":"long","timeStyle":"long"}	d. MMMM y 'v' H:mm:ss	24. prosince 2022 v 15:07:09	6. b\u0159ezna 2023 v 9:04:05		year=numeric,month=long,day=numeric,hour=numeric,minute=2-digit,second=2-digit,hourCycle=h23	24. prosince 2022 v 15:07:09|6. b\u0159ezna 2023 v 9:04:05|year=numeric,month=long,day=numeric,hour=numeric,minute=2-digit,second=2-digit,timeZoneName=shortGeneric,hourCycle=h23
cs	PDT_short_full	{"temporal":"PlainDateTime","dateStyle":"short","timeStyle":"full"}	dd. MM. yy H:mm:ss	24. 12. 22 15:07:09	06. 03. 23 9:04:05		year=2-digit,month=2-digit,day=2-digit,hour=numeric,minute=2-digit,second=2-digit,hourCycle=h23	
cs	PDT_medium_medium	{"temporal":"PlainDateTime","dateStyle":"medium","timeStyle":"medium"}	d. M. y H:mm:ss	24. 12. 2022 15:07:09	6. 3. 2023 9:04:05		dateStyle=medium,timeStyle=medium,hourCycle=h23	
da	d_full	{"dateStyle":"full"}	EEEE 'den' d. MMMM y	l\u00f8rdag den 24. december 2022	mandag den 6. marts 2023		dateStyle=full	
da	d_long	{"dateStyle":"long"}	d. MMMM y	24. december 2022	6. marts 2023		dateStyle=long	
da	d_medium	{"dateStyle":"medium"}	d. MMM y	24. dec. 2022	6. mar. 2023		dateStyle=medium	
da	d_short	{"dateStyle":"short"}	dd.MM.y	24.12.2022	06.03.2023		dateStyle=short	
da	t_full	{"timeStyle":"full"}	HH.mm.ss zzzz	15.07.09 Koordineret universaltid	09.04.05 Koordineret universaltid	Koordineret universaltid	timeStyle=full,hourCycle=h23	
da	t_long	{"timeStyle":"long"}	HH.mm.ss z	15.07.09 UTC	09.04.05 UTC	UTC	timeStyle=long,hourCycle=h23	
da	t_medium	{"timeStyle":"medium"}	HH.mm.ss	15.07.09	09.04.05		timeStyle=medium,hourCycle=h23	
da	t_short	{"timeStyle":"short"}	HH.mm	15.07	09.04		timeStyle=short,hourCycle=h23	
da	dt_full_full	{"dateStyle":"full","timeStyle":"full"}	EEEE 'den' d. MMMM y 'kl'. HH.mm.ss zzzz	l\u00f8rdag den 24. december 2022 kl. 15.07.09 Koordineret universaltid	mandag den 6. marts 2023 kl. 09.04.05 Koordineret universaltid	Koordineret universaltid	dateStyle=full,timeStyle=full,hourCycle=h23	
da	dt_full_long	{"dateStyle":"full","timeStyle":"long"}	EEEE 'den' d. MMMM y 'kl'. HH.mm.ss z	l\u00f8rdag den 24. december 2022 kl. 15.07.09 UTC	mandag den 6. marts 2023 kl. 09.04.05 UTC	UTC	dateStyle=full,timeStyle=long,hourCycle=h23	
da	dt_full_medium	{"dateStyle":"full","timeStyle":"medium"}	EEEE 'den' d. MMMM y 'kl'. HH.mm.ss	l\u00f8rdag den 24. december 2022 kl. 15.07.09	mandag den 6. marts 2023 kl. 09.04.05		dateStyle=full,timeStyle=medium,hourCycle=h23	
da	dt_full_short	{"dateStyle":"full","timeStyle":"short"}	EEEE 'den' d. MMMM y 'kl'. HH.mm	l\u00f8rdag den 24. december 2022 kl. 15.07	mandag den 6. marts 2023 kl. 09.04		dateStyle=full,timeStyle=short,hourCycle=h23	
da	dt_long_full	{"dateStyle":"long","timeStyle":"full"}	d. MMMM y 'kl'. HH.mm.ss zzzz	24. december 2022 kl. 15.07.09 Koordineret universaltid	6. marts 2023 kl. 09.04.05 Koordineret universaltid	Koordineret universaltid	dateStyle=long,timeStyle=full,hourCycle=h23	
da	dt_long_long	{"dateStyle":"long","timeStyle":"long"}	d. MMMM y 'kl'. HH.mm.ss z	24. december 2022 kl. 15.07.09 UTC	6. marts 2023 kl. 09.04.05 UTC	UTC	dateStyle=long,timeStyle=long,hourCycle=h23	
da	dt_long_medium	{"dateStyle":"long","timeStyle":"medium"}	d. MMMM y 'kl'. HH.mm.ss	24. december 2022 kl. 15.07.09	6. marts 2023 kl. 09.04.05		dateStyle=long,timeStyle=medium,hourCycle=h23	
da	dt_long_short	{"dateStyle":"long","timeStyle":"short"}	d. MMMM y 'kl'. HH.mm	24. december 2022 kl. 15.07	6. marts 2023 kl. 09.04		dateStyle=long,timeStyle=short,hourCycle=h23	
da	dt_medium_full	{"dateStyle":"medium","timeStyle":"full"}	d. MMM y, HH.mm.ss zzzz	24. dec. 2022, 15.07.09 Koordineret universaltid	6. mar. 2023, 09.04.05 Koordineret universaltid	Koordineret universaltid	dateStyle=medium,timeStyle=full,hourCycle=h23	
da	dt_medium_long	{"dateStyle":"medium","timeStyle":"long"}	d. MMM y, HH.mm.ss z	24. dec. 2022, 15.07.09 UTC	6. mar. 2023, 09.04.05 UTC	UTC	dateStyle=medium,timeStyle=long,hourCycle=h23	
da	dt_medium_medium	{"dateStyle":"medium","timeStyle":"medium"}	d. MMM y, HH.mm.ss	24. dec. 2022, 15.07.09	6. mar. 2023, 09.04.05		dateStyle=medium,timeStyle=medium,hourCycle=h23	
da	dt_medium_short	{"dateStyle":"medium","timeStyle":"short"}	d. MMM y, HH.mm	24. dec. 2022, 15.07	6. mar. 2023, 09.04		dateStyle=medium,timeStyle=short,hourCycle=h23	
da	dt_short_full	{"dateStyle":"short","timeStyle":"full"}	dd.MM.y, HH.mm.ss zzzz	24.12.2022, 15.07.09 Koordineret universaltid	06.03.2023, 09.04.05 Koordineret universaltid	Koordineret universaltid	dateStyle=short,timeStyle=full,hourCycle=h23	
da	dt_short_long	{"dateStyle":"short","timeStyle":"long"}	dd.MM.y, HH.mm.ss z	24.12.2022, 15.07.09 UTC	06.03.2023, 09.04.05 UTC	UTC	dateStyle=short,timeStyle=long,hourCycle=h23	
da	dt_short_medium	{"dateStyle":"short","timeStyle":"medium"}	dd.MM.y, HH.mm.ss	24.12.2022, 15.07.09	06.03.2023, 09.04.05		dateStyle=short,timeStyle=medium,hourCycle=h23	
da	dt_short_short	{"dateStyle":"short","timeStyle":"short"}	dd.MM.y, HH.mm	24.12.2022, 15.07	06.03.2023, 09.04		dateStyle=short,timeStyle=short,hourCycle=h23	
da	t_short_h23	{"timeStyle":"short","hourCycle":"h23"}	HH.mm	15.07	09.04		timeStyle=short,hourCycle=h23	
da	t_short_h12	{"timeStyle":"short","hourCycle":"h12"}	hh.mm\u202fa	03.07 PM	09.04 AM		timeStyle=short,hourCycle=h12	
da	t_short_h11	{"timeStyle":"short","hourCycle":"h11"}	KK.mm\u202fa	03.07 PM	09.04 AM		timeStyle=short,hourCycle=h11	
da	t_short_h24	{"timeStyle":"short","hourCycle":"h24"}	kk.mm	15.07	09.04		timeStyle=short,hourCycle=h24	
da	t_medium_12	{"timeStyle":"medium","hour12":true}	hh.mm.ss\u202fa	03.07.09 PM	09.04.05 AM		timeStyle=medium,hourCycle=h12	
da	t_medium_24	{"timeStyle":"medium","hour12":false}	HH.mm.ss	15.07.09	09.04.05		timeStyle=medium,hourCycle=h23	
da	t_full_h23	{"timeStyle":"full","hourCycle":"h23"}	HH.mm.ss zzzz	15.07.09 Koordineret universaltid	09.04.05 Koordineret universaltid	Koordineret universaltid	timeStyle=full,hourCycle=h23	
da	t_long_h12	{"timeStyle":"long","hourCycle":"h12"}	hh.mm.ss\u202fa z	03.07.09 PM UTC	09.04.05 AM UTC	UTC	timeStyle=long,hourCycle=h12	
da	dt_full_short_h23	{"dateStyle":"full","timeStyle":"short","hourCycle":"h23"}	EEEE 'den' d. MMMM y 'kl'. HH.mm	l\u00f8rdag den 24. december 2022 kl. 15.07	mandag den 6. marts 2023 kl. 09.04		dateStyle=full,timeStyle=short,hourCycle=h23	
da	dt_short_medium_h12	{"dateStyle":"short","timeStyle":"medium","hourCycle":"h12"}	dd.MM.y, hh.mm.ss\u202fa	24.12.2022, 03.07.09 PM	06.03.2023, 09.04.05 AM		dateStyle=short,timeStyle=medium,hourCycle=h12	
da	dt_long_long_12	{"dateStyle":"long","timeStyle":"long","hour12":true}	d. MMMM y 'kl'. hh.mm.ss\u202fa z	24. december 2022 kl. 03.07.09 PM UTC	6. marts 2023 kl. 09.04.05 AM UTC	UTC	dateStyle=long,timeStyle=long,hourCycle=h12	
da	dt_medium_full_24	{"dateStyle":"medium","timeStyle":"full","hour12":false}	d. MMM y, HH.mm.ss zzzz	24. dec. 2022, 15.07.09 Koordineret universaltid	6. mar. 2023, 09.04.05 Koordineret universaltid	Koordineret universaltid	dateStyle=medium,timeStyle=full,hourCycle=h23	
da	PYM_full	{"temporal":"PlainYearMonth","dateStyle":"full"}	MMMM y	december 2022	marts 2023		year=numeric,month=long	
da	PYM_long	{"temporal":"PlainYearMonth","dateStyle":"long"}	MMMM y	december 2022	marts 2023		year=numeric,month=long	
da	PYM_medium	{"temporal":"PlainYearMonth","dateStyle":"medium"}	MMM y	dec. 2022	mar. 2023		year=numeric,month=short	
da	PYM_short	{"temporal":"PlainYearMonth","dateStyle":"short"}	MM.y	12.2022	03.2023		year=numeric,month=2-digit	
da	PMD_full	{"temporal":"PlainMonthDay","dateStyle":"full"}	d. MMMM	24. december	6. marts		month=long,day=numeric	
da	PMD_long	{"temporal":"PlainMonthDay","dateStyle":"long"}	d. MMMM	24. december	6. marts		month=long,day=numeric	
da	PMD_medium	{"temporal":"PlainMonthDay","dateStyle":"medium"}	d. MMM	24. dec.	6. mar.		month=short,day=numeric	
da	PMD_short	{"temporal":"PlainMonthDay","dateStyle":"short"}	dd.MM	24.12	06.03		month=2-digit,day=2-digit	
da	PD_full	{"temporal":"PlainDate","dateStyle":"full"}	EEEE 'den' d. MMMM y	l\u00f8rdag den 24. december 2022	mandag den 6. marts 2023		dateStyle=full	
da	PD_short	{"temporal":"PlainDate","dateStyle":"short"}	dd.MM.y	24.12.2022	06.03.2023		dateStyle=short	
da	PT_full	{"temporal":"PlainTime","timeStyle":"full"}	HH.mm.ss	15.07.09	09.04.05		hour=2-digit,minute=2-digit,second=2-digit,hourCycle=h23	
da	PT_long	{"temporal":"PlainTime","timeStyle":"long"}	HH.mm.ss	15.07.09	09.04.05		hour=2-digit,minute=2-digit,second=2-digit,hourCycle=h23	
da	PT_medium	{"temporal":"PlainTime","timeStyle":"medium"}	HH.mm.ss	15.07.09	09.04.05		timeStyle=medium,hourCycle=h23	
da	PDT_full_full	{"temporal":"PlainDateTime","dateStyle":"full","timeStyle":"full"}	EEEE 'den' d. MMMM y 'kl'. HH.mm.ss	l\u00f8rdag den 24. december 2022 kl. 15.07.09	mandag den 6. marts 2023 kl. 09.04.05		weekday=long,year=numeric,month=long,day=numeric,hour=2-digit,minute=2-digit,second=2-digit,hourCycle=h23	
da	PDT_long_long	{"temporal":"PlainDateTime","dateStyle":"long","timeStyle":"long"}	d. MMMM y 'kl'. HH.mm.ss	24. december 2022 kl. 15.07.09	6. marts 2023 kl. 09.04.05		year=numeric,month=long,day=numeric,hour=2-digit,minute=2-digit,second=2-digit,hourCycle=h23	
da	PDT_short_full	{"temporal":"PlainDateTime","dateStyle":"short","timeStyle":"full"}	dd.MM.y, HH.mm.ss	24.12.2022, 15.07.09	06.03.2023, 09.04.05		year=numeric,month=2-digit,day=2-digit,hour=2-digit,minute=2-digit,second=2-digit,hourCycle=h23	
da	PDT_medium_medium	{"temporal":"PlainDateTime","dateStyle":"medium","timeStyle":"medium"}	d. MMM y, HH.mm.ss	24. dec. 2022, 15.07.09	6. mar. 2023, 09.04.05		dateStyle=medium,timeStyle=medium,hourCycle=h23	
de	d_full	{"dateStyle":"full"}	EEEE, d. MMMM y	Samstag, 24. Dezember 2022	Montag, 6. M\u00e4rz 2023		dateStyle=full	
de	d_long	{"dateStyle":"long"}	d. MMMM y	24. Dezember 2022	6. M\u00e4rz 2023		dateStyle=long	
de	d_medium	{"dateStyle":"medium"}	dd.MM.y	24.12.2022	06.03.2023		dateStyle=medium	
de	d_short	{"dateStyle":"short"}	dd.MM.yy	24.12.22	06.03.23		dateStyle=short	
de	t_full	{"timeStyle":"full"}	HH:mm:ss zzzz	15:07:09 Koordinierte Weltzeit	09:04:05 Koordinierte Weltzeit	Koordinierte Weltzeit	timeStyle=full,hourCycle=h23	
de	t_long	{"timeStyle":"long"}	HH:mm:ss z	15:07:09 UTC	09:04:05 UTC	UTC	timeStyle=long,hourCycle=h23	
de	t_medium	{"timeStyle":"medium"}	HH:mm:ss	15:07:09	09:04:05		timeStyle=medium,hourCycle=h23	
de	t_short	{"timeStyle":"short"}	HH:mm	15:07	09:04		timeStyle=short,hourCycle=h23	
de	dt_full_full	{"dateStyle":"full","timeStyle":"full"}	EEEE, d. MMMM y 'um' HH:mm:ss zzzz	Samstag, 24. Dezember 2022 um 15:07:09 Koordinierte Weltzeit	Montag, 6. M\u00e4rz 2023 um 09:04:05 Koordinierte Weltzeit	Koordinierte Weltzeit	dateStyle=full,timeStyle=full,hourCycle=h23	
de	dt_full_long	{"dateStyle":"full","timeStyle":"long"}	EEEE, d. MMMM y 'um' HH:mm:ss z	Samstag, 24. Dezember 2022 um 15:07:09 UTC	Montag, 6. M\u00e4rz 2023 um 09:04:05 UTC	UTC	dateStyle=full,timeStyle=long,hourCycle=h23	
de	dt_full_medium	{"dateStyle":"full","timeStyle":"medium"}	EEEE, d. MMMM y 'um' HH:mm:ss	Samstag, 24. Dezember 2022 um 15:07:09	Montag, 6. M\u00e4rz 2023 um 09:04:05		dateStyle=full,timeStyle=medium,hourCycle=h23	
de	dt_full_short	{"dateStyle":"full","timeStyle":"short"}	EEEE, d. MMMM y 'um' HH:mm	Samstag, 24. Dezember 2022 um 15:07	Montag, 6. M\u00e4rz 2023 um 09:04		dateStyle=full,timeStyle=short,hourCycle=h23	
de	dt_long_full	{"dateStyle":"long","timeStyle":"full"}	d. MMMM y 'um' HH:mm:ss zzzz	24. Dezember 2022 um 15:07:09 Koordinierte Weltzeit	6. M\u00e4rz 2023 um 09:04:05 Koordinierte Weltzeit	Koordinierte Weltzeit	dateStyle=long,timeStyle=full,hourCycle=h23	
de	dt_long_long	{"dateStyle":"long","timeStyle":"long"}	d. MMMM y 'um' HH:mm:ss z	24. Dezember 2022 um 15:07:09 UTC	6. M\u00e4rz 2023 um 09:04:05 UTC	UTC	dateStyle=long,timeStyle=long,hourCycle=h23	
de	dt_long_medium	{"dateStyle":"long","timeStyle":"medium"}	d. MMMM y 'um' HH:mm:ss	24. Dezember 2022 um 15:07:09	6. M\u00e4rz 2023 um 09:04:05		dateStyle=long,timeStyle=medium,hourCycle=h23	
de	dt_long_short	{"dateStyle":"long","timeStyle":"short"}	d. MMMM y 'um' HH:mm	24. Dezember 2022 um 15:07	6. M\u00e4rz 2023 um 09:04		dateStyle=long,timeStyle=short,hourCycle=h23	
de	dt_medium_full	{"dateStyle":"medium","timeStyle":"full"}	dd.MM.y, HH:mm:ss zzzz	24.12.2022, 15:07:09 Koordinierte Weltzeit	06.03.2023, 09:04:05 Koordinierte Weltzeit	Koordinierte Weltzeit	dateStyle=medium,timeStyle=full,hourCycle=h23	
de	dt_medium_long	{"dateStyle":"medium","timeStyle":"long"}	dd.MM.y, HH:mm:ss z	24.12.2022, 15:07:09 UTC	06.03.2023, 09:04:05 UTC	UTC	dateStyle=medium,timeStyle=long,hourCycle=h23	
de	dt_medium_medium	{"dateStyle":"medium","timeStyle":"medium"}	dd.MM.y, HH:mm:ss	24.12.2022, 15:07:09	06.03.2023, 09:04:05		dateStyle=medium,timeStyle=medium,hourCycle=h23	
de	dt_medium_short	{"dateStyle":"medium","timeStyle":"short"}	dd.MM.y, HH:mm	24.12.2022, 15:07	06.03.2023, 09:04		dateStyle=medium,timeStyle=short,hourCycle=h23	
de	dt_short_full	{"dateStyle":"short","timeStyle":"full"}	dd.MM.yy, HH:mm:ss zzzz	24.12.22, 15:07:09 Koordinierte Weltzeit	06.03.23, 09:04:05 Koordinierte Weltzeit	Koordinierte Weltzeit	dateStyle=short,timeStyle=full,hourCycle=h23	
de	dt_short_long	{"dateStyle":"short","timeStyle":"long"}	dd.MM.yy, HH:mm:ss z	24.12.22, 15:07:09 UTC	06.03.23, 09:04:05 UTC	UTC	dateStyle=short,timeStyle=long,hourCycle=h23	
de	dt_short_medium	{"dateStyle":"short","timeStyle":"medium"}	dd.MM.yy, HH:mm:ss	24.12.22, 15:07:09	06.03.23, 09:04:05		dateStyle=short,timeStyle=medium,hourCycle=h23	
de	dt_short_short	{"dateStyle":"short","timeStyle":"short"}	dd.MM.yy, HH:mm	24.12.22, 15:07	06.03.23, 09:04		dateStyle=short,timeStyle=short,hourCycle=h23	
de	t_short_h23	{"timeStyle":"short","hourCycle":"h23"}	HH:mm	15:07	09:04		timeStyle=short,hourCycle=h23	
de	t_short_h12	{"timeStyle":"short","hourCycle":"h12"}	hh:mm\u202fa	03:07 PM	09:04 AM		timeStyle=short,hourCycle=h12	
de	t_short_h11	{"timeStyle":"short","hourCycle":"h11"}	KK:mm\u202fa	03:07 PM	09:04 AM		timeStyle=short,hourCycle=h11	
de	t_short_h24	{"timeStyle":"short","hourCycle":"h24"}	kk:mm	15:07	09:04		timeStyle=short,hourCycle=h24	
de	t_medium_12	{"timeStyle":"medium","hour12":true}	hh:mm:ss\u202fa	03:07:09 PM	09:04:05 AM		timeStyle=medium,hourCycle=h12	
de	t_medium_24	{"timeStyle":"medium","hour12":false}	HH:mm:ss	15:07:09	09:04:05		timeStyle=medium,hourCycle=h23	
de	t_full_h23	{"timeStyle":"full","hourCycle":"h23"}	HH:mm:ss zzzz	15:07:09 Koordinierte Weltzeit	09:04:05 Koordinierte Weltzeit	Koordinierte Weltzeit	timeStyle=full,hourCycle=h23	
de	t_long_h12	{"timeStyle":"long","hourCycle":"h12"}	hh:mm:ss\u202fa z	03:07:09 PM UTC	09:04:05 AM UTC	UTC	timeStyle=long,hourCycle=h12	
de	dt_full_short_h23	{"dateStyle":"full","timeStyle":"short","hourCycle":"h23"}	EEEE, d. MMMM y 'um' HH:mm	Samstag, 24. Dezember 2022 um 15:07	Montag, 6. M\u00e4rz 2023 um 09:04		dateStyle=full,timeStyle=short,hourCycle=h23	
de	dt_short_medium_h12	{"dateStyle":"short","timeStyle":"medium","hourCycle":"h12"}	dd.MM.yy, hh:mm:ss\u202fa	24.12.22, 03:07:09 PM	06.03.23, 09:04:05 AM		dateStyle=short,timeStyle=medium,hourCycle=h12	
de	dt_long_long_12	{"dateStyle":"long","timeStyle":"long","hour12":true}	d. MMMM y 'um' hh:mm:ss\u202fa z	24. Dezember 2022 um 03:07:09 PM UTC	6. M\u00e4rz 2023 um 09:04:05 AM UTC	UTC	dateStyle=long,timeStyle=long,hourCycle=h12	
de	dt_medium_full_24	{"dateStyle":"medium","timeStyle":"full","hour12":false}	dd.MM.y, HH:mm:ss zzzz	24.12.2022, 15:07:09 Koordinierte Weltzeit	06.03.2023, 09:04:05 Koordinierte Weltzeit	Koordinierte Weltzeit	dateStyle=medium,timeStyle=full,hourCycle=h23	
de	PYM_full	{"temporal":"PlainYearMonth","dateStyle":"full"}	MMMM y	Dezember 2022	M\u00e4rz 2023		year=numeric,month=long	
de	PYM_long	{"temporal":"PlainYearMonth","dateStyle":"long"}	MMMM y	Dezember 2022	M\u00e4rz 2023		year=numeric,month=long	
de	PYM_medium	{"temporal":"PlainYearMonth","dateStyle":"medium"}	MM/y	12/2022	03/2023		year=numeric,month=2-digit	
de	PYM_short	{"temporal":"PlainYearMonth","dateStyle":"short"}	MM/yy	12/22	03/23		year=2-digit,month=2-digit	
de	PMD_full	{"temporal":"PlainMonthDay","dateStyle":"full"}	d. MMMM	24. Dezember	6. M\u00e4rz		month=long,day=numeric	
de	PMD_long	{"temporal":"PlainMonthDay","dateStyle":"long"}	d. MMMM	24. Dezember	6. M\u00e4rz		month=long,day=numeric	
de	PMD_medium	{"temporal":"PlainMonthDay","dateStyle":"medium"}	dd.MM.	24.12.	06.03.		month=2-digit,day=2-digit	
de	PMD_short	{"temporal":"PlainMonthDay","dateStyle":"short"}	dd.MM.	24.12.	06.03.		month=2-digit,day=2-digit	
de	PD_full	{"temporal":"PlainDate","dateStyle":"full"}	EEEE, d. MMMM y	Samstag, 24. Dezember 2022	Montag, 6. M\u00e4rz 2023		dateStyle=full	
de	PD_short	{"temporal":"PlainDate","dateStyle":"short"}	dd.MM.yy	24.12.22	06.03.23		dateStyle=short	
de	PT_full	{"temporal":"PlainTime","timeStyle":"full"}	HH:mm:ss	15:07:09	09:04:05		hour=2-digit,minute=2-digit,second=2-digit,hourCycle=h23	
de	PT_long	{"temporal":"PlainTime","timeStyle":"long"}	HH:mm:ss	15:07:09	09:04:05		hour=2-digit,minute=2-digit,second=2-digit,hourCycle=h23	
de	PT_medium	{"temporal":"PlainTime","timeStyle":"medium"}	HH:mm:ss	15:07:09	09:04:05		timeStyle=medium,hourCycle=h23	
de	PDT_full_full	{"temporal":"PlainDateTime","dateStyle":"full","timeStyle":"full"}	EEEE, d. MMMM y 'um' HH:mm:ss	Samstag, 24. Dezember 2022 um 15:07:09	Montag, 6. M\u00e4rz 2023 um 09:04:05		weekday=long,year=numeric,month=long,day=numeric,hour=2-digit,minute=2-digit,second=2-digit,hourCycle=h23	
de	PDT_long_long	{"temporal":"PlainDateTime","dateStyle":"long","timeStyle":"long"}	d. MMMM y 'um' HH:mm:ss	24. Dezember 2022 um 15:07:09	6. M\u00e4rz 2023 um 09:04:05		year=numeric,month=long,day=numeric,hour=2-digit,minute=2-digit,second=2-digit,hourCycle=h23	
de	PDT_short_full	{"temporal":"PlainDateTime","dateStyle":"short","timeStyle":"full"}	dd.MM.yy, HH:mm:ss	24.12.22, 15:07:09	06.03.23, 09:04:05		year=2-digit,month=2-digit,day=2-digit,hour=2-digit,minute=2-digit,second=2-digit,hourCycle=h23	
de	PDT_medium_medium	{"temporal":"PlainDateTime","dateStyle":"medium","timeStyle":"medium"}	dd.MM.y, HH:mm:ss	24.12.2022, 15:07:09	06.03.2023, 09:04:05		dateStyle=medium,timeStyle=medium,hourCycle=h23	
el	d_full	{"dateStyle":"full"}	EEEE d MMMM y	\u03a3\u03ac\u03b2\u03b2\u03b1\u03c4\u03bf 24 \u0394\u03b5\u03ba\u03b5\u03bc\u03b2\u03c1\u03af\u03bf\u03c5 2022	\u0394\u03b5\u03c5\u03c4\u03ad\u03c1\u03b1 6 \u039c\u03b1\u03c1\u03c4\u03af\u03bf\u03c5 2023		dateStyle=full	
el	d_long	{"dateStyle":"long"}	d MMMM y	24 \u0394\u03b5\u03ba\u03b5\u03bc\u03b2\u03c1\u03af\u03bf\u03c5 2022	6 \u039c\u03b1\u03c1\u03c4\u03af\u03bf\u03c5 2023		dateStyle=long	
el	d_medium	{"dateStyle":"medium"}	d MMM y	24 \u0394\u03b5\u03ba 2022	6 \u039c\u03b1\u03c1 2023		dateStyle=medium	
el	d_short	{"dateStyle":"short"}	d/M/yy	24/12/22	6/3/23		dateStyle=short	
el	t_full	{"timeStyle":"full"}	h:mm:ss\u202fa zzzz	3:07:09 \u03bc.\u03bc. \u03a3\u03c5\u03bd\u03c4\u03bf\u03bd\u03b9\u03c3\u03bc\u03ad\u03bd\u03b7 \u03a0\u03b1\u03b3\u03ba\u03cc\u03c3\u03bc\u03b9\u03b1 \u038f\u03c1\u03b1	9:04:05 \u03c0.\u03bc. \u03a3\u03c5\u03bd\u03c4\u03bf\u03bd\u03b9\u03c3\u03bc\u03ad\u03bd\u03b7 \u03a0\u03b1\u03b3\u03ba\u03cc\u03c3\u03bc\u03b9\u03b1 \u038f\u03c1\u03b1	\u03a3\u03c5\u03bd\u03c4\u03bf\u03bd\u03b9\u03c3\u03bc\u03ad\u03bd\u03b7 \u03a0\u03b1\u03b3\u03ba\u03cc\u03c3\u03bc\u03b9\u03b1 \u038f\u03c1\u03b1	timeStyle=full,hourCycle=h12	
el	t_long	{"timeStyle":"long"}	h:mm:ss\u202fa z	3:07:09 \u03bc.\u03bc. UTC	9:04:05 \u03c0.\u03bc. UTC	UTC	timeStyle=long,hourCycle=h12	
el	t_medium	{"timeStyle":"medium"}	h:mm:ss\u202fa	3:07:09 \u03bc.\u03bc.	9:04:05 \u03c0.\u03bc.		timeStyle=medium,hourCycle=h12	
el	t_short	{"timeStyle":"short"}	h:mm\u202fa	3:07 \u03bc.\u03bc.	9:04 \u03c0.\u03bc.		timeStyle=short,hourCycle=h12	
el	dt_full_full	{"dateStyle":"full","timeStyle":"full"}	EEEE d MMMM y \u03c3\u03c4\u03b9\u03c2 h:mm:ss\u202fa zzzz	\u03a3\u03ac\u03b2\u03b2\u03b1\u03c4\u03bf 24 \u0394\u03b5\u03ba\u03b5\u03bc\u03b2\u03c1\u03af\u03bf\u03c5 2022 \u03c3\u03c4\u03b9\u03c2 3:07:09 \u03bc.\u03bc. \u03a3\u03c5\u03bd\u03c4\u03bf\u03bd\u03b9\u03c3\u03bc\u03ad\u03bd\u03b7 \u03a0\u03b1\u03b3\u03ba\u03cc\u03c3\u03bc\u03b9\u03b1 \u038f\u03c1\u03b1	\u0394\u03b5\u03c5\u03c4\u03ad\u03c1\u03b1 6 \u039c\u03b1\u03c1\u03c4\u03af\u03bf\u03c5 2023 \u03c3\u03c4\u03b9\u03c2 9:04:05 \u03c0.\u03bc. \u03a3\u03c5\u03bd\u03c4\u03bf\u03bd\u03b9\u03c3\u03bc\u03ad\u03bd\u03b7 \u03a0\u03b1\u03b3\u03ba\u03cc\u03c3\u03bc\u03b9\u03b1 \u038f\u03c1\u03b1	\u03a3\u03c5\u03bd\u03c4\u03bf\u03bd\u03b9\u03c3\u03bc\u03ad\u03bd\u03b7 \u03a0\u03b1\u03b3\u03ba\u03cc\u03c3\u03bc\u03b9\u03b1 \u038f\u03c1\u03b1	dateStyle=full,timeStyle=full,hourCycle=h12	
el	dt_full_long	{"dateStyle":"full","timeStyle":"long"}	EEEE d MMMM y \u03c3\u03c4\u03b9\u03c2 h:mm:ss\u202fa z	\u03a3\u03ac\u03b2\u03b2\u03b1\u03c4\u03bf 24 \u0394\u03b5\u03ba\u03b5\u03bc\u03b2\u03c1\u03af\u03bf\u03c5 2022 \u03c3\u03c4\u03b9\u03c2 3:07:09 \u03bc.\u03bc. UTC	\u0394\u03b5\u03c5\u03c4\u03ad\u03c1\u03b1 6 \u039c\u03b1\u03c1\u03c4\u03af\u03bf\u03c5 2023 \u03c3\u03c4\u03b9\u03c2 9:04:05 \u03c0.\u03bc. UTC	UTC	dateStyle=full,timeStyle=long,hourCycle=h12	
el	dt_full_medium	{"dateStyle":"full","timeStyle":"medium"}	EEEE d MMMM y \u03c3\u03c4\u03b9\u03c2 h:mm:ss\u202fa	\u03a3\u03ac\u03b2\u03b2\u03b1\u03c4\u03bf 24 \u0394\u03b5\u03ba\u03b5\u03bc\u03b2\u03c1\u03af\u03bf\u03c5 2022 \u03c3\u03c4\u03b9\u03c2 3:07:09 \u03bc.\u03bc.	\u0394\u03b5\u03c5\u03c4\u03ad\u03c1\u03b1 6 \u039c\u03b1\u03c1\u03c4\u03af\u03bf\u03c5 2023 \u03c3\u03c4\u03b9\u03c2 9:04:05 \u03c0.\u03bc.		dateStyle=full,timeStyle=medium,hourCycle=h12	
el	dt_full_short	{"dateStyle":"full","timeStyle":"short"}	EEEE d MMMM y \u03c3\u03c4\u03b9\u03c2 h:mm\u202fa	\u03a3\u03ac\u03b2\u03b2\u03b1\u03c4\u03bf 24 \u0394\u03b5\u03ba\u03b5\u03bc\u03b2\u03c1\u03af\u03bf\u03c5 2022 \u03c3\u03c4\u03b9\u03c2 3:07 \u03bc.\u03bc.	\u0394\u03b5\u03c5\u03c4\u03ad\u03c1\u03b1 6 \u039c\u03b1\u03c1\u03c4\u03af\u03bf\u03c5 2023 \u03c3\u03c4\u03b9\u03c2 9:04 \u03c0.\u03bc.		dateStyle=full,timeStyle=short,hourCycle=h12	
el	dt_long_full	{"dateStyle":"long","timeStyle":"full"}	d MMMM y \u03c3\u03c4\u03b9\u03c2 h:mm:ss\u202fa zzzz	24 \u0394\u03b5\u03ba\u03b5\u03bc\u03b2\u03c1\u03af\u03bf\u03c5 2022 \u03c3\u03c4\u03b9\u03c2 3:07:09 \u03bc.\u03bc. \u03a3\u03c5\u03bd\u03c4\u03bf\u03bd\u03b9\u03c3\u03bc\u03ad\u03bd\u03b7 \u03a0\u03b1\u03b3\u03ba\u03cc\u03c3\u03bc\u03b9\u03b1 \u038f\u03c1\u03b1	6 \u039c\u03b1\u03c1\u03c4\u03af\u03bf\u03c5 2023 \u03c3\u03c4\u03b9\u03c2 9:04:05 \u03c0.\u03bc. \u03a3\u03c5\u03bd\u03c4\u03bf\u03bd\u03b9\u03c3\u03bc\u03ad\u03bd\u03b7 \u03a0\u03b1\u03b3\u03ba\u03cc\u03c3\u03bc\u03b9\u03b1 \u038f\u03c1\u03b1	\u03a3\u03c5\u03bd\u03c4\u03bf\u03bd\u03b9\u03c3\u03bc\u03ad\u03bd\u03b7 \u03a0\u03b1\u03b3\u03ba\u03cc\u03c3\u03bc\u03b9\u03b1 \u038f\u03c1\u03b1	dateStyle=long,timeStyle=full,hourCycle=h12	
el	dt_long_long	{"dateStyle":"long","timeStyle":"long"}	d MMMM y \u03c3\u03c4\u03b9\u03c2 h:mm:ss\u202fa z	24 \u0394\u03b5\u03ba\u03b5\u03bc\u03b2\u03c1\u03af\u03bf\u03c5 2022 \u03c3\u03c4\u03b9\u03c2 3:07:09 \u03bc.\u03bc. UTC	6 \u039c\u03b1\u03c1\u03c4\u03af\u03bf\u03c5 2023 \u03c3\u03c4\u03b9\u03c2 9:04:05 \u03c0.\u03bc. UTC	UTC	dateStyle=long,timeStyle=long,hourCycle=h12	
el	dt_long_medium	{"dateStyle":"long","timeStyle":"medium"}	d MMMM y \u03c3\u03c4\u03b9\u03c2 h:mm:ss\u202fa	24 \u0394\u03b5\u03ba\u03b5\u03bc\u03b2\u03c1\u03af\u03bf\u03c5 2022 \u03c3\u03c4\u03b9\u03c2 3:07:09 \u03bc.\u03bc.	6 \u039c\u03b1\u03c1\u03c4\u03af\u03bf\u03c5 2023 \u03c3\u03c4\u03b9\u03c2 9:04:05 \u03c0.\u03bc.		dateStyle=long,timeStyle=medium,hourCycle=h12	
el	dt_long_short	{"dateStyle":"long","timeStyle":"short"}	d MMMM y \u03c3\u03c4\u03b9\u03c2 h:mm\u202fa	24 \u0394\u03b5\u03ba\u03b5\u03bc\u03b2\u03c1\u03af\u03bf\u03c5 2022 \u03c3\u03c4\u03b9\u03c2 3:07 \u03bc.\u03bc.	6 \u039c\u03b1\u03c1\u03c4\u03af\u03bf\u03c5 2023 \u03c3\u03c4\u03b9\u03c2 9:04 \u03c0.\u03bc.		dateStyle=long,timeStyle=short,hourCycle=h12	
el	dt_medium_full	{"dateStyle":"medium","timeStyle":"full"}	d MMM y, h:mm:ss\u202fa zzzz	24 \u0394\u03b5\u03ba 2022, 3:07:09 \u03bc.\u03bc. \u03a3\u03c5\u03bd\u03c4\u03bf\u03bd\u03b9\u03c3\u03bc\u03ad\u03bd\u03b7 \u03a0\u03b1\u03b3\u03ba\u03cc\u03c3\u03bc\u03b9\u03b1 \u038f\u03c1\u03b1	6 \u039c\u03b1\u03c1 2023, 9:04:05 \u03c0.\u03bc. \u03a3\u03c5\u03bd\u03c4\u03bf\u03bd\u03b9\u03c3\u03bc\u03ad\u03bd\u03b7 \u03a0\u03b1\u03b3\u03ba\u03cc\u03c3\u03bc\u03b9\u03b1 \u038f\u03c1\u03b1	\u03a3\u03c5\u03bd\u03c4\u03bf\u03bd\u03b9\u03c3\u03bc\u03ad\u03bd\u03b7 \u03a0\u03b1\u03b3\u03ba\u03cc\u03c3\u03bc\u03b9\u03b1 \u038f\u03c1\u03b1	dateStyle=medium,timeStyle=full,hourCycle=h12	
el	dt_medium_long	{"dateStyle":"medium","timeStyle":"long"}	d MMM y, h:mm:ss\u202fa z	24 \u0394\u03b5\u03ba 2022, 3:07:09 \u03bc.\u03bc. UTC	6 \u039c\u03b1\u03c1 2023, 9:04:05 \u03c0.\u03bc. UTC	UTC	dateStyle=medium,timeStyle=long,hourCycle=h12	
el	dt_medium_medium	{"dateStyle":"medium","timeStyle":"medium"}	d MMM y, h:mm:ss\u202fa	24 \u0394\u03b5\u03ba 2022, 3:07:09 \u03bc.\u03bc.	6 \u039c\u03b1\u03c1 2023, 9:04:05 \u03c0.\u03bc.		dateStyle=medium,timeStyle=medium,hourCycle=h12	
el	dt_medium_short	{"dateStyle":"medium","timeStyle":"short"}	d MMM y, h:mm\u202fa	24 \u0394\u03b5\u03ba 2022, 3:07 \u03bc.\u03bc.	6 \u039c\u03b1\u03c1 2023, 9:04 \u03c0.\u03bc.		dateStyle=medium,timeStyle=short,hourCycle=h12	
el	dt_short_full	{"dateStyle":"short","timeStyle":"full"}	d/M/yy, h:mm:ss\u202fa zzzz	24/12/22, 3:07:09 \u03bc.\u03bc. \u03a3\u03c5\u03bd\u03c4\u03bf\u03bd\u03b9\u03c3\u03bc\u03ad\u03bd\u03b7 \u03a0\u03b1\u03b3\u03ba\u03cc\u03c3\u03bc\u03b9\u03b1 \u038f\u03c1\u03b1	6/3/23, 9:04:05 \u03c0.\u03bc. \u03a3\u03c5\u03bd\u03c4\u03bf\u03bd\u03b9\u03c3\u03bc\u03ad\u03bd\u03b7 \u03a0\u03b1\u03b3\u03ba\u03cc\u03c3\u03bc\u03b9\u03b1 \u038f\u03c1\u03b1	\u03a3\u03c5\u03bd\u03c4\u03bf\u03bd\u03b9\u03c3\u03bc\u03ad\u03bd\u03b7 \u03a0\u03b1\u03b3\u03ba\u03cc\u03c3\u03bc\u03b9\u03b1 \u038f\u03c1\u03b1	dateStyle=short,timeStyle=full,hourCycle=h12	
el	dt_short_long	{"dateStyle":"short","timeStyle":"long"}	d/M/yy, h:mm:ss\u202fa z	24/12/22, 3:07:09 \u03bc.\u03bc. UTC	6/3/23, 9:04:05 \u03c0.\u03bc. UTC	UTC	dateStyle=short,timeStyle=long,hourCycle=h12	
el	dt_short_medium	{"dateStyle":"short","timeStyle":"medium"}	d/M/yy, h:mm:ss\u202fa	24/12/22, 3:07:09 \u03bc.\u03bc.	6/3/23, 9:04:05 \u03c0.\u03bc.		dateStyle=short,timeStyle=medium,hourCycle=h12	
el	dt_short_short	{"dateStyle":"short","timeStyle":"short"}	d/M/yy, h:mm\u202fa	24/12/22, 3:07 \u03bc.\u03bc.	6/3/23, 9:04 \u03c0.\u03bc.		dateStyle=short,timeStyle=short,hourCycle=h12	
el	t_short_h23	{"timeStyle":"short","hourCycle":"h23"}	HH:mm	15:07	09:04		timeStyle=short,hourCycle=h23	
el	t_short_h12	{"timeStyle":"short","hourCycle":"h12"}	h:mm\u202fa	3:07 \u03bc.\u03bc.	9:04 \u03c0.\u03bc.		timeStyle=short,hourCycle=h12	
el	t_short_h11	{"timeStyle":"short","hourCycle":"h11"}	K:mm\u202fa	3:07 \u03bc.\u03bc.	9:04 \u03c0.\u03bc.		timeStyle=short,hourCycle=h11	
el	t_short_h24	{"timeStyle":"short","hourCycle":"h24"}	kk:mm	15:07	09:04		timeStyle=short,hourCycle=h24	
el	t_medium_12	{"timeStyle":"medium","hour12":true}	h:mm:ss\u202fa	3:07:09 \u03bc.\u03bc.	9:04:05 \u03c0.\u03bc.		timeStyle=medium,hourCycle=h12	
el	t_medium_24	{"timeStyle":"medium","hour12":false}	HH:mm:ss	15:07:09	09:04:05		timeStyle=medium,hourCycle=h23	
el	t_full_h23	{"timeStyle":"full","hourCycle":"h23"}	HH:mm:ss (zzzz)	15:07:09 (\u03a3\u03c5\u03bd\u03c4\u03bf\u03bd\u03b9\u03c3\u03bc\u03ad\u03bd\u03b7 \u03a0\u03b1\u03b3\u03ba\u03cc\u03c3\u03bc\u03b9\u03b1 \u038f\u03c1\u03b1)	09:04:05 (\u03a3\u03c5\u03bd\u03c4\u03bf\u03bd\u03b9\u03c3\u03bc\u03ad\u03bd\u03b7 \u03a0\u03b1\u03b3\u03ba\u03cc\u03c3\u03bc\u03b9\u03b1 \u038f\u03c1\u03b1)	\u03a3\u03c5\u03bd\u03c4\u03bf\u03bd\u03b9\u03c3\u03bc\u03ad\u03bd\u03b7 \u03a0\u03b1\u03b3\u03ba\u03cc\u03c3\u03bc\u03b9\u03b1 \u038f\u03c1\u03b1	timeStyle=full,hourCycle=h23	
el	t_long_h12	{"timeStyle":"long","hourCycle":"h12"}	h:mm:ss\u202fa z	3:07:09 \u03bc.\u03bc. UTC	9:04:05 \u03c0.\u03bc. UTC	UTC	timeStyle=long,hourCycle=h12	
el	dt_full_short_h23	{"dateStyle":"full","timeStyle":"short","hourCycle":"h23"}	EEEE d MMMM y \u03c3\u03c4\u03b9\u03c2 HH:mm	\u03a3\u03ac\u03b2\u03b2\u03b1\u03c4\u03bf 24 \u0394\u03b5\u03ba\u03b5\u03bc\u03b2\u03c1\u03af\u03bf\u03c5 2022 \u03c3\u03c4\u03b9\u03c2 15:07	\u0394\u03b5\u03c5\u03c4\u03ad\u03c1\u03b1 6 \u039c\u03b1\u03c1\u03c4\u03af\u03bf\u03c5 2023 \u03c3\u03c4\u03b9\u03c2 09:04		dateStyle=full,timeStyle=short,hourCycle=h23	
el	dt_short_medium_h12	{"dateStyle":"short","timeStyle":"medium","hourCycle":"h12"}	d/M/yy, h:mm:ss\u202fa	24/12/22, 3:07:09 \u03bc.\u03bc.	6/3/23, 9:04:05 \u03c0.\u03bc.		dateStyle=short,timeStyle=medium,hourCycle=h12	
el	dt_long_long_12	{"dateStyle":"long","timeStyle":"long","hour12":true}	d MMMM y \u03c3\u03c4\u03b9\u03c2 h:mm:ss\u202fa z	24 \u0394\u03b5\u03ba\u03b5\u03bc\u03b2\u03c1\u03af\u03bf\u03c5 2022 \u03c3\u03c4\u03b9\u03c2 3:07:09 \u03bc.\u03bc. UTC	6 \u039c\u03b1\u03c1\u03c4\u03af\u03bf\u03c5 2023 \u03c3\u03c4\u03b9\u03c2 9:04:05 \u03c0.\u03bc. UTC	UTC	dateStyle=long,timeStyle=long,hourCycle=h12	
el	dt_medium_full_24	{"dateStyle":"medium","timeStyle":"full","hour12":false}	d MMM y, HH:mm:ss (zzzz)	24 \u0394\u03b5\u03ba 2022, 15:07:09 (\u03a3\u03c5\u03bd\u03c4\u03bf\u03bd\u03b9\u03c3\u03bc\u03ad\u03bd\u03b7 \u03a0\u03b1\u03b3\u03ba\u03cc\u03c3\u03bc\u03b9\u03b1 \u038f\u03c1\u03b1)	6 \u039c\u03b1\u03c1 2023, 09:04:05 (\u03a3\u03c5\u03bd\u03c4\u03bf\u03bd\u03b9\u03c3\u03bc\u03ad\u03bd\u03b7 \u03a0\u03b1\u03b3\u03ba\u03cc\u03c3\u03bc\u03b9\u03b1 \u038f\u03c1\u03b1)	\u03a3\u03c5\u03bd\u03c4\u03bf\u03bd\u03b9\u03c3\u03bc\u03ad\u03bd\u03b7 \u03a0\u03b1\u03b3\u03ba\u03cc\u03c3\u03bc\u03b9\u03b1 \u038f\u03c1\u03b1	dateStyle=medium,timeStyle=full,hourCycle=h23	
el	PYM_full	{"temporal":"PlainYearMonth","dateStyle":"full"}	LLLL y	\u0394\u03b5\u03ba\u03ad\u03bc\u03b2\u03c1\u03b9\u03bf\u03c2 2022	\u039c\u03ac\u03c1\u03c4\u03b9\u03bf\u03c2 2023		year=numeric,month=long	
el	PYM_long	{"temporal":"PlainYearMonth","dateStyle":"long"}	LLLL y	\u0394\u03b5\u03ba\u03ad\u03bc\u03b2\u03c1\u03b9\u03bf\u03c2 2022	\u039c\u03ac\u03c1\u03c4\u03b9\u03bf\u03c2 2023		year=numeric,month=long	
el	PYM_medium	{"temporal":"PlainYearMonth","dateStyle":"medium"}	MMM y	\u0394\u03b5\u03ba 2022	\u039c\u03b1\u03c1 2023		year=numeric,month=short	
el	PYM_short	{"temporal":"PlainYearMonth","dateStyle":"short"}	M/yy	12/22	3/23		year=2-digit,month=numeric	
el	PMD_full	{"temporal":"PlainMonthDay","dateStyle":"full"}	d MMMM	24 \u0394\u03b5\u03ba\u03b5\u03bc\u03b2\u03c1\u03af\u03bf\u03c5	6 \u039c\u03b1\u03c1\u03c4\u03af\u03bf\u03c5		month=long,day=numeric	
el	PMD_long	{"temporal":"PlainMonthDay","dateStyle":"long"}	d MMMM	24 \u0394\u03b5\u03ba\u03b5\u03bc\u03b2\u03c1\u03af\u03bf\u03c5	6 \u039c\u03b1\u03c1\u03c4\u03af\u03bf\u03c5		month=long,day=numeric	
el	PMD_medium	{"temporal":"PlainMonthDay","dateStyle":"medium"}	d MMM	24 \u0394\u03b5\u03ba	6 \u039c\u03b1\u03c1		month=short,day=numeric	
el	PMD_short	{"temporal":"PlainMonthDay","dateStyle":"short"}	d/M	24/12	6/3		month=numeric,day=numeric	
el	PD_full	{"temporal":"PlainDate","dateStyle":"full"}	EEEE d MMMM y	\u03a3\u03ac\u03b2\u03b2\u03b1\u03c4\u03bf 24 \u0394\u03b5\u03ba\u03b5\u03bc\u03b2\u03c1\u03af\u03bf\u03c5 2022	\u0394\u03b5\u03c5\u03c4\u03ad\u03c1\u03b1 6 \u039c\u03b1\u03c1\u03c4\u03af\u03bf\u03c5 2023		dateStyle=full	
el	PD_short	{"temporal":"PlainDate","dateStyle":"short"}	d/M/yy	24/12/22	6/3/23		dateStyle=short	
el	PT_full	{"temporal":"PlainTime","timeStyle":"full"}	h:mm:ss\u202fa	3:07:09 \u03bc.\u03bc.	9:04:05 \u03c0.\u03bc.		hour=numeric,minute=2-digit,second=2-digit,hourCycle=h12	
el	PT_long	{"temporal":"PlainTime","timeStyle":"long"}	h:mm:ss\u202fa	3:07:09 \u03bc.\u03bc.	9:04:05 \u03c0.\u03bc.		hour=numeric,minute=2-digit,second=2-digit,hourCycle=h12	
el	PT_medium	{"temporal":"PlainTime","timeStyle":"medium"}	h:mm:ss\u202fa	3:07:09 \u03bc.\u03bc.	9:04:05 \u03c0.\u03bc.		timeStyle=medium,hourCycle=h12	
el	PDT_full_full	{"temporal":"PlainDateTime","dateStyle":"full","timeStyle":"full"}	EEEE d MMMM y \u03c3\u03c4\u03b9\u03c2 h:mm:ss\u202fa	\u03a3\u03ac\u03b2\u03b2\u03b1\u03c4\u03bf 24 \u0394\u03b5\u03ba\u03b5\u03bc\u03b2\u03c1\u03af\u03bf\u03c5 2022 \u03c3\u03c4\u03b9\u03c2 3:07:09 \u03bc.\u03bc.	\u0394\u03b5\u03c5\u03c4\u03ad\u03c1\u03b1 6 \u039c\u03b1\u03c1\u03c4\u03af\u03bf\u03c5 2023 \u03c3\u03c4\u03b9\u03c2 9:04:05 \u03c0.\u03bc.		weekday=long,year=numeric,month=long,day=numeric,hour=numeric,minute=2-digit,second=2-digit,hourCycle=h12	
el	PDT_long_long	{"temporal":"PlainDateTime","dateStyle":"long","timeStyle":"long"}	d MMMM y \u03c3\u03c4\u03b9\u03c2 h:mm:ss\u202fa	24 \u0394\u03b5\u03ba\u03b5\u03bc\u03b2\u03c1\u03af\u03bf\u03c5 2022 \u03c3\u03c4\u03b9\u03c2 3:07:09 \u03bc.\u03bc.	6 \u039c\u03b1\u03c1\u03c4\u03af\u03bf\u03c5 2023 \u03c3\u03c4\u03b9\u03c2 9:04:05 \u03c0.\u03bc.		year=numeric,month=long,day=numeric,hour=numeric,minute=2-digit,second=2-digit,hourCycle=h12	
el	PDT_short_full	{"temporal":"PlainDateTime","dateStyle":"short","timeStyle":"full"}	d/M/yy, h:mm:ss\u202fa	24/12/22, 3:07:09 \u03bc.\u03bc.	6/3/23, 9:04:05 \u03c0.\u03bc.		year=2-digit,month=numeric,day=numeric,hour=numeric,minute=2-digit,second=2-digit,hourCycle=h12	
el	PDT_medium_medium	{"temporal":"PlainDateTime","dateStyle":"medium","timeStyle":"medium"}	d MMM y, h:mm:ss\u202fa	24 \u0394\u03b5\u03ba 2022, 3:07:09 \u03bc.\u03bc.	6 \u039c\u03b1\u03c1 2023, 9:04:05 \u03c0.\u03bc.		dateStyle=medium,timeStyle=medium,hourCycle=h12	
en	d_full	{"dateStyle":"full"}	EEEE, MMMM d, y	Saturday, December 24, 2022	Monday, March 6, 2023		dateStyle=full	
en	d_long	{"dateStyle":"long"}	MMMM d, y	December 24, 2022	March 6, 2023		dateStyle=long	
en	d_medium	{"dateStyle":"medium"}	MMM d, y	Dec 24, 2022	Mar 6, 2023		dateStyle=medium	
en	d_short	{"dateStyle":"short"}	M/d/yy	12/24/22	3/6/23		dateStyle=short	
en	t_full	{"timeStyle":"full"}	h:mm:ss\u202fa zzzz	3:07:09 PM Coordinated Universal Time	9:04:05 AM Coordinated Universal Time	Coordinated Universal Time	timeStyle=full,hourCycle=h12	
en	t_long	{"timeStyle":"long"}	h:mm:ss\u202fa z	3:07:09 PM UTC	9:04:05 AM UTC	UTC	timeStyle=long,hourCycle=h12	
en	t_medium	{"timeStyle":"medium"}	h:mm:ss\u202fa	3:07:09 PM	9:04:05 AM		timeStyle=medium,hourCycle=h12	
en	t_short	{"timeStyle":"short"}	h:mm\u202fa	3:07 PM	9:04 AM		timeStyle=short,hourCycle=h12	
en	dt_full_full	{"dateStyle":"full","timeStyle":"full"}	EEEE, MMMM d, y 'at' h:mm:ss\u202fa zzzz	Saturday, December 24, 2022 at 3:07:09 PM Coordinated Universal Time	Monday, March 6, 2023 at 9:04:05 AM Coordinated Universal Time	Coordinated Universal Time	dateStyle=full,timeStyle=full,hourCycle=h12	
en	dt_full_long	{"dateStyle":"full","timeStyle":"long"}	EEEE, MMMM d, y 'at' h:mm:ss\u202fa z	Saturday, December 24, 2022 at 3:07:09 PM UTC	Monday, March 6, 2023 at 9:04:05 AM UTC	UTC	dateStyle=full,timeStyle=long,hourCycle=h12	
en	dt_full_medium	{"dateStyle":"full","timeStyle":"medium"}	EEEE, MMMM d, y 'at' h:mm:ss\u202fa	Saturday, December 24, 2022 at 3:07:09 PM	Monday, March 6, 2023 at 9:04:05 AM		dateStyle=full,timeStyle=medium,hourCycle=h12	
en	dt_full_short	{"dateStyle":"full","timeStyle":"short"}	EEEE, MMMM d, y 'at' h:mm\u202fa	Saturday, December 24, 2022 at 3:07 PM	Monday, March 6, 2023 at 9:04 AM		dateStyle=full,timeStyle=short,hourCycle=h12	
en	dt_long_full	{"dateStyle":"long","timeStyle":"full"}	MMMM d, y 'at' h:mm:ss\u202fa zzzz	December 24, 2022 at 3:07:09 PM Coordinated Universal Time	March 6, 2023 at 9:04:05 AM Coordinated Universal Time	Coordinated Universal Time	dateStyle=long,timeStyle=full,hourCycle=h12	
en	dt_long_long	{"dateStyle":"long","timeStyle":"long"}	MMMM d, y 'at' h:mm:ss\u202fa z	December 24, 2022 at 3:07:09 PM UTC	March 6, 2023 at 9:04:05 AM UTC	UTC	dateStyle=long,timeStyle=long,hourCycle=h12	
en	dt_long_medium	{"dateStyle":"long","timeStyle":"medium"}	MMMM d, y 'at' h:mm:ss\u202fa	December 24, 2022 at 3:07:09 PM	March 6, 2023 at 9:04:05 AM		dateStyle=long,timeStyle=medium,hourCycle=h12	
en	dt_long_short	{"dateStyle":"long","timeStyle":"short"}	MMMM d, y 'at' h:mm\u202fa	December 24, 2022 at 3:07 PM	March 6, 2023 at 9:04 AM		dateStyle=long,timeStyle=short,hourCycle=h12	
en	dt_medium_full	{"dateStyle":"medium","timeStyle":"full"}	MMM d, y, h:mm:ss\u202fa zzzz	Dec 24, 2022, 3:07:09 PM Coordinated Universal Time	Mar 6, 2023, 9:04:05 AM Coordinated Universal Time	Coordinated Universal Time	dateStyle=medium,timeStyle=full,hourCycle=h12	
en	dt_medium_long	{"dateStyle":"medium","timeStyle":"long"}	MMM d, y, h:mm:ss\u202fa z	Dec 24, 2022, 3:07:09 PM UTC	Mar 6, 2023, 9:04:05 AM UTC	UTC	dateStyle=medium,timeStyle=long,hourCycle=h12	
en	dt_medium_medium	{"dateStyle":"medium","timeStyle":"medium"}	MMM d, y, h:mm:ss\u202fa	Dec 24, 2022, 3:07:09 PM	Mar 6, 2023, 9:04:05 AM		dateStyle=medium,timeStyle=medium,hourCycle=h12	
en	dt_medium_short	{"dateStyle":"medium","timeStyle":"short"}	MMM d, y, h:mm\u202fa	Dec 24, 2022, 3:07 PM	Mar 6, 2023, 9:04 AM		dateStyle=medium,timeStyle=short,hourCycle=h12	
en	dt_short_full	{"dateStyle":"short","timeStyle":"full"}	M/d/yy, h:mm:ss\u202fa zzzz	12/24/22, 3:07:09 PM Coordinated Universal Time	3/6/23, 9:04:05 AM Coordinated Universal Time	Coordinated Universal Time	dateStyle=short,timeStyle=full,hourCycle=h12	
en	dt_short_long	{"dateStyle":"short","timeStyle":"long"}	M/d/yy, h:mm:ss\u202fa z	12/24/22, 3:07:09 PM UTC	3/6/23, 9:04:05 AM UTC	UTC	dateStyle=short,timeStyle=long,hourCycle=h12	
en	dt_short_medium	{"dateStyle":"short","timeStyle":"medium"}	M/d/yy, h:mm:ss\u202fa	12/24/22, 3:07:09 PM	3/6/23, 9:04:05 AM		dateStyle=short,timeStyle=medium,hourCycle=h12	
en	dt_short_short	{"dateStyle":"short","timeStyle":"short"}	M/d/yy, h:mm\u202fa	12/24/22, 3:07 PM	3/6/23, 9:04 AM		dateStyle=short,timeStyle=short,hourCycle=h12	
en	t_short_h23	{"timeStyle":"short","hourCycle":"h23"}	HH:mm	15:07	09:04		timeStyle=short,hourCycle=h23	
en	t_short_h12	{"timeStyle":"short","hourCycle":"h12"}	h:mm\u202fa	3:07 PM	9:04 AM		timeStyle=short,hourCycle=h12	
en	t_short_h11	{"timeStyle":"short","hourCycle":"h11"}	K:mm\u202fa	3:07 PM	9:04 AM		timeStyle=short,hourCycle=h11	
en	t_short_h24	{"timeStyle":"short","hourCycle":"h24"}	kk:mm	15:07	09:04		timeStyle=short,hourCycle=h24	
en	t_medium_12	{"timeStyle":"medium","hour12":true}	h:mm:ss\u202fa	3:07:09 PM	9:04:05 AM		timeStyle=medium,hourCycle=h12	
en	t_medium_24	{"timeStyle":"medium","hour12":false}	HH:mm:ss	15:07:09	09:04:05		timeStyle=medium,hourCycle=h23	
en	t_full_h23	{"timeStyle":"full","hourCycle":"h23"}	HH:mm:ss zzzz	15:07:09 Coordinated Universal Time	09:04:05 Coordinated Universal Time	Coordinated Universal Time	timeStyle=full,hourCycle=h23	
en	t_long_h12	{"timeStyle":"long","hourCycle":"h12"}	h:mm:ss\u202fa z	3:07:09 PM UTC	9:04:05 AM UTC	UTC	timeStyle=long,hourCycle=h12	
en	dt_full_short_h23	{"dateStyle":"full","timeStyle":"short","hourCycle":"h23"}	EEEE, MMMM d, y 'at' HH:mm	Saturday, December 24, 2022 at 15:07	Monday, March 6, 2023 at 09:04		dateStyle=full,timeStyle=short,hourCycle=h23	
en	dt_short_medium_h12	{"dateStyle":"short","timeStyle":"medium","hourCycle":"h12"}	M/d/yy, h:mm:ss\u202fa	12/24/22, 3:07:09 PM	3/6/23, 9:04:05 AM		dateStyle=short,timeStyle=medium,hourCycle=h12	
en	dt_long_long_12	{"dateStyle":"long","timeStyle":"long","hour12":true}	MMMM d, y 'at' h:mm:ss\u202fa z	December 24, 2022 at 3:07:09 PM UTC	March 6, 2023 at 9:04:05 AM UTC	UTC	dateStyle=long,timeStyle=long,hourCycle=h12	
en	dt_medium_full_24	{"dateStyle":"medium","timeStyle":"full","hour12":false}	MMM d, y, HH:mm:ss zzzz	Dec 24, 2022, 15:07:09 Coordinated Universal Time	Mar 6, 2023, 09:04:05 Coordinated Universal Time	Coordinated Universal Time	dateStyle=medium,timeStyle=full,hourCycle=h23	
en	PYM_full	{"temporal":"PlainYearMonth","dateStyle":"full"}	MMMM y	December 2022	March 2023		year=numeric,month=long	
en	PYM_long	{"temporal":"PlainYearMonth","dateStyle":"long"}	MMMM y	December 2022	March 2023		year=numeric,month=long	
en	PYM_medium	{"temporal":"PlainYearMonth","dateStyle":"medium"}	MMM y	Dec 2022	Mar 2023		year=numeric,month=short	
en	PYM_short	{"temporal":"PlainYearMonth","dateStyle":"short"}	M/yy	12/22	3/23		year=2-digit,month=numeric	
en	PMD_full	{"temporal":"PlainMonthDay","dateStyle":"full"}	MMMM d	December 24	March 6		month=long,day=numeric	
en	PMD_long	{"temporal":"PlainMonthDay","dateStyle":"long"}	MMMM d	December 24	March 6		month=long,day=numeric	
en	PMD_medium	{"temporal":"PlainMonthDay","dateStyle":"medium"}	MMM d	Dec 24	Mar 6		month=short,day=numeric	
en	PMD_short	{"temporal":"PlainMonthDay","dateStyle":"short"}	M/d	12/24	3/6		month=numeric,day=numeric	
en	PD_full	{"temporal":"PlainDate","dateStyle":"full"}	EEEE, MMMM d, y	Saturday, December 24, 2022	Monday, March 6, 2023		dateStyle=full	
en	PD_short	{"temporal":"PlainDate","dateStyle":"short"}	M/d/yy	12/24/22	3/6/23		dateStyle=short	
en	PT_full	{"temporal":"PlainTime","timeStyle":"full"}	h:mm:ss\u202fa	3:07:09 PM	9:04:05 AM		hour=numeric,minute=2-digit,second=2-digit,hourCycle=h12	
en	PT_long	{"temporal":"PlainTime","timeStyle":"long"}	h:mm:ss\u202fa	3:07:09 PM	9:04:05 AM		hour=numeric,minute=2-digit,second=2-digit,hourCycle=h12	
en	PT_medium	{"temporal":"PlainTime","timeStyle":"medium"}	h:mm:ss\u202fa	3:07:09 PM	9:04:05 AM		timeStyle=medium,hourCycle=h12	
en	PDT_full_full	{"temporal":"PlainDateTime","dateStyle":"full","timeStyle":"full"}	EEEE, MMMM d, y 'at' h:mm:ss\u202fa	Saturday, December 24, 2022 at 3:07:09 PM	Monday, March 6, 2023 at 9:04:05 AM		weekday=long,year=numeric,month=long,day=numeric,hour=numeric,minute=2-digit,second=2-digit,hourCycle=h12	
en	PDT_long_long	{"temporal":"PlainDateTime","dateStyle":"long","timeStyle":"long"}	MMMM d, y 'at' h:mm:ss\u202fa	December 24, 2022 at 3:07:09 PM	March 6, 2023 at 9:04:05 AM		year=numeric,month=long,day=numeric,hour=numeric,minute=2-digit,second=2-digit,hourCycle=h12	
en	PDT_short_full	{"temporal":"PlainDateTime","dateStyle":"short","timeStyle":"full"}	M/d/yy, h:mm:ss\u202fa	12/24/22, 3:07:09 PM	3/6/23, 9:04:05 AM		year=2-digit,month=numeric,day=numeric,hour=numeric,minute=2-digit,second=2-digit,hourCycle=h12	
en	PDT_medium_medium	{"temporal":"PlainDateTime","dateStyle":"medium","timeStyle":"medium"}	MMM d, y, h:mm:ss\u202fa	Dec 24, 2022, 3:07:09 PM	Mar 6, 2023, 9:04:05 AM		dateStyle=medium,timeStyle=medium,hourCycle=h12	
en-AU	d_full	{"dateStyle":"full"}	EEEE, d MMMM y	Saturday, 24 December 2022	Monday, 6 March 2023		dateStyle=full	
en-AU	d_long	{"dateStyle":"long"}	d MMMM y	24 December 2022	6 March 2023		dateStyle=long	
en-AU	d_medium	{"dateStyle":"medium"}	d MMM y	24 Dec 2022	6 Mar 2023		dateStyle=medium	
en-AU	d_short	{"dateStyle":"short"}	d/M/yy	24/12/22	6/3/23		dateStyle=short	
en-AU	t_full	{"timeStyle":"full"}	h:mm:ss\u202fa zzzz	3:07:09 pm Coordinated Universal Time	9:04:05 am Coordinated Universal Time	Coordinated Universal Time	timeStyle=full,hourCycle=h12	
en-AU	t_long	{"timeStyle":"long"}	h:mm:ss\u202fa z	3:07:09 pm UTC	9:04:05 am UTC	UTC	timeStyle=long,hourCycle=h12	
en-AU	t_medium	{"timeStyle":"medium"}	h:mm:ss\u202fa	3:07:09 pm	9:04:05 am		timeStyle=medium,hourCycle=h12	
en-AU	t_short	{"timeStyle":"short"}	h:mm\u202fa	3:07 pm	9:04 am		timeStyle=short,hourCycle=h12	
en-AU	dt_full_full	{"dateStyle":"full","timeStyle":"full"}	EEEE, d MMMM y 'at' h:mm:ss\u202fa zzzz	Saturday, 24 December 2022 at 3:07:09 pm Coordinated Universal Time	Monday, 6 March 2023 at 9:04:05 am Coordinated Universal Time	Coordinated Universal Time	dateStyle=full,timeStyle=full,hourCycle=h12	
en-AU	dt_full_long	{"dateStyle":"full","timeStyle":"long"}	EEEE, d MMMM y 'at' h:mm:ss\u202fa z	Saturday, 24 December 2022 at 3:07:09 pm UTC	Monday, 6 March 2023 at 9:04:05 am UTC	UTC	dateStyle=full,timeStyle=long,hourCycle=h12	
en-AU	dt_full_medium	{"dateStyle":"full","timeStyle":"medium"}	EEEE, d MMMM y 'at' h:mm:ss\u202fa	Saturday, 24 December 2022 at 3:07:09 pm	Monday, 6 March 2023 at 9:04:05 am		dateStyle=full,timeStyle=medium,hourCycle=h12	
en-AU	dt_full_short	{"dateStyle":"full","timeStyle":"short"}	EEEE, d MMMM y 'at' h:mm\u202fa	Saturday, 24 December 2022 at 3:07 pm	Monday, 6 March 2023 at 9:04 am		dateStyle=full,timeStyle=short,hourCycle=h12	
en-AU	dt_long_full	{"dateStyle":"long","timeStyle":"full"}	d MMMM y 'at' h:mm:ss\u202fa zzzz	24 December 2022 at 3:07:09 pm Coordinated Universal Time	6 March 2023 at 9:04:05 am Coordinated Universal Time	Coordinated Universal Time	dateStyle=long,timeStyle=full,hourCycle=h12	
en-AU	dt_long_long	{"dateStyle":"long","timeStyle":"long"}	d MMMM y 'at' h:mm:ss\u202fa z	24 December 2022 at 3:07:09 pm UTC	6 March 2023 at 9:04:05 am UTC	UTC	dateStyle=long,timeStyle=long,hourCycle=h12	
en-AU	dt_long_medium	{"dateStyle":"long","timeStyle":"medium"}	d MMMM y 'at' h:mm:ss\u202fa	24 December 2022 at 3:07:09 pm	6 March 2023 at 9:04:05 am		dateStyle=long,timeStyle=medium,hourCycle=h12	
en-AU	dt_long_short	{"dateStyle":"long","timeStyle":"short"}	d MMMM y 'at' h:mm\u202fa	24 December 2022 at 3:07 pm	6 March 2023 at 9:04 am		dateStyle=long,timeStyle=short,hourCycle=h12	
en-AU	dt_medium_full	{"dateStyle":"medium","timeStyle":"full"}	d MMM y, h:mm:ss\u202fa zzzz	24 Dec 2022, 3:07:09 pm Coordinated Universal Time	6 Mar 2023, 9:04:05 am Coordinated Universal Time	Coordinated Universal Time	dateStyle=medium,timeStyle=full,hourCycle=h12	
en-AU	dt_medium_long	{"dateStyle":"medium","timeStyle":"long"}	d MMM y, h:mm:ss\u202fa z	24 Dec 2022, 3:07:09 pm UTC	6 Mar 2023, 9:04:05 am UTC	UTC	dateStyle=medium,timeStyle=long,hourCycle=h12	
en-AU	dt_medium_medium	{"dateStyle":"medium","timeStyle":"medium"}	d MMM y, h:mm:ss\u202fa	24 Dec 2022, 3:07:09 pm	6 Mar 2023, 9:04:05 am		dateStyle=medium,timeStyle=medium,hourCycle=h12	
en-AU	dt_medium_short	{"dateStyle":"medium","timeStyle":"short"}	d MMM y, h:mm\u202fa	24 Dec 2022, 3:07 pm	6 Mar 2023, 9:04 am		dateStyle=medium,timeStyle=short,hourCycle=h12	
en-AU	dt_short_full	{"dateStyle":"short","timeStyle":"full"}	d/M/yy, h:mm:ss\u202fa zzzz	24/12/22, 3:07:09 pm Coordinated Universal Time	6/3/23, 9:04:05 am Coordinated Universal Time	Coordinated Universal Time	dateStyle=short,timeStyle=full,hourCycle=h12	
en-AU	dt_short_long	{"dateStyle":"short","timeStyle":"long"}	d/M/yy, h:mm:ss\u202fa z	24/12/22, 3:07:09 pm UTC	6/3/23, 9:04:05 am UTC	UTC	dateStyle=short,timeStyle=long,hourCycle=h12	
en-AU	dt_short_medium	{"dateStyle":"short","timeStyle":"medium"}	d/M/yy, h:mm:ss\u202fa	24/12/22, 3:07:09 pm	6/3/23, 9:04:05 am		dateStyle=short,timeStyle=medium,hourCycle=h12	
en-AU	dt_short_short	{"dateStyle":"short","timeStyle":"short"}	d/M/yy, h:mm\u202fa	24/12/22, 3:07 pm	6/3/23, 9:04 am		dateStyle=short,timeStyle=short,hourCycle=h12	
en-AU	t_short_h23	{"timeStyle":"short","hourCycle":"h23"}	HH:mm	15:07	09:04		timeStyle=short,hourCycle=h23	
en-AU	t_short_h12	{"timeStyle":"short","hourCycle":"h12"}	h:mm\u202fa	3:07 pm	9:04 am		timeStyle=short,hourCycle=h12	
en-AU	t_short_h11	{"timeStyle":"short","hourCycle":"h11"}	K:mm\u202fa	3:07 pm	9:04 am		timeStyle=short,hourCycle=h11	
en-AU	t_short_h24	{"timeStyle":"short","hourCycle":"h24"}	kk:mm	15:07	09:04		timeStyle=short,hourCycle=h24	
en-AU	t_medium_12	{"timeStyle":"medium","hour12":true}	h:mm:ss\u202fa	3:07:09 pm	9:04:05 am		timeStyle=medium,hourCycle=h12	
en-AU	t_medium_24	{"timeStyle":"medium","hour12":false}	HH:mm:ss	15:07:09	09:04:05		timeStyle=medium,hourCycle=h23	
en-AU	t_full_h23	{"timeStyle":"full","hourCycle":"h23"}	HH:mm:ss zzzz	15:07:09 Coordinated Universal Time	09:04:05 Coordinated Universal Time	Coordinated Universal Time	timeStyle=full,hourCycle=h23	
en-AU	t_long_h12	{"timeStyle":"long","hourCycle":"h12"}	h:mm:ss\u202fa z	3:07:09 pm UTC	9:04:05 am UTC	UTC	timeStyle=long,hourCycle=h12	
en-AU	dt_full_short_h23	{"dateStyle":"full","timeStyle":"short","hourCycle":"h23"}	EEEE d MMMM y 'at' HH:mm	Saturday 24 December 2022 at 15:07	Monday 6 March 2023 at 09:04		dateStyle=full,timeStyle=short,hourCycle=h23	
en-AU	dt_short_medium_h12	{"dateStyle":"short","timeStyle":"medium","hourCycle":"h12"}	d/M/yy, h:mm:ss\u202fa	24/12/22, 3:07:09 pm	6/3/23, 9:04:05 am		dateStyle=short,timeStyle=medium,hourCycle=h12	
en-AU	dt_long_long_12	{"dateStyle":"long","timeStyle":"long","hour12":true}	d MMMM y 'at' h:mm:ss\u202fa z	24 December 2022 at 3:07:09 pm UTC	6 March 2023 at 9:04:05 am UTC	UTC	dateStyle=long,timeStyle=long,hourCycle=h12	
en-AU	dt_medium_full_24	{"dateStyle":"medium","timeStyle":"full","hour12":false}	d MMM y, HH:mm:ss zzzz	24 Dec 2022, 15:07:09 Coordinated Universal Time	6 Mar 2023, 09:04:05 Coordinated Universal Time	Coordinated Universal Time	dateStyle=medium,timeStyle=full,hourCycle=h23	
en-AU	PYM_full	{"temporal":"PlainYearMonth","dateStyle":"full"}	MMMM y	December 2022	March 2023		year=numeric,month=long	
en-AU	PYM_long	{"temporal":"PlainYearMonth","dateStyle":"long"}	MMMM y	December 2022	March 2023		year=numeric,month=long	
en-AU	PYM_medium	{"temporal":"PlainYearMonth","dateStyle":"medium"}	MMM y	Dec 2022	Mar 2023		year=numeric,month=short	
en-AU	PYM_short	{"temporal":"PlainYearMonth","dateStyle":"short"}	MM/yy	12/22	03/23		year=2-digit,month=2-digit	
en-AU	PMD_full	{"temporal":"PlainMonthDay","dateStyle":"full"}	d MMMM	24 December	6 March		month=long,day=numeric	
en-AU	PMD_long	{"temporal":"PlainMonthDay","dateStyle":"long"}	d MMMM	24 December	6 March		month=long,day=numeric	
en-AU	PMD_medium	{"temporal":"PlainMonthDay","dateStyle":"medium"}	d MMM	24 Dec	6 Mar		month=short,day=numeric	
en-AU	PMD_short	{"temporal":"PlainMonthDay","dateStyle":"short"}	d/M	24/12	6/3		month=numeric,day=numeric	
en-AU	PD_full	{"temporal":"PlainDate","dateStyle":"full"}	EEEE, d MMMM y	Saturday, 24 December 2022	Monday, 6 March 2023		dateStyle=full	
en-AU	PD_short	{"temporal":"PlainDate","dateStyle":"short"}	d/M/yy	24/12/22	6/3/23		dateStyle=short	
en-AU	PT_full	{"temporal":"PlainTime","timeStyle":"full"}	h:mm:ss\u202fa	3:07:09 pm	9:04:05 am		hour=numeric,minute=2-digit,second=2-digit,hourCycle=h12	
en-AU	PT_long	{"temporal":"PlainTime","timeStyle":"long"}	h:mm:ss\u202fa	3:07:09 pm	9:04:05 am		hour=numeric,minute=2-digit,second=2-digit,hourCycle=h12	
en-AU	PT_medium	{"temporal":"PlainTime","timeStyle":"medium"}	h:mm:ss\u202fa	3:07:09 pm	9:04:05 am		timeStyle=medium,hourCycle=h12	
en-AU	PDT_full_full	{"temporal":"PlainDateTime","dateStyle":"full","timeStyle":"full"}	EEEE d MMMM y 'at' h:mm:ss\u202fa	Saturday 24 December 2022 at 3:07:09 pm	Monday 6 March 2023 at 9:04:05 am		weekday=long,year=numeric,month=long,day=numeric,hour=numeric,minute=2-digit,second=2-digit,hourCycle=h12	
en-AU	PDT_long_long	{"temporal":"PlainDateTime","dateStyle":"long","timeStyle":"long"}	d MMMM y 'at' h:mm:ss\u202fa	24 December 2022 at 3:07:09 pm	6 March 2023 at 9:04:05 am		year=numeric,month=long,day=numeric,hour=numeric,minute=2-digit,second=2-digit,hourCycle=h12	
en-AU	PDT_short_full	{"temporal":"PlainDateTime","dateStyle":"short","timeStyle":"full"}	d/M/yy, h:mm:ss\u202fa	24/12/22, 3:07:09 pm	6/3/23, 9:04:05 am		year=2-digit,month=numeric,day=numeric,hour=numeric,minute=2-digit,second=2-digit,hourCycle=h12	
en-AU	PDT_medium_medium	{"temporal":"PlainDateTime","dateStyle":"medium","timeStyle":"medium"}	d MMM y, h:mm:ss\u202fa	24 Dec 2022, 3:07:09 pm	6 Mar 2023, 9:04:05 am		dateStyle=medium,timeStyle=medium,hourCycle=h12	
en-GB	d_full	{"dateStyle":"full"}	EEEE, d MMMM y	Saturday, 24 December 2022	Monday, 6 March 2023		dateStyle=full	
en-GB	d_long	{"dateStyle":"long"}	d MMMM y	24 December 2022	6 March 2023		dateStyle=long	
en-GB	d_medium	{"dateStyle":"medium"}	d MMM y	24 Dec 2022	6 Mar 2023		dateStyle=medium	
en-GB	d_short	{"dateStyle":"short"}	dd/MM/y	24/12/2022	06/03/2023		dateStyle=short	
en-GB	t_full	{"timeStyle":"full"}	HH:mm:ss zzzz	15:07:09 Coordinated Universal Time	09:04:05 Coordinated Universal Time	Coordinated Universal Time	timeStyle=full,hourCycle=h23	
en-GB	t_long	{"timeStyle":"long"}	HH:mm:ss z	15:07:09 UTC	09:04:05 UTC	UTC	timeStyle=long,hourCycle=h23	
en-GB	t_medium	{"timeStyle":"medium"}	HH:mm:ss	15:07:09	09:04:05		timeStyle=medium,hourCycle=h23	
en-GB	t_short	{"timeStyle":"short"}	HH:mm	15:07	09:04		timeStyle=short,hourCycle=h23	
en-GB	dt_full_full	{"dateStyle":"full","timeStyle":"full"}	EEEE, d MMMM y 'at' HH:mm:ss zzzz	Saturday, 24 December 2022 at 15:07:09 Coordinated Universal Time	Monday, 6 March 2023 at 09:04:05 Coordinated Universal Time	Coordinated Universal Time	dateStyle=full,timeStyle=full,hourCycle=h23	
en-GB	dt_full_long	{"dateStyle":"full","timeStyle":"long"}	EEEE, d MMMM y 'at' HH:mm:ss z	Saturday, 24 December 2022 at 15:07:09 UTC	Monday, 6 March 2023 at 09:04:05 UTC	UTC	dateStyle=full,timeStyle=long,hourCycle=h23	
en-GB	dt_full_medium	{"dateStyle":"full","timeStyle":"medium"}	EEEE, d MMMM y 'at' HH:mm:ss	Saturday, 24 December 2022 at 15:07:09	Monday, 6 March 2023 at 09:04:05		dateStyle=full,timeStyle=medium,hourCycle=h23	
en-GB	dt_full_short	{"dateStyle":"full","timeStyle":"short"}	EEEE, d MMMM y 'at' HH:mm	Saturday, 24 December 2022 at 15:07	Monday, 6 March 2023 at 09:04		dateStyle=full,timeStyle=short,hourCycle=h23	
en-GB	dt_long_full	{"dateStyle":"long","timeStyle":"full"}	d MMMM y 'at' HH:mm:ss zzzz	24 December 2022 at 15:07:09 Coordinated Universal Time	6 March 2023 at 09:04:05 Coordinated Universal Time	Coordinated Universal Time	dateStyle=long,timeStyle=full,hourCycle=h23	
en-GB	dt_long_long	{"dateStyle":"long","timeStyle":"long"}	d MMMM y 'at' HH:mm:ss z	24 December 2022 at 15:07:09 UTC	6 March 2023 at 09:04:05 UTC	UTC	dateStyle=long,timeStyle=long,hourCycle=h23	
en-GB	dt_long_medium	{"dateStyle":"long","timeStyle":"medium"}	d MMMM y 'at' HH:mm:ss	24 December 2022 at 15:07:09	6 March 2023 at 09:04:05		dateStyle=long,timeStyle=medium,hourCycle=h23	
en-GB	dt_long_short	{"dateStyle":"long","timeStyle":"short"}	d MMMM y 'at' HH:mm	24 December 2022 at 15:07	6 March 2023 at 09:04		dateStyle=long,timeStyle=short,hourCycle=h23	
en-GB	dt_medium_full	{"dateStyle":"medium","timeStyle":"full"}	d MMM y, HH:mm:ss zzzz	24 Dec 2022, 15:07:09 Coordinated Universal Time	6 Mar 2023, 09:04:05 Coordinated Universal Time	Coordinated Universal Time	dateStyle=medium,timeStyle=full,hourCycle=h23	
en-GB	dt_medium_long	{"dateStyle":"medium","timeStyle":"long"}	d MMM y, HH:mm:ss z	24 Dec 2022, 15:07:09 UTC	6 Mar 2023, 09:04:05 UTC	UTC	dateStyle=medium,timeStyle=long,hourCycle=h23	
en-GB	dt_medium_medium	{"dateStyle":"medium","timeStyle":"medium"}	d MMM y, HH:mm:ss	24 Dec 2022, 15:07:09	6 Mar 2023, 09:04:05		dateStyle=medium,timeStyle=medium,hourCycle=h23	
en-GB	dt_medium_short	{"dateStyle":"medium","timeStyle":"short"}	d MMM y, HH:mm	24 Dec 2022, 15:07	6 Mar 2023, 09:04		dateStyle=medium,timeStyle=short,hourCycle=h23	
en-GB	dt_short_full	{"dateStyle":"short","timeStyle":"full"}	dd/MM/y, HH:mm:ss zzzz	24/12/2022, 15:07:09 Coordinated Universal Time	06/03/2023, 09:04:05 Coordinated Universal Time	Coordinated Universal Time	dateStyle=short,timeStyle=full,hourCycle=h23	
en-GB	dt_short_long	{"dateStyle":"short","timeStyle":"long"}	dd/MM/y, HH:mm:ss z	24/12/2022, 15:07:09 UTC	06/03/2023, 09:04:05 UTC	UTC	dateStyle=short,timeStyle=long,hourCycle=h23	
en-GB	dt_short_medium	{"dateStyle":"short","timeStyle":"medium"}	dd/MM/y, HH:mm:ss	24/12/2022, 15:07:09	06/03/2023, 09:04:05		dateStyle=short,timeStyle=medium,hourCycle=h23	
en-GB	dt_short_short	{"dateStyle":"short","timeStyle":"short"}	dd/MM/y, HH:mm	24/12/2022, 15:07	06/03/2023, 09:04		dateStyle=short,timeStyle=short,hourCycle=h23	
en-GB	t_short_h23	{"timeStyle":"short","hourCycle":"h23"}	HH:mm	15:07	09:04		timeStyle=short,hourCycle=h23	
en-GB	t_short_h12	{"timeStyle":"short","hourCycle":"h12"}	hh:mm\u202fa	03:07 pm	09:04 am		timeStyle=short,hourCycle=h12	
en-GB	t_short_h11	{"timeStyle":"short","hourCycle":"h11"}	KK:mm\u202fa	03:07 pm	09:04 am		timeStyle=short,hourCycle=h11	
en-GB	t_short_h24	{"timeStyle":"short","hourCycle":"h24"}	kk:mm	15:07	09:04		timeStyle=short,hourCycle=h24	
en-GB	t_medium_12	{"timeStyle":"medium","hour12":true}	hh:mm:ss\u202fa	03:07:09 pm	09:04:05 am		timeStyle=medium,hourCycle=h12	
en-GB	t_medium_24	{"timeStyle":"medium","hour12":false}	HH:mm:ss	15:07:09	09:04:05		timeStyle=medium,hourCycle=h23	
en-GB	t_full_h23	{"timeStyle":"full","hourCycle":"h23"}	HH:mm:ss zzzz	15:07:09 Coordinated Universal Time	09:04:05 Coordinated Universal Time	Coordinated Universal Time	timeStyle=full,hourCycle=h23	
en-GB	t_long_h12	{"timeStyle":"long","hourCycle":"h12"}	hh:mm:ss\u202fa z	03:07:09 pm UTC	09:04:05 am UTC	UTC	timeStyle=long,hourCycle=h12	
en-GB	dt_full_short_h23	{"dateStyle":"full","timeStyle":"short","hourCycle":"h23"}	EEEE, d MMMM y 'at' HH:mm	Saturday, 24 December 2022 at 15:07	Monday, 6 March 2023 at 09:04		dateStyle=full,timeStyle=short,hourCycle=h23	
en-GB	dt_short_medium_h12	{"dateStyle":"short","timeStyle":"medium","hourCycle":"h12"}	dd/MM/y, hh:mm:ss\u202fa	24/12/2022, 03:07:09 pm	06/03/2023, 09:04:05 am		dateStyle=short,timeStyle=medium,hourCycle=h12	
en-GB	dt_long_long_12	{"dateStyle":"long","timeStyle":"long","hour12":true}	d MMMM y 'at' hh:mm:ss\u202fa z	24 December 2022 at 03:07:09 pm UTC	6 March 2023 at 09:04:05 am UTC	UTC	dateStyle=long,timeStyle=long,hourCycle=h12	
en-GB	dt_medium_full_24	{"dateStyle":"medium","timeStyle":"full","hour12":false}	d MMM y, HH:mm:ss zzzz	24 Dec 2022, 15:07:09 Coordinated Universal Time	6 Mar 2023, 09:04:05 Coordinated Universal Time	Coordinated Universal Time	dateStyle=medium,timeStyle=full,hourCycle=h23	
en-GB	PYM_full	{"temporal":"PlainYearMonth","dateStyle":"full"}	MMMM y	December 2022	March 2023		year=numeric,month=long	
en-GB	PYM_long	{"temporal":"PlainYearMonth","dateStyle":"long"}	MMMM y	December 2022	March 2023		year=numeric,month=long	
en-GB	PYM_medium	{"temporal":"PlainYearMonth","dateStyle":"medium"}	MMM y	Dec 2022	Mar 2023		year=numeric,month=short	
en-GB	PYM_short	{"temporal":"PlainYearMonth","dateStyle":"short"}	MM/y	12/2022	03/2023		year=numeric,month=2-digit	
en-GB	PMD_full	{"temporal":"PlainMonthDay","dateStyle":"full"}	d MMMM	24 December	6 March		month=long,day=numeric	
en-GB	PMD_long	{"temporal":"PlainMonthDay","dateStyle":"long"}	d MMMM	24 December	6 March		month=long,day=numeric	
en-GB	PMD_medium	{"temporal":"PlainMonthDay","dateStyle":"medium"}	d MMM	24 Dec	6 Mar		month=short,day=numeric	
en-GB	PMD_short	{"temporal":"PlainMonthDay","dateStyle":"short"}	dd/MM	24/12	06/03		month=2-digit,day=2-digit	
en-GB	PD_full	{"temporal":"PlainDate","dateStyle":"full"}	EEEE, d MMMM y	Saturday, 24 December 2022	Monday, 6 March 2023		dateStyle=full	
en-GB	PD_short	{"temporal":"PlainDate","dateStyle":"short"}	dd/MM/y	24/12/2022	06/03/2023		dateStyle=short	
en-GB	PT_full	{"temporal":"PlainTime","timeStyle":"full"}	HH:mm:ss	15:07:09	09:04:05		hour=2-digit,minute=2-digit,second=2-digit,hourCycle=h23	
en-GB	PT_long	{"temporal":"PlainTime","timeStyle":"long"}	HH:mm:ss	15:07:09	09:04:05		hour=2-digit,minute=2-digit,second=2-digit,hourCycle=h23	
en-GB	PT_medium	{"temporal":"PlainTime","timeStyle":"medium"}	HH:mm:ss	15:07:09	09:04:05		timeStyle=medium,hourCycle=h23	
en-GB	PDT_full_full	{"temporal":"PlainDateTime","dateStyle":"full","timeStyle":"full"}	EEEE, d MMMM y 'at' HH:mm:ss	Saturday, 24 December 2022 at 15:07:09	Monday, 6 March 2023 at 09:04:05		weekday=long,year=numeric,month=long,day=numeric,hour=2-digit,minute=2-digit,second=2-digit,hourCycle=h23	
en-GB	PDT_long_long	{"temporal":"PlainDateTime","dateStyle":"long","timeStyle":"long"}	d MMMM y 'at' HH:mm:ss	24 December 2022 at 15:07:09	6 March 2023 at 09:04:05		year=numeric,month=long,day=numeric,hour=2-digit,minute=2-digit,second=2-digit,hourCycle=h23	
en-GB	PDT_short_full	{"temporal":"PlainDateTime","dateStyle":"short","timeStyle":"full"}	dd/MM/y, HH:mm:ss	24/12/2022, 15:07:09	06/03/2023, 09:04:05		year=numeric,month=2-digit,day=2-digit,hour=2-digit,minute=2-digit,second=2-digit,hourCycle=h23	
en-GB	PDT_medium_medium	{"temporal":"PlainDateTime","dateStyle":"medium","timeStyle":"medium"}	d MMM y, HH:mm:ss	24 Dec 2022, 15:07:09	6 Mar 2023, 09:04:05		dateStyle=medium,timeStyle=medium,hourCycle=h23	
en-IN	d_full	{"dateStyle":"full"}	EEEE, d MMMM y	Saturday, 24 December 2022	Monday, 6 March 2023		dateStyle=full	
en-IN	d_long	{"dateStyle":"long"}	d MMMM y	24 December 2022	6 March 2023		dateStyle=long	
en-IN	d_medium	{"dateStyle":"medium"}	d MMM y	24 Dec 2022	6 Mar 2023		dateStyle=medium	
en-IN	d_short	{"dateStyle":"short"}	dd/MM/yy	24/12/22	06/03/23		dateStyle=short	
en-IN	t_full	{"timeStyle":"full"}	h:mm:ss\u202fa zzzz	3:07:09 pm Coordinated Universal Time	9:04:05 am Coordinated Universal Time	Coordinated Universal Time	timeStyle=full,hourCycle=h12	
en-IN	t_long	{"timeStyle":"long"}	h:mm:ss\u202fa z	3:07:09 pm UTC	9:04:05 am UTC	UTC	timeStyle=long,hourCycle=h12	
en-IN	t_medium	{"timeStyle":"medium"}	h:mm:ss\u202fa	3:07:09 pm	9:04:05 am		timeStyle=medium,hourCycle=h12	
en-IN	t_short	{"timeStyle":"short"}	h:mm\u202fa	3:07 pm	9:04 am		timeStyle=short,hourCycle=h12	
en-IN	dt_full_full	{"dateStyle":"full","timeStyle":"full"}	EEEE, d MMMM y 'at' h:mm:ss\u202fa zzzz	Saturday, 24 December 2022 at 3:07:09 pm Coordinated Universal Time	Monday, 6 March 2023 at 9:04:05 am Coordinated Universal Time	Coordinated Universal Time	dateStyle=full,timeStyle=full,hourCycle=h12	
en-IN	dt_full_long	{"dateStyle":"full","timeStyle":"long"}	EEEE, d MMMM y 'at' h:mm:ss\u202fa z	Saturday, 24 December 2022 at 3:07:09 pm UTC	Monday, 6 March 2023 at 9:04:05 am UTC	UTC	dateStyle=full,timeStyle=long,hourCycle=h12	
en-IN	dt_full_medium	{"dateStyle":"full","timeStyle":"medium"}	EEEE, d MMMM y 'at' h:mm:ss\u202fa	Saturday, 24 December 2022 at 3:07:09 pm	Monday, 6 March 2023 at 9:04:05 am		dateStyle=full,timeStyle=medium,hourCycle=h12	
en-IN	dt_full_short	{"dateStyle":"full","timeStyle":"short"}	EEEE, d MMMM y 'at' h:mm\u202fa	Saturday, 24 December 2022 at 3:07 pm	Monday, 6 March 2023 at 9:04 am		dateStyle=full,timeStyle=short,hourCycle=h12	
en-IN	dt_long_full	{"dateStyle":"long","timeStyle":"full"}	d MMMM y 'at' h:mm:ss\u202fa zzzz	24 December 2022 at 3:07:09 pm Coordinated Universal Time	6 March 2023 at 9:04:05 am Coordinated Universal Time	Coordinated Universal Time	dateStyle=long,timeStyle=full,hourCycle=h12	
en-IN	dt_long_long	{"dateStyle":"long","timeStyle":"long"}	d MMMM y 'at' h:mm:ss\u202fa z	24 December 2022 at 3:07:09 pm UTC	6 March 2023 at 9:04:05 am UTC	UTC	dateStyle=long,timeStyle=long,hourCycle=h12	
en-IN	dt_long_medium	{"dateStyle":"long","timeStyle":"medium"}	d MMMM y 'at' h:mm:ss\u202fa	24 December 2022 at 3:07:09 pm	6 March 2023 at 9:04:05 am		dateStyle=long,timeStyle=medium,hourCycle=h12	
en-IN	dt_long_short	{"dateStyle":"long","timeStyle":"short"}	d MMMM y 'at' h:mm\u202fa	24 December 2022 at 3:07 pm	6 March 2023 at 9:04 am		dateStyle=long,timeStyle=short,hourCycle=h12	
en-IN	dt_medium_full	{"dateStyle":"medium","timeStyle":"full"}	d MMM y, h:mm:ss\u202fa zzzz	24 Dec 2022, 3:07:09 pm Coordinated Universal Time	6 Mar 2023, 9:04:05 am Coordinated Universal Time	Coordinated Universal Time	dateStyle=medium,timeStyle=full,hourCycle=h12	
en-IN	dt_medium_long	{"dateStyle":"medium","timeStyle":"long"}	d MMM y, h:mm:ss\u202fa z	24 Dec 2022, 3:07:09 pm UTC	6 Mar 2023, 9:04:05 am UTC	UTC	dateStyle=medium,timeStyle=long,hourCycle=h12	
en-IN	dt_medium_medium	{"dateStyle":"medium","timeStyle":"medium"}	d MMM y, h:mm:ss\u202fa	24 Dec 2022, 3:07:09 pm	6 Mar 2023, 9:04:05 am		dateStyle=medium,timeStyle=medium,hourCycle=h12	
en-IN	dt_medium_short	{"dateStyle":"medium","timeStyle":"short"}	d MMM y, h:mm\u202fa	24 Dec 2022, 3:07 pm	6 Mar 2023, 9:04 am		dateStyle=medium,timeStyle=short,hourCycle=h12	
en-IN	dt_short_full	{"dateStyle":"short","timeStyle":"full"}	dd/MM/yy, h:mm:ss\u202fa zzzz	24/12/22, 3:07:09 pm Coordinated Universal Time	06/03/23, 9:04:05 am Coordinated Universal Time	Coordinated Universal Time	dateStyle=short,timeStyle=full,hourCycle=h12	
en-IN	dt_short_long	{"dateStyle":"short","timeStyle":"long"}	dd/MM/yy, h:mm:ss\u202fa z	24/12/22, 3:07:09 pm UTC	06/03/23, 9:04:05 am UTC	UTC	dateStyle=short,timeStyle=long,hourCycle=h12	
en-IN	dt_short_medium	{"dateStyle":"short","timeStyle":"medium"}	dd/MM/yy, h:mm:ss\u202fa	24/12/22, 3:07:09 pm	06/03/23, 9:04:05 am		dateStyle=short,timeStyle=medium,hourCycle=h12	
en-IN	dt_short_short	{"dateStyle":"short","timeStyle":"short"}	dd/MM/yy, h:mm\u202fa	24/12/22, 3:07 pm	06/03/23, 9:04 am		dateStyle=short,timeStyle=short,hourCycle=h12	
en-IN	t_short_h23	{"timeStyle":"short","hourCycle":"h23"}	HH:mm	15:07	09:04		timeStyle=short,hourCycle=h23	
en-IN	t_short_h12	{"timeStyle":"short","hourCycle":"h12"}	h:mm\u202fa	3:07 pm	9:04 am		timeStyle=short,hourCycle=h12	
en-IN	t_short_h11	{"timeStyle":"short","hourCycle":"h11"}	K:mm\u202fa	3:07 pm	9:04 am		timeStyle=short,hourCycle=h11	
en-IN	t_short_h24	{"timeStyle":"short","hourCycle":"h24"}	kk:mm	15:07	09:04		timeStyle=short,hourCycle=h24	
en-IN	t_medium_12	{"timeStyle":"medium","hour12":true}	h:mm:ss\u202fa	3:07:09 pm	9:04:05 am		timeStyle=medium,hourCycle=h12	
en-IN	t_medium_24	{"timeStyle":"medium","hour12":false}	HH:mm:ss	15:07:09	09:04:05		timeStyle=medium,hourCycle=h23	
en-IN	t_full_h23	{"timeStyle":"full","hourCycle":"h23"}	HH:mm:ss zzzz	15:07:09 Coordinated Universal Time	09:04:05 Coordinated Universal Time	Coordinated Universal Time	timeStyle=full,hourCycle=h23	
en-IN	t_long_h12	{"timeStyle":"long","hourCycle":"h12"}	h:mm:ss\u202fa z	3:07:09 pm UTC	9:04:05 am UTC	UTC	timeStyle=long,hourCycle=h12	
en-IN	dt_full_short_h23	{"dateStyle":"full","timeStyle":"short","hourCycle":"h23"}	EEEE, d MMMM y 'at' HH:mm	Saturday, 24 December 2022 at 15:07	Monday, 6 March 2023 at 09:04		dateStyle=full,timeStyle=short,hourCycle=h23	
en-IN	dt_short_medium_h12	{"dateStyle":"short","timeStyle":"medium","hourCycle":"h12"}	dd/MM/yy, h:mm:ss\u202fa	24/12/22, 3:07:09 pm	06/03/23, 9:04:05 am		dateStyle=short,timeStyle=medium,hourCycle=h12	
en-IN	dt_long_long_12	{"dateStyle":"long","timeStyle":"long","hour12":true}	d MMMM y 'at' h:mm:ss\u202fa z	24 December 2022 at 3:07:09 pm UTC	6 March 2023 at 9:04:05 am UTC	UTC	dateStyle=long,timeStyle=long,hourCycle=h12	
en-IN	dt_medium_full_24	{"dateStyle":"medium","timeStyle":"full","hour12":false}	d MMM y, HH:mm:ss zzzz	24 Dec 2022, 15:07:09 Coordinated Universal Time	6 Mar 2023, 09:04:05 Coordinated Universal Time	Coordinated Universal Time	dateStyle=medium,timeStyle=full,hourCycle=h23	
en-IN	PYM_full	{"temporal":"PlainYearMonth","dateStyle":"full"}	MMMM y	December 2022	March 2023		year=numeric,month=long	
en-IN	PYM_long	{"temporal":"PlainYearMonth","dateStyle":"long"}	MMMM y	December 2022	March 2023		year=numeric,month=long	
en-IN	PYM_medium	{"temporal":"PlainYearMonth","dateStyle":"medium"}	MMM y	Dec 2022	Mar 2023		year=numeric,month=short	
en-IN	PYM_short	{"temporal":"PlainYearMonth","dateStyle":"short"}	MM/yy	12/22	03/23		year=2-digit,month=2-digit	
en-IN	PMD_full	{"temporal":"PlainMonthDay","dateStyle":"full"}	d MMMM	24 December	6 March		month=long,day=numeric	
en-IN	PMD_long	{"temporal":"PlainMonthDay","dateStyle":"long"}	d MMMM	24 December	6 March		month=long,day=numeric	
en-IN	PMD_medium	{"temporal":"PlainMonthDay","dateStyle":"medium"}	d MMM	24 Dec	6 Mar		month=short,day=numeric	
en-IN	PMD_short	{"temporal":"PlainMonthDay","dateStyle":"short"}	dd/MM	24/12	06/03		month=2-digit,day=2-digit	
en-IN	PD_full	{"temporal":"PlainDate","dateStyle":"full"}	EEEE, d MMMM y	Saturday, 24 December 2022	Monday, 6 March 2023		dateStyle=full	
en-IN	PD_short	{"temporal":"PlainDate","dateStyle":"short"}	dd/MM/yy	24/12/22	06/03/23		dateStyle=short	
en-IN	PT_full	{"temporal":"PlainTime","timeStyle":"full"}	h:mm:ss\u202fa	3:07:09 pm	9:04:05 am		hour=numeric,minute=2-digit,second=2-digit,hourCycle=h12	
en-IN	PT_long	{"temporal":"PlainTime","timeStyle":"long"}	h:mm:ss\u202fa	3:07:09 pm	9:04:05 am		hour=numeric,minute=2-digit,second=2-digit,hourCycle=h12	
en-IN	PT_medium	{"temporal":"PlainTime","timeStyle":"medium"}	h:mm:ss\u202fa	3:07:09 pm	9:04:05 am		timeStyle=medium,hourCycle=h12	
en-IN	PDT_full_full	{"temporal":"PlainDateTime","dateStyle":"full","timeStyle":"full"}	EEEE, d MMMM y 'at' h:mm:ss\u202fa	Saturday, 24 December 2022 at 3:07:09 pm	Monday, 6 March 2023 at 9:04:05 am		weekday=long,year=numeric,month=long,day=numeric,hour=numeric,minute=2-digit,second=2-digit,hourCycle=h12	
en-IN	PDT_long_long	{"temporal":"PlainDateTime","dateStyle":"long","timeStyle":"long"}	d MMMM y 'at' h:mm:ss\u202fa	24 December 2022 at 3:07:09 pm	6 March 2023 at 9:04:05 am		year=numeric,month=long,day=numeric,hour=numeric,minute=2-digit,second=2-digit,hourCycle=h12	
en-IN	PDT_short_full	{"temporal":"PlainDateTime","dateStyle":"short","timeStyle":"full"}	dd/MM/yy, h:mm:ss\u202fa	24/12/22, 3:07:09 pm	06/03/23, 9:04:05 am		year=2-digit,month=2-digit,day=2-digit,hour=numeric,minute=2-digit,second=2-digit,hourCycle=h12	
en-IN	PDT_medium_medium	{"temporal":"PlainDateTime","dateStyle":"medium","timeStyle":"medium"}	d MMM y, h:mm:ss\u202fa	24 Dec 2022, 3:07:09 pm	6 Mar 2023, 9:04:05 am		dateStyle=medium,timeStyle=medium,hourCycle=h12	
es	d_full	{"dateStyle":"full"}	EEEE, d 'de' MMMM 'de' y	s\u00e1bado, 24 de diciembre de 2022	lunes, 6 de marzo de 2023		dateStyle=full	
es	d_long	{"dateStyle":"long"}	d 'de' MMMM 'de' y	24 de diciembre de 2022	6 de marzo de 2023		dateStyle=long	
es	d_medium	{"dateStyle":"medium"}	d MMM y	24 dic 2022	6 mar 2023		dateStyle=medium	
es	d_short	{"dateStyle":"short"}	d/M/yy	24/12/22	6/3/23		dateStyle=short	
es	t_full	{"timeStyle":"full"}	H:mm:ss (zzzz)	15:07:09 (tiempo universal coordinado)	9:04:05 (tiempo universal coordinado)	tiempo universal coordinado	timeStyle=full,hourCycle=h23	
es	t_long	{"timeStyle":"long"}	H:mm:ss z	15:07:09 UTC	9:04:05 UTC	UTC	timeStyle=long,hourCycle=h23	
es	t_medium	{"timeStyle":"medium"}	H:mm:ss	15:07:09	9:04:05		timeStyle=medium,hourCycle=h23	
es	t_short	{"timeStyle":"short"}	H:mm	15:07	9:04		timeStyle=short,hourCycle=h23	
es	dt_full_full	{"dateStyle":"full","timeStyle":"full"}	EEEE, d 'de' MMMM 'de' y, H:mm:ss (zzzz)	s\u00e1bado, 24 de diciembre de 2022, 15:07:09 (tiempo universal coordinado)	lunes, 6 de marzo de 2023, 9:04:05 (tiempo universal coordinado)	tiempo universal coordinado	dateStyle=full,timeStyle=full,hourCycle=h23	
es	dt_full_long	{"dateStyle":"full","timeStyle":"long"}	EEEE, d 'de' MMMM 'de' y, H:mm:ss z	s\u00e1bado, 24 de diciembre de 2022, 15:07:09 UTC	lunes, 6 de marzo de 2023, 9:04:05 UTC	UTC	dateStyle=full,timeStyle=long,hourCycle=h23	
es	dt_full_medium	{"dateStyle":"full","timeStyle":"medium"}	EEEE, d 'de' MMMM 'de' y, H:mm:ss	s\u00e1bado, 24 de diciembre de 2022, 15:07:09	lunes, 6 de marzo de 2023, 9:04:05		dateStyle=full,timeStyle=medium,hourCycle=h23	
es	dt_full_short	{"dateStyle":"full","timeStyle":"short"}	EEEE, d 'de' MMMM 'de' y, H:mm	s\u00e1bado, 24 de diciembre de 2022, 15:07	lunes, 6 de marzo de 2023, 9:04		dateStyle=full,timeStyle=short,hourCycle=h23	
es	dt_long_full	{"dateStyle":"long","timeStyle":"full"}	d 'de' MMMM 'de' y 'a' 'las' H:mm:ss (zzzz)	24 de diciembre de 2022 a las 15:07:09 (tiempo universal coordinado)	6 de marzo de 2023 a las 9:04:05 (tiempo universal coordinado)	tiempo universal coordinado	dateStyle=long,timeStyle=full,hourCycle=h23	
es	dt_long_long	{"dateStyle":"long","timeStyle":"long"}	d 'de' MMMM 'de' y 'a' 'las' H:mm:ss z	24 de diciembre de 2022 a las 15:07:09 UTC	6 de marzo de 2023 a las 9:04:05 UTC	UTC	dateStyle=long,timeStyle=long,hourCycle=h23	
es	dt_long_medium	{"dateStyle":"long","timeStyle":"medium"}	d 'de' MMMM 'de' y 'a' 'las' H:mm:ss	24 de diciembre de 2022 a las 15:07:09	6 de marzo de 2023 a las 9:04:05		dateStyle=long,timeStyle=medium,hourCycle=h23	
es	dt_long_short	{"dateStyle":"long","timeStyle":"short"}	d 'de' MMMM 'de' y 'a' 'las' H:mm	24 de diciembre de 2022 a las 15:07	6 de marzo de 2023 a las 9:04		dateStyle=long,timeStyle=short,hourCycle=h23	
es	dt_medium_full	{"dateStyle":"medium","timeStyle":"full"}	d MMM y, H:mm:ss (zzzz)	24 dic 2022, 15:07:09 (tiempo universal coordinado)	6 mar 2023, 9:04:05 (tiempo universal coordinado)	tiempo universal coordinado	dateStyle=medium,timeStyle=full,hourCycle=h23	
es	dt_medium_long	{"dateStyle":"medium","timeStyle":"long"}	d MMM y, H:mm:ss z	24 dic 2022, 15:07:09 UTC	6 mar 2023, 9:04:05 UTC	UTC	dateStyle=medium,timeStyle=long,hourCycle=h23	
es	dt_medium_medium	{"dateStyle":"medium","timeStyle":"medium"}	d MMM y, H:mm:ss	24 dic 2022, 15:07:09	6 mar 2023, 9:04:05		dateStyle=medium,timeStyle=medium,hourCycle=h23	
es	dt_medium_short	{"dateStyle":"medium","timeStyle":"short"}	d MMM y, H:mm	24 dic 2022, 15:07	6 mar 2023, 9:04		dateStyle=medium,timeStyle=short,hourCycle=h23	
es	dt_short_full	{"dateStyle":"short","timeStyle":"full"}	d/M/yy, H:mm:ss (zzzz)	24/12/22, 15:07:09 (tiempo universal coordinado)	6/3/23, 9:04:05 (tiempo universal coordinado)	tiempo universal coordinado	dateStyle=short,timeStyle=full,hourCycle=h23	
es	dt_short_long	{"dateStyle":"short","timeStyle":"long"}	d/M/yy, H:mm:ss z	24/12/22, 15:07:09 UTC	6/3/23, 9:04:05 UTC	UTC	dateStyle=short,timeStyle=long,hourCycle=h23	
es	dt_short_medium	{"dateStyle":"short","timeStyle":"medium"}	d/M/yy, H:mm:ss	24/12/22, 15:07:09	6/3/23, 9:04:05		dateStyle=short,timeStyle=medium,hourCycle=h23	
es	dt_short_short	{"dateStyle":"short","timeStyle":"short"}	d/M/yy, H:mm	24/12/22, 15:07	6/3/23, 9:04		dateStyle=short,timeStyle=short,hourCycle=h23	
es	t_short_h23	{"timeStyle":"short","hourCycle":"h23"}	H:mm	15:07	9:04		timeStyle=short,hourCycle=h23	
es	t_short_h12	{"timeStyle":"short","hourCycle":"h12"}	h:mm\u202fa	3:07 p. m.	9:04 a. m.		timeStyle=short,hourCycle=h12	
es	t_short_h11	{"timeStyle":"short","hourCycle":"h11"}	K:mm\u202fa	3:07 p. m.	9:04 a. m.		timeStyle=short,hourCycle=h11	
es	t_short_h24	{"timeStyle":"short","hourCycle":"h24"}	k:mm	15:07	9:04		timeStyle=short,hourCycle=h24	
es	t_medium_12	{"timeStyle":"medium","hour12":true}	h:mm:ss\u202fa	3:07:09 p. m.	9:04:05 a. m.		timeStyle=medium,hourCycle=h12	
es	t_medium_24	{"timeStyle":"medium","hour12":false}	H:mm:ss	15:07:09	9:04:05		timeStyle=medium,hourCycle=h23	
es	t_full_h23	{"timeStyle":"full","hourCycle":"h23"}	H:mm:ss (zzzz)	15:07:09 (tiempo universal coordinado)	9:04:05 (tiempo universal coordinado)	tiempo universal coordinado	timeStyle=full,hourCycle=h23	
es	t_long_h12	{"timeStyle":"long","hourCycle":"h12"}	h:mm:ss\u202fa z	3:07:09 p. m. UTC	9:04:05 a. m. UTC	UTC	timeStyle=long,hourCycle=h12	
es	dt_full_short_h23	{"dateStyle":"full","timeStyle":"short","hourCycle":"h23"}	EEEE, d 'de' MMMM 'de' y, H:mm	s\u00e1bado, 24 de diciembre de 2022, 15:07	lunes, 6 de marzo de 2023, 9:04		dateStyle=full,timeStyle=short,hourCycle=h23	
es	dt_short_medium_h12	{"dateStyle":"short","timeStyle":"medium","hourCycle":"h12"}	d/M/yy, h:mm:ss\u202fa	24/12/22, 3:07:09 p. m.	6/3/23, 9:04:05 a. m.		dateStyle=short,timeStyle=medium,hourCycle=h12	
es	dt_long_long_12	{"dateStyle":"long","timeStyle":"long","hour12":true}	d 'de' MMMM 'de' y 'a' 'las' h:mm:ss\u202fa z	24 de diciembre de 2022 a las 3:07:09 p. m. UTC	6 de marzo de 2023 a las 9:04:05 a. m. UTC	UTC	dateStyle=long,timeStyle=long,hourCycle=h12	
es	dt_medium_full_24	{"dateStyle":"medium","timeStyle":"full","hour12":false}	d MMM y, H:mm:ss (zzzz)	24 dic 2022, 15:07:09 (tiempo universal coordinado)	6 mar 2023, 9:04:05 (tiempo universal coordinado)	tiempo universal coordinado	dateStyle=medium,timeStyle=full,hourCycle=h23	
es	PYM_full	{"temporal":"PlainYearMonth","dateStyle":"full"}	MMMM 'de' y	diciembre de 2022	marzo de 2023		year=numeric,month=long	diciembre de 2022|marzo de 2023|year=numeric,month=long,day=numeric
es	PYM_long	{"temporal":"PlainYearMonth","dateStyle":"long"}	MMMM 'de' y	diciembre de 2022	marzo de 2023		year=numeric,month=long	diciembre de 2022|marzo de 2023|year=numeric,month=long,day=numeric
es	PYM_medium	{"temporal":"PlainYearMonth","dateStyle":"medium"}	MMM y	dic 2022	mar 2023		year=numeric,month=short	
es	PYM_short	{"temporal":"PlainYearMonth","dateStyle":"short"}	M/yy	12/22	3/23		year=2-digit,month=numeric	
es	PMD_full	{"temporal":"PlainMonthDay","dateStyle":"full"}	d 'de' MMMM	24 de diciembre	6 de marzo		month=long,day=numeric	
es	PMD_long	{"temporal":"PlainMonthDay","dateStyle":"long"}	d 'de' MMMM	24 de diciembre	6 de marzo		month=long,day=numeric	
es	PMD_medium	{"temporal":"PlainMonthDay","dateStyle":"medium"}	d MMM	24 dic	6 mar		month=short,day=numeric	
es	PMD_short	{"temporal":"PlainMonthDay","dateStyle":"short"}	d/M	24/12	6/3		month=numeric,day=numeric	
es	PD_full	{"temporal":"PlainDate","dateStyle":"full"}	EEEE, d 'de' MMMM 'de' y	s\u00e1bado, 24 de diciembre de 2022	lunes, 6 de marzo de 2023		dateStyle=full	
es	PD_short	{"temporal":"PlainDate","dateStyle":"short"}	d/M/yy	24/12/22	6/3/23		dateStyle=short	
es	PT_full	{"temporal":"PlainTime","timeStyle":"full"}	H:mm:ss	15:07:09	9:04:05		hour=numeric,minute=2-digit,second=2-digit,hourCycle=h23	
es	PT_long	{"temporal":"PlainTime","timeStyle":"long"}	H:mm:ss	15:07:09	9:04:05		hour=numeric,minute=2-digit,second=2-digit,hourCycle=h23	
es	PT_medium	{"temporal":"PlainTime","timeStyle":"medium"}	H:mm:ss	15:07:09	9:04:05		timeStyle=medium,hourCycle=h23	
es	PDT_full_full	{"temporal":"PlainDateTime","dateStyle":"full","timeStyle":"full"}	EEEE, d 'de' MMMM 'de' y, H:mm:ss	s\u00e1bado, 24 de diciembre de 2022, 15:07:09	lunes, 6 de marzo de 2023, 9:04:05		weekday=long,year=numeric,month=long,day=numeric,hour=numeric,minute=2-digit,second=2-digit,hourCycle=h23	
es	PDT_long_long	{"temporal":"PlainDateTime","dateStyle":"long","timeStyle":"long"}	d 'de' MMMM 'de' y 'a' 'las' H:mm:ss	24 de diciembre de 2022 a las 15:07:09	6 de marzo de 2023 a las 9:04:05		year=numeric,month=long,day=numeric,hour=numeric,minute=2-digit,second=2-digit,hourCycle=h23	
es	PDT_short_full	{"temporal":"PlainDateTime","dateStyle":"short","timeStyle":"full"}	d/M/yy, H:mm:ss	24/12/22, 15:07:09	6/3/23, 9:04:05		year=2-digit,month=numeric,day=numeric,hour=numeric,minute=2-digit,second=2-digit,hourCycle=h23	
es	PDT_medium_medium	{"temporal":"PlainDateTime","dateStyle":"medium","timeStyle":"medium"}	d MMM y, H:mm:ss	24 dic 2022, 15:07:09	6 mar 2023, 9:04:05		dateStyle=medium,timeStyle=medium,hourCycle=h23	
es-MX	d_full	{"dateStyle":"full"}	EEEE, d 'de' MMMM 'de' y	s\u00e1bado, 24 de diciembre de 2022	lunes, 6 de marzo de 2023		dateStyle=full	
es-MX	d_long	{"dateStyle":"long"}	d 'de' MMMM 'de' y	24 de diciembre de 2022	6 de marzo de 2023		dateStyle=long	
es-MX	d_medium	{"dateStyle":"medium"}	d MMM y	24 dic 2022	6 mar 2023		dateStyle=medium	
es-MX	d_short	{"dateStyle":"short"}	dd/MM/yy	24/12/22	06/03/23		dateStyle=short	
es-MX	t_full	{"timeStyle":"full"}	h:mm:ss\u202fa zzzz	3:07:09 p.m. hora universal coordinada	9:04:05 a.m. hora universal coordinada	hora universal coordinada	timeStyle=full,hourCycle=h12	
es-MX	t_long	{"timeStyle":"long"}	h:mm:ss\u202fa z	3:07:09 p.m. UTC	9:04:05 a.m. UTC	UTC	timeStyle=long,hourCycle=h12	
es-MX	t_medium	{"timeStyle":"medium"}	h:mm:ss\u202fa	3:07:09 p.m.	9:04:05 a.m.		timeStyle=medium,hourCycle=h12	
es-MX	t_short	{"timeStyle":"short"}	h:mm\u202fa	3:07 p.m.	9:04 a.m.		timeStyle=short,hourCycle=h12	
es-MX	dt_full_full	{"dateStyle":"full","timeStyle":"full"}	EEEE, d 'de' MMMM 'de' y, h:mm:ss\u202fa zzzz	s\u00e1bado, 24 de diciembre de 2022, 3:07:09 p.m. hora universal coordinada	lunes, 6 de marzo de 2023, 9:04:05 a.m. hora universal coordinada	hora universal coordinada	dateStyle=full,timeStyle=full,hourCycle=h12	
es-MX	dt_full_long	{"dateStyle":"full","timeStyle":"long"}	EEEE, d 'de' MMMM 'de' y, h:mm:ss\u202fa z	s\u00e1bado, 24 de diciembre de 2022, 3:07:09 p.m. UTC	lunes, 6 de marzo de 2023, 9:04:05 a.m. UTC	UTC	dateStyle=full,timeStyle=long,hourCycle=h12	
es-MX	dt_full_medium	{"dateStyle":"full","timeStyle":"medium"}	EEEE, d 'de' MMMM 'de' y, h:mm:ss\u202fa	s\u00e1bado, 24 de diciembre de 2022, 3:07:09 p.m.	lunes, 6 de marzo de 2023, 9:04:05 a.m.		dateStyle=full,timeStyle=medium,hourCycle=h12	
es-MX	dt_full_short	{"dateStyle":"full","timeStyle":"short"}	EEEE, d 'de' MMMM 'de' y, h:mm\u202fa	s\u00e1bado, 24 de diciembre de 2022, 3:07 p.m.	lunes, 6 de marzo de 2023, 9:04 a.m.		dateStyle=full,timeStyle=short,hourCycle=h12	
es-MX	dt_long_full	{"dateStyle":"long","timeStyle":"full"}	d 'de' MMMM 'de' y 'a' 'las' h:mm:ss\u202fa zzzz	24 de diciembre de 2022 a las 3:07:09 p.m. hora universal coordinada	6 de marzo de 2023 a las 9:04:05 a.m. hora universal coordinada	hora universal coordinada	dateStyle=long,timeStyle=full,hourCycle=h12	
es-MX	dt_long_long	{"dateStyle":"long","timeStyle":"long"}	d 'de' MMMM 'de' y 'a' 'las' h:mm:ss\u202fa z	24 de diciembre de 2022 a las 3:07:09 p.m. UTC	6 de marzo de 2023 a las 9:04:05 a.m. UTC	UTC	dateStyle=long,timeStyle=long,hourCycle=h12	
es-MX	dt_long_medium	{"dateStyle":"long","timeStyle":"medium"}	d 'de' MMMM 'de' y 'a' 'las' h:mm:ss\u202fa	24 de diciembre de 2022 a las 3:07:09 p.m.	6 de marzo de 2023 a las 9:04:05 a.m.		dateStyle=long,timeStyle=medium,hourCycle=h12	
es-MX	dt_long_short	{"dateStyle":"long","timeStyle":"short"}	d 'de' MMMM 'de' y 'a' 'las' h:mm\u202fa	24 de diciembre de 2022 a las 3:07 p.m.	6 de marzo de 2023 a las 9:04 a.m.		dateStyle=long,timeStyle=short,hourCycle=h12	
es-MX	dt_medium_full	{"dateStyle":"medium","timeStyle":"full"}	d MMM y, h:mm:ss\u202fa zzzz	24 dic 2022, 3:07:09 p.m. hora universal coordinada	6 mar 2023, 9:04:05 a.m. hora universal coordinada	hora universal coordinada	dateStyle=medium,timeStyle=full,hourCycle=h12	
es-MX	dt_medium_long	{"dateStyle":"medium","timeStyle":"long"}	d MMM y, h:mm:ss\u202fa z	24 dic 2022, 3:07:09 p.m. UTC	6 mar 2023, 9:04:05 a.m. UTC	UTC	dateStyle=medium,timeStyle=long,hourCycle=h12	
es-MX	dt_medium_medium	{"dateStyle":"medium","timeStyle":"medium"}	d MMM y, h:mm:ss\u202fa	24 dic 2022, 3:07:09 p.m.	6 mar 2023, 9:04:05 a.m.		dateStyle=medium,timeStyle=medium,hourCycle=h12	
es-MX	dt_medium_short	{"dateStyle":"medium","timeStyle":"short"}	d MMM y, h:mm\u202fa	24 dic 2022, 3:07 p.m.	6 mar 2023, 9:04 a.m.		dateStyle=medium,timeStyle=short,hourCycle=h12	
es-MX	dt_short_full	{"dateStyle":"short","timeStyle":"full"}	dd/MM/yy, h:mm:ss\u202fa zzzz	24/12/22, 3:07:09 p.m. hora universal coordinada	06/03/23, 9:04:05 a.m. hora universal coordinada	hora universal coordinada	dateStyle=short,timeStyle=full,hourCycle=h12	
es-MX	dt_short_long	{"dateStyle":"short","timeStyle":"long"}	dd/MM/yy, h:mm:ss\u202fa z	24/12/22, 3:07:09 p.m. UTC	06/03/23, 9:04:05 a.m. UTC	UTC	dateStyle=short,timeStyle=long,hourCycle=h12	
es-MX	dt_short_medium	{"dateStyle":"short","timeStyle":"medium"}	dd/MM/yy, h:mm:ss\u202fa	24/12/22, 3:07:09 p.m.	06/03/23, 9:04:05 a.m.		dateStyle=short,timeStyle=medium,hourCycle=h12	
es-MX	dt_short_short	{"dateStyle":"short","timeStyle":"short"}	dd/MM/yy, h:mm\u202fa	24/12/22, 3:07 p.m.	06/03/23, 9:04 a.m.		dateStyle=short,timeStyle=short,hourCycle=h12	
es-MX	t_short_h23	{"timeStyle":"short","hourCycle":"h23"}	HH:mm	15:07	09:04		timeStyle=short,hourCycle=h23	
es-MX	t_short_h12	{"timeStyle":"short","hourCycle":"h12"}	h:mm\u202fa	3:07 p.m.	9:04 a.m.		timeStyle=short,hourCycle=h12	
es-MX	t_short_h11	{"timeStyle":"short","hourCycle":"h11"}	K:mm\u202fa	3:07 p.m.	9:04 a.m.		timeStyle=short,hourCycle=h11	
es-MX	t_short_h24	{"timeStyle":"short","hourCycle":"h24"}	kk:mm	15:07	09:04		timeStyle=short,hourCycle=h24	
es-MX	t_medium_12	{"timeStyle":"medium","hour12":true}	h:mm:ss\u202fa	3:07:09 p.m.	9:04:05 a.m.		timeStyle=medium,hourCycle=h12	
es-MX	t_medium_24	{"timeStyle":"medium","hour12":false}	HH:mm:ss	15:07:09	09:04:05		timeStyle=medium,hourCycle=h23	
es-MX	t_full_h23	{"timeStyle":"full","hourCycle":"h23"}	HH:mm:ss zzzz	15:07:09 hora universal coordinada	09:04:05 hora universal coordinada	hora universal coordinada	timeStyle=full,hourCycle=h23	
es-MX	t_long_h12	{"timeStyle":"long","hourCycle":"h12"}	h:mm:ss\u202fa z	3:07:09 p.m. UTC	9:04:05 a.m. UTC	UTC	timeStyle=long,hourCycle=h12	
es-MX	dt_full_short_h23	{"dateStyle":"full","timeStyle":"short","hourCycle":"h23"}	EEEE, d 'de' MMMM 'de' y, HH:mm	s\u00e1bado, 24 de diciembre de 2022, 15:07	lunes, 6 de marzo de 2023, 09:04		dateStyle=full,timeStyle=short,hourCycle=h23	
es-MX	dt_short_medium_h12	{"dateStyle":"short","timeStyle":"medium","hourCycle":"h12"}	dd/MM/yy, h:mm:ss\u202fa	24/12/22, 3:07:09 p.m.	06/03/23, 9:04:05 a.m.		dateStyle=short,timeStyle=medium,hourCycle=h12	
es-MX	dt_long_long_12	{"dateStyle":"long","timeStyle":"long","hour12":true}	d 'de' MMMM 'de' y 'a' 'las' h:mm:ss\u202fa z	24 de diciembre de 2022 a las 3:07:09 p.m. UTC	6 de marzo de 2023 a las 9:04:05 a.m. UTC	UTC	dateStyle=long,timeStyle=long,hourCycle=h12	
es-MX	dt_medium_full_24	{"dateStyle":"medium","timeStyle":"full","hour12":false}	d MMM y, HH:mm:ss zzzz	24 dic 2022, 15:07:09 hora universal coordinada	6 mar 2023, 09:04:05 hora universal coordinada	hora universal coordinada	dateStyle=medium,timeStyle=full,hourCycle=h23	
es-MX	PYM_full	{"temporal":"PlainYearMonth","dateStyle":"full"}	MMMM 'de' y	diciembre de 2022	marzo de 2023		year=numeric,month=long	diciembre de 2022|marzo de 2023|year=numeric,month=long,day=numeric
es-MX	PYM_long	{"temporal":"PlainYearMonth","dateStyle":"long"}	MMMM 'de' y	diciembre de 2022	marzo de 2023		year=numeric,month=long	diciembre de 2022|marzo de 2023|year=numeric,month=long,day=numeric
es-MX	PYM_medium	{"temporal":"PlainYearMonth","dateStyle":"medium"}	MMM y	dic 2022	mar 2023		year=numeric,month=short	
es-MX	PYM_short	{"temporal":"PlainYearMonth","dateStyle":"short"}	MM/yy	12/22	03/23		year=2-digit,month=2-digit	
es-MX	PMD_full	{"temporal":"PlainMonthDay","dateStyle":"full"}	d 'de' MMMM	24 de diciembre	6 de marzo		month=long,day=numeric	
es-MX	PMD_long	{"temporal":"PlainMonthDay","dateStyle":"long"}	d 'de' MMMM	24 de diciembre	6 de marzo		month=long,day=numeric	
es-MX	PMD_medium	{"temporal":"PlainMonthDay","dateStyle":"medium"}	d MMM	24 dic	6 mar		month=short,day=numeric	
es-MX	PMD_short	{"temporal":"PlainMonthDay","dateStyle":"short"}	dd/MM	24/12	06/03		month=2-digit,day=2-digit	
es-MX	PD_full	{"temporal":"PlainDate","dateStyle":"full"}	EEEE, d 'de' MMMM 'de' y	s\u00e1bado, 24 de diciembre de 2022	lunes, 6 de marzo de 2023		dateStyle=full	
es-MX	PD_short	{"temporal":"PlainDate","dateStyle":"short"}	dd/MM/yy	24/12/22	06/03/23		dateStyle=short	
es-MX	PT_full	{"temporal":"PlainTime","timeStyle":"full"}	h:mm:ss\u202fa	3:07:09 p.m.	9:04:05 a.m.		hour=numeric,minute=2-digit,second=2-digit,hourCycle=h12	
es-MX	PT_long	{"temporal":"PlainTime","timeStyle":"long"}	h:mm:ss\u202fa	3:07:09 p.m.	9:04:05 a.m.		hour=numeric,minute=2-digit,second=2-digit,hourCycle=h12	
es-MX	PT_medium	{"temporal":"PlainTime","timeStyle":"medium"}	h:mm:ss\u202fa	3:07:09 p.m.	9:04:05 a.m.		timeStyle=medium,hourCycle=h12	
es-MX	PDT_full_full	{"temporal":"PlainDateTime","dateStyle":"full","timeStyle":"full"}	EEEE, d 'de' MMMM 'de' y, h:mm:ss\u202fa	s\u00e1bado, 24 de diciembre de 2022, 3:07:09 p.m.	lunes, 6 de marzo de 2023, 9:04:05 a.m.		weekday=long,year=numeric,month=long,day=numeric,hour=numeric,minute=2-digit,second=2-digit,hourCycle=h12	
es-MX	PDT_long_long	{"temporal":"PlainDateTime","dateStyle":"long","timeStyle":"long"}	d 'de' MMMM 'de' y 'a' 'las' h:mm:ss\u202fa	24 de diciembre de 2022 a las 3:07:09 p.m.	6 de marzo de 2023 a las 9:04:05 a.m.		year=numeric,month=long,day=numeric,hour=numeric,minute=2-digit,second=2-digit,hourCycle=h12	
es-MX	PDT_short_full	{"temporal":"PlainDateTime","dateStyle":"short","timeStyle":"full"}	dd/MM/yy, h:mm:ss\u202fa	24/12/22, 3:07:09 p.m.	06/03/23, 9:04:05 a.m.		year=2-digit,month=2-digit,day=2-digit,hour=numeric,minute=2-digit,second=2-digit,hourCycle=h12	
es-MX	PDT_medium_medium	{"temporal":"PlainDateTime","dateStyle":"medium","timeStyle":"medium"}	d MMM y, h:mm:ss\u202fa	24 dic 2022, 3:07:09 p.m.	6 mar 2023, 9:04:05 a.m.		dateStyle=medium,timeStyle=medium,hourCycle=h12	
et	d_full	{"dateStyle":"full"}	EEEE, d. MMMM y	laup\u00e4ev, 24. detsember 2022	esmasp\u00e4ev, 6. m\u00e4rts 2023		dateStyle=full	
et	d_long	{"dateStyle":"long"}	d. MMMM y	24. detsember 2022	6. m\u00e4rts 2023		dateStyle=long	
et	d_medium	{"dateStyle":"medium"}	d. MMM y	24. dets 2022	6. m\u00e4rts 2023		dateStyle=medium	
et	d_short	{"dateStyle":"short"}	dd.MM.yy	24.12.22	06.03.23		dateStyle=short	
et	t_full	{"timeStyle":"full"}	HH:mm:ss zzzz	15:07:09 Koordineeritud maailmaaeg	09:04:05 Koordineeritud maailmaaeg	Koordineeritud maailmaaeg	timeStyle=full,hourCycle=h23	
et	t_long	{"timeStyle":"long"}	HH:mm:ss z	15:07:09 UTC	09:04:05 UTC	UTC	timeStyle=long,hourCycle=h23	
et	t_medium	{"timeStyle":"medium"}	HH:mm:ss	15:07:09	09:04:05		timeStyle=medium,hourCycle=h23	
et	t_short	{"timeStyle":"short"}	HH:mm	15:07	09:04		timeStyle=short,hourCycle=h23	
et	dt_full_full	{"dateStyle":"full","timeStyle":"full"}	EEEE, d. MMMM y, 'kell' HH:mm:ss zzzz	laup\u00e4ev, 24. detsember 2022, kell 15:07:09 Koordineeritud maailmaaeg	esmasp\u00e4ev, 6. m\u00e4rts 2023, kell 09:04:05 Koordineeritud maailmaaeg	Koordineeritud maailmaaeg	dateStyle=full,timeStyle=full,hourCycle=h23	
et	dt_full_long	{"dateStyle":"full","timeStyle":"long"}	EEEE, d. MMMM y, 'kell' HH:mm:ss z	laup\u00e4ev, 24. detsember 2022, kell 15:07:09 UTC	esmasp\u00e4ev, 6. m\u00e4rts 2023, kell 09:04:05 UTC	UTC	dateStyle=full,timeStyle=long,hourCycle=h23	
et	dt_full_medium	{"dateStyle":"full","timeStyle":"medium"}	EEEE, d. MMMM y, 'kell' HH:mm:ss	laup\u00e4ev, 24. detsember 2022, kell 15:07:09	esmasp\u00e4ev, 6. m\u00e4rts 2023, kell 09:04:05		dateStyle=full,timeStyle=medium,hourCycle=h23	
et	dt_full_short	{"dateStyle":"full","timeStyle":"short"}	EEEE, d. MMMM y, 'kell' HH:mm	laup\u00e4ev, 24. detsember 2022, kell 15:07	esmasp\u00e4ev, 6. m\u00e4rts 2023, kell 09:04		dateStyle=full,timeStyle=short,hourCycle=h23	
et	dt_long_full	{"dateStyle":"long","timeStyle":"full"}	d. MMMM y, 'kell' HH:mm:ss zzzz	24. detsember 2022, kell 15:07:09 Koordineeritud maailmaaeg	6. m\u00e4rts 2023, kell 09:04:05 Koordineeritud maailmaaeg	Koordineeritud maailmaaeg	dateStyle=long,timeStyle=full,hourCycle=h23	
et	dt_long_long	{"dateStyle":"long","timeStyle":"long"}	d. MMMM y, 'kell' HH:mm:ss z	24. detsember 2022, kell 15:07:09 UTC	6. m\u00e4rts 2023, kell 09:04:05 UTC	UTC	dateStyle=long,timeStyle=long,hourCycle=h23	
et	dt_long_medium	{"dateStyle":"long","timeStyle":"medium"}	d. MMMM y, 'kell' HH:mm:ss	24. detsember 2022, kell 15:07:09	6. m\u00e4rts 2023, kell 09:04:05		dateStyle=long,timeStyle=medium,hourCycle=h23	
et	dt_long_short	{"dateStyle":"long","timeStyle":"short"}	d. MMMM y, 'kell' HH:mm	24. detsember 2022, kell 15:07	6. m\u00e4rts 2023, kell 09:04		dateStyle=long,timeStyle=short,hourCycle=h23	
et	dt_medium_full	{"dateStyle":"medium","timeStyle":"full"}	d. MMM y, HH:mm:ss zzzz	24. dets 2022, 15:07:09 Koordineeritud maailmaaeg	6. m\u00e4rts 2023, 09:04:05 Koordineeritud maailmaaeg	Koordineeritud maailmaaeg	dateStyle=medium,timeStyle=full,hourCycle=h23	
et	dt_medium_long	{"dateStyle":"medium","timeStyle":"long"}	d. MMM y, HH:mm:ss z	24. dets 2022, 15:07:09 UTC	6. m\u00e4rts 2023, 09:04:05 UTC	UTC	dateStyle=medium,timeStyle=long,hourCycle=h23	
et	dt_medium_medium	{"dateStyle":"medium","timeStyle":"medium"}	d. MMM y, HH:mm:ss	24. dets 2022, 15:07:09	6. m\u00e4rts 2023, 09:04:05		dateStyle=medium,timeStyle=medium,hourCycle=h23	
et	dt_medium_short	{"dateStyle":"medium","timeStyle":"short"}	d. MMM y, HH:mm	24. dets 2022, 15:07	6. m\u00e4rts 2023, 09:04		dateStyle=medium,timeStyle=short,hourCycle=h23	
et	dt_short_full	{"dateStyle":"short","timeStyle":"full"}	dd.MM.yy, HH:mm:ss zzzz	24.12.22, 15:07:09 Koordineeritud maailmaaeg	06.03.23, 09:04:05 Koordineeritud maailmaaeg	Koordineeritud maailmaaeg	dateStyle=short,timeStyle=full,hourCycle=h23	
et	dt_short_long	{"dateStyle":"short","timeStyle":"long"}	dd.MM.yy, HH:mm:ss z	24.12.22, 15:07:09 UTC	06.03.23, 09:04:05 UTC	UTC	dateStyle=short,timeStyle=long,hourCycle=h23	
et	dt_short_medium	{"dateStyle":"short","timeStyle":"medium"}	dd.MM.yy, HH:mm:ss	24.12.22, 15:07:09	06.03.23, 09:04:05		dateStyle=short,timeStyle=medium,hourCycle=h23	
et	dt_short_short	{"dateStyle":"short","timeStyle":"short"}	dd.MM.yy, HH:mm	24.12.22, 15:07	06.03.23, 09:04		dateStyle=short,timeStyle=short,hourCycle=h23	
et	t_short_h23	{"timeStyle":"short","hourCycle":"h23"}	HH:mm	15:07	09:04		timeStyle=short,hourCycle=h23	
et	t_short_h12	{"timeStyle":"short","hourCycle":"h12"}	hh:mm\u202fa	03:07 PM	09:04 AM		timeStyle=short,hourCycle=h12	
et	t_short_h11	{"timeStyle":"short","hourCycle":"h11"}	KK:mm\u202fa	03:07 PM	09:04 AM		timeStyle=short,hourCycle=h11	
et	t_short_h24	{"timeStyle":"short","hourCycle":"h24"}	kk:mm	15:07	09:04		timeStyle=short,hourCycle=h24	
et	t_medium_12	{"timeStyle":"medium","hour12":true}	hh:mm:ss\u202fa	03:07:09 PM	09:04:05 AM		timeStyle=medium,hourCycle=h12	
et	t_medium_24	{"timeStyle":"medium","hour12":false}	HH:mm:ss	15:07:09	09:04:05		timeStyle=medium,hourCycle=h23	
et	t_full_h23	{"timeStyle":"full","hourCycle":"h23"}	HH:mm:ss zzzz	15:07:09 Koordineeritud maailmaaeg	09:04:05 Koordineeritud maailmaaeg	Koordineeritud maailmaaeg	timeStyle=full,hourCycle=h23	
et	t_long_h12	{"timeStyle":"long","hourCycle":"h12"}	hh:mm:ss\u202fa z	03:07:09 PM UTC	09:04:05 AM UTC	UTC	timeStyle=long,hourCycle=h12	
et	dt_full_short_h23	{"dateStyle":"full","timeStyle":"short","hourCycle":"h23"}	EEEE, d. MMMM y, 'kell' HH:mm	laup\u00e4ev, 24. detsember 2022, kell 15:07	esmasp\u00e4ev, 6. m\u00e4rts 2023, kell 09:04		dateStyle=full,timeStyle=short,hourCycle=h23	
et	dt_short_medium_h12	{"dateStyle":"short","timeStyle":"medium","hourCycle":"h12"}	dd.MM.yy, hh:mm:ss\u202fa	24.12.22, 03:07:09 PM	06.03.23, 09:04:05 AM		dateStyle=short,timeStyle=medium,hourCycle=h12	
et	dt_long_long_12	{"dateStyle":"long","timeStyle":"long","hour12":true}	d. MMMM y, 'kell' hh:mm:ss\u202fa z	24. detsember 2022, kell 03:07:09 PM UTC	6. m\u00e4rts 2023, kell 09:04:05 AM UTC	UTC	dateStyle=long,timeStyle=long,hourCycle=h12	
et	dt_medium_full_24	{"dateStyle":"medium","timeStyle":"full","hour12":false}	d. MMM y, HH:mm:ss zzzz	24. dets 2022, 15:07:09 Koordineeritud maailmaaeg	6. m\u00e4rts 2023, 09:04:05 Koordineeritud maailmaaeg	Koordineeritud maailmaaeg	dateStyle=medium,timeStyle=full,hourCycle=h23	
et	PYM_full	{"temporal":"PlainYearMonth","dateStyle":"full"}	MMMM y	detsember 2022	m\u00e4rts 2023		year=numeric,month=long	
et	PYM_long	{"temporal":"PlainYearMonth","dateStyle":"long"}	MMMM y	detsember 2022	m\u00e4rts 2023		year=numeric,month=long	
et	PYM_medium	{"temporal":"PlainYearMonth","dateStyle":"medium"}	MMM y	dets 2022	m\u00e4rts 2023		year=numeric,month=short	
et	PYM_short	{"temporal":"PlainYearMonth","dateStyle":"short"}	MM.yy	12.22	03.23		year=2-digit,month=2-digit	
et	PMD_full	{"temporal":"PlainMonthDay","dateStyle":"full"}	d. MMMM	24. detsember	6. m\u00e4rts		month=long,day=numeric	
et	PMD_long	{"temporal":"PlainMonthDay","dateStyle":"long"}	d. MMMM	24. detsember	6. m\u00e4rts		month=long,day=numeric	
et	PMD_medium	{"temporal":"PlainMonthDay","dateStyle":"medium"}	d. MMM	24. dets	6. m\u00e4rts		month=short,day=numeric	
et	PMD_short	{"temporal":"PlainMonthDay","dateStyle":"short"}	dd.MM	24.12	06.03		month=2-digit,day=2-digit	
et	PD_full	{"temporal":"PlainDate","dateStyle":"full"}	EEEE, d. MMMM y	laup\u00e4ev, 24. detsember 2022	esmasp\u00e4ev, 6. m\u00e4rts 2023		dateStyle=full	
et	PD_short	{"temporal":"PlainDate","dateStyle":"short"}	dd.MM.yy	24.12.22	06.03.23		dateStyle=short	
et	PT_full	{"temporal":"PlainTime","timeStyle":"full"}	HH:mm:ss	15:07:09	09:04:05		hour=2-digit,minute=2-digit,second=2-digit,hourCycle=h23	
et	PT_long	{"temporal":"PlainTime","timeStyle":"long"}	HH:mm:ss	15:07:09	09:04:05		hour=2-digit,minute=2-digit,second=2-digit,hourCycle=h23	
et	PT_medium	{"temporal":"PlainTime","timeStyle":"medium"}	HH:mm:ss	15:07:09	09:04:05		timeStyle=medium,hourCycle=h23	
et	PDT_full_full	{"temporal":"PlainDateTime","dateStyle":"full","timeStyle":"full"}	EEEE, d. MMMM y, 'kell' HH:mm:ss	laup\u00e4ev, 24. detsember 2022, kell 15:07:09	esmasp\u00e4ev, 6. m\u00e4rts 2023, kell 09:04:05		weekday=long,year=numeric,month=long,day=numeric,hour=2-digit,minute=2-digit,second=2-digit,hourCycle=h23	
et	PDT_long_long	{"temporal":"PlainDateTime","dateStyle":"long","timeStyle":"long"}	d. MMMM y, 'kell' HH:mm:ss	24. detsember 2022, kell 15:07:09	6. m\u00e4rts 2023, kell 09:04:05		year=numeric,month=long,day=numeric,hour=2-digit,minute=2-digit,second=2-digit,hourCycle=h23	
et	PDT_short_full	{"temporal":"PlainDateTime","dateStyle":"short","timeStyle":"full"}	dd.MM.yy, HH:mm:ss	24.12.22, 15:07:09	06.03.23, 09:04:05		year=2-digit,month=2-digit,day=2-digit,hour=2-digit,minute=2-digit,second=2-digit,hourCycle=h23	
et	PDT_medium_medium	{"temporal":"PlainDateTime","dateStyle":"medium","timeStyle":"medium"}	d. MMM y, HH:mm:ss	24. dets 2022, 15:07:09	6. m\u00e4rts 2023, 09:04:05		dateStyle=medium,timeStyle=medium,hourCycle=h23	
fa	d_full	{"dateStyle":"full"}	EEEE d MMMM y	\u0634\u0646\u0628\u0647 24 \u062f\u0633\u0627\u0645\u0628\u0631 2022	\u062f\u0648\u0634\u0646\u0628\u0647 6 \u0645\u0627\u0631\u0633 2023		dateStyle=full	
fa	d_long	{"dateStyle":"long"}	d MMMM y	24 \u062f\u0633\u0627\u0645\u0628\u0631 2022	6 \u0645\u0627\u0631\u0633 2023		dateStyle=long	
fa	d_medium	{"dateStyle":"medium"}	d MMM y	24 \u062f\u0633\u0627\u0645\u0628\u0631 2022	6 \u0645\u0627\u0631\u0633 2023		dateStyle=medium	
fa	d_short	{"dateStyle":"short"}	y/M/d	2022/12/24	2023/3/6		dateStyle=short	
fa	t_full	{"timeStyle":"full"}	H:mm:ss (zzzz)	15:07:09 (\u0632\u0645\u0627\u0646 \u0647\u0645\u0627\u0647\u0646\u06af \u062c\u0647\u0627\u0646\u06cc)	9:04:05 (\u0632\u0645\u0627\u0646 \u0647\u0645\u0627\u0647\u0646\u06af \u062c\u0647\u0627\u0646\u06cc)	\u0632\u0645\u0627\u0646 \u0647\u0645\u0627\u0647\u0646\u06af \u062c\u0647\u0627\u0646\u06cc	timeStyle=full,hourCycle=h23	
fa	t_long	{"timeStyle":"long"}	H:mm:ss (z)	15:07:09 (UTC)	9:04:05 (UTC)	UTC	timeStyle=long,hourCycle=h23	
fa	t_medium	{"timeStyle":"medium"}	H:mm:ss	15:07:09	9:04:05		timeStyle=medium,hourCycle=h23	
fa	t_short	{"timeStyle":"short"}	H:mm	15:07	9:04		timeStyle=short,hourCycle=h23	
fa	dt_full_full	{"dateStyle":"full","timeStyle":"full"}	EEEE d MMMM y \u0633\u0627\u0639\u062a H:mm:ss (zzzz)	\u0634\u0646\u0628\u0647 24 \u062f\u0633\u0627\u0645\u0628\u0631 2022 \u0633\u0627\u0639\u062a 15:07:09 (\u0632\u0645\u0627\u0646 \u0647\u0645\u0627\u0647\u0646\u06af \u062c\u0647\u0627\u0646\u06cc)	\u062f\u0648\u0634\u0646\u0628\u0647 6 \u0645\u0627\u0631\u0633 2023 \u0633\u0627\u0639\u062a 9:04:05 (\u0632\u0645\u0627\u0646 \u0647\u0645\u0627\u0647\u0646\u06af \u062c\u0647\u0627\u0646\u06cc)	\u0632\u0645\u0627\u0646 \u0647\u0645\u0627\u0647\u0646\u06af \u062c\u0647\u0627\u0646\u06cc	dateStyle=full,timeStyle=full,hourCycle=h23	
fa	dt_full_long	{"dateStyle":"full","timeStyle":"long"}	EEEE d MMMM y \u0633\u0627\u0639\u062a H:mm:ss (z)	\u0634\u0646\u0628\u0647 24 \u062f\u0633\u0627\u0645\u0628\u0631 2022 \u0633\u0627\u0639\u062a 15:07:09 (UTC)	\u062f\u0648\u0634\u0646\u0628\u0647 6 \u0645\u0627\u0631\u0633 2023 \u0633\u0627\u0639\u062a 9:04:05 (UTC)	UTC	dateStyle=full,timeStyle=long,hourCycle=h23	
fa	dt_full_medium	{"dateStyle":"full","timeStyle":"medium"}	EEEE d MMMM y \u0633\u0627\u0639\u062a H:mm:ss	\u0634\u0646\u0628\u0647 24 \u062f\u0633\u0627\u0645\u0628\u0631 2022 \u0633\u0627\u0639\u062a 15:07:09	\u062f\u0648\u0634\u0646\u0628\u0647 6 \u0645\u0627\u0631\u0633 2023 \u0633\u0627\u0639\u062a 9:04:05		dateStyle=full,timeStyle=medium,hourCycle=h23	
fa	dt_full_short	{"dateStyle":"full","timeStyle":"short"}	EEEE d MMMM y \u0633\u0627\u0639\u062a H:mm	\u0634\u0646\u0628\u0647 24 \u062f\u0633\u0627\u0645\u0628\u0631 2022 \u0633\u0627\u0639\u062a 15:07	\u062f\u0648\u0634\u0646\u0628\u0647 6 \u0645\u0627\u0631\u0633 2023 \u0633\u0627\u0639\u062a 9:04		dateStyle=full,timeStyle=short,hourCycle=h23	
fa	dt_long_full	{"dateStyle":"long","timeStyle":"full"}	d MMMM y \u0633\u0627\u0639\u062a H:mm:ss (zzzz)	24 \u062f\u0633\u0627\u0645\u0628\u0631 2022 \u0633\u0627\u0639\u062a 15:07:09 (\u0632\u0645\u0627\u0646 \u0647\u0645\u0627\u0647\u0646\u06af \u062c\u0647\u0627\u0646\u06cc)	6 \u0645\u0627\u0631\u0633 2023 \u0633\u0627\u0639\u062a 9:04:05 (\u0632\u0645\u0627\u0646 \u0647\u0645\u0627\u0647\u0646\u06af \u062c\u0647\u0627\u0646\u06cc)	\u0632\u0645\u0627\u0646 \u0647\u0645\u0627\u0647\u0646\u06af \u062c\u0647\u0627\u0646\u06cc	dateStyle=long,timeStyle=full,hourCycle=h23	
fa	dt_long_long	{"dateStyle":"long","timeStyle":"long"}	d MMMM y \u0633\u0627\u0639\u062a H:mm:ss (z)	24 \u062f\u0633\u0627\u0645\u0628\u0631 2022 \u0633\u0627\u0639\u062a 15:07:09 (UTC)	6 \u0645\u0627\u0631\u0633 2023 \u0633\u0627\u0639\u062a 9:04:05 (UTC)	UTC	dateStyle=long,timeStyle=long,hourCycle=h23	
fa	dt_long_medium	{"dateStyle":"long","timeStyle":"medium"}	d MMMM y \u0633\u0627\u0639\u062a H:mm:ss	24 \u062f\u0633\u0627\u0645\u0628\u0631 2022 \u0633\u0627\u0639\u062a 15:07:09	6 \u0645\u0627\u0631\u0633 2023 \u0633\u0627\u0639\u062a 9:04:05		dateStyle=long,timeStyle=medium,hourCycle=h23	
fa	dt_long_short	{"dateStyle":"long","timeStyle":"short"}	d MMMM y \u0633\u0627\u0639\u062a H:mm	24 \u062f\u0633\u0627\u0645\u0628\u0631 2022 \u0633\u0627\u0639\u062a 15:07	6 \u0645\u0627\u0631\u0633 2023 \u0633\u0627\u0639\u062a 9:04		dateStyle=long,timeStyle=short,hourCycle=h23	
fa	dt_medium_full	{"dateStyle":"medium","timeStyle":"full"}	d MMM y\u060c H:mm:ss (zzzz)	24 \u062f\u0633\u0627\u0645\u0628\u0631 2022\u060c 15:07:09 (\u0632\u0645\u0627\u0646 \u0647\u0645\u0627\u0647\u0646\u06af \u062c\u0647\u0627\u0646\u06cc)	6 \u0645\u0627\u0631\u0633 2023\u060c 9:04:05 (\u0632\u0645\u0627\u0646 \u0647\u0645\u0627\u0647\u0646\u06af \u062c\u0647\u0627\u0646\u06cc)	\u0632\u0645\u0627\u0646 \u0647\u0645\u0627\u0647\u0646\u06af \u062c\u0647\u0627\u0646\u06cc	dateStyle=medium,timeStyle=full,hourCycle=h23	
fa	dt_medium_long	{"dateStyle":"medium","timeStyle":"long"}	d MMM y\u060c H:mm:ss (z)	24 \u062f\u0633\u0627\u0645\u0628\u0631 2022\u060c 15:07:09 (UTC)	6 \u0645\u0627\u0631\u0633 2023\u060c 9:04:05 (UTC)	UTC	dateStyle=medium,timeStyle=long,hourCycle=h23	
fa	dt_medium_medium	{"dateStyle":"medium","timeStyle":"medium"}	d MMM y\u060c H:mm:ss	24 \u062f\u0633\u0627\u0645\u0628\u0631 2022\u060c 15:07:09	6 \u0645\u0627\u0631\u0633 2023\u060c 9:04:05		dateStyle=medium,timeStyle=medium,hourCycle=h23	
fa	dt_medium_short	{"dateStyle":"medium","timeStyle":"short"}	d MMM y\u060c H:mm	24 \u062f\u0633\u0627\u0645\u0628\u0631 2022\u060c 15:07	6 \u0645\u0627\u0631\u0633 2023\u060c 9:04		dateStyle=medium,timeStyle=short,hourCycle=h23	
fa	dt_short_full	{"dateStyle":"short","timeStyle":"full"}	y/M/d, H:mm:ss (zzzz)	2022/12/24, 15:07:09 (\u0632\u0645\u0627\u0646 \u0647\u0645\u0627\u0647\u0646\u06af \u062c\u0647\u0627\u0646\u06cc)	2023/3/6, 9:04:05 (\u0632\u0645\u0627\u0646 \u0647\u0645\u0627\u0647\u0646\u06af \u062c\u0647\u0627\u0646\u06cc)	\u0632\u0645\u0627\u0646 \u0647\u0645\u0627\u0647\u0646\u06af \u062c\u0647\u0627\u0646\u06cc	dateStyle=short,timeStyle=full,hourCycle=h23	
fa	dt_short_long	{"dateStyle":"short","timeStyle":"long"}	y/M/d, H:mm:ss (z)	2022/12/24, 15:07:09 (UTC)	2023/3/6, 9:04:05 (UTC)	UTC	dateStyle=short,timeStyle=long,hourCycle=h23	
fa	dt_short_medium	{"dateStyle":"short","timeStyle":"medium"}	y/M/d, H:mm:ss	2022/12/24, 15:07:09	2023/3/6, 9:04:05		dateStyle=short,timeStyle=medium,hourCycle=h23	
fa	dt_short_short	{"dateStyle":"short","timeStyle":"short"}	y/M/d, H:mm	2022/12/24, 15:07	2023/3/6, 9:04		dateStyle=short,timeStyle=short,hourCycle=h23	
fa	t_short_h23	{"timeStyle":"short","hourCycle":"h23"}	H:mm	15:07	9:04		timeStyle=short,hourCycle=h23	
fa	t_short_h12	{"timeStyle":"short","hourCycle":"h12"}	h:mm a	3:07 \u0628.\u0638.	9:04 \u0642.\u0638.		timeStyle=short,hourCycle=h12	
fa	t_short_h11	{"timeStyle":"short","hourCycle":"h11"}	K:mm a	3:07 \u0628.\u0638.	9:04 \u0642.\u0638.		timeStyle=short,hourCycle=h11	
fa	t_short_h24	{"timeStyle":"short","hourCycle":"h24"}	k:mm	15:07	9:04		timeStyle=short,hourCycle=h24	
fa	t_medium_12	{"timeStyle":"medium","hour12":true}	h:mm:ss a	3:07:09 \u0628.\u0638.	9:04:05 \u0642.\u0638.		timeStyle=medium,hourCycle=h12	
fa	t_medium_24	{"timeStyle":"medium","hour12":false}	H:mm:ss	15:07:09	9:04:05		timeStyle=medium,hourCycle=h23	
fa	t_full_h23	{"timeStyle":"full","hourCycle":"h23"}	H:mm:ss (zzzz)	15:07:09 (\u0632\u0645\u0627\u0646 \u0647\u0645\u0627\u0647\u0646\u06af \u062c\u0647\u0627\u0646\u06cc)	9:04:05 (\u0632\u0645\u0627\u0646 \u0647\u0645\u0627\u0647\u0646\u06af \u062c\u0647\u0627\u0646\u06cc)	\u0632\u0645\u0627\u0646 \u0647\u0645\u0627\u0647\u0646\u06af \u062c\u0647\u0627\u0646\u06cc	timeStyle=full,hourCycle=h23	
fa	t_long_h12	{"timeStyle":"long","hourCycle":"h12"}	h:mm:ss a z	3:07:09 \u0628.\u0638. UTC	9:04:05 \u0642.\u0638. UTC	UTC	timeStyle=long,hourCycle=h12	
fa	dt_full_short_h23	{"dateStyle":"full","timeStyle":"short","hourCycle":"h23"}	EEEE d MMMM y \u0633\u0627\u0639\u062a H:mm	\u0634\u0646\u0628\u0647 24 \u062f\u0633\u0627\u0645\u0628\u0631 2022 \u0633\u0627\u0639\u062a 15:07	\u062f\u0648\u0634\u0646\u0628\u0647 6 \u0645\u0627\u0631\u0633 2023 \u0633\u0627\u0639\u062a 9:04		dateStyle=full,timeStyle=short,hourCycle=h23	
fa	dt_short_medium_h12	{"dateStyle":"short","timeStyle":"medium","hourCycle":"h12"}	y/M/d, h:mm:ss a	2022/12/24, 3:07:09 \u0628.\u0638.	2023/3/6, 9:04:05 \u0642.\u0638.		dateStyle=short,timeStyle=medium,hourCycle=h12	
fa	dt_long_long_12	{"dateStyle":"long","timeStyle":"long","hour12":true}	d MMMM y \u0633\u0627\u0639\u062a h:mm:ss a z	24 \u062f\u0633\u0627\u0645\u0628\u0631 2022 \u0633\u0627\u0639\u062a 3:07:09 \u0628.\u0638. UTC	6 \u0645\u0627\u0631\u0633 2023 \u0633\u0627\u0639\u062a 9:04:05 \u0642.\u0638. UTC	UTC	dateStyle=long,timeStyle=long,hourCycle=h12	
fa	dt_medium_full_24	{"dateStyle":"medium","timeStyle":"full","hour12":false}	d MMM y\u060c H:mm:ss (zzzz)	24 \u062f\u0633\u0627\u0645\u0628\u0631 2022\u060c 15:07:09 (\u0632\u0645\u0627\u0646 \u0647\u0645\u0627\u0647\u0646\u06af \u062c\u0647\u0627\u0646\u06cc)	6 \u0645\u0627\u0631\u0633 2023\u060c 9:04:05 (\u0632\u0645\u0627\u0646 \u0647\u0645\u0627\u0647\u0646\u06af \u062c\u0647\u0627\u0646\u06cc)	\u0632\u0645\u0627\u0646 \u0647\u0645\u0627\u0647\u0646\u06af \u062c\u0647\u0627\u0646\u06cc	dateStyle=medium,timeStyle=full,hourCycle=h23	
fa	PYM_full	{"temporal":"PlainYearMonth","dateStyle":"full"}	MMMM y	\u062f\u0633\u0627\u0645\u0628\u0631 2022	\u0645\u0627\u0631\u0633 2023		year=numeric,month=long	
fa	PYM_long	{"temporal":"PlainYearMonth","dateStyle":"long"}	MMMM y	\u062f\u0633\u0627\u0645\u0628\u0631 2022	\u0645\u0627\u0631\u0633 2023		year=numeric,month=long	
fa	PYM_medium	{"temporal":"PlainYearMonth","dateStyle":"medium"}	MMM y	\u062f\u0633\u0627\u0645\u0628\u0631 2022	\u0645\u0627\u0631\u0633 2023		year=numeric,month=short	
fa	PYM_short	{"temporal":"PlainYearMonth","dateStyle":"short"}	y/M	2022/12	2023/3		year=numeric,month=numeric	
fa	PMD_full	{"temporal":"PlainMonthDay","dateStyle":"full"}	d LLLL	24 \u062f\u0633\u0627\u0645\u0628\u0631	6 \u0645\u0627\u0631\u0633		month=long,day=numeric	
fa	PMD_long	{"temporal":"PlainMonthDay","dateStyle":"long"}	d LLLL	24 \u062f\u0633\u0627\u0645\u0628\u0631	6 \u0645\u0627\u0631\u0633		month=long,day=numeric	
fa	PMD_medium	{"temporal":"PlainMonthDay","dateStyle":"medium"}	d LLL	24 \u062f\u0633\u0627\u0645\u0628\u0631	6 \u0645\u0627\u0631\u0633		month=short,day=numeric	
fa	PMD_short	{"temporal":"PlainMonthDay","dateStyle":"short"}	M/d	12/24	3/6		month=numeric,day=numeric	
fa	PD_full	{"temporal":"PlainDate","dateStyle":"full"}	EEEE d MMMM y	\u0634\u0646\u0628\u0647 24 \u062f\u0633\u0627\u0645\u0628\u0631 2022	\u062f\u0648\u0634\u0646\u0628\u0647 6 \u0645\u0627\u0631\u0633 2023		dateStyle=full	
fa	PD_short	{"temporal":"PlainDate","dateStyle":"short"}	y/M/d	2022/12/24	2023/3/6		dateStyle=short	
fa	PT_full	{"temporal":"PlainTime","timeStyle":"full"}	H:mm:ss	15:07:09	9:04:05		hour=numeric,minute=2-digit,second=2-digit,hourCycle=h23	
fa	PT_long	{"temporal":"PlainTime","timeStyle":"long"}	H:mm:ss	15:07:09	9:04:05		hour=numeric,minute=2-digit,second=2-digit,hourCycle=h23	
fa	PT_medium	{"temporal":"PlainTime","timeStyle":"medium"}	H:mm:ss	15:07:09	9:04:05		timeStyle=medium,hourCycle=h23	
fa	PDT_full_full	{"temporal":"PlainDateTime","dateStyle":"full","timeStyle":"full"}	EEEE d MMMM y \u0633\u0627\u0639\u062a H:mm:ss	\u0634\u0646\u0628\u0647 24 \u062f\u0633\u0627\u0645\u0628\u0631 2022 \u0633\u0627\u0639\u062a 15:07:09	\u062f\u0648\u0634\u0646\u0628\u0647 6 \u0645\u0627\u0631\u0633 2023 \u0633\u0627\u0639\u062a 9:04:05		weekday=long,year=numeric,month=long,day=numeric,hour=numeric,minute=2-digit,second=2-digit,hourCycle=h23	
fa	PDT_long_long	{"temporal":"PlainDateTime","dateStyle":"long","timeStyle":"long"}	d MMMM y \u0633\u0627\u0639\u062a H:mm:ss	24 \u062f\u0633\u0627\u0645\u0628\u0631 2022 \u0633\u0627\u0639\u062a 15:07:09	6 \u0645\u0627\u0631\u0633 2023 \u0633\u0627\u0639\u062a 9:04:05		year=numeric,month=long,day=numeric,hour=numeric,minute=2-digit,second=2-digit,hourCycle=h23	
fa	PDT_short_full	{"temporal":"PlainDateTime","dateStyle":"short","timeStyle":"full"}	y/M/d, H:mm:ss	2022/12/24, 15:07:09	2023/3/6, 9:04:05		year=numeric,month=numeric,day=numeric,hour=numeric,minute=2-digit,second=2-digit,hourCycle=h23	
fa	PDT_medium_medium	{"temporal":"PlainDateTime","dateStyle":"medium","timeStyle":"medium"}	d MMM y\u060c H:mm:ss	24 \u062f\u0633\u0627\u0645\u0628\u0631 2022\u060c 15:07:09	6 \u0645\u0627\u0631\u0633 2023\u060c 9:04:05		dateStyle=medium,timeStyle=medium,hourCycle=h23	
fi	d_full	{"dateStyle":"full"}	cccc d. MMMM y	lauantai 24. joulukuuta 2022	maanantai 6. maaliskuuta 2023		dateStyle=full	
fi	d_long	{"dateStyle":"long"}	d. MMMM y	24. joulukuuta 2022	6. maaliskuuta 2023		dateStyle=long	
fi	d_medium	{"dateStyle":"medium"}	d.M.y	24.12.2022	6.3.2023		dateStyle=medium	
fi	d_short	{"dateStyle":"short"}	d.M.y	24.12.2022	6.3.2023		dateStyle=short	
fi	t_full	{"timeStyle":"full"}	H.mm.ss zzzz	15.07.09 UTC-yleisaika	9.04.05 UTC-yleisaika	UTC-yleisaika	timeStyle=full,hourCycle=h23	
fi	t_long	{"timeStyle":"long"}	H.mm.ss z	15.07.09 UTC	9.04.05 UTC	UTC	timeStyle=long,hourCycle=h23	
fi	t_medium	{"timeStyle":"medium"}	H.mm.ss	15.07.09	9.04.05		timeStyle=medium,hourCycle=h23	
fi	t_short	{"timeStyle":"short"}	H.mm	15.07	9.04		timeStyle=short,hourCycle=h23	
fi	dt_full_full	{"dateStyle":"full","timeStyle":"full"}	cccc d. MMMM y 'klo' H.mm.ss zzzz	lauantai 24. joulukuuta 2022 klo 15.07.09 UTC-yleisaika	maanantai 6. maaliskuuta 2023 klo 9.04.05 UTC-yleisaika	UTC-yleisaika	dateStyle=full,timeStyle=full,hourCycle=h23	
fi	dt_full_long	{"dateStyle":"full","timeStyle":"long"}	cccc d. MMMM y 'klo' H.mm.ss z	lauantai 24. joulukuuta 2022 klo 15.07.09 UTC	maanantai 6. maaliskuuta 2023 klo 9.04.05 UTC	UTC	dateStyle=full,timeStyle=long,hourCycle=h23	
fi	dt_full_medium	{"dateStyle":"full","timeStyle":"medium"}	cccc d. MMMM y 'klo' H.mm.ss	lauantai 24. joulukuuta 2022 klo 15.07.09	maanantai 6. maaliskuuta 2023 klo 9.04.05		dateStyle=full,timeStyle=medium,hourCycle=h23	
fi	dt_full_short	{"dateStyle":"full","timeStyle":"short"}	cccc d. MMMM y 'klo' H.mm	lauantai 24. joulukuuta 2022 klo 15.07	maanantai 6. maaliskuuta 2023 klo 9.04		dateStyle=full,timeStyle=short,hourCycle=h23	
fi	dt_long_full	{"dateStyle":"long","timeStyle":"full"}	d. MMMM y 'klo' H.mm.ss zzzz	24. joulukuuta 2022 klo 15.07.09 UTC-yleisaika	6. maaliskuuta 2023 klo 9.04.05 UTC-yleisaika	UTC-yleisaika	dateStyle=long,timeStyle=full,hourCycle=h23	
fi	dt_long_long	{"dateStyle":"long","timeStyle":"long"}	d. MMMM y 'klo' H.mm.ss z	24. joulukuuta 2022 klo 15.07.09 UTC	6. maaliskuuta 2023 klo 9.04.05 UTC	UTC	dateStyle=long,timeStyle=long,hourCycle=h23	
fi	dt_long_medium	{"dateStyle":"long","timeStyle":"medium"}	d. MMMM y 'klo' H.mm.ss	24. joulukuuta 2022 klo 15.07.09	6. maaliskuuta 2023 klo 9.04.05		dateStyle=long,timeStyle=medium,hourCycle=h23	
fi	dt_long_short	{"dateStyle":"long","timeStyle":"short"}	d. MMMM y 'klo' H.mm	24. joulukuuta 2022 klo 15.07	6. maaliskuuta 2023 klo 9.04		dateStyle=long,timeStyle=short,hourCycle=h23	
fi	dt_medium_full	{"dateStyle":"medium","timeStyle":"full"}	d.M.y 'klo' H.mm.ss zzzz	24.12.2022 klo 15.07.09 UTC-yleisaika	6.3.2023 klo 9.04.05 UTC-yleisaika	UTC-yleisaika	dateStyle=medium,timeStyle=full,hourCycle=h23	
fi	dt_medium_long	{"dateStyle":"medium","timeStyle":"long"}	d.M.y 'klo' H.mm.ss z	24.12.2022 klo 15.07.09 UTC	6.3.2023 klo 9.04.05 UTC	UTC	dateStyle=medium,timeStyle=long,hourCycle=h23	
fi	dt_medium_medium	{"dateStyle":"medium","timeStyle":"medium"}	d.M.y 'klo' H.mm.ss	24.12.2022 klo 15.07.09	6.3.2023 klo 9.04.05		dateStyle=medium,timeStyle=medium,hourCycle=h23	
fi	dt_medium_short	{"dateStyle":"medium","timeStyle":"short"}	d.M.y 'klo' H.mm	24.12.2022 klo 15.07	6.3.2023 klo 9.04		dateStyle=medium,timeStyle=short,hourCycle=h23	
fi	dt_short_full	{"dateStyle":"short","timeStyle":"full"}	d.M.y 'klo' H.mm.ss zzzz	24.12.2022 klo 15.07.09 UTC-yleisaika	6.3.2023 klo 9.04.05 UTC-yleisaika	UTC-yleisaika	dateStyle=short,timeStyle=full,hourCycle=h23	
fi	dt_short_long	{"dateStyle":"short","timeStyle":"long"}	d.M.y 'klo' H.mm.ss z	24.12.2022 klo 15.07.09 UTC	6.3.2023 klo 9.04.05 UTC	UTC	dateStyle=short,timeStyle=long,hourCycle=h23	
fi	dt_short_medium	{"dateStyle":"short","timeStyle":"medium"}	d.M.y 'klo' H.mm.ss	24.12.2022 klo 15.07.09	6.3.2023 klo 9.04.05		dateStyle=short,timeStyle=medium,hourCycle=h23	
fi	dt_short_short	{"dateStyle":"short","timeStyle":"short"}	d.M.y 'klo' H.mm	24.12.2022 klo 15.07	6.3.2023 klo 9.04		dateStyle=short,timeStyle=short,hourCycle=h23	
fi	t_short_h23	{"timeStyle":"short","hourCycle":"h23"}	H.mm	15.07	9.04		timeStyle=short,hourCycle=h23	
fi	t_short_h12	{"timeStyle":"short","hourCycle":"h12"}	h.mm\u202fa	3.07 ip.	9.04 ap.		timeStyle=short,hourCycle=h12	
fi	t_short_h11	{"timeStyle":"short","hourCycle":"h11"}	K.mm\u202fa	3.07 ip.	9.04 ap.		timeStyle=short,hourCycle=h11	
fi	t_short_h24	{"timeStyle":"short","hourCycle":"h24"}	k.mm	15.07	9.04		timeStyle=short,hourCycle=h24	
fi	t_medium_12	{"timeStyle":"medium","hour12":true}	h.mm.ss\u202fa	3.07.09 ip.	9.04.05 ap.		timeStyle=medium,hourCycle=h12	
fi	t_medium_24	{"timeStyle":"medium","hour12":false}	H.mm.ss	15.07.09	9.04.05		timeStyle=medium,hourCycle=h23	
fi	t_full_h23	{"timeStyle":"full","hourCycle":"h23"}	H.mm.ss zzzz	15.07.09 UTC-yleisaika	9.04.05 UTC-yleisaika	UTC-yleisaika	timeStyle=full,hourCycle=h23	
fi	t_long_h12	{"timeStyle":"long","hourCycle":"h12"}	h.mm.ss\u202fa z	3.07.09 ip. UTC	9.04.05 ap. UTC	UTC	timeStyle=long,hourCycle=h12	
fi	dt_full_short_h23	{"dateStyle":"full","timeStyle":"short","hourCycle":"h23"}	cccc d. MMMM y 'klo' H.mm	lauantai 24. joulukuuta 2022 klo 15.07	maanantai 6. maaliskuuta 2023 klo 9.04		dateStyle=full,timeStyle=short,hourCycle=h23	
fi	dt_short_medium_h12	{"dateStyle":"short","timeStyle":"medium","hourCycle":"h12"}	d.M.y 'klo' h.mm.ss\u202fa	24.12.2022 klo 3.07.09 ip.	6.3.2023 klo 9.04.05 ap.		dateStyle=short,timeStyle=medium,hourCycle=h12	
fi	dt_long_long_12	{"dateStyle":"long","timeStyle":"long","hour12":true}	d. MMMM y 'klo' h.mm.ss\u202fa z	24. joulukuuta 2022 klo 3.07.09 ip. UTC	6. maaliskuuta 2023 klo 9.04.05 ap. UTC	UTC	dateStyle=long,timeStyle=long,hourCycle=h12	
fi	dt_medium_full_24	{"dateStyle":"medium","timeStyle":"full","hour12":false}	d.M.y 'klo' H.mm.ss zzzz	24.12.2022 klo 15.07.09 UTC-yleisaika	6.3.2023 klo 9.04.05 UTC-yleisaika	UTC-yleisaika	dateStyle=medium,timeStyle=full,hourCycle=h23	
fi	PYM_full	{"temporal":"PlainYearMonth","dateStyle":"full"}	LLLL y	joulukuu 2022	maaliskuu 2023		year=numeric,month=long	
fi	PYM_long	{"temporal":"PlainYearMonth","dateStyle":"long"}	LLLL y	joulukuu 2022	maaliskuu 2023		year=numeric,month=long	
fi	PYM_medium	{"temporal":"PlainYearMonth","dateStyle":"medium"}	L.y	12.2022	3.2023		year=numeric,month=numeric	
fi	PYM_short	{"temporal":"PlainYearMonth","dateStyle":"short"}	L.y	12.2022	3.2023		year=numeric,month=numeric	
fi	PMD_full	{"temporal":"PlainMonthDay","dateStyle":"full"}	d. MMMM	24. joulukuuta	6. maaliskuuta		month=long,day=numeric	
fi	PMD_long	{"temporal":"PlainMonthDay","dateStyle":"long"}	d. MMMM	24. joulukuuta	6. maaliskuuta		month=long,day=numeric	
fi	PMD_medium	{"temporal":"PlainMonthDay","dateStyle":"medium"}	d.M.	24.12.	6.3.		month=numeric,day=numeric	
fi	PMD_short	{"temporal":"PlainMonthDay","dateStyle":"short"}	d.M.	24.12.	6.3.		month=numeric,day=numeric	
fi	PD_full	{"temporal":"PlainDate","dateStyle":"full"}	cccc d. MMMM y	lauantai 24. joulukuuta 2022	maanantai 6. maaliskuuta 2023		dateStyle=full	
fi	PD_short	{"temporal":"PlainDate","dateStyle":"short"}	d.M.y	24.12.2022	6.3.2023		dateStyle=short	
fi	PT_full	{"temporal":"PlainTime","timeStyle":"full"}	H.mm.ss	15.07.09	9.04.05		hour=numeric,minute=2-digit,second=2-digit,hourCycle=h23	
fi	PT_long	{"temporal":"PlainTime","timeStyle":"long"}	H.mm.ss	15.07.09	9.04.05		hour=numeric,minute=2-digit,second=2-digit,hourCycle=h23	
fi	PT_medium	{"temporal":"PlainTime","timeStyle":"medium"}	H.mm.ss	15.07.09	9.04.05		timeStyle=medium,hourCycle=h23	
fi	PDT_full_full	{"temporal":"PlainDateTime","dateStyle":"full","timeStyle":"full"}	EEEE d. MMMM y 'klo' H.mm.ss	lauantaina 24. joulukuuta 2022 klo 15.07.09	maanantaina 6. maaliskuuta 2023 klo 9.04.05		weekday=long,year=numeric,month=long,day=numeric,hour=numeric,minute=2-digit,second=2-digit,hourCycle=h23	
fi	PDT_long_long	{"temporal":"PlainDateTime","dateStyle":"long","timeStyle":"long"}	d. MMMM y 'klo' H.mm.ss	24. joulukuuta 2022 klo 15.07.09	6. maaliskuuta 2023 klo 9.04.05		year=numeric,month=long,day=numeric,hour=numeric,minute=2-digit,second=2-digit,hourCycle=h23	
fi	PDT_short_full	{"temporal":"PlainDateTime","dateStyle":"short","timeStyle":"full"}	d.M.y 'klo' H.mm.ss	24.12.2022 klo 15.07.09	6.3.2023 klo 9.04.05		year=numeric,month=numeric,day=numeric,hour=numeric,minute=2-digit,second=2-digit,hourCycle=h23	
fi	PDT_medium_medium	{"temporal":"PlainDateTime","dateStyle":"medium","timeStyle":"medium"}	d.M.y 'klo' H.mm.ss	24.12.2022 klo 15.07.09	6.3.2023 klo 9.04.05		dateStyle=medium,timeStyle=medium,hourCycle=h23	
fil	d_full	{"dateStyle":"full"}	EEEE, MMMM d, y	Sabado, Disyembre 24, 2022	Lunes, Marso 6, 2023		dateStyle=full	
fil	d_long	{"dateStyle":"long"}	MMMM d, y	Disyembre 24, 2022	Marso 6, 2023		dateStyle=long	
fil	d_medium	{"dateStyle":"medium"}	MMM d, y	Dis 24, 2022	Mar 6, 2023		dateStyle=medium	
fil	d_short	{"dateStyle":"short"}	M/d/yy	12/24/22	3/6/23		dateStyle=short	
fil	t_full	{"timeStyle":"full"}	h:mm:ss\u202fa zzzz	3:07:09 PM Coordinated Universal Time	9:04:05 AM Coordinated Universal Time	Coordinated Universal Time	timeStyle=full,hourCycle=h12	
fil	t_long	{"timeStyle":"long"}	h:mm:ss\u202fa z	3:07:09 PM UTC	9:04:05 AM UTC	UTC	timeStyle=long,hourCycle=h12	
fil	t_medium	{"timeStyle":"medium"}	h:mm:ss\u202fa	3:07:09 PM	9:04:05 AM		timeStyle=medium,hourCycle=h12	
fil	t_short	{"timeStyle":"short"}	h:mm\u202fa	3:07 PM	9:04 AM		timeStyle=short,hourCycle=h12	
fil	dt_full_full	{"dateStyle":"full","timeStyle":"full"}	EEEE, MMMM d, y 'nang' h:mm:ss\u202fa zzzz	Sabado, Disyembre 24, 2022 nang 3:07:09 PM Coordinated Universal Time	Lunes, Marso 6, 2023 nang 9:04:05 AM Coordinated Universal Time	Coordinated Universal Time	dateStyle=full,timeStyle=full,hourCycle=h12	
fil	dt_full_long	{"dateStyle":"full","timeStyle":"long"}	EEEE, MMMM d, y 'nang' h:mm:ss\u202fa z	Sabado, Disyembre 24, 2022 nang 3:07:09 PM UTC	Lunes, Marso 6, 2023 nang 9:04:05 AM UTC	UTC	dateStyle=full,timeStyle=long,hourCycle=h12	
fil	dt_full_medium	{"dateStyle":"full","timeStyle":"medium"}	EEEE, MMMM d, y 'nang' h:mm:ss\u202fa	Sabado, Disyembre 24, 2022 nang 3:07:09 PM	Lunes, Marso 6, 2023 nang 9:04:05 AM		dateStyle=full,timeStyle=medium,hourCycle=h12	
fil	dt_full_short	{"dateStyle":"full","timeStyle":"short"}	EEEE, MMMM d, y 'nang' h:mm\u202fa	Sabado, Disyembre 24, 2022 nang 3:07 PM	Lunes, Marso 6, 2023 nang 9:04 AM		dateStyle=full,timeStyle=short,hourCycle=h12	
fil	dt_long_full	{"dateStyle":"long","timeStyle":"full"}	MMMM d, y 'nang' h:mm:ss\u202fa zzzz	Disyembre 24, 2022 nang 3:07:09 PM Coordinated Universal Time	Marso 6, 2023 nang 9:04:05 AM Coordinated Universal Time	Coordinated Universal Time	dateStyle=long,timeStyle=full,hourCycle=h12	
fil	dt_long_long	{"dateStyle":"long","timeStyle":"long"}	MMMM d, y 'nang' h:mm:ss\u202fa z	Disyembre 24, 2022 nang 3:07:09 PM UTC	Marso 6, 2023 nang 9:04:05 AM UTC	UTC	dateStyle=long,timeStyle=long,hourCycle=h12	
fil	dt_long_medium	{"dateStyle":"long","timeStyle":"medium"}	MMMM d, y 'nang' h:mm:ss\u202fa	Disyembre 24, 2022 nang 3:07:09 PM	Marso 6, 2023 nang 9:04:05 AM		dateStyle=long,timeStyle=medium,hourCycle=h12	
fil	dt_long_short	{"dateStyle":"long","timeStyle":"short"}	MMMM d, y 'nang' h:mm\u202fa	Disyembre 24, 2022 nang 3:07 PM	Marso 6, 2023 nang 9:04 AM		dateStyle=long,timeStyle=short,hourCycle=h12	
fil	dt_medium_full	{"dateStyle":"medium","timeStyle":"full"}	MMM d, y, h:mm:ss\u202fa zzzz	Dis 24, 2022, 3:07:09 PM Coordinated Universal Time	Mar 6, 2023, 9:04:05 AM Coordinated Universal Time	Coordinated Universal Time	dateStyle=medium,timeStyle=full,hourCycle=h12	
fil	dt_medium_long	{"dateStyle":"medium","timeStyle":"long"}	MMM d, y, h:mm:ss\u202fa z	Dis 24, 2022, 3:07:09 PM UTC	Mar 6, 2023, 9:04:05 AM UTC	UTC	dateStyle=medium,timeStyle=long,hourCycle=h12	
fil	dt_medium_medium	{"dateStyle":"medium","timeStyle":"medium"}	MMM d, y, h:mm:ss\u202fa	Dis 24, 2022, 3:07:09 PM	Mar 6, 2023, 9:04:05 AM		dateStyle=medium,timeStyle=medium,hourCycle=h12	
fil	dt_medium_short	{"dateStyle":"medium","timeStyle":"short"}	MMM d, y, h:mm\u202fa	Dis 24, 2022, 3:07 PM	Mar 6, 2023, 9:04 AM		dateStyle=medium,timeStyle=short,hourCycle=h12	
fil	dt_short_full	{"dateStyle":"short","timeStyle":"full"}	M/d/yy, h:mm:ss\u202fa zzzz	12/24/22, 3:07:09 PM Coordinated Universal Time	3/6/23, 9:04:05 AM Coordinated Universal Time	Coordinated Universal Time	dateStyle=short,timeStyle=full,hourCycle=h12	
fil	dt_short_long	{"dateStyle":"short","timeStyle":"long"}	M/d/yy, h:mm:ss\u202fa z	12/24/22, 3:07:09 PM UTC	3/6/23, 9:04:05 AM UTC	UTC	dateStyle=short,timeStyle=long,hourCycle=h12	
fil	dt_short_medium	{"dateStyle":"short","timeStyle":"medium"}	M/d/yy, h:mm:ss\u202fa	12/24/22, 3:07:09 PM	3/6/23, 9:04:05 AM		dateStyle=short,timeStyle=medium,hourCycle=h12	
fil	dt_short_short	{"dateStyle":"short","timeStyle":"short"}	M/d/yy, h:mm\u202fa	12/24/22, 3:07 PM	3/6/23, 9:04 AM		dateStyle=short,timeStyle=short,hourCycle=h12	
fil	t_short_h23	{"timeStyle":"short","hourCycle":"h23"}	HH:mm	15:07	09:04		timeStyle=short,hourCycle=h23	
fil	t_short_h12	{"timeStyle":"short","hourCycle":"h12"}	h:mm\u202fa	3:07 PM	9:04 AM		timeStyle=short,hourCycle=h12	
fil	t_short_h11	{"timeStyle":"short","hourCycle":"h11"}	K:mm\u202fa	3:07 PM	9:04 AM		timeStyle=short,hourCycle=h11	
fil	t_short_h24	{"timeStyle":"short","hourCycle":"h24"}	kk:mm	15:07	09:04		timeStyle=short,hourCycle=h24	
fil	t_medium_12	{"timeStyle":"medium","hour12":true}	h:mm:ss\u202fa	3:07:09 PM	9:04:05 AM		timeStyle=medium,hourCycle=h12	
fil	t_medium_24	{"timeStyle":"medium","hour12":false}	HH:mm:ss	15:07:09	09:04:05		timeStyle=medium,hourCycle=h23	
fil	t_full_h23	{"timeStyle":"full","hourCycle":"h23"}	HH:mm:ss zzzz	15:07:09 Coordinated Universal Time	09:04:05 Coordinated Universal Time	Coordinated Universal Time	timeStyle=full,hourCycle=h23	
fil	t_long_h12	{"timeStyle":"long","hourCycle":"h12"}	h:mm:ss\u202fa z	3:07:09 PM UTC	9:04:05 AM UTC	UTC	timeStyle=long,hourCycle=h12	
fil	dt_full_short_h23	{"dateStyle":"full","timeStyle":"short","hourCycle":"h23"}	EEEE, MMMM d, y 'nang' HH:mm	Sabado, Disyembre 24, 2022 nang 15:07	Lunes, Marso 6, 2023 nang 09:04		dateStyle=full,timeStyle=short,hourCycle=h23	
fil	dt_short_medium_h12	{"dateStyle":"short","timeStyle":"medium","hourCycle":"h12"}	M/d/yy, h:mm:ss\u202fa	12/24/22, 3:07:09 PM	3/6/23, 9:04:05 AM		dateStyle=short,timeStyle=medium,hourCycle=h12	
fil	dt_long_long_12	{"dateStyle":"long","timeStyle":"long","hour12":true}	MMMM d, y 'nang' h:mm:ss\u202fa z	Disyembre 24, 2022 nang 3:07:09 PM UTC	Marso 6, 2023 nang 9:04:05 AM UTC	UTC	dateStyle=long,timeStyle=long,hourCycle=h12	
fil	dt_medium_full_24	{"dateStyle":"medium","timeStyle":"full","hour12":false}	MMM d, y, HH:mm:ss zzzz	Dis 24, 2022, 15:07:09 Coordinated Universal Time	Mar 6, 2023, 09:04:05 Coordinated Universal Time	Coordinated Universal Time	dateStyle=medium,timeStyle=full,hourCycle=h23	
fil	PYM_full	{"temporal":"PlainYearMonth","dateStyle":"full"}	MMMM y	Disyembre 2022	Marso 2023		year=numeric,month=long	
fil	PYM_long	{"temporal":"PlainYearMonth","dateStyle":"long"}	MMMM y	Disyembre 2022	Marso 2023		year=numeric,month=long	
fil	PYM_medium	{"temporal":"PlainYearMonth","dateStyle":"medium"}	MMM y	Dis 2022	Mar 2023		year=numeric,month=short	
fil	PYM_short	{"temporal":"PlainYearMonth","dateStyle":"short"}	M/yy	12/22	3/23		year=2-digit,month=numeric	
fil	PMD_full	{"temporal":"PlainMonthDay","dateStyle":"full"}	MMMM d	Disyembre 24	Marso 6		month=long,day=numeric	
fil	PMD_long	{"temporal":"PlainMonthDay","dateStyle":"long"}	MMMM d	Disyembre 24	Marso 6		month=long,day=numeric	
fil	PMD_medium	{"temporal":"PlainMonthDay","dateStyle":"medium"}	MMM d	Dis 24	Mar 6		month=short,day=numeric	
fil	PMD_short	{"temporal":"PlainMonthDay","dateStyle":"short"}	M/d	12/24	3/6		month=numeric,day=numeric	
fil	PD_full	{"temporal":"PlainDate","dateStyle":"full"}	EEEE, MMMM d, y	Sabado, Disyembre 24, 2022	Lunes, Marso 6, 2023		dateStyle=full	
fil	PD_short	{"temporal":"PlainDate","dateStyle":"short"}	M/d/yy	12/24/22	3/6/23		dateStyle=short	
fil	PT_full	{"temporal":"PlainTime","timeStyle":"full"}	h:mm:ss\u202fa	3:07:09 PM	9:04:05 AM		hour=numeric,minute=2-digit,second=2-digit,hourCycle=h12	
fil	PT_long	{"temporal":"PlainTime","timeStyle":"long"}	h:mm:ss\u202fa	3:07:09 PM	9:04:05 AM		hour=numeric,minute=2-digit,second=2-digit,hourCycle=h12	
fil	PT_medium	{"temporal":"PlainTime","timeStyle":"medium"}	h:mm:ss\u202fa	3:07:09 PM	9:04:05 AM		timeStyle=medium,hourCycle=h12	
fil	PDT_full_full	{"temporal":"PlainDateTime","dateStyle":"full","timeStyle":"full"}	EEEE, MMMM d, y 'nang' h:mm:ss\u202fa	Sabado, Disyembre 24, 2022 nang 3:07:09 PM	Lunes, Marso 6, 2023 nang 9:04:05 AM		weekday=long,year=numeric,month=long,day=numeric,hour=numeric,minute=2-digit,second=2-digit,hourCycle=h12	
fil	PDT_long_long	{"temporal":"PlainDateTime","dateStyle":"long","timeStyle":"long"}	MMMM d, y 'nang' h:mm:ss\u202fa	Disyembre 24, 2022 nang 3:07:09 PM	Marso 6, 2023 nang 9:04:05 AM		year=numeric,month=long,day=numeric,hour=numeric,minute=2-digit,second=2-digit,hourCycle=h12	
fil	PDT_short_full	{"temporal":"PlainDateTime","dateStyle":"short","timeStyle":"full"}	M/d/yy, h:mm:ss\u202fa	12/24/22, 3:07:09 PM	3/6/23, 9:04:05 AM		year=2-digit,month=numeric,day=numeric,hour=numeric,minute=2-digit,second=2-digit,hourCycle=h12	
fil	PDT_medium_medium	{"temporal":"PlainDateTime","dateStyle":"medium","timeStyle":"medium"}	MMM d, y, h:mm:ss\u202fa	Dis 24, 2022, 3:07:09 PM	Mar 6, 2023, 9:04:05 AM		dateStyle=medium,timeStyle=medium,hourCycle=h12	
fr	d_full	{"dateStyle":"full"}	EEEE d MMMM y	samedi 24 d\u00e9cembre 2022	lundi 6 mars 2023		dateStyle=full	
fr	d_long	{"dateStyle":"long"}	d MMMM y	24 d\u00e9cembre 2022	6 mars 2023		dateStyle=long	
fr	d_medium	{"dateStyle":"medium"}	d MMM y	24 d\u00e9c. 2022	6 mars 2023		dateStyle=medium	
fr	d_short	{"dateStyle":"short"}	dd/MM/y	24/12/2022	06/03/2023		dateStyle=short	
fr	t_full	{"timeStyle":"full"}	HH:mm:ss zzzz	15:07:09 temps universel coordonn\u00e9	09:04:05 temps universel coordonn\u00e9	temps universel coordonn\u00e9	timeStyle=full,hourCycle=h23	
fr	t_long	{"timeStyle":"long"}	HH:mm:ss z	15:07:09 UTC	09:04:05 UTC	UTC	timeStyle=long,hourCycle=h23	
fr	t_medium	{"timeStyle":"medium"}	HH:mm:ss	15:07:09	09:04:05		timeStyle=medium,hourCycle=h23	
fr	t_short	{"timeStyle":"short"}	HH:mm	15:07	09:04		timeStyle=short,hourCycle=h23	
fr	dt_full_full	{"dateStyle":"full","timeStyle":"full"}	EEEE d MMMM y '\u00e0' HH:mm:ss zzzz	samedi 24 d\u00e9cembre 2022 \u00e0 15:07:09 temps universel coordonn\u00e9	lundi 6 mars 2023 \u00e0 09:04:05 temps universel coordonn\u00e9	temps universel coordonn\u00e9	dateStyle=full,timeStyle=full,hourCycle=h23	
fr	dt_full_long	{"dateStyle":"full","timeStyle":"long"}	EEEE d MMMM y '\u00e0' HH:mm:ss z	samedi 24 d\u00e9cembre 2022 \u00e0 15:07:09 UTC	lundi 6 mars 2023 \u00e0 09:04:05 UTC	UTC	dateStyle=full,timeStyle=long,hourCycle=h23	
fr	dt_full_medium	{"dateStyle":"full","timeStyle":"medium"}	EEEE d MMMM y '\u00e0' HH:mm:ss	samedi 24 d\u00e9cembre 2022 \u00e0 15:07:09	lundi 6 mars 2023 \u00e0 09:04:05		dateStyle=full,timeStyle=medium,hourCycle=h23	
fr	dt_full_short	{"dateStyle":"full","timeStyle":"short"}	EEEE d MMMM y '\u00e0' HH:mm	samedi 24 d\u00e9cembre 2022 \u00e0 15:07	lundi 6 mars 2023 \u00e0 09:04		dateStyle=full,timeStyle=short,hourCycle=h23	
fr	dt_long_full	{"dateStyle":"long","timeStyle":"full"}	d MMMM y '\u00e0' HH:mm:ss zzzz	24 d\u00e9cembre 2022 \u00e0 15:07:09 temps universel coordonn\u00e9	6 mars 2023 \u00e0 09:04:05 temps universel coordonn\u00e9	temps universel coordonn\u00e9	dateStyle=long,timeStyle=full,hourCycle=h23	
fr	dt_long_long	{"dateStyle":"long","timeStyle":"long"}	d MMMM y '\u00e0' HH:mm:ss z	24 d\u00e9cembre 2022 \u00e0 15:07:09 UTC	6 mars 2023 \u00e0 09:04:05 UTC	UTC	dateStyle=long,timeStyle=long,hourCycle=h23	
fr	dt_long_medium	{"dateStyle":"long","timeStyle":"medium"}	d MMMM y '\u00e0' HH:mm:ss	24 d\u00e9cembre 2022 \u00e0 15:07:09	6 mars 2023 \u00e0 09:04:05		dateStyle=long,timeStyle=medium,hourCycle=h23	
fr	dt_long_short	{"dateStyle":"long","timeStyle":"short"}	d MMMM y '\u00e0' HH:mm	24 d\u00e9cembre 2022 \u00e0 15:07	6 mars 2023 \u00e0 09:04		dateStyle=long,timeStyle=short,hourCycle=h23	
fr	dt_medium_full	{"dateStyle":"medium","timeStyle":"full"}	d MMM y, HH:mm:ss zzzz	24 d\u00e9c. 2022, 15:07:09 temps universel coordonn\u00e9	6 mars 2023, 09:04:05 temps universel coordonn\u00e9	temps universel coordonn\u00e9	dateStyle=medium,timeStyle=full,hourCycle=h23	
fr	dt_medium_long	{"dateStyle":"medium","timeStyle":"long"}	d MMM y, HH:mm:ss z	24 d\u00e9c. 2022, 15:07:09 UTC	6 mars 2023, 09:04:05 UTC	UTC	dateStyle=medium,timeStyle=long,hourCycle=h23	
fr	dt_medium_medium	{"dateStyle":"medium","timeStyle":"medium"}	d MMM y, HH:mm:ss	24 d\u00e9c. 2022, 15:07:09	6 mars 2023, 09:04:05		dateStyle=medium,timeStyle=medium,hourCycle=h23	
fr	dt_medium_short	{"dateStyle":"medium","timeStyle":"short"}	d MMM y, HH:mm	24 d\u00e9c. 2022, 15:07	6 mars 2023, 09:04		dateStyle=medium,timeStyle=short,hourCycle=h23	
fr	dt_short_full	{"dateStyle":"short","timeStyle":"full"}	dd/MM/y HH:mm:ss zzzz	24/12/2022 15:07:09 temps universel coordonn\u00e9	06/03/2023 09:04:05 temps universel coordonn\u00e9	temps universel coordonn\u00e9	dateStyle=short,timeStyle=full,hourCycle=h23	
fr	dt_short_long	{"dateStyle":"short","timeStyle":"long"}	dd/MM/y HH:mm:ss z	24/12/2022 15:07:09 UTC	06/03/2023 09:04:05 UTC	UTC	dateStyle=short,timeStyle=long,hourCycle=h23	
fr	dt_short_medium	{"dateStyle":"short","timeStyle":"medium"}	dd/MM/y HH:mm:ss	24/12/2022 15:07:09	06/03/2023 09:04:05		dateStyle=short,timeStyle=medium,hourCycle=h23	
fr	dt_short_short	{"dateStyle":"short","timeStyle":"short"}	dd/MM/y HH:mm	24/12/2022 15:07	06/03/2023 09:04		dateStyle=short,timeStyle=short,hourCycle=h23	
fr	t_short_h23	{"timeStyle":"short","hourCycle":"h23"}	HH:mm	15:07	09:04		timeStyle=short,hourCycle=h23	
fr	t_short_h12	{"timeStyle":"short","hourCycle":"h12"}	hh:mm\u202fa	03:07 PM	09:04 AM		timeStyle=short,hourCycle=h12	
fr	t_short_h11	{"timeStyle":"short","hourCycle":"h11"}	KK:mm\u202fa	03:07 PM	09:04 AM		timeStyle=short,hourCycle=h11	
fr	t_short_h24	{"timeStyle":"short","hourCycle":"h24"}	kk:mm	15:07	09:04		timeStyle=short,hourCycle=h24	
fr	t_medium_12	{"timeStyle":"medium","hour12":true}	hh:mm:ss\u202fa	03:07:09 PM	09:04:05 AM		timeStyle=medium,hourCycle=h12	
fr	t_medium_24	{"timeStyle":"medium","hour12":false}	HH:mm:ss	15:07:09	09:04:05		timeStyle=medium,hourCycle=h23	
fr	t_full_h23	{"timeStyle":"full","hourCycle":"h23"}	HH:mm:ss zzzz	15:07:09 temps universel coordonn\u00e9	09:04:05 temps universel coordonn\u00e9	temps universel coordonn\u00e9	timeStyle=full,hourCycle=h23	
fr	t_long_h12	{"timeStyle":"long","hourCycle":"h12"}	hh:mm:ss\u202fa z	03:07:09 PM UTC	09:04:05 AM UTC	UTC	timeStyle=long,hourCycle=h12	
fr	dt_full_short_h23	{"dateStyle":"full","timeStyle":"short","hourCycle":"h23"}	EEEE d MMMM y '\u00e0' HH:mm	samedi 24 d\u00e9cembre 2022 \u00e0 15:07	lundi 6 mars 2023 \u00e0 09:04		dateStyle=full,timeStyle=short,hourCycle=h23	
fr	dt_short_medium_h12	{"dateStyle":"short","timeStyle":"medium","hourCycle":"h12"}	dd/MM/y hh:mm:ss\u202fa	24/12/2022 03:07:09 PM	06/03/2023 09:04:05 AM		dateStyle=short,timeStyle=medium,hourCycle=h12	
fr	dt_long_long_12	{"dateStyle":"long","timeStyle":"long","hour12":true}	d MMMM y '\u00e0' hh:mm:ss\u202fa z	24 d\u00e9cembre 2022 \u00e0 03:07:09 PM UTC	6 mars 2023 \u00e0 09:04:05 AM UTC	UTC	dateStyle=long,timeStyle=long,hourCycle=h12	
fr	dt_medium_full_24	{"dateStyle":"medium","timeStyle":"full","hour12":false}	d MMM y, HH:mm:ss zzzz	24 d\u00e9c. 2022, 15:07:09 temps universel coordonn\u00e9	6 mars 2023, 09:04:05 temps universel coordonn\u00e9	temps universel coordonn\u00e9	dateStyle=medium,timeStyle=full,hourCycle=h23	
fr	PYM_full	{"temporal":"PlainYearMonth","dateStyle":"full"}	MMMM y	d\u00e9cembre 2022	mars 2023		year=numeric,month=long	
fr	PYM_long	{"temporal":"PlainYearMonth","dateStyle":"long"}	MMMM y	d\u00e9cembre 2022	mars 2023		year=numeric,month=long	
fr	PYM_medium	{"temporal":"PlainYearMonth","dateStyle":"medium"}	MMM y	d\u00e9c. 2022	mars 2023		year=numeric,month=short	
fr	PYM_short	{"temporal":"PlainYearMonth","dateStyle":"short"}	MM/y	12/2022	03/2023		year=numeric,month=2-digit	
fr	PMD_full	{"temporal":"PlainMonthDay","dateStyle":"full"}	d MMMM	24 d\u00e9cembre	6 mars		month=long,day=numeric	
fr	PMD_long	{"temporal":"PlainMonthDay","dateStyle":"long"}	d MMMM	24 d\u00e9cembre	6 mars		month=long,day=numeric	
fr	PMD_medium	{"temporal":"PlainMonthDay","dateStyle":"medium"}	d MMM	24 d\u00e9c.	6 mars		month=short,day=numeric	
fr	PMD_short	{"temporal":"PlainMonthDay","dateStyle":"short"}	dd/MM	24/12	06/03		month=2-digit,day=2-digit	
fr	PD_full	{"temporal":"PlainDate","dateStyle":"full"}	EEEE d MMMM y	samedi 24 d\u00e9cembre 2022	lundi 6 mars 2023		dateStyle=full	
fr	PD_short	{"temporal":"PlainDate","dateStyle":"short"}	dd/MM/y	24/12/2022	06/03/2023		dateStyle=short	
fr	PT_full	{"temporal":"PlainTime","timeStyle":"full"}	HH:mm:ss	15:07:09	09:04:05		hour=2-digit,minute=2-digit,second=2-digit,hourCycle=h23	
fr	PT_long	{"temporal":"PlainTime","timeStyle":"long"}	HH:mm:ss	15:07:09	09:04:05		hour=2-digit,minute=2-digit,second=2-digit,hourCycle=h23	
fr	PT_medium	{"temporal":"PlainTime","timeStyle":"medium"}	HH:mm:ss	15:07:09	09:04:05		timeStyle=medium,hourCycle=h23	
fr	PDT_full_full	{"temporal":"PlainDateTime","dateStyle":"full","timeStyle":"full"}	EEEE d MMMM y '\u00e0' HH:mm:ss	samedi 24 d\u00e9cembre 2022 \u00e0 15:07:09	lundi 6 mars 2023 \u00e0 09:04:05		weekday=long,year=numeric,month=long,day=numeric,hour=2-digit,minute=2-digit,second=2-digit,hourCycle=h23	
fr	PDT_long_long	{"temporal":"PlainDateTime","dateStyle":"long","timeStyle":"long"}	d MMMM y '\u00e0' HH:mm:ss	24 d\u00e9cembre 2022 \u00e0 15:07:09	6 mars 2023 \u00e0 09:04:05		year=numeric,month=long,day=numeric,hour=2-digit,minute=2-digit,second=2-digit,hourCycle=h23	
fr	PDT_short_full	{"temporal":"PlainDateTime","dateStyle":"short","timeStyle":"full"}	dd/MM/y HH:mm:ss	24/12/2022 15:07:09	06/03/2023 09:04:05		year=numeric,month=2-digit,day=2-digit,hour=2-digit,minute=2-digit,second=2-digit,hourCycle=h23	
fr	PDT_medium_medium	{"temporal":"PlainDateTime","dateStyle":"medium","timeStyle":"medium"}	d MMM y, HH:mm:ss	24 d\u00e9c. 2022, 15:07:09	6 mars 2023, 09:04:05		dateStyle=medium,timeStyle=medium,hourCycle=h23	
fr-CA	d_full	{"dateStyle":"full"}	EEEE d MMMM y	samedi 24 d\u00e9cembre 2022	lundi 6 mars 2023		dateStyle=full	
fr-CA	d_long	{"dateStyle":"long"}	d MMMM y	24 d\u00e9cembre 2022	6 mars 2023		dateStyle=long	
fr-CA	d_medium	{"dateStyle":"medium"}	d MMM y	24 d\u00e9c. 2022	6 mars 2023		dateStyle=medium	
fr-CA	d_short	{"dateStyle":"short"}	y-MM-dd	2022-12-24	2023-03-06		dateStyle=short	
fr-CA	t_full	{"timeStyle":"full"}	HH 'h' mm 'min' ss 's' zzzz	15 h 07 min 09 s temps universel coordonn\u00e9	09 h 04 min 05 s temps universel coordonn\u00e9	temps universel coordonn\u00e9	timeStyle=full,hourCycle=h23	
fr-CA	t_long	{"timeStyle":"long"}	HH 'h' mm 'min' ss 's' z	15 h 07 min 09 s UTC	09 h 04 min 05 s UTC	UTC	timeStyle=long,hourCycle=h23	
fr-CA	t_medium	{"timeStyle":"medium"}	HH 'h' mm 'min' ss 's'	15 h 07 min 09 s	09 h 04 min 05 s		timeStyle=medium,hourCycle=h23	
fr-CA	t_short	{"timeStyle":"short"}	HH 'h' mm	15 h 07	09 h 04		timeStyle=short,hourCycle=h23	
fr-CA	dt_full_full	{"dateStyle":"full","timeStyle":"full"}	EEEE d MMMM y '\u00e0' HH 'h' mm 'min' ss 's' zzzz	samedi 24 d\u00e9cembre 2022 \u00e0 15 h 07 min 09 s temps universel coordonn\u00e9	lundi 6 mars 2023 \u00e0 09 h 04 min 05 s temps universel coordonn\u00e9	temps universel coordonn\u00e9	dateStyle=full,timeStyle=full,hourCycle=h23	
fr-CA	dt_full_long	{"dateStyle":"full","timeStyle":"long"}	EEEE d MMMM y '\u00e0' HH 'h' mm 'min' ss 's' z	samedi 24 d\u00e9cembre 2022 \u00e0 15 h 07 min 09 s UTC	lundi 6 mars 2023 \u00e0 09 h 04 min 05 s UTC	UTC	dateStyle=full,timeStyle=long,hourCycle=h23	
fr-CA	dt_full_medium	{"dateStyle":"full","timeStyle":"medium"}	EEEE d MMMM y '\u00e0' HH 'h' mm 'min' ss 's'	samedi 24 d\u00e9cembre 2022 \u00e0 15 h 07 min 09 s	lundi 6 mars 2023 \u00e0 09 h 04 min 05 s		dateStyle=full,timeStyle=medium,hourCycle=h23	
fr-CA	dt_full_short	{"dateStyle":"full","timeStyle":"short"}	EEEE d MMMM y '\u00e0' HH 'h' mm	samedi 24 d\u00e9cembre 2022 \u00e0 15 h 07	lundi 6 mars 2023 \u00e0 09 h 04		dateStyle=full,timeStyle=short,hourCycle=h23	
fr-CA	dt_long_full	{"dateStyle":"long","timeStyle":"full"}	d MMMM y '\u00e0' HH 'h' mm 'min' ss 's' zzzz	24 d\u00e9cembre 2022 \u00e0 15 h 07 min 09 s temps universel coordonn\u00e9	6 mars 2023 \u00e0 09 h 04 min 05 s temps universel coordonn\u00e9	temps universel coordonn\u00e9	dateStyle=long,timeStyle=full,hourCycle=h23	
fr-CA	dt_long_long	{"dateStyle":"long","timeStyle":"long"}	d MMMM y '\u00e0' HH 'h' mm 'min' ss 's' z	24 d\u00e9cembre 2022 \u00e0 15 h 07 min 09 s UTC	6 mars 2023 \u00e0 09 h 04 min 05 s UTC	UTC	dateStyle=long,timeStyle=long,hourCycle=h23	
fr-CA	dt_long_medium	{"dateStyle":"long","timeStyle":"medium"}	d MMMM y '\u00e0' HH 'h' mm 'min' ss 's'	24 d\u00e9cembre 2022 \u00e0 15 h 07 min 09 s	6 mars 2023 \u00e0 09 h 04 min 05 s		dateStyle=long,timeStyle=medium,hourCycle=h23	
fr-CA	dt_long_short	{"dateStyle":"long","timeStyle":"short"}	d MMMM y '\u00e0' HH 'h' mm	24 d\u00e9cembre 2022 \u00e0 15 h 07	6 mars 2023 \u00e0 09 h 04		dateStyle=long,timeStyle=short,hourCycle=h23	
fr-CA	dt_medium_full	{"dateStyle":"medium","timeStyle":"full"}	d MMM y, HH 'h' mm 'min' ss 's' zzzz	24 d\u00e9c. 2022, 15 h 07 min 09 s temps universel coordonn\u00e9	6 mars 2023, 09 h 04 min 05 s temps universel coordonn\u00e9	temps universel coordonn\u00e9	dateStyle=medium,timeStyle=full,hourCycle=h23	
fr-CA	dt_medium_long	{"dateStyle":"medium","timeStyle":"long"}	d MMM y, HH 'h' mm 'min' ss 's' z	24 d\u00e9c. 2022, 15 h 07 min 09 s UTC	6 mars 2023, 09 h 04 min 05 s UTC	UTC	dateStyle=medium,timeStyle=long,hourCycle=h23	
fr-CA	dt_medium_medium	{"dateStyle":"medium","timeStyle":"medium"}	d MMM y, HH 'h' mm 'min' ss 's'	24 d\u00e9c. 2022, 15 h 07 min 09 s	6 mars 2023, 09 h 04 min 05 s		dateStyle=medium,timeStyle=medium,hourCycle=h23	
fr-CA	dt_medium_short	{"dateStyle":"medium","timeStyle":"short"}	d MMM y, HH 'h' mm	24 d\u00e9c. 2022, 15 h 07	6 mars 2023, 09 h 04		dateStyle=medium,timeStyle=short,hourCycle=h23	
fr-CA	dt_short_full	{"dateStyle":"short","timeStyle":"full"}	y-MM-dd HH 'h' mm 'min' ss 's' zzzz	2022-12-24 15 h 07 min 09 s temps universel coordonn\u00e9	2023-03-06 09 h 04 min 05 s temps universel coordonn\u00e9	temps universel coordonn\u00e9	dateStyle=short,timeStyle=full,hourCycle=h23	
fr-CA	dt_short_long	{"dateStyle":"short","timeStyle":"long"}	y-MM-dd HH 'h' mm 'min' ss 's' z	2022-12-24 15 h 07 min 09 s UTC	2023-03-06 09 h 04 min 05 s UTC	UTC	dateStyle=short,timeStyle=long,hourCycle=h23	
fr-CA	dt_short_medium	{"dateStyle":"short","timeStyle":"medium"}	y-MM-dd HH 'h' mm 'min' ss 's'	2022-12-24 15 h 07 min 09 s	2023-03-06 09 h 04 min 05 s		dateStyle=short,timeStyle=medium,hourCycle=h23	
fr-CA	dt_short_short	{"dateStyle":"short","timeStyle":"short"}	y-MM-dd HH 'h' mm	2022-12-24 15 h 07	2023-03-06 09 h 04		dateStyle=short,timeStyle=short,hourCycle=h23	
fr-CA	t_short_h23	{"timeStyle":"short","hourCycle":"h23"}	HH 'h' mm	15 h 07	09 h 04		timeStyle=short,hourCycle=h23	
fr-CA	t_short_h12	{"timeStyle":"short","hourCycle":"h12"}	hh 'h' mm\u202fa	03 h 07 p.m.	09 h 04 a.m.		timeStyle=short,hourCycle=h12	
fr-CA	t_short_h11	{"timeStyle":"short","hourCycle":"h11"}	KK 'h' mm\u202fa	03 h 07 p.m.	09 h 04 a.m.		timeStyle=short,hourCycle=h11	
fr-CA	t_short_h24	{"timeStyle":"short","hourCycle":"h24"}	kk 'h' mm	15 h 07	09 h 04		timeStyle=short,hourCycle=h24	
fr-CA	t_medium_12	{"timeStyle":"medium","hour12":true}	hh 'h' mm 'min' ss 's' a	03 h 07 min 09 s p.m.	09 h 04 min 05 s a.m.		timeStyle=medium,hourCycle=h12	
fr-CA	t_medium_24	{"timeStyle":"medium","hour12":false}	HH 'h' mm 'min' ss 's'	15 h 07 min 09 s	09 h 04 min 05 s		timeStyle=medium,hourCycle=h23	
fr-CA	t_full_h23	{"timeStyle":"full","hourCycle":"h23"}	HH 'h' mm 'min' ss 's' zzzz	15 h 07 min 09 s temps universel coordonn\u00e9	09 h 04 min 05 s temps universel coordonn\u00e9	temps universel coordonn\u00e9	timeStyle=full,hourCycle=h23	
fr-CA	t_long_h12	{"timeStyle":"long","hourCycle":"h12"}	hh 'h' mm 'min' ss 's' a z	03 h 07 min 09 s p.m. UTC	09 h 04 min 05 s a.m. UTC	UTC	timeStyle=long,hourCycle=h12	
fr-CA	dt_full_short_h23	{"dateStyle":"full","timeStyle":"short","hourCycle":"h23"}	EEEE d MMMM y '\u00e0' HH 'h' mm	samedi 24 d\u00e9cembre 2022 \u00e0 15 h 07	lundi 6 mars 2023 \u00e0 09 h 04		dateStyle=full,timeStyle=short,hourCycle=h23	
fr-CA	dt_short_medium_h12	{"dateStyle":"short","timeStyle":"medium","hourCycle":"h12"}	y-MM-dd hh 'h' mm 'min' ss 's' a	2022-12-24 03 h 07 min 09 s p.m.	2023-03-06 09 h 04 min 05 s a.m.		dateStyle=short,timeStyle=medium,hourCycle=h12	
fr-CA	dt_long_long_12	{"dateStyle":"long","timeStyle":"long","hour12":true}	d MMMM y '\u00e0' hh 'h' mm 'min' ss 's' a z	24 d\u00e9cembre 2022 \u00e0 03 h 07 min 09 s p.m. UTC	6 mars 2023 \u00e0 09 h 04 min 05 s a.m. UTC	UTC	dateStyle=long,timeStyle=long,hourCycle=h12	
fr-CA	dt_medium_full_24	{"dateStyle":"medium","timeStyle":"full","hour12":false}	d MMM y, HH 'h' mm 'min' ss 's' zzzz	24 d\u00e9c. 2022, 15 h 07 min 09 s temps universel coordonn\u00e9	6 mars 2023, 09 h 04 min 05 s temps universel coordonn\u00e9	temps universel coordonn\u00e9	dateStyle=medium,timeStyle=full,hourCycle=h23	
fr-CA	PYM_full	{"temporal":"PlainYearMonth","dateStyle":"full"}	MMMM y	d\u00e9cembre 2022	mars 2023		year=numeric,month=long	
fr-CA	PYM_long	{"temporal":"PlainYearMonth","dateStyle":"long"}	MMMM y	d\u00e9cembre 2022	mars 2023		year=numeric,month=long	
fr-CA	PYM_medium	{"temporal":"PlainYearMonth","dateStyle":"medium"}	MMM y	d\u00e9c. 2022	mars 2023		year=numeric,month=short	
fr-CA	PYM_short	{"temporal":"PlainYearMonth","dateStyle":"short"}	y-MM	2022-12	2023-03		year=numeric,month=2-digit	
fr-CA	PMD_full	{"temporal":"PlainMonthDay","dateStyle":"full"}	d MMMM	24 d\u00e9cembre	6 mars		month=long,day=numeric	
fr-CA	PMD_long	{"temporal":"PlainMonthDay","dateStyle":"long"}	d MMMM	24 d\u00e9cembre	6 mars		month=long,day=numeric	
fr-CA	PMD_medium	{"temporal":"PlainMonthDay","dateStyle":"medium"}	d MMM	24 d\u00e9c.	6 mars		month=short,day=numeric	
fr-CA	PMD_short	{"temporal":"PlainMonthDay","dateStyle":"short"}	MM-dd	12-24	03-06		month=2-digit,day=2-digit	
fr-CA	PD_full	{"temporal":"PlainDate","dateStyle":"full"}	EEEE d MMMM y	samedi 24 d\u00e9cembre 2022	lundi 6 mars 2023		dateStyle=full	
fr-CA	PD_short	{"temporal":"PlainDate","dateStyle":"short"}	y-MM-dd	2022-12-24	2023-03-06		dateStyle=short	
fr-CA	PT_full	{"temporal":"PlainTime","timeStyle":"full"}	HH 'h' mm 'min' ss 's'	15 h 07 min 09 s	09 h 04 min 05 s		hour=2-digit,minute=2-digit,second=2-digit,hourCycle=h23	
fr-CA	PT_long	{"temporal":"PlainTime","timeStyle":"long"}	HH 'h' mm 'min' ss 's'	15 h 07 min 09 s	09 h 04 min 05 s		hour=2-digit,minute=2-digit,second=2-digit,hourCycle=h23	
fr-CA	PT_medium	{"temporal":"PlainTime","timeStyle":"medium"}	HH 'h' mm 'min' ss 's'	15 h 07 min 09 s	09 h 04 min 05 s		timeStyle=medium,hourCycle=h23	
fr-CA	PDT_full_full	{"temporal":"PlainDateTime","dateStyle":"full","timeStyle":"full"}	EEEE d MMMM y '\u00e0' HH 'h' mm 'min' ss 's'	samedi 24 d\u00e9cembre 2022 \u00e0 15 h 07 min 09 s	lundi 6 mars 2023 \u00e0 09 h 04 min 05 s		weekday=long,year=numeric,month=long,day=numeric,hour=2-digit,minute=2-digit,second=2-digit,hourCycle=h23	
fr-CA	PDT_long_long	{"temporal":"PlainDateTime","dateStyle":"long","timeStyle":"long"}	d MMMM y '\u00e0' HH 'h' mm 'min' ss 's'	24 d\u00e9cembre 2022 \u00e0 15 h 07 min 09 s	6 mars 2023 \u00e0 09 h 04 min 05 s		year=numeric,month=long,day=numeric,hour=2-digit,minute=2-digit,second=2-digit,hourCycle=h23	
fr-CA	PDT_short_full	{"temporal":"PlainDateTime","dateStyle":"short","timeStyle":"full"}	y-MM-dd HH 'h' mm 'min' ss 's'	2022-12-24 15 h 07 min 09 s	2023-03-06 09 h 04 min 05 s		year=numeric,month=2-digit,day=2-digit,hour=2-digit,minute=2-digit,second=2-digit,hourCycle=h23	
fr-CA	PDT_medium_medium	{"temporal":"PlainDateTime","dateStyle":"medium","timeStyle":"medium"}	d MMM y, HH 'h' mm 'min' ss 's'	24 d\u00e9c. 2022, 15 h 07 min 09 s	6 mars 2023, 09 h 04 min 05 s		dateStyle=medium,timeStyle=medium,hourCycle=h23	
he	d_full	{"dateStyle":"full"}	EEEE, d \u05d1MMMM y	\u05d9\u05d5\u05dd \u05e9\u05d1\u05ea, 24 \u05d1\u05d3\u05e6\u05de\u05d1\u05e8 2022	\u05d9\u05d5\u05dd \u05e9\u05e0\u05d9, 6 \u05d1\u05de\u05e8\u05e5 2023		dateStyle=full	
he	d_long	{"dateStyle":"long"}	d \u05d1MMMM y	24 \u05d1\u05d3\u05e6\u05de\u05d1\u05e8 2022	6 \u05d1\u05de\u05e8\u05e5 2023		dateStyle=long	
he	d_medium	{"dateStyle":"medium"}	d \u05d1MMM y	24 \u05d1\u05d3\u05e6\u05de\u05f3 2022	6 \u05d1\u05de\u05e8\u05e5 2023		dateStyle=medium	
he	d_short	{"dateStyle":"short"}	d.M.y	24.12.2022	6.3.2023		dateStyle=short	
he	t_full	{"timeStyle":"full"}	H:mm:ss zzzz	15:07:09 \u05d6\u05de\u05df \u05d0\u05d5\u05e0\u05d9\u05d1\u05e8\u05e1\u05dc\u05d9 \u05de\u05ea\u05d5\u05d0\u05dd	9:04:05 \u05d6\u05de\u05df \u05d0\u05d5\u05e0\u05d9\u05d1\u05e8\u05e1\u05dc\u05d9 \u05de\u05ea\u05d5\u05d0\u05dd	\u05d6\u05de\u05df \u05d0\u05d5\u05e0\u05d9\u05d1\u05e8\u05e1\u05dc\u05d9 \u05de\u05ea\u05d5\u05d0\u05dd	timeStyle=full,hourCycle=h23	
he	t_long	{"timeStyle":"long"}	H:mm:ss z	15:07:09 UTC	9:04:05 UTC	UTC	timeStyle=long,hourCycle=h23	
he	t_medium	{"timeStyle":"medium"}	H:mm:ss	15:07:09	9:04:05		timeStyle=medium,hourCycle=h23	
he	t_short	{"timeStyle":"short"}	H:mm	15:07	9:04		timeStyle=short,hourCycle=h23	
he	dt_full_full	{"dateStyle":"full","timeStyle":"full"}	EEEE, d \u05d1MMMM y \u05d1\u05e9\u05e2\u05d4 H:mm:ss zzzz	\u05d9\u05d5\u05dd \u05e9\u05d1\u05ea, 24 \u05d1\u05d3\u05e6\u05de\u05d1\u05e8 2022 \u05d1\u05e9\u05e2\u05d4 15:07:09 \u05d6\u05de\u05df \u05d0\u05d5\u05e0\u05d9\u05d1\u05e8\u05e1\u05dc\u05d9 \u05de\u05ea\u05d5\u05d0\u05dd	\u05d9\u05d5\u05dd \u05e9\u05e0\u05d9, 6 \u05d1\u05de\u05e8\u05e5 2023 \u05d1\u05e9\u05e2\u05d4 9:04:05 \u05d6\u05de\u05df \u05d0\u05d5\u05e0\u05d9\u05d1\u05e8\u05e1\u05dc\u05d9 \u05de\u05ea\u05d5\u05d0\u05dd	\u05d6\u05de\u05df \u05d0\u05d5\u05e0\u05d9\u05d1\u05e8\u05e1\u05dc\u05d9 \u05de\u05ea\u05d5\u05d0\u05dd	dateStyle=full,timeStyle=full,hourCycle=h23	
he	dt_full_long	{"dateStyle":"full","timeStyle":"long"}	EEEE, d \u05d1MMMM y \u05d1\u05e9\u05e2\u05d4 H:mm:ss z	\u05d9\u05d5\u05dd \u05e9\u05d1\u05ea, 24 \u05d1\u05d3\u05e6\u05de\u05d1\u05e8 2022 \u05d1\u05e9\u05e2\u05d4 15:07:09 UTC	\u05d9\u05d5\u05dd \u05e9\u05e0\u05d9, 6 \u05d1\u05de\u05e8\u05e5 2023 \u05d1\u05e9\u05e2\u05d4 9:04:05 UTC	UTC	dateStyle=full,timeStyle=long,hourCycle=h23	
he	dt_full_medium	{"dateStyle":"full","timeStyle":"medium"}	EEEE, d \u05d1MMMM y \u05d1\u05e9\u05e2\u05d4 H:mm:ss	\u05d9\u05d5\u05dd \u05e9\u05d1\u05ea, 24 \u05d1\u05d3\u05e6\u05de\u05d1\u05e8 2022 \u05d1\u05e9\u05e2\u05d4 15:07:09	\u05d9\u05d5\u05dd \u05e9\u05e0\u05d9, 6 \u05d1\u05de\u05e8\u05e5 2023 \u05d1\u05e9\u05e2\u05d4 9:04:05		dateStyle=full,timeStyle=medium,hourCycle=h23	
he	dt_full_short	{"dateStyle":"full","timeStyle":"short"}	EEEE, d \u05d1MMMM y \u05d1\u05e9\u05e2\u05d4 H:mm	\u05d9\u05d5\u05dd \u05e9\u05d1\u05ea, 24 \u05d1\u05d3\u05e6\u05de\u05d1\u05e8 2022 \u05d1\u05e9\u05e2\u05d4 15:07	\u05d9\u05d5\u05dd \u05e9\u05e0\u05d9, 6 \u05d1\u05de\u05e8\u05e5 2023 \u05d1\u05e9\u05e2\u05d4 9:04		dateStyle=full,timeStyle=short,hourCycle=h23	
he	dt_long_full	{"dateStyle":"long","timeStyle":"full"}	d \u05d1MMMM y \u05d1\u05e9\u05e2\u05d4 H:mm:ss zzzz	24 \u05d1\u05d3\u05e6\u05de\u05d1\u05e8 2022 \u05d1\u05e9\u05e2\u05d4 15:07:09 \u05d6\u05de\u05df \u05d0\u05d5\u05e0\u05d9\u05d1\u05e8\u05e1\u05dc\u05d9 \u05de\u05ea\u05d5\u05d0\u05dd	6 \u05d1\u05de\u05e8\u05e5 2023 \u05d1\u05e9\u05e2\u05d4 9:04:05 \u05d6\u05de\u05df \u05d0\u05d5\u05e0\u05d9\u05d1\u05e8\u05e1\u05dc\u05d9 \u05de\u05ea\u05d5\u05d0\u05dd	\u05d6\u05de\u05df \u05d0\u05d5\u05e0\u05d9\u05d1\u05e8\u05e1\u05dc\u05d9 \u05de\u05ea\u05d5\u05d0\u05dd	dateStyle=long,timeStyle=full,hourCycle=h23	
he	dt_long_long	{"dateStyle":"long","timeStyle":"long"}	d \u05d1MMMM y \u05d1\u05e9\u05e2\u05d4 H:mm:ss z	24 \u05d1\u05d3\u05e6\u05de\u05d1\u05e8 2022 \u05d1\u05e9\u05e2\u05d4 15:07:09 UTC	6 \u05d1\u05de\u05e8\u05e5 2023 \u05d1\u05e9\u05e2\u05d4 9:04:05 UTC	UTC	dateStyle=long,timeStyle=long,hourCycle=h23	
he	dt_long_medium	{"dateStyle":"long","timeStyle":"medium"}	d \u05d1MMMM y \u05d1\u05e9\u05e2\u05d4 H:mm:ss	24 \u05d1\u05d3\u05e6\u05de\u05d1\u05e8 2022 \u05d1\u05e9\u05e2\u05d4 15:07:09	6 \u05d1\u05de\u05e8\u05e5 2023 \u05d1\u05e9\u05e2\u05d4 9:04:05		dateStyle=long,timeStyle=medium,hourCycle=h23	
he	dt_long_short	{"dateStyle":"long","timeStyle":"short"}	d \u05d1MMMM y \u05d1\u05e9\u05e2\u05d4 H:mm	24 \u05d1\u05d3\u05e6\u05de\u05d1\u05e8 2022 \u05d1\u05e9\u05e2\u05d4 15:07	6 \u05d1\u05de\u05e8\u05e5 2023 \u05d1\u05e9\u05e2\u05d4 9:04		dateStyle=long,timeStyle=short,hourCycle=h23	
he	dt_medium_full	{"dateStyle":"medium","timeStyle":"full"}	d \u05d1MMM y, H:mm:ss zzzz	24 \u05d1\u05d3\u05e6\u05de\u05f3 2022, 15:07:09 \u05d6\u05de\u05df \u05d0\u05d5\u05e0\u05d9\u05d1\u05e8\u05e1\u05dc\u05d9 \u05de\u05ea\u05d5\u05d0\u05dd	6 \u05d1\u05de\u05e8\u05e5 2023, 9:04:05 \u05d6\u05de\u05df \u05d0\u05d5\u05e0\u05d9\u05d1\u05e8\u05e1\u05dc\u05d9 \u05de\u05ea\u05d5\u05d0\u05dd	\u05d6\u05de\u05df \u05d0\u05d5\u05e0\u05d9\u05d1\u05e8\u05e1\u05dc\u05d9 \u05de\u05ea\u05d5\u05d0\u05dd	dateStyle=medium,timeStyle=full,hourCycle=h23	
he	dt_medium_long	{"dateStyle":"medium","timeStyle":"long"}	d \u05d1MMM y, H:mm:ss z	24 \u05d1\u05d3\u05e6\u05de\u05f3 2022, 15:07:09 UTC	6 \u05d1\u05de\u05e8\u05e5 2023, 9:04:05 UTC	UTC	dateStyle=medium,timeStyle=long,hourCycle=h23	
he	dt_medium_medium	{"dateStyle":"medium","timeStyle":"medium"}	d \u05d1MMM y, H:mm:ss	24 \u05d1\u05d3\u05e6\u05de\u05f3 2022, 15:07:09	6 \u05d1\u05de\u05e8\u05e5 2023, 9:04:05		dateStyle=medium,timeStyle=medium,hourCycle=h23	
he	dt_medium_short	{"dateStyle":"medium","timeStyle":"short"}	d \u05d1MMM y, H:mm	24 \u05d1\u05d3\u05e6\u05de\u05f3 2022, 15:07	6 \u05d1\u05de\u05e8\u05e5 2023, 9:04		dateStyle=medium,timeStyle=short,hourCycle=h23	
he	dt_short_full	{"dateStyle":"short","timeStyle":"full"}	d.M.y, H:mm:ss zzzz	24.12.2022, 15:07:09 \u05d6\u05de\u05df \u05d0\u05d5\u05e0\u05d9\u05d1\u05e8\u05e1\u05dc\u05d9 \u05de\u05ea\u05d5\u05d0\u05dd	6.3.2023, 9:04:05 \u05d6\u05de\u05df \u05d0\u05d5\u05e0\u05d9\u05d1\u05e8\u05e1\u05dc\u05d9 \u05de\u05ea\u05d5\u05d0\u05dd	\u05d6\u05de\u05df \u05d0\u05d5\u05e0\u05d9\u05d1\u05e8\u05e1\u05dc\u05d9 \u05de\u05ea\u05d5\u05d0\u05dd	dateStyle=short,timeStyle=full,hourCycle=h23	
he	dt_short_long	{"dateStyle":"short","timeStyle":"long"}	d.M.y, H:mm:ss z	24.12.2022, 15:07:09 UTC	6.3.2023, 9:04:05 UTC	UTC	dateStyle=short,timeStyle=long,hourCycle=h23	
he	dt_short_medium	{"dateStyle":"short","timeStyle":"medium"}	d.M.y, H:mm:ss	24.12.2022, 15:07:09	6.3.2023, 9:04:05		dateStyle=short,timeStyle=medium,hourCycle=h23	
he	dt_short_short	{"dateStyle":"short","timeStyle":"short"}	d.M.y, H:mm	24.12.2022, 15:07	6.3.2023, 9:04		dateStyle=short,timeStyle=short,hourCycle=h23	
he	t_short_h23	{"timeStyle":"short","hourCycle":"h23"}	H:mm	15:07	9:04		timeStyle=short,hourCycle=h23	
he	t_short_h12	{"timeStyle":"short","hourCycle":"h12"}	h:mm a	3:07 PM	9:04 AM		timeStyle=short,hourCycle=h12	
he	t_short_h11	{"timeStyle":"short","hourCycle":"h11"}	K:mm a	3:07 PM	9:04 AM		timeStyle=short,hourCycle=h11	
he	t_short_h24	{"timeStyle":"short","hourCycle":"h24"}	k:mm	15:07	9:04		timeStyle=short,hourCycle=h24	
he	t_medium_12	{"timeStyle":"medium","hour12":true}	h:mm:ss a	3:07:09 PM	9:04:05 AM		timeStyle=medium,hourCycle=h12	
he	t_medium_24	{"timeStyle":"medium","hour12":false}	H:mm:ss	15:07:09	9:04:05		timeStyle=medium,hourCycle=h23	
he	t_full_h23	{"timeStyle":"full","hourCycle":"h23"}	H:mm:ss zzzz	15:07:09 \u05d6\u05de\u05df \u05d0\u05d5\u05e0\u05d9\u05d1\u05e8\u05e1\u05dc\u05d9 \u05de\u05ea\u05d5\u05d0\u05dd	9:04:05 \u05d6\u05de\u05df \u05d0\u05d5\u05e0\u05d9\u05d1\u05e8\u05e1\u05dc\u05d9 \u05de\u05ea\u05d5\u05d0\u05dd	\u05d6\u05de\u05df \u05d0\u05d5\u05e0\u05d9\u05d1\u05e8\u05e1\u05dc\u05d9 \u05de\u05ea\u05d5\u05d0\u05dd	timeStyle=full,hourCycle=h23	
he	t_long_h12	{"timeStyle":"long","hourCycle":"h12"}	h:mm:ss a z	3:07:09 PM UTC	9:04:05 AM UTC	UTC	timeStyle=long,hourCycle=h12	
he	dt_full_short_h23	{"dateStyle":"full","timeStyle":"short","hourCycle":"h23"}	EEEE, d \u05d1MMMM y \u05d1\u05e9\u05e2\u05d4 H:mm	\u05d9\u05d5\u05dd \u05e9\u05d1\u05ea, 24 \u05d1\u05d3\u05e6\u05de\u05d1\u05e8 2022 \u05d1\u05e9\u05e2\u05d4 15:07	\u05d9\u05d5\u05dd \u05e9\u05e0\u05d9, 6 \u05d1\u05de\u05e8\u05e5 2023 \u05d1\u05e9\u05e2\u05d4 9:04		dateStyle=full,timeStyle=short,hourCycle=h23	
he	dt_short_medium_h12	{"dateStyle":"short","timeStyle":"medium","hourCycle":"h12"}	d.M.y, h:mm:ss a	24.12.2022, 3:07:09 PM	6.3.2023, 9:04:05 AM		dateStyle=short,timeStyle=medium,hourCycle=h12	
he	dt_long_long_12	{"dateStyle":"long","timeStyle":"long","hour12":true}	d \u05d1MMMM y \u05d1\u05e9\u05e2\u05d4 h:mm:ss a z	24 \u05d1\u05d3\u05e6\u05de\u05d1\u05e8 2022 \u05d1\u05e9\u05e2\u05d4 3:07:09 PM UTC	6 \u05d1\u05de\u05e8\u05e5 2023 \u05d1\u05e9\u05e2\u05d4 9:04:05 AM UTC	UTC	dateStyle=long,timeStyle=long,hourCycle=h12	
he	dt_medium_full_24	{"dateStyle":"medium","timeStyle":"full","hour12":false}	d \u05d1MMM y, H:mm:ss zzzz	24 \u05d1\u05d3\u05e6\u05de\u05f3 2022, 15:07:09 \u05d6\u05de\u05df \u05d0\u05d5\u05e0\u05d9\u05d1\u05e8\u05e1\u05dc\u05d9 \u05de\u05ea\u05d5\u05d0\u05dd	6 \u05d1\u05de\u05e8\u05e5 2023, 9:04:05 \u05d6\u05de\u05df \u05d0\u05d5\u05e0\u05d9\u05d1\u05e8\u05e1\u05dc\u05d9 \u05de\u05ea\u05d5\u05d0\u05dd	\u05d6\u05de\u05df \u05d0\u05d5\u05e0\u05d9\u05d1\u05e8\u05e1\u05dc\u05d9 \u05de\u05ea\u05d5\u05d0\u05dd	dateStyle=medium,timeStyle=full,hourCycle=h23	
he	PYM_full	{"temporal":"PlainYearMonth","dateStyle":"full"}	MMMM y	\u05d3\u05e6\u05de\u05d1\u05e8 2022	\u05de\u05e8\u05e5 2023		year=numeric,month=long	
he	PYM_long	{"temporal":"PlainYearMonth","dateStyle":"long"}	MMMM y	\u05d3\u05e6\u05de\u05d1\u05e8 2022	\u05de\u05e8\u05e5 2023		year=numeric,month=long	
he	PYM_medium	{"temporal":"PlainYearMonth","dateStyle":"medium"}	MMM y	\u05d3\u05e6\u05de\u05f3 2022	\u05de\u05e8\u05e5 2023		year=numeric,month=short	
he	PYM_short	{"temporal":"PlainYearMonth","dateStyle":"short"}	M.y	12.2022	3.2023		year=numeric,month=numeric	
he	PMD_full	{"temporal":"PlainMonthDay","dateStyle":"full"}	d \u05d1MMMM	24 \u05d1\u05d3\u05e6\u05de\u05d1\u05e8	6 \u05d1\u05de\u05e8\u05e5		month=long,day=numeric	
he	PMD_long	{"temporal":"PlainMonthDay","dateStyle":"long"}	d \u05d1MMMM	24 \u05d1\u05d3\u05e6\u05de\u05d1\u05e8	6 \u05d1\u05de\u05e8\u05e5		month=long,day=numeric	
he	PMD_medium	{"temporal":"PlainMonthDay","dateStyle":"medium"}	d \u05d1MMM	24 \u05d1\u05d3\u05e6\u05de\u05f3	6 \u05d1\u05de\u05e8\u05e5		month=short,day=numeric	
he	PMD_short	{"temporal":"PlainMonthDay","dateStyle":"short"}	d.M	24.12	6.3		month=numeric,day=numeric	
he	PD_full	{"temporal":"PlainDate","dateStyle":"full"}	EEEE, d \u05d1MMMM y	\u05d9\u05d5\u05dd \u05e9\u05d1\u05ea, 24 \u05d1\u05d3\u05e6\u05de\u05d1\u05e8 2022	\u05d9\u05d5\u05dd \u05e9\u05e0\u05d9, 6 \u05d1\u05de\u05e8\u05e5 2023		dateStyle=full	
he	PD_short	{"temporal":"PlainDate","dateStyle":"short"}	d.M.y	24.12.2022	6.3.2023		dateStyle=short	
he	PT_full	{"temporal":"PlainTime","timeStyle":"full"}	H:mm:ss	15:07:09	9:04:05		hour=numeric,minute=2-digit,second=2-digit,hourCycle=h23	
he	PT_long	{"temporal":"PlainTime","timeStyle":"long"}	H:mm:ss	15:07:09	9:04:05		hour=numeric,minute=2-digit,second=2-digit,hourCycle=h23	
he	PT_medium	{"temporal":"PlainTime","timeStyle":"medium"}	H:mm:ss	15:07:09	9:04:05		timeStyle=medium,hourCycle=h23	
he	PDT_full_full	{"temporal":"PlainDateTime","dateStyle":"full","timeStyle":"full"}	EEEE, d \u05d1MMMM y \u05d1\u05e9\u05e2\u05d4 H:mm:ss	\u05d9\u05d5\u05dd \u05e9\u05d1\u05ea, 24 \u05d1\u05d3\u05e6\u05de\u05d1\u05e8 2022 \u05d1\u05e9\u05e2\u05d4 15:07:09	\u05d9\u05d5\u05dd \u05e9\u05e0\u05d9, 6 \u05d1\u05de\u05e8\u05e5 2023 \u05d1\u05e9\u05e2\u05d4 9:04:05		weekday=long,year=numeric,month=long,day=numeric,hour=numeric,minute=2-digit,second=2-digit,hourCycle=h23	
he	PDT_long_long	{"temporal":"PlainDateTime","dateStyle":"long","timeStyle":"long"}	d \u05d1MMMM y \u05d1\u05e9\u05e2\u05d4 H:mm:ss	24 \u05d1\u05d3\u05e6\u05de\u05d1\u05e8 2022 \u05d1\u05e9\u05e2\u05d4 15:07:09	6 \u05d1\u05de\u05e8\u05e5 2023 \u05d1\u05e9\u05e2\u05d4 9:04:05		year=numeric,month=long,day=numeric,hour=numeric,minute=2-digit,second=2-digit,hourCycle=h23	
he	PDT_short_full	{"temporal":"PlainDateTime","dateStyle":"short","timeStyle":"full"}	d.M.y, H:mm:ss	24.12.2022, 15:07:09	6.3.2023, 9:04:05		year=numeric,month=numeric,day=numeric,hour=numeric,minute=2-digit,second=2-digit,hourCycle=h23	
he	PDT_medium_medium	{"temporal":"PlainDateTime","dateStyle":"medium","timeStyle":"medium"}	d \u05d1MMM y, H:mm:ss	24 \u05d1\u05d3\u05e6\u05de\u05f3 2022, 15:07:09	6 \u05d1\u05de\u05e8\u05e5 2023, 9:04:05		dateStyle=medium,timeStyle=medium,hourCycle=h23	
hi	d_full	{"dateStyle":"full"}	EEEE, d MMMM y	\u0936\u0928\u093f\u0935\u093e\u0930, 24 \u0926\u093f\u0938\u0902\u092c\u0930 2022	\u0938\u094b\u092e\u0935\u093e\u0930, 6 \u092e\u093e\u0930\u094d\u091a 2023		dateStyle=full	
hi	d_long	{"dateStyle":"long"}	d MMMM y	24 \u0926\u093f\u0938\u0902\u092c\u0930 2022	6 \u092e\u093e\u0930\u094d\u091a 2023		dateStyle=long	
hi	d_medium	{"dateStyle":"medium"}	d MMM y	24 \u0926\u093f\u0938\u0970 2022	6 \u092e\u093e\u0930\u094d\u091a 2023		dateStyle=medium	
hi	d_short	{"dateStyle":"short"}	d/M/yy	24/12/22	6/3/23		dateStyle=short	
hi	t_full	{"timeStyle":"full"}	h:mm:ss a zzzz	3:07:09 pm \u0938\u092e\u0928\u094d\u0935\u093f\u0924 \u0935\u0948\u0936\u094d\u0935\u093f\u0915 \u0938\u092e\u092f	9:04:05 am \u0938\u092e\u0928\u094d\u0935\u093f\u0924 \u0935\u0948\u0936\u094d\u0935\u093f\u0915 \u0938\u092e\u092f	\u0938\u092e\u0928\u094d\u0935\u093f\u0924 \u0935\u0948\u0936\u094d\u0935\u093f\u0915 \u0938\u092e\u092f	timeStyle=full,hourCycle=h12	
hi	t_long	{"timeStyle":"long"}	h:mm:ss a z	3:07:09 pm UTC	9:04:05 am UTC	UTC	timeStyle=long,hourCycle=h12	
hi	t_medium	{"timeStyle":"medium"}	h:mm:ss a	3:07:09 pm	9:04:05 am		timeStyle=medium,hourCycle=h12	
hi	t_short	{"timeStyle":"short"}	h:mm a	3:07 pm	9:04 am		timeStyle=short,hourCycle=h12	
hi	dt_full_full	{"dateStyle":"full","timeStyle":"full"}	EEEE, d MMMM y \u0915\u094b h:mm:ss a zzzz \u092c\u091c\u0947	\u0936\u0928\u093f\u0935\u093e\u0930, 24 \u0926\u093f\u0938\u0902\u092c\u0930 2022 \u0915\u094b 3:07:09 pm \u0938\u092e\u0928\u094d\u0935\u093f\u0924 \u0935\u0948\u0936\u094d\u0935\u093f\u0915 \u0938\u092e\u092f \u092c\u091c\u0947	\u0938\u094b\u092e\u0935\u093e\u0930, 6 \u092e\u093e\u0930\u094d\u091a 2023 \u0915\u094b 9:04:05 am \u0938\u092e\u0928\u094d\u0935\u093f\u0924 \u0935\u0948\u0936\u094d\u0935\u093f\u0915 \u0938\u092e\u092f \u092c\u091c\u0947	\u0938\u092e\u0928\u094d\u0935\u093f\u0924 \u0935\u0948\u0936\u094d\u0935\u093f\u0915 \u0938\u092e\u092f	dateStyle=full,timeStyle=full,hourCycle=h12	
hi	dt_full_long	{"dateStyle":"full","timeStyle":"long"}	EEEE, d MMMM y \u0915\u094b h:mm:ss a z \u092c\u091c\u0947	\u0936\u0928\u093f\u0935\u093e\u0930, 24 \u0926\u093f\u0938\u0902\u092c\u0930 2022 \u0915\u094b 3:07:09 pm UTC \u092c\u091c\u0947	\u0938\u094b\u092e\u0935\u093e\u0930, 6 \u092e\u093e\u0930\u094d\u091a 2023 \u0915\u094b 9:04:05 am UTC \u092c\u091c\u0947	UTC	dateStyle=full,timeStyle=long,hourCycle=h12	
hi	dt_full_medium	{"dateStyle":"full","timeStyle":"medium"}	EEEE, d MMMM y \u0915\u094b h:mm:ss a \u092c\u091c\u0947	\u0936\u0928\u093f\u0935\u093e\u0930, 24 \u0926\u093f\u0938\u0902\u092c\u0930 2022 \u0915\u094b 3:07:09 pm \u092c\u091c\u0947	\u0938\u094b\u092e\u0935\u093e\u0930, 6 \u092e\u093e\u0930\u094d\u091a 2023 \u0915\u094b 9:04:05 am \u092c\u091c\u0947		dateStyle=full,timeStyle=medium,hourCycle=h12	
hi	dt_full_short	{"dateStyle":"full","timeStyle":"short"}	EEEE, d MMMM y \u0915\u094b h:mm a \u092c\u091c\u0947	\u0936\u0928\u093f\u0935\u093e\u0930, 24 \u0926\u093f\u0938\u0902\u092c\u0930 2022 \u0915\u094b 3:07 pm \u092c\u091c\u0947	\u0938\u094b\u092e\u0935\u093e\u0930, 6 \u092e\u093e\u0930\u094d\u091a 2023 \u0915\u094b 9:04 am \u092c\u091c\u0947		dateStyle=full,timeStyle=short,hourCycle=h12	
hi	dt_long_full	{"dateStyle":"long","timeStyle":"full"}	d MMMM y \u0915\u094b h:mm:ss a zzzz \u092c\u091c\u0947	24 \u0926\u093f\u0938\u0902\u092c\u0930 2022 \u0915\u094b 3:07:09 pm \u0938\u092e\u0928\u094d\u0935\u093f\u0924 \u0935\u0948\u0936\u094d\u0935\u093f\u0915 \u0938\u092e\u092f \u092c\u091c\u0947	6 \u092e\u093e\u0930\u094d\u091a 2023 \u0915\u094b 9:04:05 am \u0938\u092e\u0928\u094d\u0935\u093f\u0924 \u0935\u0948\u0936\u094d\u0935\u093f\u0915 \u0938\u092e\u092f \u092c\u091c\u0947	\u0938\u092e\u0928\u094d\u0935\u093f\u0924 \u0935\u0948\u0936\u094d\u0935\u093f\u0915 \u0938\u092e\u092f	dateStyle=long,timeStyle=full,hourCycle=h12	
hi	dt_long_long	{"dateStyle":"long","timeStyle":"long"}	d MMMM y \u0915\u094b h:mm:ss a z \u092c\u091c\u0947	24 \u0926\u093f\u0938\u0902\u092c\u0930 2022 \u0915\u094b 3:07:09 pm UTC \u092c\u091c\u0947	6 \u092e\u093e\u0930\u094d\u091a 2023 \u0915\u094b 9:04:05 am UTC \u092c\u091c\u0947	UTC	dateStyle=long,timeStyle=long,hourCycle=h12	
hi	dt_long_medium	{"dateStyle":"long","timeStyle":"medium"}	d MMMM y \u0915\u094b h:mm:ss a \u092c\u091c\u0947	24 \u0926\u093f\u0938\u0902\u092c\u0930 2022 \u0915\u094b 3:07:09 pm \u092c\u091c\u0947	6 \u092e\u093e\u0930\u094d\u091a 2023 \u0915\u094b 9:04:05 am \u092c\u091c\u0947		dateStyle=long,timeStyle=medium,hourCycle=h12	
hi	dt_long_short	{"dateStyle":"long","timeStyle":"short"}	d MMMM y \u0915\u094b h:mm a \u092c\u091c\u0947	24 \u0926\u093f\u0938\u0902\u092c\u0930 2022 \u0915\u094b 3:07 pm \u092c\u091c\u0947	6 \u092e\u093e\u0930\u094d\u091a 2023 \u0915\u094b 9:04 am \u092c\u091c\u0947		dateStyle=long,timeStyle=short,hourCycle=h12	
hi	dt_medium_full	{"dateStyle":"medium","timeStyle":"full"}	d MMM y, h:mm:ss a zzzz	24 \u0926\u093f\u0938\u0970 2022, 3:07:09 pm \u0938\u092e\u0928\u094d\u0935\u093f\u0924 \u0935\u0948\u0936\u094d\u0935\u093f\u0915 \u0938\u092e\u092f	6 \u092e\u093e\u0930\u094d\u091a 2023, 9:04:05 am \u0938\u092e\u0928\u094d\u0935\u093f\u0924 \u0935\u0948\u0936\u094d\u0935\u093f\u0915 \u0938\u092e\u092f	\u0938\u092e\u0928\u094d\u0935\u093f\u0924 \u0935\u0948\u0936\u094d\u0935\u093f\u0915 \u0938\u092e\u092f	dateStyle=medium,timeStyle=full,hourCycle=h12	
hi	dt_medium_long	{"dateStyle":"medium","timeStyle":"long"}	d MMM y, h:mm:ss a z	24 \u0926\u093f\u0938\u0970 2022, 3:07:09 pm UTC	6 \u092e\u093e\u0930\u094d\u091a 2023, 9:04:05 am UTC	UTC	dateStyle=medium,timeStyle=long,hourCycle=h12	
hi	dt_medium_medium	{"dateStyle":"medium","timeStyle":"medium"}	d MMM y, h:mm:ss a	24 \u0926\u093f\u0938\u0970 2022, 3:07:09 pm	6 \u092e\u093e\u0930\u094d\u091a 2023, 9:04:05 am		dateStyle=medium,timeStyle=medium,hourCycle=h12	
hi	dt_medium_short	{"dateStyle":"medium","timeStyle":"short"}	d MMM y, h:mm a	24 \u0926\u093f\u0938\u0970 2022, 3:07 pm	6 \u092e\u093e\u0930\u094d\u091a 2023, 9:04 am		dateStyle=medium,timeStyle=short,hourCycle=h12	
hi	dt_short_full	{"dateStyle":"short","timeStyle":"full"}	d/M/yy, h:mm:ss a zzzz	24/12/22, 3:07:09 pm \u0938\u092e\u0928\u094d\u0935\u093f\u0924 \u0935\u0948\u0936\u094d\u0935\u093f\u0915 \u0938\u092e\u092f	6/3/23, 9:04:05 am \u0938\u092e\u0928\u094d\u0935\u093f\u0924 \u0935\u0948\u0936\u094d\u0935\u093f\u0915 \u0938\u092e\u092f	\u0938\u092e\u0928\u094d\u0935\u093f\u0924 \u0935\u0948\u0936\u094d\u0935\u093f\u0915 \u0938\u092e\u092f	dateStyle=short,timeStyle=full,hourCycle=h12	
hi	dt_short_long	{"dateStyle":"short","timeStyle":"long"}	d/M/yy, h:mm:ss a z	24/12/22, 3:07:09 pm UTC	6/3/23, 9:04:05 am UTC	UTC	dateStyle=short,timeStyle=long,hourCycle=h12	
hi	dt_short_medium	{"dateStyle":"short","timeStyle":"medium"}	d/M/yy, h:mm:ss a	24/12/22, 3:07:09 pm	6/3/23, 9:04:05 am		dateStyle=short,timeStyle=medium,hourCycle=h12	
hi	dt_short_short	{"dateStyle":"short","timeStyle":"short"}	d/M/yy, h:mm a	24/12/22, 3:07 pm	6/3/23, 9:04 am		dateStyle=short,timeStyle=short,hourCycle=h12	
hi	t_short_h23	{"timeStyle":"short","hourCycle":"h23"}	HH:mm	15:07	09:04		timeStyle=short,hourCycle=h23	
hi	t_short_h12	{"timeStyle":"short","hourCycle":"h12"}	h:mm a	3:07 pm	9:04 am		timeStyle=short,hourCycle=h12	
hi	t_short_h11	{"timeStyle":"short","hourCycle":"h11"}	K:mm a	3:07 pm	9:04 am		timeStyle=short,hourCycle=h11	
hi	t_short_h24	{"timeStyle":"short","hourCycle":"h24"}	kk:mm	15:07	09:04		timeStyle=short,hourCycle=h24	
hi	t_medium_12	{"timeStyle":"medium","hour12":true}	h:mm:ss a	3:07:09 pm	9:04:05 am		timeStyle=medium,hourCycle=h12	
hi	t_medium_24	{"timeStyle":"medium","hour12":false}	HH:mm:ss	15:07:09	09:04:05		timeStyle=medium,hourCycle=h23	
hi	t_full_h23	{"timeStyle":"full","hourCycle":"h23"}	HH:mm:ss zzzz	15:07:09 \u0938\u092e\u0928\u094d\u0935\u093f\u0924 \u0935\u0948\u0936\u094d\u0935\u093f\u0915 \u0938\u092e\u092f	09:04:05 \u0938\u092e\u0928\u094d\u0935\u093f\u0924 \u0935\u0948\u0936\u094d\u0935\u093f\u0915 \u0938\u092e\u092f	\u0938\u092e\u0928\u094d\u0935\u093f\u0924 \u0935\u0948\u0936\u094d\u0935\u093f\u0915 \u0938\u092e\u092f	timeStyle=full,hourCycle=h23	
hi	t_long_h12	{"timeStyle":"long","hourCycle":"h12"}	h:mm:ss a z	3:07:09 pm UTC	9:04:05 am UTC	UTC	timeStyle=long,hourCycle=h12	
hi	dt_full_short_h23	{"dateStyle":"full","timeStyle":"short","hourCycle":"h23"}	EEEE, d MMMM y \u0915\u094b HH:mm \u092c\u091c\u0947	\u0936\u0928\u093f\u0935\u093e\u0930, 24 \u0926\u093f\u0938\u0902\u092c\u0930 2022 \u0915\u094b 15:07 \u092c\u091c\u0947	\u0938\u094b\u092e\u0935\u093e\u0930, 6 \u092e\u093e\u0930\u094d\u091a 2023 \u0915\u094b 09:04 \u092c\u091c\u0947		dateStyle=full,timeStyle=short,hourCycle=h23	
hi	dt_short_medium_h12	{"dateStyle":"short","timeStyle":"medium","hourCycle":"h12"}	d/M/yy, h:mm:ss a	24/12/22, 3:07:09 pm	6/3/23, 9:04:05 am		dateStyle=short,timeStyle=medium,hourCycle=h12	
hi	dt_long_long_12	{"dateStyle":"long","timeStyle":"long","hour12":true}	d MMMM y \u0915\u094b h:mm:ss a z \u092c\u091c\u0947	24 \u0926\u093f\u0938\u0902\u092c\u0930 2022 \u0915\u094b 3:07:09 pm UTC \u092c\u091c\u0947	6 \u092e\u093e\u0930\u094d\u091a 2023 \u0915\u094b 9:04:05 am UTC \u092c\u091c\u0947	UTC	dateStyle=long,timeStyle=long,hourCycle=h12	
hi	dt_medium_full_24	{"dateStyle":"medium","timeStyle":"full","hour12":false}	d MMM y, HH:mm:ss zzzz	24 \u0926\u093f\u0938\u0970 2022, 15:07:09 \u0938\u092e\u0928\u094d\u0935\u093f\u0924 \u0935\u0948\u0936\u094d\u0935\u093f\u0915 \u0938\u092e\u092f	6 \u092e\u093e\u0930\u094d\u091a 2023, 09:04:05 \u0938\u092e\u0928\u094d\u0935\u093f\u0924 \u0935\u0948\u0936\u094d\u0935\u093f\u0915 \u0938\u092e\u092f	\u0938\u092e\u0928\u094d\u0935\u093f\u0924 \u0935\u0948\u0936\u094d\u0935\u093f\u0915 \u0938\u092e\u092f	dateStyle=medium,timeStyle=full,hourCycle=h23	
hi	PYM_full	{"temporal":"PlainYearMonth","dateStyle":"full"}	MMMM y	\u0926\u093f\u0938\u0902\u092c\u0930 2022	\u092e\u093e\u0930\u094d\u091a 2023		year=numeric,month=long	
hi	PYM_long	{"temporal":"PlainYearMonth","dateStyle":"long"}	MMMM y	\u0926\u093f\u0938\u0902\u092c\u0930 2022	\u092e\u093e\u0930\u094d\u091a 2023		year=numeric,month=long	
hi	PYM_medium	{"temporal":"PlainYearMonth","dateStyle":"medium"}	MMM y	\u0926\u093f\u0938\u0970 2022	\u092e\u093e\u0930\u094d\u091a 2023		year=numeric,month=short	
hi	PYM_short	{"temporal":"PlainYearMonth","dateStyle":"short"}	M/yy	12/22	3/23		year=2-digit,month=numeric	
hi	PMD_full	{"temporal":"PlainMonthDay","dateStyle":"full"}	d MMMM	24 \u0926\u093f\u0938\u0902\u092c\u0930	6 \u092e\u093e\u0930\u094d\u091a		month=long,day=numeric	
hi	PMD_long	{"temporal":"PlainMonthDay","dateStyle":"long"}	d MMMM	24 \u0926\u093f\u0938\u0902\u092c\u0930	6 \u092e\u093e\u0930\u094d\u091a		month=long,day=numeric	
hi	PMD_medium	{"temporal":"PlainMonthDay","dateStyle":"medium"}	d MMM	24 \u0926\u093f\u0938\u0970	6 \u092e\u093e\u0930\u094d\u091a		month=short,day=numeric	
hi	PMD_short	{"temporal":"PlainMonthDay","dateStyle":"short"}	d/M	24/12	6/3		month=numeric,day=numeric	
hi	PD_full	{"temporal":"PlainDate","dateStyle":"full"}	EEEE, d MMMM y	\u0936\u0928\u093f\u0935\u093e\u0930, 24 \u0926\u093f\u0938\u0902\u092c\u0930 2022	\u0938\u094b\u092e\u0935\u093e\u0930, 6 \u092e\u093e\u0930\u094d\u091a 2023		dateStyle=full	
hi	PD_short	{"temporal":"PlainDate","dateStyle":"short"}	d/M/yy	24/12/22	6/3/23		dateStyle=short	
hi	PT_full	{"temporal":"PlainTime","timeStyle":"full"}	h:mm:ss a	3:07:09 pm	9:04:05 am		hour=numeric,minute=2-digit,second=2-digit,hourCycle=h12	
hi	PT_long	{"temporal":"PlainTime","timeStyle":"long"}	h:mm:ss a	3:07:09 pm	9:04:05 am		hour=numeric,minute=2-digit,second=2-digit,hourCycle=h12	
hi	PT_medium	{"temporal":"PlainTime","timeStyle":"medium"}	h:mm:ss a	3:07:09 pm	9:04:05 am		timeStyle=medium,hourCycle=h12	
hi	PDT_full_full	{"temporal":"PlainDateTime","dateStyle":"full","timeStyle":"full"}	EEEE, d MMMM y \u0915\u094b h:mm:ss a \u092c\u091c\u0947	\u0936\u0928\u093f\u0935\u093e\u0930, 24 \u0926\u093f\u0938\u0902\u092c\u0930 2022 \u0915\u094b 3:07:09 pm \u092c\u091c\u0947	\u0938\u094b\u092e\u0935\u093e\u0930, 6 \u092e\u093e\u0930\u094d\u091a 2023 \u0915\u094b 9:04:05 am \u092c\u091c\u0947		weekday=long,year=numeric,month=long,day=numeric,hour=numeric,minute=2-digit,second=2-digit,hourCycle=h12	
hi	PDT_long_long	{"temporal":"PlainDateTime","dateStyle":"long","timeStyle":"long"}	d MMMM y \u0915\u094b h:mm:ss a \u092c\u091c\u0947	24 \u0926\u093f\u0938\u0902\u092c\u0930 2022 \u0915\u094b 3:07:09 pm \u092c\u091c\u0947	6 \u092e\u093e\u0930\u094d\u091a 2023 \u0915\u094b 9:04:05 am \u092c\u091c\u0947		year=numeric,month=long,day=numeric,hour=numeric,minute=2-digit,second=2-digit,hourCycle=h12	
hi	PDT_short_full	{"temporal":"PlainDateTime","dateStyle":"short","timeStyle":"full"}	d/M/yy, h:mm:ss a	24/12/22, 3:07:09 pm	6/3/23, 9:04:05 am		year=2-digit,month=numeric,day=numeric,hour=numeric,minute=2-digit,second=2-digit,hourCycle=h12	
hi	PDT_medium_medium	{"temporal":"PlainDateTime","dateStyle":"medium","timeStyle":"medium"}	d MMM y, h:mm:ss a	24 \u0926\u093f\u0938\u0970 2022, 3:07:09 pm	6 \u092e\u093e\u0930\u094d\u091a 2023, 9:04:05 am		dateStyle=medium,timeStyle=medium,hourCycle=h12	
hr	d_full	{"dateStyle":"full"}	EEEE, d. MMMM y.	subota, 24. prosinca 2022.	ponedjeljak, 6. o\u017eujka 2023.		dateStyle=full	
hr	d_long	{"dateStyle":"long"}	d. MMMM y.	24. prosinca 2022.	6. o\u017eujka 2023.		dateStyle=long	
hr	d_medium	{"dateStyle":"medium"}	d. MMM y.	24. pro 2022.	6. o\u017eu 2023.		dateStyle=medium	
hr	d_short	{"dateStyle":"short"}	dd. MM. y.	24. 12. 2022.	06. 03. 2023.		dateStyle=short	
hr	t_full	{"timeStyle":"full"}	HH:mm:ss (zzzz)	15:07:09 (koordinirano svjetsko vrijeme)	09:04:05 (koordinirano svjetsko vrijeme)	koordinirano svjetsko vrijeme	timeStyle=full,hourCycle=h23	
hr	t_long	{"timeStyle":"long"}	HH:mm:ss z	15:07:09 UTC	09:04:05 UTC	UTC	timeStyle=long,hourCycle=h23	
hr	t_medium	{"timeStyle":"medium"}	HH:mm:ss	15:07:09	09:04:05		timeStyle=medium,hourCycle=h23	
hr	t_short	{"timeStyle":"short"}	HH:mm	15:07	09:04		timeStyle=short,hourCycle=h23	
hr	dt_full_full	{"dateStyle":"full","timeStyle":"full"}	EEEE, d. MMMM y. 'u' HH:mm:ss (zzzz)	subota, 24. prosinca 2022. u 15:07:09 (koordinirano svjetsko vrijeme)	ponedjeljak, 6. o\u017eujka 2023. u 09:04:05 (koordinirano svjetsko vrijeme)	koordinirano svjetsko vrijeme	dateStyle=full,timeStyle=full,hourCycle=h23	
hr	dt_full_long	{"dateStyle":"full","timeStyle":"long"}	EEEE, d. MMMM y. 'u' HH:mm:ss z	subota, 24. prosinca 2022. u 15:07:09 UTC	ponedjeljak, 6. o\u017eujka 2023. u 09:04:05 UTC	UTC	dateStyle=full,timeStyle=long,hourCycle=h23	
hr	dt_full_medium	{"dateStyle":"full","timeStyle":"medium"}	EEEE, d. MMMM y. 'u' HH:mm:ss	subota, 24. prosinca 2022. u 15:07:09	ponedjeljak, 6. o\u017eujka 2023. u 09:04:05		dateStyle=full,timeStyle=medium,hourCycle=h23	
hr	dt_full_short	{"dateStyle":"full","timeStyle":"short"}	EEEE, d. MMMM y. 'u' HH:mm	subota, 24. prosinca 2022. u 15:07	ponedjeljak, 6. o\u017eujka 2023. u 09:04		dateStyle=full,timeStyle=short,hourCycle=h23	
hr	dt_long_full	{"dateStyle":"long","timeStyle":"full"}	d. MMMM y. 'u' HH:mm:ss (zzzz)	24. prosinca 2022. u 15:07:09 (koordinirano svjetsko vrijeme)	6. o\u017eujka 2023. u 09:04:05 (koordinirano svjetsko vrijeme)	koordinirano svjetsko vrijeme	dateStyle=long,timeStyle=full,hourCycle=h23	
hr	dt_long_long	{"dateStyle":"long","timeStyle":"long"}	d. MMMM y. 'u' HH:mm:ss z	24. prosinca 2022. u 15:07:09 UTC	6. o\u017eujka 2023. u 09:04:05 UTC	UTC	dateStyle=long,timeStyle=long,hourCycle=h23	
hr	dt_long_medium	{"dateStyle":"long","timeStyle":"medium"}	d. MMMM y. 'u' HH:mm:ss	24. prosinca 2022. u 15:07:09	6. o\u017eujka 2023. u 09:04:05		dateStyle=long,timeStyle=medium,hourCycle=h23	
hr	dt_long_short	{"dateStyle":"long","timeStyle":"short"}	d. MMMM y. 'u' HH:mm	24. prosinca 2022. u 15:07	6. o\u017eujka 2023. u 09:04		dateStyle=long,timeStyle=short,hourCycle=h23	
hr	dt_medium_full	{"dateStyle":"medium","timeStyle":"full"}	d. MMM y. HH:mm:ss (zzzz)	24. pro 2022. 15:07:09 (koordinirano svjetsko vrijeme)	6. o\u017eu 2023. 09:04:05 (koordinirano svjetsko vrijeme)	koordinirano svjetsko vrijeme	dateStyle=medium,timeStyle=full,hourCycle=h23	
hr	dt_medium_long	{"dateStyle":"medium","timeStyle":"long"}	d. MMM y. HH:mm:ss z	24. pro 2022. 15:07:09 UTC	6. o\u017eu 2023. 09:04:05 UTC	UTC	dateStyle=medium,timeStyle=long,hourCycle=h23	
hr	dt_medium_medium	{"dateStyle":"medium","timeStyle":"medium"}	d. MMM y. HH:mm:ss	24. pro 2022. 15:07:09	6. o\u017eu 2023. 09:04:05		dateStyle=medium,timeStyle=medium,hourCycle=h23	
hr	dt_medium_short	{"dateStyle":"medium","timeStyle":"short"}	d. MMM y. HH:mm	24. pro 2022. 15:07	6. o\u017eu 2023. 09:04		dateStyle=medium,timeStyle=short,hourCycle=h23	
hr	dt_short_full	{"dateStyle":"short","timeStyle":"full"}	dd. MM. y. HH:mm:ss (zzzz)	24. 12. 2022. 15:07:09 (koordinirano svjetsko vrijeme)	06. 03. 2023. 09:04:05 (koordinirano svjetsko vrijeme)	koordinirano svjetsko vrijeme	dateStyle=short,timeStyle=full,hourCycle=h23	
hr	dt_short_long	{"dateStyle":"short","timeStyle":"long"}	dd. MM. y. HH:mm:ss z	24. 12. 2022. 15:07:09 UTC	06. 03. 2023. 09:04:05 UTC	UTC	dateStyle=short,timeStyle=long,hourCycle=h23	
hr	dt_short_medium	{"dateStyle":"short","timeStyle":"medium"}	dd. MM. y. HH:mm:ss	24. 12. 2022. 15:07:09	06. 03. 2023. 09:04:05		dateStyle=short,timeStyle=medium,hourCycle=h23	
hr	dt_short_short	{"dateStyle":"short","timeStyle":"short"}	dd. MM. y. HH:mm	24. 12. 2022. 15:07	06. 03. 2023. 09:04		dateStyle=short,timeStyle=short,hourCycle=h23	
hr	t_short_h23	{"timeStyle":"short","hourCycle":"h23"}	HH:mm	15:07	09:04		timeStyle=short,hourCycle=h23	
hr	t_short_h12	{"timeStyle":"short","hourCycle":"h12"}	hh:mm\u202fa	03:07 PM	09:04 AM		timeStyle=short,hourCycle=h12	
hr	t_short_h11	{"timeStyle":"short","hourCycle":"h11"}	KK:mm\u202fa	03:07 PM	09:04 AM		timeStyle=short,hourCycle=h11	
hr	t_short_h24	{"timeStyle":"short","hourCycle":"h24"}	kk:mm	15:07	09:04		timeStyle=short,hourCycle=h24	
hr	t_medium_12	{"timeStyle":"medium","hour12":true}	hh:mm:ss\u202fa	03:07:09 PM	09:04:05 AM		timeStyle=medium,hourCycle=h12	
hr	t_medium_24	{"timeStyle":"medium","hour12":false}	HH:mm:ss	15:07:09	09:04:05		timeStyle=medium,hourCycle=h23	
hr	t_full_h23	{"timeStyle":"full","hourCycle":"h23"}	HH:mm:ss (zzzz)	15:07:09 (koordinirano svjetsko vrijeme)	09:04:05 (koordinirano svjetsko vrijeme)	koordinirano svjetsko vrijeme	timeStyle=full,hourCycle=h23	
hr	t_long_h12	{"timeStyle":"long","hourCycle":"h12"}	hh:mm:ss\u202fa z	03:07:09 PM UTC	09:04:05 AM UTC	UTC	timeStyle=long,hourCycle=h12	
hr	dt_full_short_h23	{"dateStyle":"full","timeStyle":"short","hourCycle":"h23"}	EEEE, d. MMMM y. 'u' HH:mm	subota, 24. prosinca 2022. u 15:07	ponedjeljak, 6. o\u017eujka 2023. u 09:04		dateStyle=full,timeStyle=short,hourCycle=h23	
hr	dt_short_medium_h12	{"dateStyle":"short","timeStyle":"medium","hourCycle":"h12"}	dd. MM. y. hh:mm:ss\u202fa	24. 12. 2022. 03:07:09 PM	06. 03. 2023. 09:04:05 AM		dateStyle=short,timeStyle=medium,hourCycle=h12	
hr	dt_long_long_12	{"dateStyle":"long","timeStyle":"long","hour12":true}	d. MMMM y. 'u' hh:mm:ss\u202fa z	24. prosinca 2022. u 03:07:09 PM UTC	6. o\u017eujka 2023. u 09:04:05 AM UTC	UTC	dateStyle=long,timeStyle=long,hourCycle=h12	
hr	dt_medium_full_24	{"dateStyle":"medium","timeStyle":"full","hour12":false}	d. MMM y. HH:mm:ss (zzzz)	24. pro 2022. 15:07:09 (koordinirano svjetsko vrijeme)	6. o\u017eu 2023. 09:04:05 (koordinirano svjetsko vrijeme)	koordinirano svjetsko vrijeme	dateStyle=medium,timeStyle=full,hourCycle=h23	
hr	PYM_full	{"temporal":"PlainYearMonth","dateStyle":"full"}	LLLL y.	prosinac 2022.	o\u017eujak 2023.		year=numeric,month=long	
hr	PYM_long	{"temporal":"PlainYearMonth","dateStyle":"long"}	LLLL y.	prosinac 2022.	o\u017eujak 2023.		year=numeric,month=long	
hr	PYM_medium	{"temporal":"PlainYearMonth","dateStyle":"medium"}	LLL y.	pro 2022.	o\u017eu 2023.		year=numeric,month=short	
hr	PYM_short	{"temporal":"PlainYearMonth","dateStyle":"short"}	MM. y.	12. 2022.	03. 2023.		year=numeric,month=2-digit	
hr	PMD_full	{"temporal":"PlainMonthDay","dateStyle":"full"}	d. MMMM	24. prosinca	6. o\u017eujka		month=long,day=numeric	
hr	PMD_long	{"temporal":"PlainMonthDay","dateStyle":"long"}	d. MMMM	24. prosinca	6. o\u017eujka		month=long,day=numeric	
hr	PMD_medium	{"temporal":"PlainMonthDay","dateStyle":"medium"}	d. MMM	24. pro	6. o\u017eu		month=short,day=numeric	
hr	PMD_short	{"temporal":"PlainMonthDay","dateStyle":"short"}	dd. MM.	24. 12.	06. 03.		month=2-digit,day=2-digit	
hr	PD_full	{"temporal":"PlainDate","dateStyle":"full"}	EEEE, d. MMMM y.	subota, 24. prosinca 2022.	ponedjeljak, 6. o\u017eujka 2023.		dateStyle=full	
hr	PD_short	{"temporal":"PlainDate","dateStyle":"short"}	dd. MM. y.	24. 12. 2022.	06. 03. 2023.		dateStyle=short	
hr	PT_full	{"temporal":"PlainTime","timeStyle":"full"}	HH:mm:ss	15:07:09	09:04:05		hour=2-digit,minute=2-digit,second=2-digit,hourCycle=h23	
hr	PT_long	{"temporal":"PlainTime","timeStyle":"long"}	HH:mm:ss	15:07:09	09:04:05		hour=2-digit,minute=2-digit,second=2-digit,hourCycle=h23	
hr	PT_medium	{"temporal":"PlainTime","timeStyle":"medium"}	HH:mm:ss	15:07:09	09:04:05		timeStyle=medium,hourCycle=h23	
hr	PDT_full_full	{"temporal":"PlainDateTime","dateStyle":"full","timeStyle":"full"}	EEEE, d. MMMM y. 'u' HH:mm:ss	subota, 24. prosinca 2022. u 15:07:09	ponedjeljak, 6. o\u017eujka 2023. u 09:04:05		weekday=long,year=numeric,month=long,day=numeric,hour=2-digit,minute=2-digit,second=2-digit,hourCycle=h23	
hr	PDT_long_long	{"temporal":"PlainDateTime","dateStyle":"long","timeStyle":"long"}	d. MMMM y. 'u' HH:mm:ss	24. prosinca 2022. u 15:07:09	6. o\u017eujka 2023. u 09:04:05		year=numeric,month=long,day=numeric,hour=2-digit,minute=2-digit,second=2-digit,hourCycle=h23	
hr	PDT_short_full	{"temporal":"PlainDateTime","dateStyle":"short","timeStyle":"full"}	dd. MM. y. HH:mm:ss	24. 12. 2022. 15:07:09	06. 03. 2023. 09:04:05		year=numeric,month=2-digit,day=2-digit,hour=2-digit,minute=2-digit,second=2-digit,hourCycle=h23	
hr	PDT_medium_medium	{"temporal":"PlainDateTime","dateStyle":"medium","timeStyle":"medium"}	d. MMM y. HH:mm:ss	24. pro 2022. 15:07:09	6. o\u017eu 2023. 09:04:05		dateStyle=medium,timeStyle=medium,hourCycle=h23	
hu	d_full	{"dateStyle":"full"}	y. MMMM d., EEEE	2022. december 24., szombat	2023. m\u00e1rcius 6., h\u00e9tf\u0151		dateStyle=full	
hu	d_long	{"dateStyle":"long"}	y. MMMM d.	2022. december 24.	2023. m\u00e1rcius 6.		dateStyle=long	
hu	d_medium	{"dateStyle":"medium"}	y. MMM d.	2022. dec. 24.	2023. m\u00e1rc. 6.		dateStyle=medium	
hu	d_short	{"dateStyle":"short"}	y. MM. dd.	2022. 12. 24.	2023. 03. 06.		dateStyle=short	
hu	t_full	{"timeStyle":"full"}	H:mm:ss zzzz	15:07:09 koordin\u00e1lt vil\u00e1gid\u0151	9:04:05 koordin\u00e1lt vil\u00e1gid\u0151	koordin\u00e1lt vil\u00e1gid\u0151	timeStyle=full,hourCycle=h23	
hu	t_long	{"timeStyle":"long"}	H:mm:ss z	15:07:09 UTC	9:04:05 UTC	UTC	timeStyle=long,hourCycle=h23	
hu	t_medium	{"timeStyle":"medium"}	H:mm:ss	15:07:09	9:04:05		timeStyle=medium,hourCycle=h23	
hu	t_short	{"timeStyle":"short"}	H:mm	15:07	9:04		timeStyle=short,hourCycle=h23	
hu	dt_full_full	{"dateStyle":"full","timeStyle":"full"}	y. MMMM d., EEEE H:mm:ss zzzz	2022. december 24., szombat 15:07:09 koordin\u00e1lt vil\u00e1gid\u0151	2023. m\u00e1rcius 6., h\u00e9tf\u0151 9:04:05 koordin\u00e1lt vil\u00e1gid\u0151	koordin\u00e1lt vil\u00e1gid\u0151	dateStyle=full,timeStyle=full,hourCycle=h23	
hu	dt_full_long	{"dateStyle":"full","timeStyle":"long"}	y. MMMM d., EEEE H:mm:ss z	2022. december 24., szombat 15:07:09 UTC	2023. m\u00e1rcius 6., h\u00e9tf\u0151 9:04:05 UTC	UTC	dateStyle=full,timeStyle=long,hourCycle=h23	
hu	dt_full_medium	{"dateStyle":"full","timeStyle":"medium"}	y. MMMM d., EEEE H:mm:ss	2022. december 24., szombat 15:07:09	2023. m\u00e1rcius 6., h\u00e9tf\u0151 9:04:05		dateStyle=full,timeStyle=medium,hourCycle=h23	
hu	dt_full_short	{"dateStyle":"full","timeStyle":"short"}	y. MMMM d., EEEE H:mm	2022. december 24., szombat 15:07	2023. m\u00e1rcius 6., h\u00e9tf\u0151 9:04		dateStyle=full,timeStyle=short,hourCycle=h23	
hu	dt_long_full	{"dateStyle":"long","timeStyle":"full"}	y. MMMM d. H:mm:ss zzzz	2022. december 24. 15:07:09 koordin\u00e1lt vil\u00e1gid\u0151	2023. m\u00e1rcius 6. 9:04:05 koordin\u00e1lt vil\u00e1gid\u0151	koordin\u00e1lt vil\u00e1gid\u0151	dateStyle=long,timeStyle=full,hourCycle=h23	
hu	dt_long_long	{"dateStyle":"long","timeStyle":"long"}	y. MMMM d. H:mm:ss z	2022. december 24. 15:07:09 UTC	2023. m\u00e1rcius 6. 9:04:05 UTC	UTC	dateStyle=long,timeStyle=long,hourCycle=h23	
hu	dt_long_medium	{"dateStyle":"long","timeStyle":"medium"}	y. MMMM d. H:mm:ss	2022. december 24. 15:07:09	2023. m\u00e1rcius 6. 9:04:05		dateStyle=long,timeStyle=medium,hourCycle=h23	
hu	dt_long_short	{"dateStyle":"long","timeStyle":"short"}	y. MMMM d. H:mm	2022. december 24. 15:07	2023. m\u00e1rcius 6. 9:04		dateStyle=long,timeStyle=short,hourCycle=h23	
hu	dt_medium_full	{"dateStyle":"medium","timeStyle":"full"}	y. MMM d. H:mm:ss zzzz	2022. dec. 24. 15:07:09 koordin\u00e1lt vil\u00e1gid\u0151	2023. m\u00e1rc. 6. 9:04:05 koordin\u00e1lt vil\u00e1gid\u0151	koordin\u00e1lt vil\u00e1gid\u0151	dateStyle=medium,timeStyle=full,hourCycle=h23	
hu	dt_medium_long	{"dateStyle":"medium","timeStyle":"long"}	y. MMM d. H:mm:ss z	2022. dec. 24. 15:07:09 UTC	2023. m\u00e1rc. 6. 9:04:05 UTC	UTC	dateStyle=medium,timeStyle=long,hourCycle=h23	
hu	dt_medium_medium	{"dateStyle":"medium","timeStyle":"medium"}	y. MMM d. H:mm:ss	2022. dec. 24. 15:07:09	2023. m\u00e1rc. 6. 9:04:05		dateStyle=medium,timeStyle=medium,hourCycle=h23	
hu	dt_medium_short	{"dateStyle":"medium","timeStyle":"short"}	y. MMM d. H:mm	2022. dec. 24. 15:07	2023. m\u00e1rc. 6. 9:04		dateStyle=medium,timeStyle=short,hourCycle=h23	
hu	dt_short_full	{"dateStyle":"short","timeStyle":"full"}	y. MM. dd. H:mm:ss zzzz	2022. 12. 24. 15:07:09 koordin\u00e1lt vil\u00e1gid\u0151	2023. 03. 06. 9:04:05 koordin\u00e1lt vil\u00e1gid\u0151	koordin\u00e1lt vil\u00e1gid\u0151	dateStyle=short,timeStyle=full,hourCycle=h23	
hu	dt_short_long	{"dateStyle":"short","timeStyle":"long"}	y. MM. dd. H:mm:ss z	2022. 12. 24. 15:07:09 UTC	2023. 03. 06. 9:04:05 UTC	UTC	dateStyle=short,timeStyle=long,hourCycle=h23	
hu	dt_short_medium	{"dateStyle":"short","timeStyle":"medium"}	y. MM. dd. H:mm:ss	2022. 12. 24. 15:07:09	2023. 03. 06. 9:04:05		dateStyle=short,timeStyle=medium,hourCycle=h23	
hu	dt_short_short	{"dateStyle":"short","timeStyle":"short"}	y. MM. dd. H:mm	2022. 12. 24. 15:07	2023. 03. 06. 9:04		dateStyle=short,timeStyle=short,hourCycle=h23	
hu	t_short_h23	{"timeStyle":"short","hourCycle":"h23"}	H:mm	15:07	9:04		timeStyle=short,hourCycle=h23	
hu	t_short_h12	{"timeStyle":"short","hourCycle":"h12"}	a\u202fh:mm	du. 3:07	de. 9:04		timeStyle=short,hourCycle=h12	
hu	t_short_h11	{"timeStyle":"short","hourCycle":"h11"}	a\u202fK:mm	du. 3:07	de. 9:04		timeStyle=short,hourCycle=h11	
hu	t_short_h24	{"timeStyle":"short","hourCycle":"h24"}	k:mm	15:07	9:04		timeStyle=short,hourCycle=h24	
hu	t_medium_12	{"timeStyle":"medium","hour12":true}	a\u202fh:mm:ss	du. 3:07:09	de. 9:04:05		timeStyle=medium,hourCycle=h12	
hu	t_medium_24	{"timeStyle":"medium","hour12":false}	H:mm:ss	15:07:09	9:04:05		timeStyle=medium,hourCycle=h23	
hu	t_full_h23	{"timeStyle":"full","hourCycle":"h23"}	H:mm:ss zzzz	15:07:09 koordin\u00e1lt vil\u00e1gid\u0151	9:04:05 koordin\u00e1lt vil\u00e1gid\u0151	koordin\u00e1lt vil\u00e1gid\u0151	timeStyle=full,hourCycle=h23	
hu	t_long_h12	{"timeStyle":"long","hourCycle":"h12"}	a\u202fh:mm:ss z	du. 3:07:09 UTC	de. 9:04:05 UTC	UTC	timeStyle=long,hourCycle=h12	
hu	dt_full_short_h23	{"dateStyle":"full","timeStyle":"short","hourCycle":"h23"}	y. MMMM d., EEEE H:mm	2022. december 24., szombat 15:07	2023. m\u00e1rcius 6., h\u00e9tf\u0151 9:04		dateStyle=full,timeStyle=short,hourCycle=h23	
hu	dt_short_medium_h12	{"dateStyle":"short","timeStyle":"medium","hourCycle":"h12"}	y. MM. dd. a\u202fh:mm:ss	2022. 12. 24. du. 3:07:09	2023. 03. 06. de. 9:04:05		dateStyle=short,timeStyle=medium,hourCycle=h12	
hu	dt_long_long_12	{"dateStyle":"long","timeStyle":"long","hour12":true}	y. MMMM d. a\u202fh:mm:ss z	2022. december 24. du. 3:07:09 UTC	2023. m\u00e1rcius 6. de. 9:04:05 UTC	UTC	dateStyle=long,timeStyle=long,hourCycle=h12	
hu	dt_medium_full_24	{"dateStyle":"medium","timeStyle":"full","hour12":false}	y. MMM d. H:mm:ss zzzz	2022. dec. 24. 15:07:09 koordin\u00e1lt vil\u00e1gid\u0151	2023. m\u00e1rc. 6. 9:04:05 koordin\u00e1lt vil\u00e1gid\u0151	koordin\u00e1lt vil\u00e1gid\u0151	dateStyle=medium,timeStyle=full,hourCycle=h23	
hu	PYM_full	{"temporal":"PlainYearMonth","dateStyle":"full"}	y. MMMM	2022. december	2023. m\u00e1rcius		year=numeric,month=long	
hu	PYM_long	{"temporal":"PlainYearMonth","dateStyle":"long"}	y. MMMM	2022. december	2023. m\u00e1rcius		year=numeric,month=long	
hu	PYM_medium	{"temporal":"PlainYearMonth","dateStyle":"medium"}	y. MMM	2022. dec.	2023. m\u00e1rc.		year=numeric,month=short	
hu	PYM_short	{"temporal":"PlainYearMonth","dateStyle":"short"}	y. MM.	2022. 12.	2023. 03.		year=numeric,month=2-digit	
hu	PMD_full	{"temporal":"PlainMonthDay","dateStyle":"full"}	MMMM d.	december 24.	m\u00e1rcius 6.		month=long,day=numeric	
hu	PMD_long	{"temporal":"PlainMonthDay","dateStyle":"long"}	MMMM d.	december 24.	m\u00e1rcius 6.		month=long,day=numeric	
hu	PMD_medium	{"temporal":"PlainMonthDay","dateStyle":"medium"}	MMM d.	dec. 24.	m\u00e1rc. 6.		month=short,day=numeric	
hu	PMD_short	{"temporal":"PlainMonthDay","dateStyle":"short"}	MM. dd.	12. 24.	03. 06.		month=2-digit,day=2-digit	
hu	PD_full	{"temporal":"PlainDate","dateStyle":"full"}	y. MMMM d., EEEE	2022. december 24., szombat	2023. m\u00e1rcius 6., h\u00e9tf\u0151		dateStyle=full	
hu	PD_short	{"temporal":"PlainDate","dateStyle":"short"}	y. MM. dd.	2022. 12. 24.	2023. 03. 06.		dateStyle=short	
hu	PT_full	{"temporal":"PlainTime","timeStyle":"full"}	H:mm:ss	15:07:09	9:04:05		hour=numeric,minute=2-digit,second=2-digit,hourCycle=h23	
hu	PT_long	{"temporal":"PlainTime","timeStyle":"long"}	H:mm:ss	15:07:09	9:04:05		hour=numeric,minute=2-digit,second=2-digit,hourCycle=h23	
hu	PT_medium	{"temporal":"PlainTime","timeStyle":"medium"}	H:mm:ss	15:07:09	9:04:05		timeStyle=medium,hourCycle=h23	
hu	PDT_full_full	{"temporal":"PlainDateTime","dateStyle":"full","timeStyle":"full"}	y. MMMM d., EEEE H:mm:ss	2022. december 24., szombat 15:07:09	2023. m\u00e1rcius 6., h\u00e9tf\u0151 9:04:05		weekday=long,year=numeric,month=long,day=numeric,hour=numeric,minute=2-digit,second=2-digit,hourCycle=h23	
hu	PDT_long_long	{"temporal":"PlainDateTime","dateStyle":"long","timeStyle":"long"}	y. MMMM d. H:mm:ss	2022. december 24. 15:07:09	2023. m\u00e1rcius 6. 9:04:05		year=numeric,month=long,day=numeric,hour=numeric,minute=2-digit,second=2-digit,hourCycle=h23	
hu	PDT_short_full	{"temporal":"PlainDateTime","dateStyle":"short","timeStyle":"full"}	y. MM. dd. H:mm:ss	2022. 12. 24. 15:07:09	2023. 03. 06. 9:04:05		year=numeric,month=2-digit,day=2-digit,hour=numeric,minute=2-digit,second=2-digit,hourCycle=h23	
hu	PDT_medium_medium	{"temporal":"PlainDateTime","dateStyle":"medium","timeStyle":"medium"}	y. MMM d. H:mm:ss	2022. dec. 24. 15:07:09	2023. m\u00e1rc. 6. 9:04:05		dateStyle=medium,timeStyle=medium,hourCycle=h23	
id	d_full	{"dateStyle":"full"}	EEEE, dd MMMM y	Sabtu, 24 Desember 2022	Senin, 06 Maret 2023		dateStyle=full	
id	d_long	{"dateStyle":"long"}	d MMMM y	24 Desember 2022	6 Maret 2023		dateStyle=long	
id	d_medium	{"dateStyle":"medium"}	d MMM y	24 Des 2022	6 Mar 2023		dateStyle=medium	
id	d_short	{"dateStyle":"short"}	dd/MM/yy	24/12/22	06/03/23		dateStyle=short	
id	t_full	{"timeStyle":"full"}	HH.mm.ss zzzz	15.07.09 Waktu Universal Terkoordinasi	09.04.05 Waktu Universal Terkoordinasi	Waktu Universal Terkoordinasi	timeStyle=full,hourCycle=h23	
id	t_long	{"timeStyle":"long"}	HH.mm.ss z	15.07.09 UTC	09.04.05 UTC	UTC	timeStyle=long,hourCycle=h23	
id	t_medium	{"timeStyle":"medium"}	HH.mm.ss	15.07.09	09.04.05		timeStyle=medium,hourCycle=h23	
id	t_short	{"timeStyle":"short"}	HH.mm	15.07	09.04		timeStyle=short,hourCycle=h23	
id	dt_full_full	{"dateStyle":"full","timeStyle":"full"}	EEEE, dd MMMM y 'pukul' HH.mm.ss zzzz	Sabtu, 24 Desember 2022 pukul 15.07.09 Waktu Universal Terkoordinasi	Senin, 06 Maret 2023 pukul 09.04.05 Waktu Universal Terkoordinasi	Waktu Universal Terkoordinasi	dateStyle=full,timeStyle=full,hourCycle=h23	
id	dt_full_long	{"dateStyle":"full","timeStyle":"long"}	EEEE, dd MMMM y 'pukul' HH.mm.ss z	Sabtu, 24 Desember 2022 pukul 15.07.09 UTC	Senin, 06 Maret 2023 pukul 09.04.05 UTC	UTC	dateStyle=full,timeStyle=long,hourCycle=h23	
id	dt_full_medium	{"dateStyle":"full","timeStyle":"medium"}	EEEE, dd MMMM y 'pukul' HH.mm.ss	Sabtu, 24 Desember 2022 pukul 15.07.09	Senin, 06 Maret 2023 pukul 09.04.05		dateStyle=full,timeStyle=medium,hourCycle=h23	
id	dt_full_short	{"dateStyle":"full","timeStyle":"short"}	EEEE, dd MMMM y 'pukul' HH.mm	Sabtu, 24 Desember 2022 pukul 15.07	Senin, 06 Maret 2023 pukul 09.04		dateStyle=full,timeStyle=short,hourCycle=h23	
id	dt_long_full	{"dateStyle":"long","timeStyle":"full"}	d MMMM y 'pukul' HH.mm.ss zzzz	24 Desember 2022 pukul 15.07.09 Waktu Universal Terkoordinasi	6 Maret 2023 pukul 09.04.05 Waktu Universal Terkoordinasi	Waktu Universal Terkoordinasi	dateStyle=long,timeStyle=full,hourCycle=h23	
id	dt_long_long	{"dateStyle":"long","timeStyle":"long"}	d MMMM y 'pukul' HH.mm.ss z	24 Desember 2022 pukul 15.07.09 UTC	6 Maret 2023 pukul 09.04.05 UTC	UTC	dateStyle=long,timeStyle=long,hourCycle=h23	
id	dt_long_medium	{"dateStyle":"long","timeStyle":"medium"}	d MMMM y 'pukul' HH.mm.ss	24 Desember 2022 pukul 15.07.09	6 Maret 2023 pukul 09.04.05		dateStyle=long,timeStyle=medium,hourCycle=h23	
id	dt_long_short	{"dateStyle":"long","timeStyle":"short"}	d MMMM y 'pukul' HH.mm	24 Desember 2022 pukul 15.07	6 Maret 2023 pukul 09.04		dateStyle=long,timeStyle=short,hourCycle=h23	
id	dt_medium_full	{"dateStyle":"medium","timeStyle":"full"}	d MMM y, HH.mm.ss zzzz	24 Des 2022, 15.07.09 Waktu Universal Terkoordinasi	6 Mar 2023, 09.04.05 Waktu Universal Terkoordinasi	Waktu Universal Terkoordinasi	dateStyle=medium,timeStyle=full,hourCycle=h23	
id	dt_medium_long	{"dateStyle":"medium","timeStyle":"long"}	d MMM y, HH.mm.ss z	24 Des 2022, 15.07.09 UTC	6 Mar 2023, 09.04.05 UTC	UTC	dateStyle=medium,timeStyle=long,hourCycle=h23	
id	dt_medium_medium	{"dateStyle":"medium","timeStyle":"medium"}	d MMM y, HH.mm.ss	24 Des 2022, 15.07.09	6 Mar 2023, 09.04.05		dateStyle=medium,timeStyle=medium,hourCycle=h23	
id	dt_medium_short	{"dateStyle":"medium","timeStyle":"short"}	d MMM y, HH.mm	24 Des 2022, 15.07	6 Mar 2023, 09.04		dateStyle=medium,timeStyle=short,hourCycle=h23	
id	dt_short_full	{"dateStyle":"short","timeStyle":"full"}	dd/MM/yy, HH.mm.ss zzzz	24/12/22, 15.07.09 Waktu Universal Terkoordinasi	06/03/23, 09.04.05 Waktu Universal Terkoordinasi	Waktu Universal Terkoordinasi	dateStyle=short,timeStyle=full,hourCycle=h23	
id	dt_short_long	{"dateStyle":"short","timeStyle":"long"}	dd/MM/yy, HH.mm.ss z	24/12/22, 15.07.09 UTC	06/03/23, 09.04.05 UTC	UTC	dateStyle=short,timeStyle=long,hourCycle=h23	
id	dt_short_medium	{"dateStyle":"short","timeStyle":"medium"}	dd/MM/yy, HH.mm.ss	24/12/22, 15.07.09	06/03/23, 09.04.05		dateStyle=short,timeStyle=medium,hourCycle=h23	
id	dt_short_short	{"dateStyle":"short","timeStyle":"short"}	dd/MM/yy, HH.mm	24/12/22, 15.07	06/03/23, 09.04		dateStyle=short,timeStyle=short,hourCycle=h23	
id	t_short_h23	{"timeStyle":"short","hourCycle":"h23"}	HH.mm	15.07	09.04		timeStyle=short,hourCycle=h23	
id	t_short_h12	{"timeStyle":"short","hourCycle":"h12"}	hh.mm\u202fa	03.07 PM	09.04 AM		timeStyle=short,hourCycle=h12	
id	t_short_h11	{"timeStyle":"short","hourCycle":"h11"}	KK.mm\u202fa	03.07 PM	09.04 AM		timeStyle=short,hourCycle=h11	
id	t_short_h24	{"timeStyle":"short","hourCycle":"h24"}	kk.mm	15.07	09.04		timeStyle=short,hourCycle=h24	
id	t_medium_12	{"timeStyle":"medium","hour12":true}	hh.mm.ss\u202fa	03.07.09 PM	09.04.05 AM		timeStyle=medium,hourCycle=h12	
id	t_medium_24	{"timeStyle":"medium","hour12":false}	HH.mm.ss	15.07.09	09.04.05		timeStyle=medium,hourCycle=h23	
id	t_full_h23	{"timeStyle":"full","hourCycle":"h23"}	HH.mm.ss zzzz	15.07.09 Waktu Universal Terkoordinasi	09.04.05 Waktu Universal Terkoordinasi	Waktu Universal Terkoordinasi	timeStyle=full,hourCycle=h23	
id	t_long_h12	{"timeStyle":"long","hourCycle":"h12"}	hh.mm.ss. a z	03.07.09. PM UTC	09.04.05. AM UTC	UTC	timeStyle=long,hourCycle=h12	
id	dt_full_short_h23	{"dateStyle":"full","timeStyle":"short","hourCycle":"h23"}	EEEE, dd MMMM y 'pukul' HH.mm	Sabtu, 24 Desember 2022 pukul 15.07	Senin, 06 Maret 2023 pukul 09.04		dateStyle=full,timeStyle=short,hourCycle=h23	
id	dt_short_medium_h12	{"dateStyle":"short","timeStyle":"medium","hourCycle":"h12"}	dd/MM/yy, hh.mm.ss\u202fa	24/12/22, 03.07.09 PM	06/03/23, 09.04.05 AM		dateStyle=short,timeStyle=medium,hourCycle=h12	
id	dt_long_long_12	{"dateStyle":"long","timeStyle":"long","hour12":true}	d MMMM y 'pukul' hh.mm.ss. a z	24 Desember 2022 pukul 03.07.09. PM UTC	6 Maret 2023 pukul 09.04.05. AM UTC	UTC	dateStyle=long,timeStyle=long,hourCycle=h12	
id	dt_medium_full_24	{"dateStyle":"medium","timeStyle":"full","hour12":false}	d MMM y, HH.mm.ss zzzz	24 Des 2022, 15.07.09 Waktu Universal Terkoordinasi	6 Mar 2023, 09.04.05 Waktu Universal Terkoordinasi	Waktu Universal Terkoordinasi	dateStyle=medium,timeStyle=full,hourCycle=h23	
id	PYM_full	{"temporal":"PlainYearMonth","dateStyle":"full"}	MMMM y	Desember 2022	Maret 2023		year=numeric,month=long	
id	PYM_long	{"temporal":"PlainYearMonth","dateStyle":"long"}	MMMM y	Desember 2022	Maret 2023		year=numeric,month=long	
id	PYM_medium	{"temporal":"PlainYearMonth","dateStyle":"medium"}	MMM y	Des 2022	Mar 2023		year=numeric,month=short	
id	PYM_short	{"temporal":"PlainYearMonth","dateStyle":"short"}	MM/yy	12/22	03/23		year=2-digit,month=2-digit	
id	PMD_full	{"temporal":"PlainMonthDay","dateStyle":"full"}	dd MMMM	24 Desember	06 Maret		month=long,day=2-digit	
id	PMD_long	{"temporal":"PlainMonthDay","dateStyle":"long"}	d MMMM	24 Desember	6 Maret		month=long,day=numeric	
id	PMD_medium	{"temporal":"PlainMonthDay","dateStyle":"medium"}	d MMM	24 Des	6 Mar		month=short,day=numeric	
id	PMD_short	{"temporal":"PlainMonthDay","dateStyle":"short"}	dd/MM	24/12	06/03		month=2-digit,day=2-digit	
id	PD_full	{"temporal":"PlainDate","dateStyle":"full"}	EEEE, dd MMMM y	Sabtu, 24 Desember 2022	Senin, 06 Maret 2023		dateStyle=full	
id	PD_short	{"temporal":"PlainDate","dateStyle":"short"}	dd/MM/yy	24/12/22	06/03/23		dateStyle=short	
id	PT_full	{"temporal":"PlainTime","timeStyle":"full"}	HH.mm.ss	15.07.09	09.04.05		hour=2-digit,minute=2-digit,second=2-digit,hourCycle=h23	
id	PT_long	{"temporal":"PlainTime","timeStyle":"long"}	HH.mm.ss	15.07.09	09.04.05		hour=2-digit,minute=2-digit,second=2-digit,hourCycle=h23	
id	PT_medium	{"temporal":"PlainTime","timeStyle":"medium"}	HH.mm.ss	15.07.09	09.04.05		timeStyle=medium,hourCycle=h23	
id	PDT_full_full	{"temporal":"PlainDateTime","dateStyle":"full","timeStyle":"full"}	EEEE, dd MMMM y 'pukul' HH.mm.ss	Sabtu, 24 Desember 2022 pukul 15.07.09	Senin, 06 Maret 2023 pukul 09.04.05		weekday=long,year=numeric,month=long,day=2-digit,hour=2-digit,minute=2-digit,second=2-digit,hourCycle=h23	
id	PDT_long_long	{"temporal":"PlainDateTime","dateStyle":"long","timeStyle":"long"}	d MMMM y 'pukul' HH.mm.ss	24 Desember 2022 pukul 15.07.09	6 Maret 2023 pukul 09.04.05		year=numeric,month=long,day=numeric,hour=2-digit,minute=2-digit,second=2-digit,hourCycle=h23	
id	PDT_short_full	{"temporal":"PlainDateTime","dateStyle":"short","timeStyle":"full"}	dd/MM/yy, HH.mm.ss	24/12/22, 15.07.09	06/03/23, 09.04.05		year=2-digit,month=2-digit,day=2-digit,hour=2-digit,minute=2-digit,second=2-digit,hourCycle=h23	
id	PDT_medium_medium	{"temporal":"PlainDateTime","dateStyle":"medium","timeStyle":"medium"}	d MMM y, HH.mm.ss	24 Des 2022, 15.07.09	6 Mar 2023, 09.04.05		dateStyle=medium,timeStyle=medium,hourCycle=h23	
it	d_full	{"dateStyle":"full"}	EEEE d MMMM y	sabato 24 dicembre 2022	luned\u00ec 6 marzo 2023		dateStyle=full	
it	d_long	{"dateStyle":"long"}	d MMMM y	24 dicembre 2022	6 marzo 2023		dateStyle=long	
it	d_medium	{"dateStyle":"medium"}	d MMM y	24 dic 2022	6 mar 2023		dateStyle=medium	
it	d_short	{"dateStyle":"short"}	dd/MM/yy	24/12/22	06/03/23		dateStyle=short	
it	t_full	{"timeStyle":"full"}	HH:mm:ss zzzz	15:07:09 Tempo coordinato universale	09:04:05 Tempo coordinato universale	Tempo coordinato universale	timeStyle=full,hourCycle=h23	
it	t_long	{"timeStyle":"long"}	HH:mm:ss z	15:07:09 UTC	09:04:05 UTC	UTC	timeStyle=long,hourCycle=h23	
it	t_medium	{"timeStyle":"medium"}	HH:mm:ss	15:07:09	09:04:05		timeStyle=medium,hourCycle=h23	
it	t_short	{"timeStyle":"short"}	HH:mm	15:07	09:04		timeStyle=short,hourCycle=h23	
it	dt_full_full	{"dateStyle":"full","timeStyle":"full"}	EEEE d MMMM y 'alle' 'ore' HH:mm:ss zzzz	sabato 24 dicembre 2022 alle ore 15:07:09 Tempo coordinato universale	luned\u00ec 6 marzo 2023 alle ore 09:04:05 Tempo coordinato universale	Tempo coordinato universale	dateStyle=full,timeStyle=full,hourCycle=h23	
it	dt_full_long	{"dateStyle":"full","timeStyle":"long"}	EEEE d MMMM y 'alle' 'ore' HH:mm:ss z	sabato 24 dicembre 2022 alle ore 15:07:09 UTC	luned\u00ec 6 marzo 2023 alle ore 09:04:05 UTC	UTC	dateStyle=full,timeStyle=long,hourCycle=h23	
it	dt_full_medium	{"dateStyle":"full","timeStyle":"medium"}	EEEE d MMMM y 'alle' 'ore' HH:mm:ss	sabato 24 dicembre 2022 alle ore 15:07:09	luned\u00ec 6 marzo 2023 alle ore 09:04:05		dateStyle=full,timeStyle=medium,hourCycle=h23	
it	dt_full_short	{"dateStyle":"full","timeStyle":"short"}	EEEE d MMMM y 'alle' 'ore' HH:mm	sabato 24 dicembre 2022 alle ore 15:07	luned\u00ec 6 marzo 2023 alle ore 09:04		dateStyle=full,timeStyle=short,hourCycle=h23	
it	dt_long_full	{"dateStyle":"long","timeStyle":"full"}	d MMMM y 'alle' 'ore' HH:mm:ss zzzz	24 dicembre 2022 alle ore 15:07:09 Tempo coordinato universale	6 marzo 2023 alle ore 09:04:05 Tempo coordinato universale	Tempo coordinato universale	dateStyle=long,timeStyle=full,hourCycle=h23	
it	dt_long_long	{"dateStyle":"long","timeStyle":"long"}	d MMMM y 'alle' 'ore' HH:mm:ss z	24 dicembre 2022 alle ore 15:07:09 UTC	6 marzo 2023 alle ore 09:04:05 UTC	UTC	dateStyle=long,timeStyle=long,hourCycle=h23	
it	dt_long_medium	{"dateStyle":"long","timeStyle":"medium"}	d MMMM y 'alle' 'ore' HH:mm:ss	24 dicembre 2022 alle ore 15:07:09	6 marzo 2023 alle ore 09:04:05		dateStyle=long,timeStyle=medium,hourCycle=h23	
it	dt_long_short	{"dateStyle":"long","timeStyle":"short"}	d MMMM y 'alle' 'ore' HH:mm	24 dicembre 2022 alle ore 15:07	6 marzo 2023 alle ore 09:04		dateStyle=long,timeStyle=short,hourCycle=h23	
it	dt_medium_full	{"dateStyle":"medium","timeStyle":"full"}	d MMM y, HH:mm:ss zzzz	24 dic 2022, 15:07:09 Tempo coordinato universale	6 mar 2023, 09:04:05 Tempo coordinato universale	Tempo coordinato universale	dateStyle=medium,timeStyle=full,hourCycle=h23	
it	dt_medium_long	{"dateStyle":"medium","timeStyle":"long"}	d MMM y, HH:mm:ss z	24 dic 2022, 15:07:09 UTC	6 mar 2023, 09:04:05 UTC	UTC	dateStyle=medium,timeStyle=long,hourCycle=h23	
it	dt_medium_medium	{"dateStyle":"medium","timeStyle":"medium"}	d MMM y, HH:mm:ss	24 dic 2022, 15:07:09	6 mar 2023, 09:04:05		dateStyle=medium,timeStyle=medium,hourCycle=h23	
it	dt_medium_short	{"dateStyle":"medium","timeStyle":"short"}	d MMM y, HH:mm	24 dic 2022, 15:07	6 mar 2023, 09:04		dateStyle=medium,timeStyle=short,hourCycle=h23	
it	dt_short_full	{"dateStyle":"short","timeStyle":"full"}	dd/MM/yy, HH:mm:ss zzzz	24/12/22, 15:07:09 Tempo coordinato universale	06/03/23, 09:04:05 Tempo coordinato universale	Tempo coordinato universale	dateStyle=short,timeStyle=full,hourCycle=h23	
it	dt_short_long	{"dateStyle":"short","timeStyle":"long"}	dd/MM/yy, HH:mm:ss z	24/12/22, 15:07:09 UTC	06/03/23, 09:04:05 UTC	UTC	dateStyle=short,timeStyle=long,hourCycle=h23	
it	dt_short_medium	{"dateStyle":"short","timeStyle":"medium"}	dd/MM/yy, HH:mm:ss	24/12/22, 15:07:09	06/03/23, 09:04:05		dateStyle=short,timeStyle=medium,hourCycle=h23	
it	dt_short_short	{"dateStyle":"short","timeStyle":"short"}	dd/MM/yy, HH:mm	24/12/22, 15:07	06/03/23, 09:04		dateStyle=short,timeStyle=short,hourCycle=h23	
it	t_short_h23	{"timeStyle":"short","hourCycle":"h23"}	HH:mm	15:07	09:04		timeStyle=short,hourCycle=h23	
it	t_short_h12	{"timeStyle":"short","hourCycle":"h12"}	hh:mm\u202fa	03:07 PM	09:04 AM		timeStyle=short,hourCycle=h12	
it	t_short_h11	{"timeStyle":"short","hourCycle":"h11"}	KK:mm\u202fa	03:07 PM	09:04 AM		timeStyle=short,hourCycle=h11	
it	t_short_h24	{"timeStyle":"short","hourCycle":"h24"}	kk:mm	15:07	09:04		timeStyle=short,hourCycle=h24	
it	t_medium_12	{"timeStyle":"medium","hour12":true}	hh:mm:ss\u202fa	03:07:09 PM	09:04:05 AM		timeStyle=medium,hourCycle=h12	
it	t_medium_24	{"timeStyle":"medium","hour12":false}	HH:mm:ss	15:07:09	09:04:05		timeStyle=medium,hourCycle=h23	
it	t_full_h23	{"timeStyle":"full","hourCycle":"h23"}	HH:mm:ss zzzz	15:07:09 Tempo coordinato universale	09:04:05 Tempo coordinato universale	Tempo coordinato universale	timeStyle=full,hourCycle=h23	
it	t_long_h12	{"timeStyle":"long","hourCycle":"h12"}	hh:mm:ss\u202fa z	03:07:09 PM UTC	09:04:05 AM UTC	UTC	timeStyle=long,hourCycle=h12	
it	dt_full_short_h23	{"dateStyle":"full","timeStyle":"short","hourCycle":"h23"}	EEEE d MMMM y 'alle' 'ore' HH:mm	sabato 24 dicembre 2022 alle ore 15:07	luned\u00ec 6 marzo 2023 alle ore 09:04		dateStyle=full,timeStyle=short,hourCycle=h23	
it	dt_short_medium_h12	{"dateStyle":"short","timeStyle":"medium","hourCycle":"h12"}	dd/MM/yy, hh:mm:ss\u202fa	24/12/22, 03:07:09 PM	06/03/23, 09:04:05 AM		dateStyle=short,timeStyle=medium,hourCycle=h12	
it	dt_long_long_12	{"dateStyle":"long","timeStyle":"long","hour12":true}	d MMMM y 'alle' 'ore' hh:mm:ss\u202fa z	24 dicembre 2022 alle ore 03:07:09 PM UTC	6 marzo 2023 alle ore 09:04:05 AM UTC	UTC	dateStyle=long,timeStyle=long,hourCycle=h12	
it	dt_medium_full_24	{"dateStyle":"medium","timeStyle":"full","hour12":false}	d MMM y, HH:mm:ss zzzz	24 dic 2022, 15:07:09 Tempo coordinato universale	6 mar 2023, 09:04:05 Tempo coordinato universale	Tempo coordinato universale	dateStyle=medium,timeStyle=full,hourCycle=h23	
it	PYM_full	{"temporal":"PlainYearMonth","dateStyle":"full"}	MMMM y	dicembre 2022	marzo 2023		year=numeric,month=long	
it	PYM_long	{"temporal":"PlainYearMonth","dateStyle":"long"}	MMMM y	dicembre 2022	marzo 2023		year=numeric,month=long	
it	PYM_medium	{"temporal":"PlainYearMonth","dateStyle":"medium"}	MMM y	dic 2022	mar 2023		year=numeric,month=short	
it	PYM_short	{"temporal":"PlainYearMonth","dateStyle":"short"}	MM/yy	12/22	03/23		year=2-digit,month=2-digit	
it	PMD_full	{"temporal":"PlainMonthDay","dateStyle":"full"}	d MMMM	24 dicembre	6 marzo		month=long,day=numeric	
it	PMD_long	{"temporal":"PlainMonthDay","dateStyle":"long"}	d MMMM	24 dicembre	6 marzo		month=long,day=numeric	
it	PMD_medium	{"temporal":"PlainMonthDay","dateStyle":"medium"}	d MMM	24 dic	6 mar		month=short,day=numeric	
it	PMD_short	{"temporal":"PlainMonthDay","dateStyle":"short"}	dd/MM	24/12	06/03		month=2-digit,day=2-digit	
it	PD_full	{"temporal":"PlainDate","dateStyle":"full"}	EEEE d MMMM y	sabato 24 dicembre 2022	luned\u00ec 6 marzo 2023		dateStyle=full	
it	PD_short	{"temporal":"PlainDate","dateStyle":"short"}	dd/MM/yy	24/12/22	06/03/23		dateStyle=short	
it	PT_full	{"temporal":"PlainTime","timeStyle":"full"}	HH:mm:ss	15:07:09	09:04:05		hour=2-digit,minute=2-digit,second=2-digit,hourCycle=h23	
it	PT_long	{"temporal":"PlainTime","timeStyle":"long"}	HH:mm:ss	15:07:09	09:04:05		hour=2-digit,minute=2-digit,second=2-digit,hourCycle=h23	
it	PT_medium	{"temporal":"PlainTime","timeStyle":"medium"}	HH:mm:ss	15:07:09	09:04:05		timeStyle=medium,hourCycle=h23	
it	PDT_full_full	{"temporal":"PlainDateTime","dateStyle":"full","timeStyle":"full"}	EEEE d MMMM y 'alle' 'ore' HH:mm:ss	sabato 24 dicembre 2022 alle ore 15:07:09	luned\u00ec 6 marzo 2023 alle ore 09:04:05		weekday=long,year=numeric,month=long,day=numeric,hour=2-digit,minute=2-digit,second=2-digit,hourCycle=h23	
it	PDT_long_long	{"temporal":"PlainDateTime","dateStyle":"long","timeStyle":"long"}	d MMMM y 'alle' 'ore' HH:mm:ss	24 dicembre 2022 alle ore 15:07:09	6 marzo 2023 alle ore 09:04:05		year=numeric,month=long,day=numeric,hour=2-digit,minute=2-digit,second=2-digit,hourCycle=h23	
it	PDT_short_full	{"temporal":"PlainDateTime","dateStyle":"short","timeStyle":"full"}	dd/MM/yy, HH:mm:ss	24/12/22, 15:07:09	06/03/23, 09:04:05		year=2-digit,month=2-digit,day=2-digit,hour=2-digit,minute=2-digit,second=2-digit,hourCycle=h23	
it	PDT_medium_medium	{"temporal":"PlainDateTime","dateStyle":"medium","timeStyle":"medium"}	d MMM y, HH:mm:ss	24 dic 2022, 15:07:09	6 mar 2023, 09:04:05		dateStyle=medium,timeStyle=medium,hourCycle=h23	
ja	d_full	{"dateStyle":"full"}	y\u5e74M\u6708d\u65e5EEEE	2022\u5e7412\u670824\u65e5\u571f\u66dc\u65e5	2023\u5e743\u67086\u65e5\u6708\u66dc\u65e5		dateStyle=full	
ja	d_long	{"dateStyle":"long"}	y\u5e74M\u6708d\u65e5	2022\u5e7412\u670824\u65e5	2023\u5e743\u67086\u65e5		dateStyle=long	
ja	d_medium	{"dateStyle":"medium"}	y/MM/dd	2022/12/24	2023/03/06		dateStyle=medium	
ja	d_short	{"dateStyle":"short"}	y/MM/dd	2022/12/24	2023/03/06		dateStyle=short	
ja	t_full	{"timeStyle":"full"}	H\u6642mm\u5206ss\u79d2 zzzz	15\u664207\u520609\u79d2 \u5354\u5b9a\u4e16\u754c\u6642	9\u664204\u520605\u79d2 \u5354\u5b9a\u4e16\u754c\u6642	\u5354\u5b9a\u4e16\u754c\u6642	timeStyle=full,hourCycle=h23	
ja	t_long	{"timeStyle":"long"}	H:mm:ss z	15:07:09 UTC	9:04:05 UTC	UTC	timeStyle=long,hourCycle=h23	
ja	t_medium	{"timeStyle":"medium"}	H:mm:ss	15:07:09	9:04:05		timeStyle=medium,hourCycle=h23	
ja	t_short	{"timeStyle":"short"}	H:mm	15:07	9:04		timeStyle=short,hourCycle=h23	
ja	dt_full_full	{"dateStyle":"full","timeStyle":"full"}	y\u5e74M\u6708d\u65e5EEEE H\u6642mm\u5206ss\u79d2 zzzz	2022\u5e7412\u670824\u65e5\u571f\u66dc\u65e5 15\u664207\u520609\u79d2 \u5354\u5b9a\u4e16\u754c\u6642	2023\u5e743\u67086\u65e5\u6708\u66dc\u65e5 9\u664204\u520605\u79d2 \u5354\u5b9a\u4e16\u754c\u6642	\u5354\u5b9a\u4e16\u754c\u6642	dateStyle=full,timeStyle=full,hourCycle=h23	
ja	dt_full_long	{"dateStyle":"full","timeStyle":"long"}	y\u5e74M\u6708d\u65e5EEEE H:mm:ss z	2022\u5e7412\u670824\u65e5\u571f\u66dc\u65e5 15:07:09 UTC	2023\u5e743\u67086\u65e5\u6708\u66dc\u65e5 9:04:05 UTC	UTC	dateStyle=full,timeStyle=long,hourCycle=h23	
ja	dt_full_medium	{"dateStyle":"full","timeStyle":"medium"}	y\u5e74M\u6708d\u65e5EEEE H:mm:ss	2022\u5e7412\u670824\u65e5\u571f\u66dc\u65e5 15:07:09	2023\u5e743\u67086\u65e5\u6708\u66dc\u65e5 9:04:05		dateStyle=full,timeStyle=medium,hourCycle=h23	
ja	dt_full_short	{"dateStyle":"full","timeStyle":"short"}	y\u5e74M\u6708d\u65e5EEEE H:mm	2022\u5e7412\u670824\u65e5\u571f\u66dc\u65e5 15:07	2023\u5e743\u67086\u65e5\u6708\u66dc\u65e5 9:04		dateStyle=full,timeStyle=short,hourCycle=h23	
ja	dt_long_full	{"dateStyle":"long","timeStyle":"full"}	y\u5e74M\u6708d\u65e5 H\u6642mm\u5206ss\u79d2 zzzz	2022\u5e7412\u670824\u65e5 15\u664207\u520609\u79d2 \u5354\u5b9a\u4e16\u754c\u6642	2023\u5e743\u67086\u65e5 9\u664204\u520605\u79d2 \u5354\u5b9a\u4e16\u754c\u6642	\u5354\u5b9a\u4e16\u754c\u6642	dateStyle=long,timeStyle=full,hourCycle=h23	
ja	dt_long_long	{"dateStyle":"long","timeStyle":"long"}	y\u5e74M\u6708d\u65e5 H:mm:ss z	2022\u5e7412\u670824\u65e5 15:07:09 UTC	2023\u5e743\u67086\u65e5 9:04:05 UTC	UTC	dateStyle=long,timeStyle=long,hourCycle=h23	
ja	dt_long_medium	{"dateStyle":"long","timeStyle":"medium"}	y\u5e74M\u6708d\u65e5 H:mm:ss	2022\u5e7412\u670824\u65e5 15:07:09	2023\u5e743\u67086\u65e5 9:04:05		dateStyle=long,timeStyle=medium,hourCycle=h23	
ja	dt_long_short	{"dateStyle":"long","timeStyle":"short"}	y\u5e74M\u6708d\u65e5 H:mm	2022\u5e7412\u670824\u65e5 15:07	2023\u5e743\u67086\u65e5 9:04		dateStyle=long,timeStyle=short,hourCycle=h23	
ja	dt_medium_full	{"dateStyle":"medium","timeStyle":"full"}	y/MM/dd H\u6642mm\u5206ss\u79d2 zzzz	2022/12/24 15\u664207\u520609\u79d2 \u5354\u5b9a\u4e16\u754c\u6642	2023/03/06 9\u664204\u520605\u79d2 \u5354\u5b9a\u4e16\u754c\u6642	\u5354\u5b9a\u4e16\u754c\u6642	dateStyle=medium,timeStyle=full,hourCycle=h23	
ja	dt_medium_long	{"dateStyle":"medium","timeStyle":"long"}	y/MM/dd H:mm:ss z	2022/12/24 15:07:09 UTC	2023/03/06 9:04:05 UTC	UTC	dateStyle=medium,timeStyle=long,hourCycle=h23	
ja	dt_medium_medium	{"dateStyle":"medium","timeStyle":"medium"}	y/MM/dd H:mm:ss	2022/12/24 15:07:09	2023/03/06 9:04:05		dateStyle=medium,timeStyle=medium,hourCycle=h23	
ja	dt_medium_short	{"dateStyle":"medium","timeStyle":"short"}	y/MM/dd H:mm	2022/12/24 15:07	2023/03/06 9:04		dateStyle=medium,timeStyle=short,hourCycle=h23	
ja	dt_short_full	{"dateStyle":"short","timeStyle":"full"}	y/MM/dd H\u6642mm\u5206ss\u79d2 zzzz	2022/12/24 15\u664207\u520609\u79d2 \u5354\u5b9a\u4e16\u754c\u6642	2023/03/06 9\u664204\u520605\u79d2 \u5354\u5b9a\u4e16\u754c\u6642	\u5354\u5b9a\u4e16\u754c\u6642	dateStyle=short,timeStyle=full,hourCycle=h23	
ja	dt_short_long	{"dateStyle":"short","timeStyle":"long"}	y/MM/dd H:mm:ss z	2022/12/24 15:07:09 UTC	2023/03/06 9:04:05 UTC	UTC	dateStyle=short,timeStyle=long,hourCycle=h23	
ja	dt_short_medium	{"dateStyle":"short","timeStyle":"medium"}	y/MM/dd H:mm:ss	2022/12/24 15:07:09	2023/03/06 9:04:05		dateStyle=short,timeStyle=medium,hourCycle=h23	
ja	dt_short_short	{"dateStyle":"short","timeStyle":"short"}	y/MM/dd H:mm	2022/12/24 15:07	2023/03/06 9:04		dateStyle=short,timeStyle=short,hourCycle=h23	
ja	t_short_h23	{"timeStyle":"short","hourCycle":"h23"}	H:mm	15:07	9:04		timeStyle=short,hourCycle=h23	
ja	t_short_h12	{"timeStyle":"short","hourCycle":"h12"}	ah:mm	\u5348\u5f8c3:07	\u5348\u524d9:04		timeStyle=short,hourCycle=h12	
ja	t_short_h11	{"timeStyle":"short","hourCycle":"h11"}	aK:mm	\u5348\u5f8c3:07	\u5348\u524d9:04		timeStyle=short,hourCycle=h11	
ja	t_short_h24	{"timeStyle":"short","hourCycle":"h24"}	k:mm	15:07	9:04		timeStyle=short,hourCycle=h24	
ja	t_medium_12	{"timeStyle":"medium","hour12":true}	aK:mm:ss	\u5348\u5f8c3:07:09	\u5348\u524d9:04:05		timeStyle=medium,hourCycle=h11	\u5348\u5f8c3:07:09|\u5348\u524d9:04:05|timeStyle=medium,hourCycle=h12
ja	t_medium_24	{"timeStyle":"medium","hour12":false}	H:mm:ss	15:07:09	9:04:05		timeStyle=medium,hourCycle=h23	
ja	t_full_h23	{"timeStyle":"full","hourCycle":"h23"}	H\u6642mm\u5206ss\u79d2 zzzz	15\u664207\u520609\u79d2 \u5354\u5b9a\u4e16\u754c\u6642	9\u664204\u520605\u79d2 \u5354\u5b9a\u4e16\u754c\u6642	\u5354\u5b9a\u4e16\u754c\u6642	timeStyle=full,hourCycle=h23	
ja	t_long_h12	{"timeStyle":"long","hourCycle":"h12"}	ah:mm:ss z	\u5348\u5f8c3:07:09 UTC	\u5348\u524d9:04:05 UTC	UTC	timeStyle=long,hourCycle=h12	
ja	dt_full_short_h23	{"dateStyle":"full","timeStyle":"short","hourCycle":"h23"}	y\u5e74M\u6708d\u65e5EEEE H:mm	2022\u5e7412\u670824\u65e5\u571f\u66dc\u65e5 15:07	2023\u5e743\u67086\u65e5\u6708\u66dc\u65e5 9:04		dateStyle=full,timeStyle=short,hourCycle=h23	
ja	dt_short_medium_h12	{"dateStyle":"short","timeStyle":"medium","hourCycle":"h12"}	y/MM/dd ah:mm:ss	2022/12/24 \u5348\u5f8c3:07:09	2023/03/06 \u5348\u524d9:04:05		dateStyle=short,timeStyle=medium,hourCycle=h12	
ja	dt_long_long_12	{"dateStyle":"long","timeStyle":"long","hour12":true}	y/M/d aK:mm:ss z	2022/12/24 \u5348\u5f8c3:07:09 UTC	2023/3/6 \u5348\u524d9:04:05 UTC	UTC	dateStyle=long,timeStyle=long,hourCycle=h11	2022/12/24 \u5348\u5f8c3:07:09 UTC|2023/3/6 \u5348\u524d9:04:05 UTC|dateStyle=long,timeStyle=long,hourCycle=h12
ja	dt_medium_full_24	{"dateStyle":"medium","timeStyle":"full","hour12":false}	y/MM/dd H\u6642mm\u5206ss\u79d2 zzzz	2022/12/24 15\u664207\u520609\u79d2 \u5354\u5b9a\u4e16\u754c\u6642	2023/03/06 9\u664204\u520605\u79d2 \u5354\u5b9a\u4e16\u754c\u6642	\u5354\u5b9a\u4e16\u754c\u6642	dateStyle=medium,timeStyle=full,hourCycle=h23	
ja	PYM_full	{"temporal":"PlainYearMonth","dateStyle":"full"}	y/M	2022/12	2023/3		year=numeric,month=numeric	
ja	PYM_long	{"temporal":"PlainYearMonth","dateStyle":"long"}	y/M	2022/12	2023/3		year=numeric,month=numeric	
ja	PYM_medium	{"temporal":"PlainYearMonth","dateStyle":"medium"}	y/MM	2022/12	2023/03		year=numeric,month=2-digit	
ja	PYM_short	{"temporal":"PlainYearMonth","dateStyle":"short"}	y/MM	2022/12	2023/03		year=numeric,month=2-digit	
ja	PMD_full	{"temporal":"PlainMonthDay","dateStyle":"full"}	M/d	12/24	3/6		month=numeric,day=numeric	
ja	PMD_long	{"temporal":"PlainMonthDay","dateStyle":"long"}	M/d	12/24	3/6		month=numeric,day=numeric	
ja	PMD_medium	{"temporal":"PlainMonthDay","dateStyle":"medium"}	MM/dd	12/24	03/06		month=2-digit,day=2-digit	
ja	PMD_short	{"temporal":"PlainMonthDay","dateStyle":"short"}	MM/dd	12/24	03/06		month=2-digit,day=2-digit	
ja	PD_full	{"temporal":"PlainDate","dateStyle":"full"}	y\u5e74M\u6708d\u65e5EEEE	2022\u5e7412\u670824\u65e5\u571f\u66dc\u65e5	2023\u5e743\u67086\u65e5\u6708\u66dc\u65e5		dateStyle=full	
ja	PD_short	{"temporal":"PlainDate","dateStyle":"short"}	y/MM/dd	2022/12/24	2023/03/06		dateStyle=short	
ja	PT_full	{"temporal":"PlainTime","timeStyle":"full"}	H:mm:ss	15:07:09	9:04:05		hour=numeric,minute=2-digit,second=2-digit,hourCycle=h23	
ja	PT_long	{"temporal":"PlainTime","timeStyle":"long"}	H:mm:ss	15:07:09	9:04:05		hour=numeric,minute=2-digit,second=2-digit,hourCycle=h23	
ja	PT_medium	{"temporal":"PlainTime","timeStyle":"medium"}	H:mm:ss	15:07:09	9:04:05		timeStyle=medium,hourCycle=h23	
ja	PDT_full_full	{"temporal":"PlainDateTime","dateStyle":"full","timeStyle":"full"}	y/M/dEEEE H:mm:ss	2022/12/24\u571f\u66dc\u65e5 15:07:09	2023/3/6\u6708\u66dc\u65e5 9:04:05		weekday=long,year=numeric,month=numeric,day=numeric,hour=numeric,minute=2-digit,second=2-digit,hourCycle=h23	
ja	PDT_long_long	{"temporal":"PlainDateTime","dateStyle":"long","timeStyle":"long"}	y/M/d H:mm:ss	2022/12/24 15:07:09	2023/3/6 9:04:05		year=numeric,month=numeric,day=numeric,hour=numeric,minute=2-digit,second=2-digit,hourCycle=h23	
ja	PDT_short_full	{"temporal":"PlainDateTime","dateStyle":"short","timeStyle":"full"}	y/MM/dd H:mm:ss	2022/12/24 15:07:09	2023/03/06 9:04:05		year=numeric,month=2-digit,day=2-digit,hour=numeric,minute=2-digit,second=2-digit,hourCycle=h23	
ja	PDT_medium_medium	{"temporal":"PlainDateTime","dateStyle":"medium","timeStyle":"medium"}	y/MM/dd H:mm:ss	2022/12/24 15:07:09	2023/03/06 9:04:05		dateStyle=medium,timeStyle=medium,hourCycle=h23	
ko	d_full	{"dateStyle":"full"}	y\ub144 MMMM d\uc77c EEEE	2022\ub144 12\uc6d4 24\uc77c \ud1a0\uc694\uc77c	2023\ub144 3\uc6d4 6\uc77c \uc6d4\uc694\uc77c		dateStyle=full	
ko	d_long	{"dateStyle":"long"}	y\ub144 MMMM d\uc77c	2022\ub144 12\uc6d4 24\uc77c	2023\ub144 3\uc6d4 6\uc77c		dateStyle=long	
ko	d_medium	{"dateStyle":"medium"}	y. M. d.	2022. 12. 24.	2023. 3. 6.		dateStyle=medium	
ko	d_short	{"dateStyle":"short"}	yy. M. d.	22. 12. 24.	23. 3. 6.		dateStyle=short	
ko	t_full	{"timeStyle":"full"}	a h\uc2dc m\ubd84 s\ucd08 zzzz	\uc624\ud6c4 3\uc2dc 7\ubd84 9\ucd08 \ud611\uc815 \uc138\uacc4\uc2dc	\uc624\uc804 9\uc2dc 4\ubd84 5\ucd08 \ud611\uc815 \uc138\uacc4\uc2dc	\ud611\uc815 \uc138\uacc4\uc2dc	timeStyle=full,hourCycle=h12	
ko	t_long	{"timeStyle":"long"}	a h\uc2dc m\ubd84 s\ucd08 z	\uc624\ud6c4 3\uc2dc 7\ubd84 9\ucd08 UTC	\uc624\uc804 9\uc2dc 4\ubd84 5\ucd08 UTC	UTC	timeStyle=long,hourCycle=h12	
ko	t_medium	{"timeStyle":"medium"}	a h:mm:ss	\uc624\ud6c4 3:07:09	\uc624\uc804 9:04:05		timeStyle=medium,hourCycle=h12	
ko	t_short	{"timeStyle":"short"}	a h:mm	\uc624\ud6c4 3:07	\uc624\uc804 9:04		timeStyle=short,hourCycle=h12	
ko	dt_full_full	{"dateStyle":"full","timeStyle":"full"}	y\ub144 MMMM d\uc77c EEEE a h\uc2dc m\ubd84 s\ucd08 zzzz	2022\ub144 12\uc6d4 24\uc77c \ud1a0\uc694\uc77c \uc624\ud6c4 3\uc2dc 7\ubd84 9\ucd08 \ud611\uc815 \uc138\uacc4\uc2dc	2023\ub144 3\uc6d4 6\uc77c \uc6d4\uc694\uc77c \uc624\uc804 9\uc2dc 4\ubd84 5\ucd08 \ud611\uc815 \uc138\uacc4\uc2dc	\ud611\uc815 \uc138\uacc4\uc2dc	dateStyle=full,timeStyle=full,hourCycle=h12	
ko	dt_full_long	{"dateStyle":"full","timeStyle":"long"}	y\ub144 MMMM d\uc77c EEEE a h\uc2dc m\ubd84 s\ucd08 z	2022\ub144 12\uc6d4 24\uc77c \ud1a0\uc694\uc77c \uc624\ud6c4 3\uc2dc 7\ubd84 9\ucd08 UTC	2023\ub144 3\uc6d4 6\uc77c \uc6d4\uc694\uc77c \uc624\uc804 9\uc2dc 4\ubd84 5\ucd08 UTC	UTC	dateStyle=full,timeStyle=long,hourCycle=h12	
ko	dt_full_medium	{"dateStyle":"full","timeStyle":"medium"}	y\ub144 MMMM d\uc77c EEEE a h:mm:ss	2022\ub144 12\uc6d4 24\uc77c \ud1a0\uc694\uc77c \uc624\ud6c4 3:07:09	2023\ub144 3\uc6d4 6\uc77c \uc6d4\uc694\uc77c \uc624\uc804 9:04:05		dateStyle=full,timeStyle=medium,hourCycle=h12	
ko	dt_full_short	{"dateStyle":"full","timeStyle":"short"}	y\ub144 MMMM d\uc77c EEEE a h:mm	2022\ub144 12\uc6d4 24\uc77c \ud1a0\uc694\uc77c \uc624\ud6c4 3:07	2023\ub144 3\uc6d4 6\uc77c \uc6d4\uc694\uc77c \uc624\uc804 9:04		dateStyle=full,timeStyle=short,hourCycle=h12	
ko	dt_long_full	{"dateStyle":"long","timeStyle":"full"}	y\ub144 MMMM d\uc77c a h\uc2dc m\ubd84 s\ucd08 zzzz	2022\ub144 12\uc6d4 24\uc77c \uc624\ud6c4 3\uc2dc 7\ubd84 9\ucd08 \ud611\uc815 \uc138\uacc4\uc2dc	2023\ub144 3\uc6d4 6\uc77c \uc624\uc804 9\uc2dc 4\ubd84 5\ucd08 \ud611\uc815 \uc138\uacc4\uc2dc	\ud611\uc815 \uc138\uacc4\uc2dc	dateStyle=long,timeStyle=full,hourCycle=h12	
ko	dt_long_long	{"dateStyle":"long","timeStyle":"long"}	y\ub144 MMMM d\uc77c a h\uc2dc m\ubd84 s\ucd08 z	2022\ub144 12\uc6d4 24\uc77c \uc624\ud6c4 3\uc2dc 7\ubd84 9\ucd08 UTC	2023\ub144 3\uc6d4 6\uc77c \uc624\uc804 9\uc2dc 4\ubd84 5\ucd08 UTC	UTC	dateStyle=long,timeStyle=long,hourCycle=h12	
ko	dt_long_medium	{"dateStyle":"long","timeStyle":"medium"}	y\ub144 MMMM d\uc77c a h:mm:ss	2022\ub144 12\uc6d4 24\uc77c \uc624\ud6c4 3:07:09	2023\ub144 3\uc6d4 6\uc77c \uc624\uc804 9:04:05		dateStyle=long,timeStyle=medium,hourCycle=h12	
ko	dt_long_short	{"dateStyle":"long","timeStyle":"short"}	y\ub144 MMMM d\uc77c a h:mm	2022\ub144 12\uc6d4 24\uc77c \uc624\ud6c4 3:07	2023\ub144 3\uc6d4 6\uc77c \uc624\uc804 9:04		dateStyle=long,timeStyle=short,hourCycle=h12	
ko	dt_medium_full	{"dateStyle":"medium","timeStyle":"full"}	y. M. d. a h\uc2dc m\ubd84 s\ucd08 zzzz	2022. 12. 24. \uc624\ud6c4 3\uc2dc 7\ubd84 9\ucd08 \ud611\uc815 \uc138\uacc4\uc2dc	2023. 3. 6. \uc624\uc804 9\uc2dc 4\ubd84 5\ucd08 \ud611\uc815 \uc138\uacc4\uc2dc	\ud611\uc815 \uc138\uacc4\uc2dc	dateStyle=medium,timeStyle=full,hourCycle=h12	
ko	dt_medium_long	{"dateStyle":"medium","timeStyle":"long"}	y. M. d. a h\uc2dc m\ubd84 s\ucd08 z	2022. 12. 24. \uc624\ud6c4 3\uc2dc 7\ubd84 9\ucd08 UTC	2023. 3. 6. \uc624\uc804 9\uc2dc 4\ubd84 5\ucd08 UTC	UTC	dateStyle=medium,timeStyle=long,hourCycle=h12	
ko	dt_medium_medium	{"dateStyle":"medium","timeStyle":"medium"}	y. M. d. a h:mm:ss	2022. 12. 24. \uc624\ud6c4 3:07:09	2023. 3. 6. \uc624\uc804 9:04:05		dateStyle=medium,timeStyle=medium,hourCycle=h12	
ko	dt_medium_short	{"dateStyle":"medium","timeStyle":"short"}	y. M. d. a h:mm	2022. 12. 24. \uc624\ud6c4 3:07	2023. 3. 6. \uc624\uc804 9:04		dateStyle=medium,timeStyle=short,hourCycle=h12	
ko	dt_short_full	{"dateStyle":"short","timeStyle":"full"}	yy. M. d. a h\uc2dc m\ubd84 s\ucd08 zzzz	22. 12. 24. \uc624\ud6c4 3\uc2dc 7\ubd84 9\ucd08 \ud611\uc815 \uc138\uacc4\uc2dc	23. 3. 6. \uc624\uc804 9\uc2dc 4\ubd84 5\ucd08 \ud611\uc815 \uc138\uacc4\uc2dc	\ud611\uc815 \uc138\uacc4\uc2dc	dateStyle=short,timeStyle=full,hourCycle=h12	
ko	dt_short_long	{"dateStyle":"short","timeStyle":"long"}	yy. M. d. a h\uc2dc m\ubd84 s\ucd08 z	22. 12. 24. \uc624\ud6c4 3\uc2dc 7\ubd84 9\ucd08 UTC	23. 3. 6. \uc624\uc804 9\uc2dc 4\ubd84 5\ucd08 UTC	UTC	dateStyle=short,timeStyle=long,hourCycle=h12	
ko	dt_short_medium	{"dateStyle":"short","timeStyle":"medium"}	yy. M. d. a h:mm:ss	22. 12. 24. \uc624\ud6c4 3:07:09	23. 3. 6. \uc624\uc804 9:04:05		dateStyle=short,timeStyle=medium,hourCycle=h12	
ko	dt_short_short	{"dateStyle":"short","timeStyle":"short"}	yy. M. d. a h:mm	22. 12. 24. \uc624\ud6c4 3:07	23. 3. 6. \uc624\uc804 9:04		dateStyle=short,timeStyle=short,hourCycle=h12	
ko	t_short_h23	{"timeStyle":"short","hourCycle":"h23"}	HH:mm	15:07	09:04		timeStyle=short,hourCycle=h23	
ko	t_short_h12	{"timeStyle":"short","hourCycle":"h12"}	a h:mm	\uc624\ud6c4 3:07	\uc624\uc804 9:04		timeStyle=short,hourCycle=h12	
ko	t_short_h11	{"timeStyle":"short","hourCycle":"h11"}	a K:mm	\uc624\ud6c4 3:07	\uc624\uc804 9:04		timeStyle=short,hourCycle=h11	
ko	t_short_h24	{"timeStyle":"short","hourCycle":"h24"}	kk:mm	15:07	09:04		timeStyle=short,hourCycle=h24	
ko	t_medium_12	{"timeStyle":"medium","hour12":true}	a h:mm:ss	\uc624\ud6c4 3:07:09	\uc624\uc804 9:04:05		timeStyle=medium,hourCycle=h12	
ko	t_medium_24	{"timeStyle":"medium","hour12":false}	H:mm:ss	15:07:09	9:04:05		timeStyle=medium,hourCycle=h23	
ko	t_full_h23	{"timeStyle":"full","hourCycle":"h23"}	H\uc2dc m\ubd84 s\ucd08 zzzz	15\uc2dc 7\ubd84 9\ucd08 \ud611\uc815 \uc138\uacc4\uc2dc	9\uc2dc 4\ubd84 5\ucd08 \ud611\uc815 \uc138\uacc4\uc2dc	\ud611\uc815 \uc138\uacc4\uc2dc	timeStyle=full,hourCycle=h23	
ko	t_long_h12	{"timeStyle":"long","hourCycle":"h12"}	a h\uc2dc m\ubd84 s\ucd08 z	\uc624\ud6c4 3\uc2dc 7\ubd84 9\ucd08 UTC	\uc624\uc804 9\uc2dc 4\ubd84 5\ucd08 UTC	UTC	timeStyle=long,hourCycle=h12	
ko	dt_full_short_h23	{"dateStyle":"full","timeStyle":"short","hourCycle":"h23"}	y\ub144 MMMM d\uc77c EEEE HH:mm	2022\ub144 12\uc6d4 24\uc77c \ud1a0\uc694\uc77c 15:07	2023\ub144 3\uc6d4 6\uc77c \uc6d4\uc694\uc77c 09:04		dateStyle=full,timeStyle=short,hourCycle=h23	
ko	dt_short_medium_h12	{"dateStyle":"short","timeStyle":"medium","hourCycle":"h12"}	yy. M. d. a h:mm:ss	22. 12. 24. \uc624\ud6c4 3:07:09	23. 3. 6. \uc624\uc804 9:04:05		dateStyle=short,timeStyle=medium,hourCycle=h12	
ko	dt_long_long_12	{"dateStyle":"long","timeStyle":"long","hour12":true}	y\ub144 MMMM d\uc77c a h\uc2dc m\ubd84 s\ucd08 z	2022\ub144 12\uc6d4 24\uc77c \uc624\ud6c4 3\uc2dc 7\ubd84 9\ucd08 UTC	2023\ub144 3\uc6d4 6\uc77c \uc624\uc804 9\uc2dc 4\ubd84 5\ucd08 UTC	UTC	dateStyle=long,timeStyle=long,hourCycle=h12	
ko	dt_medium_full_24	{"dateStyle":"medium","timeStyle":"full","hour12":false}	y. M. d. H\uc2dc m\ubd84 s\ucd08 zzzz	2022. 12. 24. 15\uc2dc 7\ubd84 9\ucd08 \ud611\uc815 \uc138\uacc4\uc2dc	2023. 3. 6. 9\uc2dc 4\ubd84 5\ucd08 \ud611\uc815 \uc138\uacc4\uc2dc	\ud611\uc815 \uc138\uacc4\uc2dc	dateStyle=medium,timeStyle=full,hourCycle=h23	
ko	PYM_full	{"temporal":"PlainYearMonth","dateStyle":"full"}	y\ub144 MMMM	2022\ub144 12\uc6d4	2023\ub144 3\uc6d4		year=numeric,month=long	
ko	PYM_long	{"temporal":"PlainYearMonth","dateStyle":"long"}	y\ub144 MMMM	2022\ub144 12\uc6d4	2023\ub144 3\uc6d4		year=numeric,month=long	
ko	PYM_medium	{"temporal":"PlainYearMonth","dateStyle":"medium"}	y. M.	2022. 12.	2023. 3.		year=numeric,month=numeric	
ko	PYM_short	{"temporal":"PlainYearMonth","dateStyle":"short"}	yy. M.	22. 12.	23. 3.		year=2-digit,month=numeric	
ko	PMD_full	{"temporal":"PlainMonthDay","dateStyle":"full"}	MMMM d\uc77c	12\uc6d4 24\uc77c	3\uc6d4 6\uc77c		month=long,day=numeric	
ko	PMD_long	{"temporal":"PlainMonthDay","dateStyle":"long"}	MMMM d\uc77c	12\uc6d4 24\uc77c	3\uc6d4 6\uc77c		month=long,day=numeric	
ko	PMD_medium	{"temporal":"PlainMonthDay","dateStyle":"medium"}	M. d.	12. 24.	3. 6.		month=numeric,day=numeric	
ko	PMD_short	{"temporal":"PlainMonthDay","dateStyle":"short"}	M. d.	12. 24.	3. 6.		month=numeric,day=numeric	
ko	PD_full	{"temporal":"PlainDate","dateStyle":"full"}	y\ub144 MMMM d\uc77c EEEE	2022\ub144 12\uc6d4 24\uc77c \ud1a0\uc694\uc77c	2023\ub144 3\uc6d4 6\uc77c \uc6d4\uc694\uc77c		dateStyle=full	
ko	PD_short	{"temporal":"PlainDate","dateStyle":"short"}	yy. M. d.	22. 12. 24.	23. 3. 6.		dateStyle=short	
ko	PT_full	{"temporal":"PlainTime","timeStyle":"full"}	a h:mm:ss	\uc624\ud6c4 3:07:09	\uc624\uc804 9:04:05		hour=numeric,minute=2-digit,second=2-digit,hourCycle=h12	
ko	PT_long	{"temporal":"PlainTime","timeStyle":"long"}	a h:mm:ss	\uc624\ud6c4 3:07:09	\uc624\uc804 9:04:05		hour=numeric,minute=2-digit,second=2-digit,hourCycle=h12	
ko	PT_medium	{"temporal":"PlainTime","timeStyle":"medium"}	a h:mm:ss	\uc624\ud6c4 3:07:09	\uc624\uc804 9:04:05		timeStyle=medium,hourCycle=h12	
ko	PDT_full_full	{"temporal":"PlainDateTime","dateStyle":"full","timeStyle":"full"}	y\ub144 MMMM d\uc77c EEEE a h:mm:ss	2022\ub144 12\uc6d4 24\uc77c \ud1a0\uc694\uc77c \uc624\ud6c4 3:07:09	2023\ub144 3\uc6d4 6\uc77c \uc6d4\uc694\uc77c \uc624\uc804 9:04:05		weekday=long,year=numeric,month=long,day=numeric,hour=numeric,minute=2-digit,second=2-digit,hourCycle=h12	
ko	PDT_long_long	{"temporal":"PlainDateTime","dateStyle":"long","timeStyle":"long"}	y\ub144 MMMM d\uc77c a h:mm:ss	2022\ub144 12\uc6d4 24\uc77c \uc624\ud6c4 3:07:09	2023\ub144 3\uc6d4 6\uc77c \uc624\uc804 9:04:05		year=numeric,month=long,day=numeric,hour=numeric,minute=2-digit,second=2-digit,hourCycle=h12	
ko	PDT_short_full	{"temporal":"PlainDateTime","dateStyle":"short","timeStyle":"full"}	yy. M. d. a h:mm:ss	22. 12. 24. \uc624\ud6c4 3:07:09	23. 3. 6. \uc624\uc804 9:04:05		year=2-digit,month=numeric,day=numeric,hour=numeric,minute=2-digit,second=2-digit,hourCycle=h12	
ko	PDT_medium_medium	{"temporal":"PlainDateTime","dateStyle":"medium","timeStyle":"medium"}	y. M. d. a h:mm:ss	2022. 12. 24. \uc624\ud6c4 3:07:09	2023. 3. 6. \uc624\uc804 9:04:05		dateStyle=medium,timeStyle=medium,hourCycle=h12	
lt	d_full	{"dateStyle":"full"}	y 'm'. MMMM d 'd'., EEEE	2022 m. gruod\u017eio 24 d., \u0161e\u0161tadienis	2023 m. kovo 6 d., pirmadienis		dateStyle=full	
lt	d_long	{"dateStyle":"long"}	y 'm'. MMMM d 'd'.	2022 m. gruod\u017eio 24 d.	2023 m. kovo 6 d.		dateStyle=long	
lt	d_medium	{"dateStyle":"medium"}	y-MM-dd	2022-12-24	2023-03-06		dateStyle=medium	
lt	d_short	{"dateStyle":"short"}	y-MM-dd	2022-12-24	2023-03-06		dateStyle=short	
lt	t_full	{"timeStyle":"full"}	HH:mm:ss zzzz	15:07:09 pasaulio suderintasis laikas	09:04:05 pasaulio suderintasis laikas	pasaulio suderintasis laikas	timeStyle=full,hourCycle=h23	
lt	t_long	{"timeStyle":"long"}	HH:mm:ss z	15:07:09 UTC	09:04:05 UTC	UTC	timeStyle=long,hourCycle=h23	
lt	t_medium	{"timeStyle":"medium"}	HH:mm:ss	15:07:09	09:04:05		timeStyle=medium,hourCycle=h23	
lt	t_short	{"timeStyle":"short"}	HH:mm	15:07	09:04		timeStyle=short,hourCycle=h23	
lt	dt_full_full	{"dateStyle":"full","timeStyle":"full"}	y 'm'. MMMM d 'd'., EEEE HH:mm:ss zzzz	2022 m. gruod\u017eio 24 d., \u0161e\u0161tadienis 15:07:09 pasaulio suderintasis laikas	2023 m. kovo 6 d., pirmadienis 09:04:05 pasaulio suderintasis laikas	pasaulio suderintasis laikas	dateStyle=full,timeStyle=full,hourCycle=h23	
lt	dt_full_long	{"dateStyle":"full","timeStyle":"long"}	y 'm'. MMMM d 'd'., EEEE HH:mm:ss z	2022 m. gruod\u017eio 24 d., \u0161e\u0161tadienis 15:07:09 UTC	2023 m. kovo 6 d., pirmadienis 09:04:05 UTC	UTC	dateStyle=full,timeStyle=long,hourCycle=h23	
lt	dt_full_medium	{"dateStyle":"full","timeStyle":"medium"}	y 'm'. MMMM d 'd'., EEEE HH:mm:ss	2022 m. gruod\u017eio 24 d., \u0161e\u0161tadienis 15:07:09	2023 m. kovo 6 d., pirmadienis 09:04:05		dateStyle=full,timeStyle=medium,hourCycle=h23	
lt	dt_full_short	{"dateStyle":"full","timeStyle":"short"}	y 'm'. MMMM d 'd'., EEEE HH:mm	2022 m. gruod\u017eio 24 d., \u0161e\u0161tadienis 15:07	2023 m. kovo 6 d., pirmadienis 09:04		dateStyle=full,timeStyle=short,hourCycle=h23	
lt	dt_long_full	{"dateStyle":"long","timeStyle":"full"}	y 'm'. MMMM d 'd'. HH:mm:ss zzzz	2022 m. gruod\u017eio 24 d. 15:07:09 pasaulio suderintasis laikas	2023 m. kovo 6 d. 09:04:05 pasaulio suderintasis laikas	pasaulio suderintasis laikas	dateStyle=long,timeStyle=full,hourCycle=h23	
lt	dt_long_long	{"dateStyle":"long","timeStyle":"long"}	y 'm'. MMMM d 'd'. HH:mm:ss z	2022 m. gruod\u017eio 24 d. 15:07:09 UTC	2023 m. kovo 6 d. 09:04:05 UTC	UTC	dateStyle=long,timeStyle=long,hourCycle=h23	
lt	dt_long_medium	{"dateStyle":"long","timeStyle":"medium"}	y 'm'. MMMM d 'd'. HH:mm:ss	2022 m. gruod\u017eio 24 d. 15:07:09	2023 m. kovo 6 d. 09:04:05		dateStyle=long,timeStyle=medium,hourCycle=h23	
lt	dt_long_short	{"dateStyle":"long","timeStyle":"short"}	y 'm'. MMMM d 'd'. HH:mm	2022 m. gruod\u017eio 24 d. 15:07	2023 m. kovo 6 d. 09:04		dateStyle=long,timeStyle=short,hourCycle=h23	
lt	dt_medium_full	{"dateStyle":"medium","timeStyle":"full"}	y-MM-dd HH:mm:ss zzzz	2022-12-24 15:07:09 pasaulio suderintasis laikas	2023-03-06 09:04:05 pasaulio suderintasis laikas	pasaulio suderintasis laikas	dateStyle=medium,timeStyle=full,hourCycle=h23	
lt	dt_medium_long	{"dateStyle":"medium","timeStyle":"long"}	y-MM-dd HH:mm:ss z	2022-12-24 15:07:09 UTC	2023-03-06 09:04:05 UTC	UTC	dateStyle=medium,timeStyle=long,hourCycle=h23	
lt	dt_medium_medium	{"dateStyle":"medium","timeStyle":"medium"}	y-MM-dd HH:mm:ss	2022-12-24 15:07:09	2023-03-06 09:04:05		dateStyle=medium,timeStyle=medium,hourCycle=h23	
lt	dt_medium_short	{"dateStyle":"medium","timeStyle":"short"}	y-MM-dd HH:mm	2022-12-24 15:07	2023-03-06 09:04		dateStyle=medium,timeStyle=short,hourCycle=h23	
lt	dt_short_full	{"dateStyle":"short","timeStyle":"full"}	y-MM-dd HH:mm:ss zzzz	2022-12-24 15:07:09 pasaulio suderintasis laikas	2023-03-06 09:04:05 pasaulio suderintasis laikas	pasaulio suderintasis laikas	dateStyle=short,timeStyle=full,hourCycle=h23	
lt	dt_short_long	{"dateStyle":"short","timeStyle":"long"}	y-MM-dd HH:mm:ss z	2022-12-24 15:07:09 UTC	2023-03-06 09:04:05 UTC	UTC	dateStyle=short,timeStyle=long,hourCycle=h23	
lt	dt_short_medium	{"dateStyle":"short","timeStyle":"medium"}	y-MM-dd HH:mm:ss	2022-12-24 15:07:09	2023-03-06 09:04:05		dateStyle=short,timeStyle=medium,hourCycle=h23	
lt	dt_short_short	{"dateStyle":"short","timeStyle":"short"}	y-MM-dd HH:mm	2022-12-24 15:07	2023-03-06 09:04		dateStyle=short,timeStyle=short,hourCycle=h23	
lt	t_short_h23	{"timeStyle":"short","hourCycle":"h23"}	HH:mm	15:07	09:04		timeStyle=short,hourCycle=h23	
lt	t_short_h12	{"timeStyle":"short","hourCycle":"h12"}	hh:mm\u202fa	03:07 popiet	09:04 prie\u0161piet		timeStyle=short,hourCycle=h12	
lt	t_short_h11	{"timeStyle":"short","hourCycle":"h11"}	KK:mm\u202fa	03:07 popiet	09:04 prie\u0161piet		timeStyle=short,hourCycle=h11	
lt	t_short_h24	{"timeStyle":"short","hourCycle":"h24"}	kk:mm	15:07	09:04		timeStyle=short,hourCycle=h24	
lt	t_medium_12	{"timeStyle":"medium","hour12":true}	hh:mm:ss\u202fa	03:07:09 popiet	09:04:05 prie\u0161piet		timeStyle=medium,hourCycle=h12	
lt	t_medium_24	{"timeStyle":"medium","hour12":false}	HH:mm:ss	15:07:09	09:04:05		timeStyle=medium,hourCycle=h23	
lt	t_full_h23	{"timeStyle":"full","hourCycle":"h23"}	HH:mm:ss zzzz	15:07:09 pasaulio suderintasis laikas	09:04:05 pasaulio suderintasis laikas	pasaulio suderintasis laikas	timeStyle=full,hourCycle=h23	
lt	t_long_h12	{"timeStyle":"long","hourCycle":"h12"}	hh:mm:ss\u202fa; z	03:07:09 popiet; UTC	09:04:05 prie\u0161piet; UTC	UTC	timeStyle=long,hourCycle=h12	
lt	dt_full_short_h23	{"dateStyle":"full","timeStyle":"short","hourCycle":"h23"}	y 'm'. MMMM d 'd'., EEEE HH:mm	2022 m. gruod\u017eio 24 d., \u0161e\u0161tadienis 15:07	2023 m. kovo 6 d., pirmadienis 09:04		dateStyle=full,timeStyle=short,hourCycle=h23	
lt	dt_short_medium_h12	{"dateStyle":"short","timeStyle":"medium","hourCycle":"h12"}	y-MM-dd hh:mm:ss\u202fa	2022-12-24 03:07:09 popiet	2023-03-06 09:04:05 prie\u0161piet		dateStyle=short,timeStyle=medium,hourCycle=h12	
lt	dt_long_long_12	{"dateStyle":"long","timeStyle":"long","hour12":true}	y 'm'. MMMM d 'd'. hh:mm:ss\u202fa; z	2022 m. gruod\u017eio 24 d. 03:07:09 popiet; UTC	2023 m. kovo 6 d. 09:04:05 prie\u0161piet; UTC	UTC	dateStyle=long,timeStyle=long,hourCycle=h12	
lt	dt_medium_full_24	{"dateStyle":"medium","timeStyle":"full","hour12":false}	y-MM-dd HH:mm:ss zzzz	2022-12-24 15:07:09 pasaulio suderintasis laikas	2023-03-06 09:04:05 pasaulio suderintasis laikas	pasaulio suderintasis laikas	dateStyle=medium,timeStyle=full,hourCycle=h23	
lt	PYM_full	{"temporal":"PlainYearMonth","dateStyle":"full"}	y 'm'. LLLL	2022 m. gruodis	2023 m. kovas		year=numeric,month=long	2022 m. gruodis|2023 m. kovas|year=numeric,month=long,minute=numeric
lt	PYM_long	{"temporal":"PlainYearMonth","dateStyle":"long"}	y 'm'. LLLL	2022 m. gruodis	2023 m. kovas		year=numeric,month=long	2022 m. gruodis|2023 m. kovas|year=numeric,month=long,minute=numeric
lt	PYM_medium	{"temporal":"PlainYearMonth","dateStyle":"medium"}	y-MM	2022-12	2023-03		year=numeric,month=2-digit	
lt	PYM_short	{"temporal":"PlainYearMonth","dateStyle":"short"}	y-MM	2022-12	2023-03		year=numeric,month=2-digit	
lt	PMD_full	{"temporal":"PlainMonthDay","dateStyle":"full"}	MMMM d 'd'.	gruod\u017eio 24 d.	kovo 6 d.		month=long,day=numeric	
lt	PMD_long	{"temporal":"PlainMonthDay","dateStyle":"long"}	MMMM d 'd'.	gruod\u017eio 24 d.	kovo 6 d.		month=long,day=numeric	
lt	PMD_medium	{"temporal":"PlainMonthDay","dateStyle":"medium"}	MM-dd	12-24	03-06		month=2-digit,day=2-digit	
lt	PMD_short	{"temporal":"PlainMonthDay","dateStyle":"short"}	MM-dd	12-24	03-06		month=2-digit,day=2-digit	
lt	PD_full	{"temporal":"PlainDate","dateStyle":"full"}	y 'm'. MMMM d 'd'., EEEE	2022 m. gruod\u017eio 24 d., \u0161e\u0161tadienis	2023 m. kovo 6 d., pirmadienis		dateStyle=full	
lt	PD_short	{"temporal":"PlainDate","dateStyle":"short"}	y-MM-dd	2022-12-24	2023-03-06		dateStyle=short	
lt	PT_full	{"temporal":"PlainTime","timeStyle":"full"}	HH:mm:ss	15:07:09	09:04:05		hour=2-digit,minute=2-digit,second=2-digit,hourCycle=h23	
lt	PT_long	{"temporal":"PlainTime","timeStyle":"long"}	HH:mm:ss	15:07:09	09:04:05		hour=2-digit,minute=2-digit,second=2-digit,hourCycle=h23	
lt	PT_medium	{"temporal":"PlainTime","timeStyle":"medium"}	HH:mm:ss	15:07:09	09:04:05		timeStyle=medium,hourCycle=h23	
lt	PDT_full_full	{"temporal":"PlainDateTime","dateStyle":"full","timeStyle":"full"}	y 'm'. MMMM d 'd'., EEEE HH:mm:ss	2022 m. gruod\u017eio 24 d., \u0161e\u0161tadienis 15:07:09	2023 m. kovo 6 d., pirmadienis 09:04:05		weekday=long,year=numeric,month=long,day=numeric,hour=2-digit,minute=2-digit,second=2-digit,hourCycle=h23	
lt	PDT_long_long	{"temporal":"PlainDateTime","dateStyle":"long","timeStyle":"long"}	y 'm'. MMMM d 'd'. HH:mm:ss	2022 m. gruod\u017eio 24 d. 15:07:09	2023 m. kovo 6 d. 09:04:05		year=numeric,month=long,day=numeric,hour=2-digit,minute=2-digit,second=2-digit,hourCycle=h23	
lt	PDT_short_full	{"temporal":"PlainDateTime","dateStyle":"short","timeStyle":"full"}	y-MM-dd HH:mm:ss	2022-12-24 15:07:09	2023-03-06 09:04:05		year=numeric,month=2-digit,day=2-digit,hour=2-digit,minute=2-digit,second=2-digit,hourCycle=h23	
lt	PDT_medium_medium	{"temporal":"PlainDateTime","dateStyle":"medium","timeStyle":"medium"}	y-MM-dd HH:mm:ss	2022-12-24 15:07:09	2023-03-06 09:04:05		dateStyle=medium,timeStyle=medium,hourCycle=h23	
lv	d_full	{"dateStyle":"full"}	EEEE, y. 'gada' d. MMMM	sestdiena, 2022. gada 24. decembris	pirmdiena, 2023. gada 6. marts		dateStyle=full	
lv	d_long	{"dateStyle":"long"}	y. 'gada' d. MMMM	2022. gada 24. decembris	2023. gada 6. marts		dateStyle=long	
lv	d_medium	{"dateStyle":"medium"}	y. 'gada' d. MMM	2022. gada 24. dec.	2023. gada 6. marts		dateStyle=medium	
lv	d_short	{"dateStyle":"short"}	dd.MM.yy	24.12.22	06.03.23		dateStyle=short	
lv	t_full	{"timeStyle":"full"}	HH:mm:ss zzzz	15:07:09 Univers\u0101lais koordin\u0113tais laiks	09:04:05 Univers\u0101lais koordin\u0113tais laiks	Univers\u0101lais koordin\u0113tais laiks	timeStyle=full,hourCycle=h23	
lv	t_long	{"timeStyle":"long"}	HH:mm:ss z	15:07:09 UTC	09:04:05 UTC	UTC	timeStyle=long,hourCycle=h23	
lv	t_medium	{"timeStyle":"medium"}	HH:mm:ss	15:07:09	09:04:05		timeStyle=medium,hourCycle=h23	
lv	t_short	{"timeStyle":"short"}	HH:mm	15:07	09:04		timeStyle=short,hourCycle=h23	
lv	dt_full_full	{"dateStyle":"full","timeStyle":"full"}	EEEE, y. 'gada' d. MMMM HH:mm:ss zzzz	sestdiena, 2022. gada 24. decembris 15:07:09 Univers\u0101lais koordin\u0113tais laiks	pirmdiena, 2023. gada 6. marts 09:04:05 Univers\u0101lais koordin\u0113tais laiks	Univers\u0101lais koordin\u0113tais laiks	dateStyle=full,timeStyle=full,hourCycle=h23	
lv	dt_full_long	{"dateStyle":"full","timeStyle":"long"}	EEEE, y. 'gada' d. MMMM HH:mm:ss z	sestdiena, 2022. gada 24. decembris 15:07:09 UTC	pirmdiena, 2023. gada 6. marts 09:04:05 UTC	UTC	dateStyle=full,timeStyle=long,hourCycle=h23	
lv	dt_full_medium	{"dateStyle":"full","timeStyle":"medium"}	EEEE, y. 'gada' d. MMMM HH:mm:ss	sestdiena, 2022. gada 24. decembris 15:07:09	pirmdiena, 2023. gada 6. marts 09:04:05		dateStyle=full,timeStyle=medium,hourCycle=h23	
lv	dt_full_short	{"dateStyle":"full","timeStyle":"short"}	EEEE, y. 'gada' d. MMMM HH:mm	sestdiena, 2022. gada 24. decembris 15:07	pirmdiena, 2023. gada 6. marts 09:04		dateStyle=full,timeStyle=short,hourCycle=h23	
lv	dt_long_full	{"dateStyle":"long","timeStyle":"full"}	y. 'gada' d. MMMM HH:mm:ss zzzz	2022. gada 24. decembris 15:07:09 Univers\u0101lais koordin\u0113tais laiks	2023. gada 6. marts 09:04:05 Univers\u0101lais koordin\u0113tais laiks	Univers\u0101lais koordin\u0113tais laiks	dateStyle=long,timeStyle=full,hourCycle=h23	
lv	dt_long_long	{"dateStyle":"long","timeStyle":"long"}	y. 'gada' d. MMMM HH:mm:ss z	2022. gada 24. decembris 15:07:09 UTC	2023. gada 6. marts 09:04:05 UTC	UTC	dateStyle=long,timeStyle=long,hourCycle=h23	
lv	dt_long_medium	{"dateStyle":"long","timeStyle":"medium"}	y. 'gada' d. MMMM HH:mm:ss	2022. gada 24. decembris 15:07:09	2023. gada 6. marts 09:04:05		dateStyle=long,timeStyle=medium,hourCycle=h23	
lv	dt_long_short	{"dateStyle":"long","timeStyle":"short"}	y. 'gada' d. MMMM HH:mm	2022. gada 24. decembris 15:07	2023. gada 6. marts 09:04		dateStyle=long,timeStyle=short,hourCycle=h23	
lv	dt_medium_full	{"dateStyle":"medium","timeStyle":"full"}	y. 'gada' d. MMM HH:mm:ss zzzz	2022. gada 24. dec. 15:07:09 Univers\u0101lais koordin\u0113tais laiks	2023. gada 6. marts 09:04:05 Univers\u0101lais koordin\u0113tais laiks	Univers\u0101lais koordin\u0113tais laiks	dateStyle=medium,timeStyle=full,hourCycle=h23	
lv	dt_medium_long	{"dateStyle":"medium","timeStyle":"long"}	y. 'gada' d. MMM HH:mm:ss z	2022. gada 24. dec. 15:07:09 UTC	2023. gada 6. marts 09:04:05 UTC	UTC	dateStyle=medium,timeStyle=long,hourCycle=h23	
lv	dt_medium_medium	{"dateStyle":"medium","timeStyle":"medium"}	y. 'gada' d. MMM HH:mm:ss	2022. gada 24. dec. 15:07:09	2023. gada 6. marts 09:04:05		dateStyle=medium,timeStyle=medium,hourCycle=h23	
lv	dt_medium_short	{"dateStyle":"medium","timeStyle":"short"}	y. 'gada' d. MMM HH:mm	2022. gada 24. dec. 15:07	2023. gada 6. marts 09:04		dateStyle=medium,timeStyle=short,hourCycle=h23	
lv	dt_short_full	{"dateStyle":"short","timeStyle":"full"}	dd.MM.yy HH:mm:ss zzzz	24.12.22 15:07:09 Univers\u0101lais koordin\u0113tais laiks	06.03.23 09:04:05 Univers\u0101lais koordin\u0113tais laiks	Univers\u0101lais koordin\u0113tais laiks	dateStyle=short,timeStyle=full,hourCycle=h23	
lv	dt_short_long	{"dateStyle":"short","timeStyle":"long"}	dd.MM.yy HH:mm:ss z	24.12.22 15:07:09 UTC	06.03.23 09:04:05 UTC	UTC	dateStyle=short,timeStyle=long,hourCycle=h23	
lv	dt_short_medium	{"dateStyle":"short","timeStyle":"medium"}	dd.MM.yy HH:mm:ss	24.12.22 15:07:09	06.03.23 09:04:05		dateStyle=short,timeStyle=medium,hourCycle=h23	
lv	dt_short_short	{"dateStyle":"short","timeStyle":"short"}	dd.MM.yy HH:mm	24.12.22 15:07	06.03.23 09:04		dateStyle=short,timeStyle=short,hourCycle=h23	
lv	t_short_h23	{"timeStyle":"short","hourCycle":"h23"}	HH:mm	15:07	09:04		timeStyle=short,hourCycle=h23	
lv	t_short_h12	{"timeStyle":"short","hourCycle":"h12"}	hh:mm\u202fa	03:07 p\u0113cp.	09:04 priek\u0161p.		timeStyle=short,hourCycle=h12	
lv	t_short_h11	{"timeStyle":"short","hourCycle":"h11"}	KK:mm\u202fa	03:07 p\u0113cp.	09:04 priek\u0161p.		timeStyle=short,hourCycle=h11	
lv	t_short_h24	{"timeStyle":"short","hourCycle":"h24"}	kk:mm	15:07	09:04		timeStyle=short,hourCycle=h24	
lv	t_medium_12	{"timeStyle":"medium","hour12":true}	hh:mm:ss\u202fa	03:07:09 p\u0113cp.	09:04:05 priek\u0161p.		timeStyle=medium,hourCycle=h12	
lv	t_medium_24	{"timeStyle":"medium","hour12":false}	HH:mm:ss	15:07:09	09:04:05		timeStyle=medium,hourCycle=h23	
lv	t_full_h23	{"timeStyle":"full","hourCycle":"h23"}	HH:mm:ss zzzz	15:07:09 Univers\u0101lais koordin\u0113tais laiks	09:04:05 Univers\u0101lais koordin\u0113tais laiks	Univers\u0101lais koordin\u0113tais laiks	timeStyle=full,hourCycle=h23	
lv	t_long_h12	{"timeStyle":"long","hourCycle":"h12"}	hh:mm:ss\u202fa z	03:07:09 p\u0113cp. UTC	09:04:05 priek\u0161p. UTC	UTC	timeStyle=long,hourCycle=h12	
lv	dt_full_short_h23	{"dateStyle":"full","timeStyle":"short","hourCycle":"h23"}	EEEE, y. 'gada' d. MMMM HH:mm	sestdiena, 2022. gada 24. decembris 15:07	pirmdiena, 2023. gada 6. marts 09:04		dateStyle=full,timeStyle=short,hourCycle=h23	
lv	dt_short_medium_h12	{"dateStyle":"short","timeStyle":"medium","hourCycle":"h12"}	dd.MM.yy hh:mm:ss\u202fa	24.12.22 03:07:09 p\u0113cp.	06.03.23 09:04:05 priek\u0161p.		dateStyle=short,timeStyle=medium,hourCycle=h12	
lv	dt_long_long_12	{"dateStyle":"long","timeStyle":"long","hour12":true}	y. 'gada' d. MMMM hh:mm:ss\u202fa z	2022. gada 24. decembris 03:07:09 p\u0113cp. UTC	2023. gada 6. marts 09:04:05 priek\u0161p. UTC	UTC	dateStyle=long,timeStyle=long,hourCycle=h12	
lv	dt_medium_full_24	{"dateStyle":"medium","timeStyle":"full","hour12":false}	y. 'gada' d. MMM HH:mm:ss zzzz	2022. gada 24. dec. 15:07:09 Univers\u0101lais koordin\u0113tais laiks	2023. gada 6. marts 09:04:05 Univers\u0101lais koordin\u0113tais laiks	Univers\u0101lais koordin\u0113tais laiks	dateStyle=medium,timeStyle=full,hourCycle=h23	
lv	PYM_full	{"temporal":"PlainYearMonth","dateStyle":"full"}	y. 'g'. MMMM	2022. g. decembris	2023. g. marts		year=numeric,month=long	
lv	PYM_long	{"temporal":"PlainYearMonth","dateStyle":"long"}	y. 'g'. MMMM	2022. g. decembris	2023. g. marts		year=numeric,month=long	
lv	PYM_medium	{"temporal":"PlainYearMonth","dateStyle":"medium"}	y. 'g'. MMM	2022. g. dec.	2023. g. marts		year=numeric,month=short	
lv	PYM_short	{"temporal":"PlainYearMonth","dateStyle":"short"}	MM.yy.	12.22.	03.23.		year=2-digit,month=2-digit	
lv	PMD_full	{"temporal":"PlainMonthDay","dateStyle":"full"}	d. MMMM	24. decembris	6. marts		month=long,day=numeric	
lv	PMD_long	{"temporal":"PlainMonthDay","dateStyle":"long"}	d. MMMM	24. decembris	6. marts		month=long,day=numeric	
lv	PMD_medium	{"temporal":"PlainMonthDay","dateStyle":"medium"}	d. MMM	24. dec.	6. marts		month=short,day=numeric	
lv	PMD_short	{"temporal":"PlainMonthDay","dateStyle":"short"}	dd.MM.	24.12.	06.03.		month=2-digit,day=2-digit	
lv	PD_full	{"temporal":"PlainDate","dateStyle":"full"}	EEEE, y. 'gada' d. MMMM	sestdiena, 2022. gada 24. decembris	pirmdiena, 2023. gada 6. marts		dateStyle=full	
lv	PD_short	{"temporal":"PlainDate","dateStyle":"short"}	dd.MM.yy	24.12.22	06.03.23		dateStyle=short	
lv	PT_full	{"temporal":"PlainTime","timeStyle":"full"}	HH:mm:ss	15:07:09	09:04:05		hour=2-digit,minute=2-digit,second=2-digit,hourCycle=h23	
lv	PT_long	{"temporal":"PlainTime","timeStyle":"long"}	HH:mm:ss	15:07:09	09:04:05		hour=2-digit,minute=2-digit,second=2-digit,hourCycle=h23	
lv	PT_medium	{"temporal":"PlainTime","timeStyle":"medium"}	HH:mm:ss	15:07:09	09:04:05		timeStyle=medium,hourCycle=h23	
lv	PDT_full_full	{"temporal":"PlainDateTime","dateStyle":"full","timeStyle":"full"}	EEEE, y. 'gada' d. MMMM HH:mm:ss	sestdiena, 2022. gada 24. decembris 15:07:09	pirmdiena, 2023. gada 6. marts 09:04:05		weekday=long,year=numeric,month=long,day=numeric,hour=2-digit,minute=2-digit,second=2-digit,hourCycle=h23	
lv	PDT_long_long	{"temporal":"PlainDateTime","dateStyle":"long","timeStyle":"long"}	y. 'gada' d. MMMM HH:mm:ss	2022. gada 24. decembris 15:07:09	2023. gada 6. marts 09:04:05		year=numeric,month=long,day=numeric,hour=2-digit,minute=2-digit,second=2-digit,hourCycle=h23	
lv	PDT_short_full	{"temporal":"PlainDateTime","dateStyle":"short","timeStyle":"full"}	dd.MM.yy HH:mm:ss	24.12.22 15:07:09	06.03.23 09:04:05		year=2-digit,month=2-digit,day=2-digit,hour=2-digit,minute=2-digit,second=2-digit,hourCycle=h23	
lv	PDT_medium_medium	{"temporal":"PlainDateTime","dateStyle":"medium","timeStyle":"medium"}	y. 'gada' d. MMM HH:mm:ss	2022. gada 24. dec. 15:07:09	2023. gada 6. marts 09:04:05		dateStyle=medium,timeStyle=medium,hourCycle=h23	
ms	d_full	{"dateStyle":"full"}	EEEE, d MMMM y	Sabtu, 24 Disember 2022	Isnin, 6 Mac 2023		dateStyle=full	
ms	d_long	{"dateStyle":"long"}	d MMMM y	24 Disember 2022	6 Mac 2023		dateStyle=long	
ms	d_medium	{"dateStyle":"medium"}	d MMM y	24 Dis 2022	6 Mac 2023		dateStyle=medium	
ms	d_short	{"dateStyle":"short"}	d/MM/yy	24/12/22	6/03/23		dateStyle=short	
ms	t_full	{"timeStyle":"full"}	h:mm:ss\u202fa zzzz	3:07:09 PTG Waktu Universal Selaras	9:04:05 PG Waktu Universal Selaras	Waktu Universal Selaras	timeStyle=full,hourCycle=h12	
ms	t_long	{"timeStyle":"long"}	h:mm:ss\u202fa z	3:07:09 PTG UTC	9:04:05 PG UTC	UTC	timeStyle=long,hourCycle=h12	
ms	t_medium	{"timeStyle":"medium"}	h:mm:ss\u202fa	3:07:09 PTG	9:04:05 PG		timeStyle=medium,hourCycle=h12	
ms	t_short	{"timeStyle":"short"}	h:mm\u202fa	3:07 PTG	9:04 PG		timeStyle=short,hourCycle=h12	
ms	dt_full_full	{"dateStyle":"full","timeStyle":"full"}	EEEE, d MMMM y 'pada' h:mm:ss\u202fa zzzz	Sabtu, 24 Disember 2022 pada 3:07:09 PTG Waktu Universal Selaras	Isnin, 6 Mac 2023 pada 9:04:05 PG Waktu Universal Selaras	Waktu Universal Selaras	dateStyle=full,timeStyle=full,hourCycle=h12	
ms	dt_full_long	{"dateStyle":"full","timeStyle":"long"}	EEEE, d MMMM y 'pada' h:mm:ss\u202fa z	Sabtu, 24 Disember 2022 pada 3:07:09 PTG UTC	Isnin, 6 Mac 2023 pada 9:04:05 PG UTC	UTC	dateStyle=full,timeStyle=long,hourCycle=h12	
ms	dt_full_medium	{"dateStyle":"full","timeStyle":"medium"}	EEEE, d MMMM y 'pada' h:mm:ss\u202fa	Sabtu, 24 Disember 2022 pada 3:07:09 PTG	Isnin, 6 Mac 2023 pada 9:04:05 PG		dateStyle=full,timeStyle=medium,hourCycle=h12	
ms	dt_full_short	{"dateStyle":"full","timeStyle":"short"}	EEEE, d MMMM y 'pada' h:mm\u202fa	Sabtu, 24 Disember 2022 pada 3:07 PTG	Isnin, 6 Mac 2023 pada 9:04 PG		dateStyle=full,timeStyle=short,hourCycle=h12	
ms	dt_long_full	{"dateStyle":"long","timeStyle":"full"}	d MMMM y 'pada' h:mm:ss\u202fa zzzz	24 Disember 2022 pada 3:07:09 PTG Waktu Universal Selaras	6 Mac 2023 pada 9:04:05 PG Waktu Universal Selaras	Waktu Universal Selaras	dateStyle=long,timeStyle=full,hourCycle=h12	
ms	dt_long_long	{"dateStyle":"long","timeStyle":"long"}	d MMMM y 'pada' h:mm:ss\u202fa z	24 Disember 2022 pada 3:07:09 PTG UTC	6 Mac 2023 pada 9:04:05 PG UTC	UTC	dateStyle=long,timeStyle=long,hourCycle=h12	
ms	dt_long_medium	{"dateStyle":"long","timeStyle":"medium"}	d MMMM y 'pada' h:mm:ss\u202fa	24 Disember 2022 pada 3:07:09 PTG	6 Mac 2023 pada 9:04:05 PG		dateStyle=long,timeStyle=medium,hourCycle=h12	
ms	dt_long_short	{"dateStyle":"long","timeStyle":"short"}	d MMMM y 'pada' h:mm\u202fa	24 Disember 2022 pada 3:07 PTG	6 Mac 2023 pada 9:04 PG		dateStyle=long,timeStyle=short,hourCycle=h12	
ms	dt_medium_full	{"dateStyle":"medium","timeStyle":"full"}	d MMM y, h:mm:ss\u202fa zzzz	24 Dis 2022, 3:07:09 PTG Waktu Universal Selaras	6 Mac 2023, 9:04:05 PG Waktu Universal Selaras	Waktu Universal Selaras	dateStyle=medium,timeStyle=full,hourCycle=h12	
ms	dt_medium_long	{"dateStyle":"medium","timeStyle":"long"}	d MMM y, h:mm:ss\u202fa z	24 Dis 2022, 3:07:09 PTG UTC	6 Mac 2023, 9:04:05 PG UTC	UTC	dateStyle=medium,timeStyle=long,hourCycle=h12	
ms	dt_medium_medium	{"dateStyle":"medium","timeStyle":"medium"}	d MMM y, h:mm:ss\u202fa	24 Dis 2022, 3:07:09 PTG	6 Mac 2023, 9:04:05 PG		dateStyle=medium,timeStyle=medium,hourCycle=h12	
ms	dt_medium_short	{"dateStyle":"medium","timeStyle":"short"}	d MMM y, h:mm\u202fa	24 Dis 2022, 3:07 PTG	6 Mac 2023, 9:04 PG		dateStyle=medium,timeStyle=short,hourCycle=h12	
ms	dt_short_full	{"dateStyle":"short","timeStyle":"full"}	d/MM/yy, h:mm:ss\u202fa zzzz	24/12/22, 3:07:09 PTG Waktu Universal Selaras	6/03/23, 9:04:05 PG Waktu Universal Selaras	Waktu Universal Selaras	dateStyle=short,timeStyle=full,hourCycle=h12	
ms	dt_short_long	{"dateStyle":"short","timeStyle":"long"}	d/MM/yy, h:mm:ss\u202fa z	24/12/22, 3:07:09 PTG UTC	6/03/23, 9:04:05 PG UTC	UTC	dateStyle=short,timeStyle=long,hourCycle=h12	
ms	dt_short_medium	{"dateStyle":"short","timeStyle":"medium"}	d/MM/yy, h:mm:ss\u202fa	24/12/22, 3:07:09 PTG	6/03/23, 9:04:05 PG		dateStyle=short,timeStyle=medium,hourCycle=h12	
ms	dt_short_short	{"dateStyle":"short","timeStyle":"short"}	d/MM/yy, h:mm\u202fa	24/12/22, 3:07 PTG	6/03/23, 9:04 PG		dateStyle=short,timeStyle=short,hourCycle=h12	
ms	t_short_h23	{"timeStyle":"short","hourCycle":"h23"}	HH:mm	15:07	09:04		timeStyle=short,hourCycle=h23	
ms	t_short_h12	{"timeStyle":"short","hourCycle":"h12"}	h:mm\u202fa	3:07 PTG	9:04 PG		timeStyle=short,hourCycle=h12	
ms	t_short_h11	{"timeStyle":"short","hourCycle":"h11"}	K:mm\u202fa	3:07 PTG	9:04 PG		timeStyle=short,hourCycle=h11	
ms	t_short_h24	{"timeStyle":"short","hourCycle":"h24"}	kk:mm	15:07	09:04		timeStyle=short,hourCycle=h24	
ms	t_medium_12	{"timeStyle":"medium","hour12":true}	h:mm:ss\u202fa	3:07:09 PTG	9:04:05 PG		timeStyle=medium,hourCycle=h12	
ms	t_medium_24	{"timeStyle":"medium","hour12":false}	HH:mm:ss	15:07:09	09:04:05		timeStyle=medium,hourCycle=h23	
ms	t_full_h23	{"timeStyle":"full","hourCycle":"h23"}	HH:mm:ss zzzz	15:07:09 Waktu Universal Selaras	09:04:05 Waktu Universal Selaras	Waktu Universal Selaras	timeStyle=full,hourCycle=h23	
ms	t_long_h12	{"timeStyle":"long","hourCycle":"h12"}	h:mm:ss\u202fa z	3:07:09 PTG UTC	9:04:05 PG UTC	UTC	timeStyle=long,hourCycle=h12	
ms	dt_full_short_h23	{"dateStyle":"full","timeStyle":"short","hourCycle":"h23"}	EEEE, d MMMM y 'pada' HH:mm	Sabtu, 24 Disember 2022 pada 15:07	Isnin, 6 Mac 2023 pada 09:04		dateStyle=full,timeStyle=short,hourCycle=h23	
ms	dt_short_medium_h12	{"dateStyle":"short","timeStyle":"medium","hourCycle":"h12"}	d/MM/yy, h:mm:ss\u202fa	24/12/22, 3:07:09 PTG	6/03/23, 9:04:05 PG		dateStyle=short,timeStyle=medium,hourCycle=h12	
ms	dt_long_long_12	{"dateStyle":"long","timeStyle":"long","hour12":true}	d MMMM y 'pada' h:mm:ss\u202fa z	24 Disember 2022 pada 3:07:09 PTG UTC	6 Mac 2023 pada 9:04:05 PG UTC	UTC	dateStyle=long,timeStyle=long,hourCycle=h12	
ms	dt_medium_full_24	{"dateStyle":"medium","timeStyle":"full","hour12":false}	d MMM y, HH:mm:ss zzzz	24 Dis 2022, 15:07:09 Waktu Universal Selaras	6 Mac 2023, 09:04:05 Waktu Universal Selaras	Waktu Universal Selaras	dateStyle=medium,timeStyle=full,hourCycle=h23	
ms	PYM_full	{"temporal":"PlainYearMonth","dateStyle":"full"}	MMMM y	Disember 2022	Mac 2023		year=numeric,month=long	
ms	PYM_long	{"temporal":"PlainYearMonth","dateStyle":"long"}	MMMM y	Disember 2022	Mac 2023		year=numeric,month=long	
ms	PYM_medium	{"temporal":"PlainYearMonth","dateStyle":"medium"}	MMM y	Dis 2022	Mac 2023		year=numeric,month=short	
ms	PYM_short	{"temporal":"PlainYearMonth","dateStyle":"short"}	MM-yy	12-22	03-23		year=2-digit,month=2-digit	
ms	PMD_full	{"temporal":"PlainMonthDay","dateStyle":"full"}	d MMMM	24 Disember	6 Mac		month=long,day=numeric	
ms	PMD_long	{"temporal":"PlainMonthDay","dateStyle":"long"}	d MMMM	24 Disember	6 Mac		month=long,day=numeric	
ms	PMD_medium	{"temporal":"PlainMonthDay","dateStyle":"medium"}	d MMM	24 Dis	6 Mac		month=short,day=numeric	
ms	PMD_short	{"temporal":"PlainMonthDay","dateStyle":"short"}	d/MM	24/12	6/03		month=2-digit,day=numeric	
ms	PD_full	{"temporal":"PlainDate","dateStyle":"full"}	EEEE, d MMMM y	Sabtu, 24 Disember 2022	Isnin, 6 Mac 2023		dateStyle=full	
ms	PD_short	{"temporal":"PlainDate","dateStyle":"short"}	d/MM/yy	24/12/22	6/03/23		dateStyle=short	
ms	PT_full	{"temporal":"PlainTime","timeStyle":"full"}	h:mm:ss\u202fa	3:07:09 PTG	9:04:05 PG		hour=numeric,minute=2-digit,second=2-digit,hourCycle=h12	
ms	PT_long	{"temporal":"PlainTime","timeStyle":"long"}	h:mm:ss\u202fa	3:07:09 PTG	9:04:05 PG		hour=numeric,minute=2-digit,second=2-digit,hourCycle=h12	
ms	PT_medium	{"temporal":"PlainTime","timeStyle":"medium"}	h:mm:ss\u202fa	3:07:09 PTG	9:04:05 PG		timeStyle=medium,hourCycle=h12	
ms	PDT_full_full	{"temporal":"PlainDateTime","dateStyle":"full","timeStyle":"full"}	EEEE, d MMMM y 'pada' h:mm:ss\u202fa	Sabtu, 24 Disember 2022 pada 3:07:09 PTG	Isnin, 6 Mac 2023 pada 9:04:05 PG		weekday=long,year=numeric,month=long,day=numeric,hour=numeric,minute=2-digit,second=2-digit,hourCycle=h12	
ms	PDT_long_long	{"temporal":"PlainDateTime","dateStyle":"long","timeStyle":"long"}	d MMMM y 'pada' h:mm:ss\u202fa	24 Disember 2022 pada 3:07:09 PTG	6 Mac 2023 pada 9:04:05 PG		year=numeric,month=long,day=numeric,hour=numeric,minute=2-digit,second=2-digit,hourCycle=h12	
ms	PDT_short_full	{"temporal":"PlainDateTime","dateStyle":"short","timeStyle":"full"}	d/MM/yy, h:mm:ss\u202fa	24/12/22, 3:07:09 PTG	6/03/23, 9:04:05 PG		year=2-digit,month=2-digit,day=numeric,hour=numeric,minute=2-digit,second=2-digit,hourCycle=h12	
ms	PDT_medium_medium	{"temporal":"PlainDateTime","dateStyle":"medium","timeStyle":"medium"}	d MMM y, h:mm:ss\u202fa	24 Dis 2022, 3:07:09 PTG	6 Mac 2023, 9:04:05 PG		dateStyle=medium,timeStyle=medium,hourCycle=h12	
nb	d_full	{"dateStyle":"full"}	EEEE d. MMMM y	l\u00f8rdag 24. desember 2022	mandag 6. mars 2023		dateStyle=full	
nb	d_long	{"dateStyle":"long"}	d. MMMM y	24. desember 2022	6. mars 2023		dateStyle=long	
nb	d_medium	{"dateStyle":"medium"}	d. MMM y	24. des. 2022	6. mars 2023		dateStyle=medium	
nb	d_short	{"dateStyle":"short"}	dd.MM.y	24.12.2022	06.03.2023		dateStyle=short	
nb	t_full	{"timeStyle":"full"}	HH:mm:ss zzzz	15:07:09 koordinert universaltid	09:04:05 koordinert universaltid	koordinert universaltid	timeStyle=full,hourCycle=h23	
nb	t_long	{"timeStyle":"long"}	HH:mm:ss z	15:07:09 UTC	09:04:05 UTC	UTC	timeStyle=long,hourCycle=h23	
nb	t_medium	{"timeStyle":"medium"}	HH:mm:ss	15:07:09	09:04:05		timeStyle=medium,hourCycle=h23	
nb	t_short	{"timeStyle":"short"}	HH:mm	15:07	09:04		timeStyle=short,hourCycle=h23	
nb	dt_full_full	{"dateStyle":"full","timeStyle":"full"}	EEEE d. MMMM y 'kl'. HH:mm:ss zzzz	l\u00f8rdag 24. desember 2022 kl. 15:07:09 koordinert universaltid	mandag 6. mars 2023 kl. 09:04:05 koordinert universaltid	koordinert universaltid	dateStyle=full,timeStyle=full,hourCycle=h23	
nb	dt_full_long	{"dateStyle":"full","timeStyle":"long"}	EEEE d. MMMM y 'kl'. HH:mm:ss z	l\u00f8rdag 24. desember 2022 kl. 15:07:09 UTC	mandag 6. mars 2023 kl. 09:04:05 UTC	UTC	dateStyle=full,timeStyle=long,hourCycle=h23	
nb	dt_full_medium	{"dateStyle":"full","timeStyle":"medium"}	EEEE d. MMMM y 'kl'. HH:mm:ss	l\u00f8rdag 24. desember 2022 kl. 15:07:09	mandag 6. mars 2023 kl. 09:04:05		dateStyle=full,timeStyle=medium,hourCycle=h23	
nb	dt_full_short	{"dateStyle":"full","timeStyle":"short"}	EEEE d. MMMM y 'kl'. HH:mm	l\u00f8rdag 24. desember 2022 kl. 15:07	mandag 6. mars 2023 kl. 09:04		dateStyle=full,timeStyle=short,hourCycle=h23	
nb	dt_long_full	{"dateStyle":"long","timeStyle":"full"}	d. MMMM y 'kl'. HH:mm:ss zzzz	24. desember 2022 kl. 15:07:09 koordinert universaltid	6. mars 2023 kl. 09:04:05 koordinert universaltid	koordinert universaltid	dateStyle=long,timeStyle=full,hourCycle=h23	
nb	dt_long_long	{"dateStyle":"long","timeStyle":"long"}	d. MMMM y 'kl'. HH:mm:ss z	24. desember 2022 kl. 15:07:09 UTC	6. mars 2023 kl. 09:04:05 UTC	UTC	dateStyle=long,timeStyle=long,hourCycle=h23	
nb	dt_long_medium	{"dateStyle":"long","timeStyle":"medium"}	d. MMMM y 'kl'. HH:mm:ss	24. desember 2022 kl. 15:07:09	6. mars 2023 kl. 09:04:05		dateStyle=long,timeStyle=medium,hourCycle=h23	
nb	dt_long_short	{"dateStyle":"long","timeStyle":"short"}	d. MMMM y 'kl'. HH:mm	24. desember 2022 kl. 15:07	6. mars 2023 kl. 09:04		dateStyle=long,timeStyle=short,hourCycle=h23	
nb	dt_medium_full	{"dateStyle":"medium","timeStyle":"full"}	d. MMM y, HH:mm:ss zzzz	24. des. 2022, 15:07:09 koordinert universaltid	6. mars 2023, 09:04:05 koordinert universaltid	koordinert universaltid	dateStyle=medium,timeStyle=full,hourCycle=h23	
nb	dt_medium_long	{"dateStyle":"medium","timeStyle":"long"}	d. MMM y, HH:mm:ss z	24. des. 2022, 15:07:09 UTC	6. mars 2023, 09:04:05 UTC	UTC	dateStyle=medium,timeStyle=long,hourCycle=h23	
nb	dt_medium_medium	{"dateStyle":"medium","timeStyle":"medium"}	d. MMM y, HH:mm:ss	24. des. 2022, 15:07:09	6. mars 2023, 09:04:05		dateStyle=medium,timeStyle=medium,hourCycle=h23	
nb	dt_medium_short	{"dateStyle":"medium","timeStyle":"short"}	d. MMM y, HH:mm	24. des. 2022, 15:07	6. mars 2023, 09:04		dateStyle=medium,timeStyle=short,hourCycle=h23	
nb	dt_short_full	{"dateStyle":"short","timeStyle":"full"}	dd.MM.y, HH:mm:ss zzzz	24.12.2022, 15:07:09 koordinert universaltid	06.03.2023, 09:04:05 koordinert universaltid	koordinert universaltid	dateStyle=short,timeStyle=full,hourCycle=h23	
nb	dt_short_long	{"dateStyle":"short","timeStyle":"long"}	dd.MM.y, HH:mm:ss z	24.12.2022, 15:07:09 UTC	06.03.2023, 09:04:05 UTC	UTC	dateStyle=short,timeStyle=long,hourCycle=h23	
nb	dt_short_medium	{"dateStyle":"short","timeStyle":"medium"}	dd.MM.y, HH:mm:ss	24.12.2022, 15:07:09	06.03.2023, 09:04:05		dateStyle=short,timeStyle=medium,hourCycle=h23	
nb	dt_short_short	{"dateStyle":"short","timeStyle":"short"}	dd.MM.y, HH:mm	24.12.2022, 15:07	06.03.2023, 09:04		dateStyle=short,timeStyle=short,hourCycle=h23	
nb	t_short_h23	{"timeStyle":"short","hourCycle":"h23"}	HH:mm	15:07	09:04		timeStyle=short,hourCycle=h23	
nb	t_short_h12	{"timeStyle":"short","hourCycle":"h12"}	hh:mm\u202fa	03:07 p.m.	09:04 a.m.		timeStyle=short,hourCycle=h12	
nb	t_short_h11	{"timeStyle":"short","hourCycle":"h11"}	KK:mm\u202fa	03:07 p.m.	09:04 a.m.		timeStyle=short,hourCycle=h11	
nb	t_short_h24	{"timeStyle":"short","hourCycle":"h24"}	kk:mm	15:07	09:04		timeStyle=short,hourCycle=h24	
nb	t_medium_12	{"timeStyle":"medium","hour12":true}	hh:mm:ss\u202fa	03:07:09 p.m.	09:04:05 a.m.		timeStyle=medium,hourCycle=h12	
nb	t_medium_24	{"timeStyle":"medium","hour12":false}	HH:mm:ss	15:07:09	09:04:05		timeStyle=medium,hourCycle=h23	
nb	t_full_h23	{"timeStyle":"full","hourCycle":"h23"}	HH:mm:ss zzzz	15:07:09 koordinert universaltid	09:04:05 koordinert universaltid	koordinert universaltid	timeStyle=full,hourCycle=h23	
nb	t_long_h12	{"timeStyle":"long","hourCycle":"h12"}	hh:mm:ss\u202fa z	03:07:09 p.m. UTC	09:04:05 a.m. UTC	UTC	timeStyle=long,hourCycle=h12	
nb	dt_full_short_h23	{"dateStyle":"full","timeStyle":"short","hourCycle":"h23"}	EEEE d. MMMM y 'kl'. HH:mm	l\u00f8rdag 24. desember 2022 kl. 15:07	mandag 6. mars 2023 kl. 09:04		dateStyle=full,timeStyle=short,hourCycle=h23	
nb	dt_short_medium_h12	{"dateStyle":"short","timeStyle":"medium","hourCycle":"h12"}	dd.MM.y, hh:mm:ss\u202fa	24.12.2022, 03:07:09 p.m.	06.03.2023, 09:04:05 a.m.		dateStyle=short,timeStyle=medium,hourCycle=h12	
nb	dt_long_long_12	{"dateStyle":"long","timeStyle":"long","hour12":true}	d. MMMM y 'kl'. hh:mm:ss\u202fa z	24. desember 2022 kl. 03:07:09 p.m. UTC	6. mars 2023 kl. 09:04:05 a.m. UTC	UTC	dateStyle=long,timeStyle=long,hourCycle=h12	
nb	dt_medium_full_24	{"dateStyle":"medium","timeStyle":"full","hour12":false}	d. MMM y, HH:mm:ss zzzz	24. des. 2022, 15:07:09 koordinert universaltid	6. mars 2023, 09:04:05 koordinert universaltid	koordinert universaltid	dateStyle=medium,timeStyle=full,hourCycle=h23	
nb	PYM_full	{"temporal":"PlainYearMonth","dateStyle":"full"}	MMMM y	desember 2022	mars 2023		year=numeric,month=long	
nb	PYM_long	{"temporal":"PlainYearMonth","dateStyle":"long"}	MMMM y	desember 2022	mars 2023		year=numeric,month=long	
nb	PYM_medium	{"temporal":"PlainYearMonth","dateStyle":"medium"}	MMM y	des. 2022	mars 2023		year=numeric,month=short	
nb	PYM_short	{"temporal":"PlainYearMonth","dateStyle":"short"}	MM.y	12.2022	03.2023		year=numeric,month=2-digit	
nb	PMD_full	{"temporal":"PlainMonthDay","dateStyle":"full"}	d. MMMM	24. desember	6. mars		month=long,day=numeric	
nb	PMD_long	{"temporal":"PlainMonthDay","dateStyle":"long"}	d. MMMM	24. desember	6. mars		month=long,day=numeric	
nb	PMD_medium	{"temporal":"PlainMonthDay","dateStyle":"medium"}	d. MMM	24. des.	6. mars		month=short,day=numeric	
nb	PMD_short	{"temporal":"PlainMonthDay","dateStyle":"short"}	d.M.	24.12.	6.3.		month=numeric,day=numeric	
nb	PD_full	{"temporal":"PlainDate","dateStyle":"full"}	EEEE d. MMMM y	l\u00f8rdag 24. desember 2022	mandag 6. mars 2023		dateStyle=full	
nb	PD_short	{"temporal":"PlainDate","dateStyle":"short"}	dd.MM.y	24.12.2022	06.03.2023		dateStyle=short	
nb	PT_full	{"temporal":"PlainTime","timeStyle":"full"}	HH:mm:ss	15:07:09	09:04:05		hour=2-digit,minute=2-digit,second=2-digit,hourCycle=h23	
nb	PT_long	{"temporal":"PlainTime","timeStyle":"long"}	HH:mm:ss	15:07:09	09:04:05		hour=2-digit,minute=2-digit,second=2-digit,hourCycle=h23	
nb	PT_medium	{"temporal":"PlainTime","timeStyle":"medium"}	HH:mm:ss	15:07:09	09:04:05		timeStyle=medium,hourCycle=h23	
nb	PDT_full_full	{"temporal":"PlainDateTime","dateStyle":"full","timeStyle":"full"}	EEEE d. MMMM y 'kl'. HH:mm:ss	l\u00f8rdag 24. desember 2022 kl. 15:07:09	mandag 6. mars 2023 kl. 09:04:05		weekday=long,year=numeric,month=long,day=numeric,hour=2-digit,minute=2-digit,second=2-digit,hourCycle=h23	
nb	PDT_long_long	{"temporal":"PlainDateTime","dateStyle":"long","timeStyle":"long"}	d. MMMM y 'kl'. HH:mm:ss	24. desember 2022 kl. 15:07:09	6. mars 2023 kl. 09:04:05		year=numeric,month=long,day=numeric,hour=2-digit,minute=2-digit,second=2-digit,hourCycle=h23	
nb	PDT_short_full	{"temporal":"PlainDateTime","dateStyle":"short","timeStyle":"full"}	dd.MM.y, HH:mm:ss	24.12.2022, 15:07:09	06.03.2023, 09:04:05		year=numeric,month=2-digit,day=2-digit,hour=2-digit,minute=2-digit,second=2-digit,hourCycle=h23	
nb	PDT_medium_medium	{"temporal":"PlainDateTime","dateStyle":"medium","timeStyle":"medium"}	d. MMM y, HH:mm:ss	24. des. 2022, 15:07:09	6. mars 2023, 09:04:05		dateStyle=medium,timeStyle=medium,hourCycle=h23	
nl	d_full	{"dateStyle":"full"}	EEEE d MMMM y	zaterdag 24 december 2022	maandag 6 maart 2023		dateStyle=full	
nl	d_long	{"dateStyle":"long"}	d MMMM y	24 december 2022	6 maart 2023		dateStyle=long	
nl	d_medium	{"dateStyle":"medium"}	d MMM y	24 dec 2022	6 mrt 2023		dateStyle=medium	
nl	d_short	{"dateStyle":"short"}	dd-MM-y	24-12-2022	06-03-2023		dateStyle=short	
nl	t_full	{"timeStyle":"full"}	HH:mm:ss zzzz	15:07:09 geco\u00f6rdineerde wereldtijd	09:04:05 geco\u00f6rdineerde wereldtijd	geco\u00f6rdineerde wereldtijd	timeStyle=full,hourCycle=h23	
nl	t_long	{"timeStyle":"long"}	HH:mm:ss z	15:07:09 UTC	09:04:05 UTC	UTC	timeStyle=long,hourCycle=h23	
nl	t_medium	{"timeStyle":"medium"}	HH:mm:ss	15:07:09	09:04:05		timeStyle=medium,hourCycle=h23	
nl	t_short	{"timeStyle":"short"}	HH:mm	15:07	09:04		timeStyle=short,hourCycle=h23	
nl	dt_full_full	{"dateStyle":"full","timeStyle":"full"}	EEEE d MMMM y 'om' HH:mm:ss zzzz	zaterdag 24 december 2022 om 15:07:09 geco\u00f6rdineerde wereldtijd	maandag 6 maart 2023 om 09:04:05 geco\u00f6rdineerde wereldtijd	geco\u00f6rdineerde wereldtijd	dateStyle=full,timeStyle=full,hourCycle=h23	
nl	dt_full_long	{"dateStyle":"full","timeStyle":"long"}	EEEE d MMMM y 'om' HH:mm:ss z	zaterdag 24 december 2022 om 15:07:09 UTC	maandag 6 maart 2023 om 09:04:05 UTC	UTC	dateStyle=full,timeStyle=long,hourCycle=h23	
nl	dt_full_medium	{"dateStyle":"full","timeStyle":"medium"}	EEEE d MMMM y 'om' HH:mm:ss	zaterdag 24 december 2022 om 15:07:09	maandag 6 maart 2023 om 09:04:05		dateStyle=full,timeStyle=medium,hourCycle=h23	
nl	dt_full_short	{"dateStyle":"full","timeStyle":"short"}	EEEE d MMMM y 'om' HH:mm	zaterdag 24 december 2022 om 15:07	maandag 6 maart 2023 om 09:04		dateStyle=full,timeStyle=short,hourCycle=h23	
nl	dt_long_full	{"dateStyle":"long","timeStyle":"full"}	d MMMM y 'om' HH:mm:ss zzzz	24 december 2022 om 15:07:09 geco\u00f6rdineerde wereldtijd	6 maart 2023 om 09:04:05 geco\u00f6rdineerde wereldtijd	geco\u00f6rdineerde wereldtijd	dateStyle=long,timeStyle=full,hourCycle=h23	
nl	dt_long_long	{"dateStyle":"long","timeStyle":"long"}	d MMMM y 'om' HH:mm:ss z	24 december 2022 om 15:07:09 UTC	6 maart 2023 om 09:04:05 UTC	UTC	dateStyle=long,timeStyle=long,hourCycle=h23	
nl	dt_long_medium	{"dateStyle":"long","timeStyle":"medium"}	d MMMM y 'om' HH:mm:ss	24 december 2022 om 15:07:09	6 maart 2023 om 09:04:05		dateStyle=long,timeStyle=medium,hourCycle=h23	
nl	dt_long_short	{"dateStyle":"long","timeStyle":"short"}	d MMMM y 'om' HH:mm	24 december 2022 om 15:07	6 maart 2023 om 09:04		dateStyle=long,timeStyle=short,hourCycle=h23	
nl	dt_medium_full	{"dateStyle":"medium","timeStyle":"full"}	d MMM y, HH:mm:ss zzzz	24 dec 2022, 15:07:09 geco\u00f6rdineerde wereldtijd	6 mrt 2023, 09:04:05 geco\u00f6rdineerde wereldtijd	geco\u00f6rdineerde wereldtijd	dateStyle=medium,timeStyle=full,hourCycle=h23	
nl	dt_medium_long	{"dateStyle":"medium","timeStyle":"long"}	d MMM y, HH:mm:ss z	24 dec 2022, 15:07:09 UTC	6 mrt 2023, 09:04:05 UTC	UTC	dateStyle=medium,timeStyle=long,hourCycle=h23	
nl	dt_medium_medium	{"dateStyle":"medium","timeStyle":"medium"}	d MMM y, HH:mm:ss	24 dec 2022, 15:07:09	6 mrt 2023, 09:04:05		dateStyle=medium,timeStyle=medium,hourCycle=h23	
nl	dt_medium_short	{"dateStyle":"medium","timeStyle":"short"}	d MMM y, HH:mm	24 dec 2022, 15:07	6 mrt 2023, 09:04		dateStyle=medium,timeStyle=short,hourCycle=h23	
nl	dt_short_full	{"dateStyle":"short","timeStyle":"full"}	dd-MM-y, HH:mm:ss zzzz	24-12-2022, 15:07:09 geco\u00f6rdineerde wereldtijd	06-03-2023, 09:04:05 geco\u00f6rdineerde wereldtijd	geco\u00f6rdineerde wereldtijd	dateStyle=short,timeStyle=full,hourCycle=h23	
nl	dt_short_long	{"dateStyle":"short","timeStyle":"long"}	dd-MM-y, HH:mm:ss z	24-12-2022, 15:07:09 UTC	06-03-2023, 09:04:05 UTC	UTC	dateStyle=short,timeStyle=long,hourCycle=h23	
nl	dt_short_medium	{"dateStyle":"short","timeStyle":"medium"}	dd-MM-y, HH:mm:ss	24-12-2022, 15:07:09	06-03-2023, 09:04:05		dateStyle=short,timeStyle=medium,hourCycle=h23	
nl	dt_short_short	{"dateStyle":"short","timeStyle":"short"}	dd-MM-y, HH:mm	24-12-2022, 15:07	06-03-2023, 09:04		dateStyle=short,timeStyle=short,hourCycle=h23	
nl	t_short_h23	{"timeStyle":"short","hourCycle":"h23"}	HH:mm	15:07	09:04		timeStyle=short,hourCycle=h23	
nl	t_short_h12	{"timeStyle":"short","hourCycle":"h12"}	hh:mm a	03:07 p.m.	09:04 a.m.		timeStyle=short,hourCycle=h12	
nl	t_short_h11	{"timeStyle":"short","hourCycle":"h11"}	KK:mm a	03:07 p.m.	09:04 a.m.		timeStyle=short,hourCycle=h11	
nl	t_short_h24	{"timeStyle":"short","hourCycle":"h24"}	kk:mm	15:07	09:04		timeStyle=short,hourCycle=h24	
nl	t_medium_12	{"timeStyle":"medium","hour12":true}	hh:mm:ss a	03:07:09 p.m.	09:04:05 a.m.		timeStyle=medium,hourCycle=h12	
nl	t_medium_24	{"timeStyle":"medium","hour12":false}	HH:mm:ss	15:07:09	09:04:05		timeStyle=medium,hourCycle=h23	
nl	t_full_h23	{"timeStyle":"full","hourCycle":"h23"}	HH:mm:ss zzzz	15:07:09 geco\u00f6rdineerde wereldtijd	09:04:05 geco\u00f6rdineerde wereldtijd	geco\u00f6rdineerde wereldtijd	timeStyle=full,hourCycle=h23	
nl	t_long_h12	{"timeStyle":"long","hourCycle":"h12"}	hh:mm:ss a z	03:07:09 p.m. UTC	09:04:05 a.m. UTC	UTC	timeStyle=long,hourCycle=h12	
nl	dt_full_short_h23	{"dateStyle":"full","timeStyle":"short","hourCycle":"h23"}	EEEE d MMMM y 'om' HH:mm	zaterdag 24 december 2022 om 15:07	maandag 6 maart 2023 om 09:04		dateStyle=full,timeStyle=short,hourCycle=h23	
nl	dt_short_medium_h12	{"dateStyle":"short","timeStyle":"medium","hourCycle":"h12"}	dd-MM-y, hh:mm:ss a	24-12-2022, 03:07:09 p.m.	06-03-2023, 09:04:05 a.m.		dateStyle=short,timeStyle=medium,hourCycle=h12	
nl	dt_long_long_12	{"dateStyle":"long","timeStyle":"long","hour12":true}	d MMMM y 'om' hh:mm:ss a z	24 december 2022 om 03:07:09 p.m. UTC	6 maart 2023 om 09:04:05 a.m. UTC	UTC	dateStyle=long,timeStyle=long,hourCycle=h12	
nl	dt_medium_full_24	{"dateStyle":"medium","timeStyle":"full","hour12":false}	d MMM y, HH:mm:ss zzzz	24 dec 2022, 15:07:09 geco\u00f6rdineerde wereldtijd	6 mrt 2023, 09:04:05 geco\u00f6rdineerde wereldtijd	geco\u00f6rdineerde wereldtijd	dateStyle=medium,timeStyle=full,hourCycle=h23	
nl	PYM_full	{"temporal":"PlainYearMonth","dateStyle":"full"}	MMMM y	december 2022	maart 2023		year=numeric,month=long	
nl	PYM_long	{"temporal":"PlainYearMonth","dateStyle":"long"}	MMMM y	december 2022	maart 2023		year=numeric,month=long	
nl	PYM_medium	{"temporal":"PlainYearMonth","dateStyle":"medium"}	MMM y	dec 2022	mrt 2023		year=numeric,month=short	
nl	PYM_short	{"temporal":"PlainYearMonth","dateStyle":"short"}	MM-y	12-2022	03-2023		year=numeric,month=2-digit	
nl	PMD_full	{"temporal":"PlainMonthDay","dateStyle":"full"}	d MMMM	24 december	6 maart		month=long,day=numeric	
nl	PMD_long	{"temporal":"PlainMonthDay","dateStyle":"long"}	d MMMM	24 december	6 maart		month=long,day=numeric	
nl	PMD_medium	{"temporal":"PlainMonthDay","dateStyle":"medium"}	d MMM	24 dec	6 mrt		month=short,day=numeric	
nl	PMD_short	{"temporal":"PlainMonthDay","dateStyle":"short"}	dd-MM	24-12	06-03		month=2-digit,day=2-digit	
nl	PD_full	{"temporal":"PlainDate","dateStyle":"full"}	EEEE d MMMM y	zaterdag 24 december 2022	maandag 6 maart 2023		dateStyle=full	
nl	PD_short	{"temporal":"PlainDate","dateStyle":"short"}	dd-MM-y	24-12-2022	06-03-2023		dateStyle=short	
nl	PT_full	{"temporal":"PlainTime","timeStyle":"full"}	HH:mm:ss	15:07:09	09:04:05		hour=2-digit,minute=2-digit,second=2-digit,hourCycle=h23	
nl	PT_long	{"temporal":"PlainTime","timeStyle":"long"}	HH:mm:ss	15:07:09	09:04:05		hour=2-digit,minute=2-digit,second=2-digit,hourCycle=h23	
nl	PT_medium	{"temporal":"PlainTime","timeStyle":"medium"}	HH:mm:ss	15:07:09	09:04:05		timeStyle=medium,hourCycle=h23	
nl	PDT_full_full	{"temporal":"PlainDateTime","dateStyle":"full","timeStyle":"full"}	EEEE d MMMM y 'om' HH:mm:ss	zaterdag 24 december 2022 om 15:07:09	maandag 6 maart 2023 om 09:04:05		weekday=long,year=numeric,month=long,day=numeric,hour=2-digit,minute=2-digit,second=2-digit,hourCycle=h23	
nl	PDT_long_long	{"temporal":"PlainDateTime","dateStyle":"long","timeStyle":"long"}	d MMMM y 'om' HH:mm:ss	24 december 2022 om 15:07:09	6 maart 2023 om 09:04:05		year=numeric,month=long,day=numeric,hour=2-digit,minute=2-digit,second=2-digit,hourCycle=h23	
nl	PDT_short_full	{"temporal":"PlainDateTime","dateStyle":"short","timeStyle":"full"}	dd-MM-y, HH:mm:ss	24-12-2022, 15:07:09	06-03-2023, 09:04:05		year=numeric,month=2-digit,day=2-digit,hour=2-digit,minute=2-digit,second=2-digit,hourCycle=h23	
nl	PDT_medium_medium	{"temporal":"PlainDateTime","dateStyle":"medium","timeStyle":"medium"}	d MMM y, HH:mm:ss	24 dec 2022, 15:07:09	6 mrt 2023, 09:04:05		dateStyle=medium,timeStyle=medium,hourCycle=h23	
pl	d_full	{"dateStyle":"full"}	EEEE, d MMMM y	sobota, 24 grudnia 2022	poniedzia\u0142ek, 6 marca 2023		dateStyle=full	
pl	d_long	{"dateStyle":"long"}	d MMMM y	24 grudnia 2022	6 marca 2023		dateStyle=long	
pl	d_medium	{"dateStyle":"medium"}	d MMM y	24 gru 2022	6 mar 2023		dateStyle=medium	
pl	d_short	{"dateStyle":"short"}	d.MM.y	24.12.2022	6.03.2023		dateStyle=short	
pl	t_full	{"timeStyle":"full"}	HH:mm:ss zzzz	15:07:09 uniwersalny czas koordynowany	09:04:05 uniwersalny czas koordynowany	uniwersalny czas koordynowany	timeStyle=full,hourCycle=h23	
pl	t_long	{"timeStyle":"long"}	HH:mm:ss z	15:07:09 UTC	09:04:05 UTC	UTC	timeStyle=long,hourCycle=h23	
pl	t_medium	{"timeStyle":"medium"}	HH:mm:ss	15:07:09	09:04:05		timeStyle=medium,hourCycle=h23	
pl	t_short	{"timeStyle":"short"}	HH:mm	15:07	09:04		timeStyle=short,hourCycle=h23	
pl	dt_full_full	{"dateStyle":"full","timeStyle":"full"}	EEEE, d MMMM y HH:mm:ss zzzz	sobota, 24 grudnia 2022 15:07:09 uniwersalny czas koordynowany	poniedzia\u0142ek, 6 marca 2023 09:04:05 uniwersalny czas koordynowany	uniwersalny czas koordynowany	dateStyle=full,timeStyle=full,hourCycle=h23	
pl	dt_full_long	{"dateStyle":"full","timeStyle":"long"}	EEEE, d MMMM y HH:mm:ss z	sobota, 24 grudnia 2022 15:07:09 UTC	poniedzia\u0142ek, 6 marca 2023 09:04:05 UTC	UTC	dateStyle=full,timeStyle=long,hourCycle=h23	
pl	dt_full_medium	{"dateStyle":"full","timeStyle":"medium"}	EEEE, d MMMM y HH:mm:ss	sobota, 24 grudnia 2022 15:07:09	poniedzia\u0142ek, 6 marca 2023 09:04:05		dateStyle=full,timeStyle=medium,hourCycle=h23	
pl	dt_full_short	{"dateStyle":"full","timeStyle":"short"}	EEEE, d MMMM y HH:mm	sobota, 24 grudnia 2022 15:07	poniedzia\u0142ek, 6 marca 2023 09:04		dateStyle=full,timeStyle=short,hourCycle=h23	
pl	dt_long_full	{"dateStyle":"long","timeStyle":"full"}	d MMMM y HH:mm:ss zzzz	24 grudnia 2022 15:07:09 uniwersalny czas koordynowany	6 marca 2023 09:04:05 uniwersalny czas koordynowany	uniwersalny czas koordynowany	dateStyle=long,timeStyle=full,hourCycle=h23	
pl	dt_long_long	{"dateStyle":"long","timeStyle":"long"}	d MMMM y HH:mm:ss z	24 grudnia 2022 15:07:09 UTC	6 marca 2023 09:04:05 UTC	UTC	dateStyle=long,timeStyle=long,hourCycle=h23	
pl	dt_long_medium	{"dateStyle":"long","timeStyle":"medium"}	d MMMM y HH:mm:ss	24 grudnia 2022 15:07:09	6 marca 2023 09:04:05		dateStyle=long,timeStyle=medium,hourCycle=h23	
pl	dt_long_short	{"dateStyle":"long","timeStyle":"short"}	d MMMM y HH:mm	24 grudnia 2022 15:07	6 marca 2023 09:04		dateStyle=long,timeStyle=short,hourCycle=h23	
pl	dt_medium_full	{"dateStyle":"medium","timeStyle":"full"}	d MMM y, HH:mm:ss zzzz	24 gru 2022, 15:07:09 uniwersalny czas koordynowany	6 mar 2023, 09:04:05 uniwersalny czas koordynowany	uniwersalny czas koordynowany	dateStyle=medium,timeStyle=full,hourCycle=h23	
pl	dt_medium_long	{"dateStyle":"medium","timeStyle":"long"}	d MMM y, HH:mm:ss z	24 gru 2022, 15:07:09 UTC	6 mar 2023, 09:04:05 UTC	UTC	dateStyle=medium,timeStyle=long,hourCycle=h23	
pl	dt_medium_medium	{"dateStyle":"medium","timeStyle":"medium"}	d MMM y, HH:mm:ss	24 gru 2022, 15:07:09	6 mar 2023, 09:04:05		dateStyle=medium,timeStyle=medium,hourCycle=h23	
pl	dt_medium_short	{"dateStyle":"medium","timeStyle":"short"}	d MMM y, HH:mm	24 gru 2022, 15:07	6 mar 2023, 09:04		dateStyle=medium,timeStyle=short,hourCycle=h23	
pl	dt_short_full	{"dateStyle":"short","timeStyle":"full"}	d.MM.y, HH:mm:ss zzzz	24.12.2022, 15:07:09 uniwersalny czas koordynowany	6.03.2023, 09:04:05 uniwersalny czas koordynowany	uniwersalny czas koordynowany	dateStyle=short,timeStyle=full,hourCycle=h23	
pl	dt_short_long	{"dateStyle":"short","timeStyle":"long"}	d.MM.y, HH:mm:ss z	24.12.2022, 15:07:09 UTC	6.03.2023, 09:04:05 UTC	UTC	dateStyle=short,timeStyle=long,hourCycle=h23	
pl	dt_short_medium	{"dateStyle":"short","timeStyle":"medium"}	d.MM.y, HH:mm:ss	24.12.2022, 15:07:09	6.03.2023, 09:04:05		dateStyle=short,timeStyle=medium,hourCycle=h23	
pl	dt_short_short	{"dateStyle":"short","timeStyle":"short"}	d.MM.y, HH:mm	24.12.2022, 15:07	6.03.2023, 09:04		dateStyle=short,timeStyle=short,hourCycle=h23	
pl	t_short_h23	{"timeStyle":"short","hourCycle":"h23"}	HH:mm	15:07	09:04		timeStyle=short,hourCycle=h23	
pl	t_short_h12	{"timeStyle":"short","hourCycle":"h12"}	hh:mm\u202fa	03:07 PM	09:04 AM		timeStyle=short,hourCycle=h12	
pl	t_short_h11	{"timeStyle":"short","hourCycle":"h11"}	KK:mm\u202fa	03:07 PM	09:04 AM		timeStyle=short,hourCycle=h11	
pl	t_short_h24	{"timeStyle":"short","hourCycle":"h24"}	kk:mm	15:07	09:04		timeStyle=short,hourCycle=h24	
pl	t_medium_12	{"timeStyle":"medium","hour12":true}	hh:mm:ss\u202fa	03:07:09 PM	09:04:05 AM		timeStyle=medium,hourCycle=h12	
pl	t_medium_24	{"timeStyle":"medium","hour12":false}	HH:mm:ss	15:07:09	09:04:05		timeStyle=medium,hourCycle=h23	
pl	t_full_h23	{"timeStyle":"full","hourCycle":"h23"}	HH:mm:ss zzzz	15:07:09 uniwersalny czas koordynowany	09:04:05 uniwersalny czas koordynowany	uniwersalny czas koordynowany	timeStyle=full,hourCycle=h23	
pl	t_long_h12	{"timeStyle":"long","hourCycle":"h12"}	hh:mm:ss\u202fa z	03:07:09 PM UTC	09:04:05 AM UTC	UTC	timeStyle=long,hourCycle=h12	
pl	dt_full_short_h23	{"dateStyle":"full","timeStyle":"short","hourCycle":"h23"}	EEEE, d MMMM y HH:mm	sobota, 24 grudnia 2022 15:07	poniedzia\u0142ek, 6 marca 2023 09:04		dateStyle=full,timeStyle=short,hourCycle=h23	
pl	dt_short_medium_h12	{"dateStyle":"short","timeStyle":"medium","hourCycle":"h12"}	d.MM.y, hh:mm:ss\u202fa	24.12.2022, 03:07:09 PM	6.03.2023, 09:04:05 AM		dateStyle=short,timeStyle=medium,hourCycle=h12	
pl	dt_long_long_12	{"dateStyle":"long","timeStyle":"long","hour12":true}	d MMMM y hh:mm:ss\u202fa z	24 grudnia 2022 03:07:09 PM UTC	6 marca 2023 09:04:05 AM UTC	UTC	dateStyle=long,timeStyle=long,hourCycle=h12	
pl	dt_medium_full_24	{"dateStyle":"medium","timeStyle":"full","hour12":false}	d MMM y, HH:mm:ss zzzz	24 gru 2022, 15:07:09 uniwersalny czas koordynowany	6 mar 2023, 09:04:05 uniwersalny czas koordynowany	uniwersalny czas koordynowany	dateStyle=medium,timeStyle=full,hourCycle=h23	
pl	PYM_full	{"temporal":"PlainYearMonth","dateStyle":"full"}	LLLL y	grudzie\u0144 2022	marzec 2023		year=numeric,month=long	
pl	PYM_long	{"temporal":"PlainYearMonth","dateStyle":"long"}	LLLL y	grudzie\u0144 2022	marzec 2023		year=numeric,month=long	
pl	PYM_medium	{"temporal":"PlainYearMonth","dateStyle":"medium"}	LLL y	gru 2022	mar 2023		year=numeric,month=short	
pl	PYM_short	{"temporal":"PlainYearMonth","dateStyle":"short"}	MM.y	12.2022	03.2023		year=numeric,month=2-digit	
pl	PMD_full	{"temporal":"PlainMonthDay","dateStyle":"full"}	d MMMM	24 grudnia	6 marca		month=long,day=numeric	
pl	PMD_long	{"temporal":"PlainMonthDay","dateStyle":"long"}	d MMMM	24 grudnia	6 marca		month=long,day=numeric	
pl	PMD_medium	{"temporal":"PlainMonthDay","dateStyle":"medium"}	d MMM	24 gru	6 mar		month=short,day=numeric	
pl	PMD_short	{"temporal":"PlainMonthDay","dateStyle":"short"}	d.MM	24.12	6.03		month=2-digit,day=numeric	
pl	PD_full	{"temporal":"PlainDate","dateStyle":"full"}	EEEE, d MMMM y	sobota, 24 grudnia 2022	poniedzia\u0142ek, 6 marca 2023		dateStyle=full	
pl	PD_short	{"temporal":"PlainDate","dateStyle":"short"}	d.MM.y	24.12.2022	6.03.2023		dateStyle=short	
pl	PT_full	{"temporal":"PlainTime","timeStyle":"full"}	HH:mm:ss	15:07:09	09:04:05		hour=2-digit,minute=2-digit,second=2-digit,hourCycle=h23	
pl	PT_long	{"temporal":"PlainTime","timeStyle":"long"}	HH:mm:ss	15:07:09	09:04:05		hour=2-digit,minute=2-digit,second=2-digit,hourCycle=h23	
pl	PT_medium	{"temporal":"PlainTime","timeStyle":"medium"}	HH:mm:ss	15:07:09	09:04:05		timeStyle=medium,hourCycle=h23	
pl	PDT_full_full	{"temporal":"PlainDateTime","dateStyle":"full","timeStyle":"full"}	EEEE, d MMMM y HH:mm:ss	sobota, 24 grudnia 2022 15:07:09	poniedzia\u0142ek, 6 marca 2023 09:04:05		weekday=long,year=numeric,month=long,day=numeric,hour=2-digit,minute=2-digit,second=2-digit,hourCycle=h23	
pl	PDT_long_long	{"temporal":"PlainDateTime","dateStyle":"long","timeStyle":"long"}	d MMMM y HH:mm:ss	24 grudnia 2022 15:07:09	6 marca 2023 09:04:05		year=numeric,month=long,day=numeric,hour=2-digit,minute=2-digit,second=2-digit,hourCycle=h23	
pl	PDT_short_full	{"temporal":"PlainDateTime","dateStyle":"short","timeStyle":"full"}	d.MM.y, HH:mm:ss	24.12.2022, 15:07:09	6.03.2023, 09:04:05		year=numeric,month=2-digit,day=numeric,hour=2-digit,minute=2-digit,second=2-digit,hourCycle=h23	
pl	PDT_medium_medium	{"temporal":"PlainDateTime","dateStyle":"medium","timeStyle":"medium"}	d MMM y, HH:mm:ss	24 gru 2022, 15:07:09	6 mar 2023, 09:04:05		dateStyle=medium,timeStyle=medium,hourCycle=h23	
pt	d_full	{"dateStyle":"full"}	EEEE, d 'de' MMMM 'de' y	s\u00e1bado, 24 de dezembro de 2022	segunda-feira, 6 de mar\u00e7o de 2023		dateStyle=full	
pt	d_long	{"dateStyle":"long"}	d 'de' MMMM 'de' y	24 de dezembro de 2022	6 de mar\u00e7o de 2023		dateStyle=long	
pt	d_medium	{"dateStyle":"medium"}	d 'de' MMM 'de' y	24 de dez. de 2022	6 de mar. de 2023		dateStyle=medium	
pt	d_short	{"dateStyle":"short"}	dd/MM/y	24/12/2022	06/03/2023		dateStyle=short	
pt	t_full	{"timeStyle":"full"}	HH:mm:ss zzzz	15:07:09 Hor\u00e1rio Universal Coordenado	09:04:05 Hor\u00e1rio Universal Coordenado	Hor\u00e1rio Universal Coordenado	timeStyle=full,hourCycle=h23	
pt	t_long	{"timeStyle":"long"}	HH:mm:ss z	15:07:09 UTC	09:04:05 UTC	UTC	timeStyle=long,hourCycle=h23	
pt	t_medium	{"timeStyle":"medium"}	HH:mm:ss	15:07:09	09:04:05		timeStyle=medium,hourCycle=h23	
pt	t_short	{"timeStyle":"short"}	HH:mm	15:07	09:04		timeStyle=short,hourCycle=h23	
pt	dt_full_full	{"dateStyle":"full","timeStyle":"full"}	EEEE, d 'de' MMMM 'de' y '\u00e0s' HH:mm:ss zzzz	s\u00e1bado, 24 de dezembro de 2022 \u00e0s 15:07:09 Hor\u00e1rio Universal Coordenado	segunda-feira, 6 de mar\u00e7o de 2023 \u00e0s 09:04:05 Hor\u00e1rio Universal Coordenado	Hor\u00e1rio Universal Coordenado	dateStyle=full,timeStyle=full,hourCycle=h23	
pt	dt_full_long	{"dateStyle":"full","timeStyle":"long"}	EEEE, d 'de' MMMM 'de' y '\u00e0s' HH:mm:ss z	s\u00e1bado, 24 de dezembro de 2022 \u00e0s 15:07:09 UTC	segunda-feira, 6 de mar\u00e7o de 2023 \u00e0s 09:04:05 UTC	UTC	dateStyle=full,timeStyle=long,hourCycle=h23	
pt	dt_full_medium	{"dateStyle":"full","timeStyle":"medium"}	EEEE, d 'de' MMMM 'de' y '\u00e0s' HH:mm:ss	s\u00e1bado, 24 de dezembro de 2022 \u00e0s 15:07:09	segunda-feira, 6 de mar\u00e7o de 2023 \u00e0s 09:04:05		dateStyle=full,timeStyle=medium,hourCycle=h23	
pt	dt_full_short	{"dateStyle":"full","timeStyle":"short"}	EEEE, d 'de' MMMM 'de' y '\u00e0s' HH:mm	s\u00e1bado, 24 de dezembro de 2022 \u00e0s 15:07	segunda-feira, 6 de mar\u00e7o de 2023 \u00e0s 09:04		dateStyle=full,timeStyle=short,hourCycle=h23	
pt	dt_long_full	{"dateStyle":"long","timeStyle":"full"}	d 'de' MMMM 'de' y '\u00e0s' HH:mm:ss zzzz	24 de dezembro de 2022 \u00e0s 15:07:09 Hor\u00e1rio Universal Coordenado	6 de mar\u00e7o de 2023 \u00e0s 09:04:05 Hor\u00e1rio Universal Coordenado	Hor\u00e1rio Universal Coordenado	dateStyle=long,timeStyle=full,hourCycle=h23	
pt	dt_long_long	{"dateStyle":"long","timeStyle":"long"}	d 'de' MMMM 'de' y '\u00e0s' HH:mm:ss z	24 de dezembro de 2022 \u00e0s 15:07:09 UTC	6 de mar\u00e7o de 2023 \u00e0s 09:04:05 UTC	UTC	dateStyle=long,timeStyle=long,hourCycle=h23	
pt	dt_long_medium	{"dateStyle":"long","timeStyle":"medium"}	d 'de' MMMM 'de' y '\u00e0s' HH:mm:ss	24 de dezembro de 2022 \u00e0s 15:07:09	6 de mar\u00e7o de 2023 \u00e0s 09:04:05		dateStyle=long,timeStyle=medium,hourCycle=h23	
pt	dt_long_short	{"dateStyle":"long","timeStyle":"short"}	d 'de' MMMM 'de' y '\u00e0s' HH:mm	24 de dezembro de 2022 \u00e0s 15:07	6 de mar\u00e7o de 2023 \u00e0s 09:04		dateStyle=long,timeStyle=short,hourCycle=h23	
pt	dt_medium_full	{"dateStyle":"medium","timeStyle":"full"}	d 'de' MMM 'de' y, HH:mm:ss zzzz	24 de dez. de 2022, 15:07:09 Hor\u00e1rio Universal Coordenado	6 de mar. de 2023, 09:04:05 Hor\u00e1rio Universal Coordenado	Hor\u00e1rio Universal Coordenado	dateStyle=medium,timeStyle=full,hourCycle=h23	
pt	dt_medium_long	{"dateStyle":"medium","timeStyle":"long"}	d 'de' MMM 'de' y, HH:mm:ss z	24 de dez. de 2022, 15:07:09 UTC	6 de mar. de 2023, 09:04:05 UTC	UTC	dateStyle=medium,timeStyle=long,hourCycle=h23	
pt	dt_medium_medium	{"dateStyle":"medium","timeStyle":"medium"}	d 'de' MMM 'de' y, HH:mm:ss	24 de dez. de 2022, 15:07:09	6 de mar. de 2023, 09:04:05		dateStyle=medium,timeStyle=medium,hourCycle=h23	
pt	dt_medium_short	{"dateStyle":"medium","timeStyle":"short"}	d 'de' MMM 'de' y, HH:mm	24 de dez. de 2022, 15:07	6 de mar. de 2023, 09:04		dateStyle=medium,timeStyle=short,hourCycle=h23	
pt	dt_short_full	{"dateStyle":"short","timeStyle":"full"}	dd/MM/y, HH:mm:ss zzzz	24/12/2022, 15:07:09 Hor\u00e1rio Universal Coordenado	06/03/2023, 09:04:05 Hor\u00e1rio Universal Coordenado	Hor\u00e1rio Universal Coordenado	dateStyle=short,timeStyle=full,hourCycle=h23	
pt	dt_short_long	{"dateStyle":"short","timeStyle":"long"}	dd/MM/y, HH:mm:ss z	24/12/2022, 15:07:09 UTC	06/03/2023, 09:04:05 UTC	UTC	dateStyle=short,timeStyle=long,hourCycle=h23	
pt	dt_short_medium	{"dateStyle":"short","timeStyle":"medium"}	dd/MM/y, HH:mm:ss	24/12/2022, 15:07:09	06/03/2023, 09:04:05		dateStyle=short,timeStyle=medium,hourCycle=h23	
pt	dt_short_short	{"dateStyle":"short","timeStyle":"short"}	dd/MM/y, HH:mm	24/12/2022, 15:07	06/03/2023, 09:04		dateStyle=short,timeStyle=short,hourCycle=h23	
pt	t_short_h23	{"timeStyle":"short","hourCycle":"h23"}	HH:mm	15:07	09:04		timeStyle=short,hourCycle=h23	
pt	t_short_h12	{"timeStyle":"short","hourCycle":"h12"}	hh:mm\u202fa	03:07 PM	09:04 AM		timeStyle=short,hourCycle=h12	
pt	t_short_h11	{"timeStyle":"short","hourCycle":"h11"}	KK:mm\u202fa	03:07 PM	09:04 AM		timeStyle=short,hourCycle=h11	
pt	t_short_h24	{"timeStyle":"short","hourCycle":"h24"}	kk:mm	15:07	09:04		timeStyle=short,hourCycle=h24	
pt	t_medium_12	{"timeStyle":"medium","hour12":true}	hh:mm:ss\u202fa	03:07:09 PM	09:04:05 AM		timeStyle=medium,hourCycle=h12	
pt	t_medium_24	{"timeStyle":"medium","hour12":false}	HH:mm:ss	15:07:09	09:04:05		timeStyle=medium,hourCycle=h23	
pt	t_full_h23	{"timeStyle":"full","hourCycle":"h23"}	HH:mm:ss zzzz	15:07:09 Hor\u00e1rio Universal Coordenado	09:04:05 Hor\u00e1rio Universal Coordenado	Hor\u00e1rio Universal Coordenado	timeStyle=full,hourCycle=h23	
pt	t_long_h12	{"timeStyle":"long","hourCycle":"h12"}	hh:mm:ss\u202fa z	03:07:09 PM UTC	09:04:05 AM UTC	UTC	timeStyle=long,hourCycle=h12	
pt	dt_full_short_h23	{"dateStyle":"full","timeStyle":"short","hourCycle":"h23"}	EEEE, d 'de' MMMM 'de' y '\u00e0s' HH:mm	s\u00e1bado, 24 de dezembro de 2022 \u00e0s 15:07	segunda-feira, 6 de mar\u00e7o de 2023 \u00e0s 09:04		dateStyle=full,timeStyle=short,hourCycle=h23	
pt	dt_short_medium_h12	{"dateStyle":"short","timeStyle":"medium","hourCycle":"h12"}	dd/MM/y, hh:mm:ss\u202fa	24/12/2022, 03:07:09 PM	06/03/2023, 09:04:05 AM		dateStyle=short,timeStyle=medium,hourCycle=h12	
pt	dt_long_long_12	{"dateStyle":"long","timeStyle":"long","hour12":true}	d 'de' MMMM 'de' y '\u00e0s' hh:mm:ss\u202fa z	24 de dezembro de 2022 \u00e0s 03:07:09 PM UTC	6 de mar\u00e7o de 2023 \u00e0s 09:04:05 AM UTC	UTC	dateStyle=long,timeStyle=long,hourCycle=h12	
pt	dt_medium_full_24	{"dateStyle":"medium","timeStyle":"full","hour12":false}	d 'de' MMM 'de' y, HH:mm:ss zzzz	24 de dez. de 2022, 15:07:09 Hor\u00e1rio Universal Coordenado	6 de mar. de 2023, 09:04:05 Hor\u00e1rio Universal Coordenado	Hor\u00e1rio Universal Coordenado	dateStyle=medium,timeStyle=full,hourCycle=h23	
pt	PYM_full	{"temporal":"PlainYearMonth","dateStyle":"full"}	MMMM 'de' y	dezembro de 2022	mar\u00e7o de 2023		year=numeric,month=long	dezembro de 2022|mar\u00e7o de 2023|year=numeric,month=long,day=numeric
pt	PYM_long	{"temporal":"PlainYearMonth","dateStyle":"long"}	MMMM 'de' y	dezembro de 2022	mar\u00e7o de 2023		year=numeric,month=long	dezembro de 2022|mar\u00e7o de 2023|year=numeric,month=long,day=numeric
pt	PYM_medium	{"temporal":"PlainYearMonth","dateStyle":"medium"}	MMM 'de' y	dez. de 2022	mar. de 2023		year=numeric,month=short	dez. de 2022|mar. de 2023|year=numeric,month=short,day=numeric
pt	PYM_short	{"temporal":"PlainYearMonth","dateStyle":"short"}	MM/y	12/2022	03/2023		year=numeric,month=2-digit	
pt	PMD_full	{"temporal":"PlainMonthDay","dateStyle":"full"}	d 'de' MMMM	24 de dezembro	6 de mar\u00e7o		month=long,day=numeric	
pt	PMD_long	{"temporal":"PlainMonthDay","dateStyle":"long"}	d 'de' MMMM	24 de dezembro	6 de mar\u00e7o		month=long,day=numeric	
pt	PMD_medium	{"temporal":"PlainMonthDay","dateStyle":"medium"}	d 'de' MMM	24 de dez.	6 de mar.		month=short,day=numeric	
pt	PMD_short	{"temporal":"PlainMonthDay","dateStyle":"short"}	dd/MM	24/12	06/03		month=2-digit,day=2-digit	
pt	PD_full	{"temporal":"PlainDate","dateStyle":"full"}	EEEE, d 'de' MMMM 'de' y	s\u00e1bado, 24 de dezembro de 2022	segunda-feira, 6 de mar\u00e7o de 2023		dateStyle=full	
pt	PD_short	{"temporal":"PlainDate","dateStyle":"short"}	dd/MM/y	24/12/2022	06/03/2023		dateStyle=short	
pt	PT_full	{"temporal":"PlainTime","timeStyle":"full"}	HH:mm:ss	15:07:09	09:04:05		hour=2-digit,minute=2-digit,second=2-digit,hourCycle=h23	
pt	PT_long	{"temporal":"PlainTime","timeStyle":"long"}	HH:mm:ss	15:07:09	09:04:05		hour=2-digit,minute=2-digit,second=2-digit,hourCycle=h23	
pt	PT_medium	{"temporal":"PlainTime","timeStyle":"medium"}	HH:mm:ss	15:07:09	09:04:05		timeStyle=medium,hourCycle=h23	
pt	PDT_full_full	{"temporal":"PlainDateTime","dateStyle":"full","timeStyle":"full"}	EEEE, d 'de' MMMM 'de' y '\u00e0s' HH:mm:ss	s\u00e1bado, 24 de dezembro de 2022 \u00e0s 15:07:09	segunda-feira, 6 de mar\u00e7o de 2023 \u00e0s 09:04:05		weekday=long,year=numeric,month=long,day=numeric,hour=2-digit,minute=2-digit,second=2-digit,hourCycle=h23	
pt	PDT_long_long	{"temporal":"PlainDateTime","dateStyle":"long","timeStyle":"long"}	d 'de' MMMM 'de' y '\u00e0s' HH:mm:ss	24 de dezembro de 2022 \u00e0s 15:07:09	6 de mar\u00e7o de 2023 \u00e0s 09:04:05		year=numeric,month=long,day=numeric,hour=2-digit,minute=2-digit,second=2-digit,hourCycle=h23	
pt	PDT_short_full	{"temporal":"PlainDateTime","dateStyle":"short","timeStyle":"full"}	dd/MM/y, HH:mm:ss	24/12/2022, 15:07:09	06/03/2023, 09:04:05		year=numeric,month=2-digit,day=2-digit,hour=2-digit,minute=2-digit,second=2-digit,hourCycle=h23	
pt	PDT_medium_medium	{"temporal":"PlainDateTime","dateStyle":"medium","timeStyle":"medium"}	d 'de' MMM 'de' y, HH:mm:ss	24 de dez. de 2022, 15:07:09	6 de mar. de 2023, 09:04:05		dateStyle=medium,timeStyle=medium,hourCycle=h23	
pt-PT	d_full	{"dateStyle":"full"}	EEEE, d 'de' MMMM 'de' y	s\u00e1bado, 24 de dezembro de 2022	segunda-feira, 6 de mar\u00e7o de 2023		dateStyle=full	
pt-PT	d_long	{"dateStyle":"long"}	d 'de' MMMM 'de' y	24 de dezembro de 2022	6 de mar\u00e7o de 2023		dateStyle=long	
pt-PT	d_medium	{"dateStyle":"medium"}	dd/MM/y	24/12/2022	06/03/2023		dateStyle=medium	
pt-PT	d_short	{"dateStyle":"short"}	dd/MM/yy	24/12/22	06/03/23		dateStyle=short	
pt-PT	t_full	{"timeStyle":"full"}	HH:mm:ss zzzz	15:07:09 Hora Coordenada Universal	09:04:05 Hora Coordenada Universal	Hora Coordenada Universal	timeStyle=full,hourCycle=h23	
pt-PT	t_long	{"timeStyle":"long"}	HH:mm:ss z	15:07:09 UTC	09:04:05 UTC	UTC	timeStyle=long,hourCycle=h23	
pt-PT	t_medium	{"timeStyle":"medium"}	HH:mm:ss	15:07:09	09:04:05		timeStyle=medium,hourCycle=h23	
pt-PT	t_short	{"timeStyle":"short"}	HH:mm	15:07	09:04		timeStyle=short,hourCycle=h23	
pt-PT	dt_full_full	{"dateStyle":"full","timeStyle":"full"}	EEEE, d 'de' MMMM 'de' y '\u00e0s' HH:mm:ss zzzz	s\u00e1bado, 24 de dezembro de 2022 \u00e0s 15:07:09 Hora Coordenada Universal	segunda-feira, 6 de mar\u00e7o de 2023 \u00e0s 09:04:05 Hora Coordenada Universal	Hora Coordenada Universal	dateStyle=full,timeStyle=full,hourCycle=h23	
pt-PT	dt_full_long	{"dateStyle":"full","timeStyle":"long"}	EEEE, d 'de' MMMM 'de' y '\u00e0s' HH:mm:ss z	s\u00e1bado, 24 de dezembro de 2022 \u00e0s 15:07:09 UTC	segunda-feira, 6 de mar\u00e7o de 2023 \u00e0s 09:04:05 UTC	UTC	dateStyle=full,timeStyle=long,hourCycle=h23	
pt-PT	dt_full_medium	{"dateStyle":"full","timeStyle":"medium"}	EEEE, d 'de' MMMM 'de' y '\u00e0s' HH:mm:ss	s\u00e1bado, 24 de dezembro de 2022 \u00e0s 15:07:09	segunda-feira, 6 de mar\u00e7o de 2023 \u00e0s 09:04:05		dateStyle=full,timeStyle=medium,hourCycle=h23	
pt-PT	dt_full_short	{"dateStyle":"full","timeStyle":"short"}	EEEE, d 'de' MMMM 'de' y '\u00e0s' HH:mm	s\u00e1bado, 24 de dezembro de 2022 \u00e0s 15:07	segunda-feira, 6 de mar\u00e7o de 2023 \u00e0s 09:04		dateStyle=full,timeStyle=short,hourCycle=h23	
pt-PT	dt_long_full	{"dateStyle":"long","timeStyle":"full"}	d 'de' MMMM 'de' y '\u00e0s' HH:mm:ss zzzz	24 de dezembro de 2022 \u00e0s 15:07:09 Hora Coordenada Universal	6 de mar\u00e7o de 2023 \u00e0s 09:04:05 Hora Coordenada Universal	Hora Coordenada Universal	dateStyle=long,timeStyle=full,hourCycle=h23	
pt-PT	dt_long_long	{"dateStyle":"long","timeStyle":"long"}	d 'de' MMMM 'de' y '\u00e0s' HH:mm:ss z	24 de dezembro de 2022 \u00e0s 15:07:09 UTC	6 de mar\u00e7o de 2023 \u00e0s 09:04:05 UTC	UTC	dateStyle=long,timeStyle=long,hourCycle=h23	
pt-PT	dt_long_medium	{"dateStyle":"long","timeStyle":"medium"}	d 'de' MMMM 'de' y '\u00e0s' HH:mm:ss	24 de dezembro de 2022 \u00e0s 15:07:09	6 de mar\u00e7o de 2023 \u00e0s 09:04:05		dateStyle=long,timeStyle=medium,hourCycle=h23	
pt-PT	dt_long_short	{"dateStyle":"long","timeStyle":"short"}	d 'de' MMMM 'de' y '\u00e0s' HH:mm	24 de dezembro de 2022 \u00e0s 15:07	6 de mar\u00e7o de 2023 \u00e0s 09:04		dateStyle=long,timeStyle=short,hourCycle=h23	
pt-PT	dt_medium_full	{"dateStyle":"medium","timeStyle":"full"}	dd/MM/y, HH:mm:ss zzzz	24/12/2022, 15:07:09 Hora Coordenada Universal	06/03/2023, 09:04:05 Hora Coordenada Universal	Hora Coordenada Universal	dateStyle=medium,timeStyle=full,hourCycle=h23	
pt-PT	dt_medium_long	{"dateStyle":"medium","timeStyle":"long"}	dd/MM/y, HH:mm:ss z	24/12/2022, 15:07:09 UTC	06/03/2023, 09:04:05 UTC	UTC	dateStyle=medium,timeStyle=long,hourCycle=h23	
pt-PT	dt_medium_medium	{"dateStyle":"medium","timeStyle":"medium"}	dd/MM/y, HH:mm:ss	24/12/2022, 15:07:09	06/03/2023, 09:04:05		dateStyle=medium,timeStyle=medium,hourCycle=h23	
pt-PT	dt_medium_short	{"dateStyle":"medium","timeStyle":"short"}	dd/MM/y, HH:mm	24/12/2022, 15:07	06/03/2023, 09:04		dateStyle=medium,timeStyle=short,hourCycle=h23	
pt-PT	dt_short_full	{"dateStyle":"short","timeStyle":"full"}	dd/MM/yy, HH:mm:ss zzzz	24/12/22, 15:07:09 Hora Coordenada Universal	06/03/23, 09:04:05 Hora Coordenada Universal	Hora Coordenada Universal	dateStyle=short,timeStyle=full,hourCycle=h23	
pt-PT	dt_short_long	{"dateStyle":"short","timeStyle":"long"}	dd/MM/yy, HH:mm:ss z	24/12/22, 15:07:09 UTC	06/03/23, 09:04:05 UTC	UTC	dateStyle=short,timeStyle=long,hourCycle=h23	
pt-PT	dt_short_medium	{"dateStyle":"short","timeStyle":"medium"}	dd/MM/yy, HH:mm:ss	24/12/22, 15:07:09	06/03/23, 09:04:05		dateStyle=short,timeStyle=medium,hourCycle=h23	
pt-PT	dt_short_short	{"dateStyle":"short","timeStyle":"short"}	dd/MM/yy, HH:mm	24/12/22, 15:07	06/03/23, 09:04		dateStyle=short,timeStyle=short,hourCycle=h23	
pt-PT	t_short_h23	{"timeStyle":"short","hourCycle":"h23"}	HH:mm	15:07	09:04		timeStyle=short,hourCycle=h23	
pt-PT	t_short_h12	{"timeStyle":"short","hourCycle":"h12"}	hh:mm\u202fa	03:07 p.m.	09:04 a.m.		timeStyle=short,hourCycle=h12	
pt-PT	t_short_h11	{"timeStyle":"short","hourCycle":"h11"}	KK:mm\u202fa	03:07 p.m.	09:04 a.m.		timeStyle=short,hourCycle=h11	
pt-PT	t_short_h24	{"timeStyle":"short","hourCycle":"h24"}	kk:mm	15:07	09:04		timeStyle=short,hourCycle=h24	
pt-PT	t_medium_12	{"timeStyle":"medium","hour12":true}	hh:mm:ss\u202fa	03:07:09 p.m.	09:04:05 a.m.		timeStyle=medium,hourCycle=h12	
pt-PT	t_medium_24	{"timeStyle":"medium","hour12":false}	HH:mm:ss	15:07:09	09:04:05		timeStyle=medium,hourCycle=h23	
pt-PT	t_full_h23	{"timeStyle":"full","hourCycle":"h23"}	HH:mm:ss zzzz	15:07:09 Hora Coordenada Universal	09:04:05 Hora Coordenada Universal	Hora Coordenada Universal	timeStyle=full,hourCycle=h23	
pt-PT	t_long_h12	{"timeStyle":"long","hourCycle":"h12"}	hh:mm:ss\u202fa z	03:07:09 p.m. UTC	09:04:05 a.m. UTC	UTC	timeStyle=long,hourCycle=h12	
pt-PT	dt_full_short_h23	{"dateStyle":"full","timeStyle":"short","hourCycle":"h23"}	EEEE, d 'de' MMMM 'de' y '\u00e0s' HH:mm	s\u00e1bado, 24 de dezembro de 2022 \u00e0s 15:07	segunda-feira, 6 de mar\u00e7o de 2023 \u00e0s 09:04		dateStyle=full,timeStyle=short,hourCycle=h23	
pt-PT	dt_short_medium_h12	{"dateStyle":"short","timeStyle":"medium","hourCycle":"h12"}	dd/MM/yy, hh:mm:ss\u202fa	24/12/22, 03:07:09 p.m.	06/03/23, 09:04:05 a.m.		dateStyle=short,timeStyle=medium,hourCycle=h12	
pt-PT	dt_long_long_12	{"dateStyle":"long","timeStyle":"long","hour12":true}	d 'de' MMMM 'de' y '\u00e0s' hh:mm:ss\u202fa z	24 de dezembro de 2022 \u00e0s 03:07:09 p.m. UTC	6 de mar\u00e7o de 2023 \u00e0s 09:04:05 a.m. UTC	UTC	dateStyle=long,timeStyle=long,hourCycle=h12	
pt-PT	dt_medium_full_24	{"dateStyle":"medium","timeStyle":"full","hour12":false}	dd/MM/y, HH:mm:ss zzzz	24/12/2022, 15:07:09 Hora Coordenada Universal	06/03/2023, 09:04:05 Hora Coordenada Universal	Hora Coordenada Universal	dateStyle=medium,timeStyle=full,hourCycle=h23	
pt-PT	PYM_full	{"temporal":"PlainYearMonth","dateStyle":"full"}	MMMM 'de' y	dezembro de 2022	mar\u00e7o de 2023		year=numeric,month=long	dezembro de 2022|mar\u00e7o de 2023|year=numeric,month=long,day=numeric
pt-PT	PYM_long	{"temporal":"PlainYearMonth","dateStyle":"long"}	MMMM 'de' y	dezembro de 2022	mar\u00e7o de 2023		year=numeric,month=long	dezembro de 2022|mar\u00e7o de 2023|year=numeric,month=long,day=numeric
pt-PT	PYM_medium	{"temporal":"PlainYearMonth","dateStyle":"medium"}	MM/y	12/2022	03/2023		year=numeric,month=2-digit	
pt-PT	PYM_short	{"temporal":"PlainYearMonth","dateStyle":"short"}	MM/yy	12/22	03/23		year=2-digit,month=2-digit	
pt-PT	PMD_full	{"temporal":"PlainMonthDay","dateStyle":"full"}	d 'de' MMMM	24 de dezembro	6 de mar\u00e7o		month=long,day=numeric	
pt-PT	PMD_long	{"temporal":"PlainMonthDay","dateStyle":"long"}	d 'de' MMMM	24 de dezembro	6 de mar\u00e7o		month=long,day=numeric	
pt-PT	PMD_medium	{"temporal":"PlainMonthDay","dateStyle":"medium"}	dd/MM	24/12	06/03		month=2-digit,day=2-digit	
pt-PT	PMD_short	{"temporal":"PlainMonthDay","dateStyle":"short"}	dd/MM	24/12	06/03		month=2-digit,day=2-digit	
pt-PT	PD_full	{"temporal":"PlainDate","dateStyle":"full"}	EEEE, d 'de' MMMM 'de' y	s\u00e1bado, 24 de dezembro de 2022	segunda-feira, 6 de mar\u00e7o de 2023		dateStyle=full	
pt-PT	PD_short	{"temporal":"PlainDate","dateStyle":"short"}	dd/MM/yy	24/12/22	06/03/23		dateStyle=short	
pt-PT	PT_full	{"temporal":"PlainTime","timeStyle":"full"}	HH:mm:ss	15:07:09	09:04:05		hour=2-digit,minute=2-digit,second=2-digit,hourCycle=h23	
pt-PT	PT_long	{"temporal":"PlainTime","timeStyle":"long"}	HH:mm:ss	15:07:09	09:04:05		hour=2-digit,minute=2-digit,second=2-digit,hourCycle=h23	
pt-PT	PT_medium	{"temporal":"PlainTime","timeStyle":"medium"}	HH:mm:ss	15:07:09	09:04:05		timeStyle=medium,hourCycle=h23	
pt-PT	PDT_full_full	{"temporal":"PlainDateTime","dateStyle":"full","timeStyle":"full"}	EEEE, d 'de' MMMM 'de' y '\u00e0s' HH:mm:ss	s\u00e1bado, 24 de dezembro de 2022 \u00e0s 15:07:09	segunda-feira, 6 de mar\u00e7o de 2023 \u00e0s 09:04:05		weekday=long,year=numeric,month=long,day=numeric,hour=2-digit,minute=2-digit,second=2-digit,hourCycle=h23	
pt-PT	PDT_long_long	{"temporal":"PlainDateTime","dateStyle":"long","timeStyle":"long"}	d 'de' MMMM 'de' y '\u00e0s' HH:mm:ss	24 de dezembro de 2022 \u00e0s 15:07:09	6 de mar\u00e7o de 2023 \u00e0s 09:04:05		year=numeric,month=long,day=numeric,hour=2-digit,minute=2-digit,second=2-digit,hourCycle=h23	
pt-PT	PDT_short_full	{"temporal":"PlainDateTime","dateStyle":"short","timeStyle":"full"}	dd/MM/yy, HH:mm:ss	24/12/22, 15:07:09	06/03/23, 09:04:05		year=2-digit,month=2-digit,day=2-digit,hour=2-digit,minute=2-digit,second=2-digit,hourCycle=h23	
pt-PT	PDT_medium_medium	{"temporal":"PlainDateTime","dateStyle":"medium","timeStyle":"medium"}	dd/MM/y, HH:mm:ss	24/12/2022, 15:07:09	06/03/2023, 09:04:05		dateStyle=medium,timeStyle=medium,hourCycle=h23	
ro	d_full	{"dateStyle":"full"}	EEEE, d MMMM y	s\u00e2mb\u0103t\u0103, 24 decembrie 2022	luni, 6 martie 2023		dateStyle=full	
ro	d_long	{"dateStyle":"long"}	d MMMM y	24 decembrie 2022	6 martie 2023		dateStyle=long	
ro	d_medium	{"dateStyle":"medium"}	d MMM y	24 dec. 2022	6 mar. 2023		dateStyle=medium	
ro	d_short	{"dateStyle":"short"}	dd.MM.y	24.12.2022	06.03.2023		dateStyle=short	
ro	t_full	{"timeStyle":"full"}	HH:mm:ss zzzz	15:07:09 Timpul universal coordonat	09:04:05 Timpul universal coordonat	Timpul universal coordonat	timeStyle=full,hourCycle=h23	
ro	t_long	{"timeStyle":"long"}	HH:mm:ss z	15:07:09 UTC	09:04:05 UTC	UTC	timeStyle=long,hourCycle=h23	
ro	t_medium	{"timeStyle":"medium"}	HH:mm:ss	15:07:09	09:04:05		timeStyle=medium,hourCycle=h23	
ro	t_short	{"timeStyle":"short"}	HH:mm	15:07	09:04		timeStyle=short,hourCycle=h23	
ro	dt_full_full	{"dateStyle":"full","timeStyle":"full"}	EEEE, d MMMM y 'la' HH:mm:ss zzzz	s\u00e2mb\u0103t\u0103, 24 decembrie 2022 la 15:07:09 Timpul universal coordonat	luni, 6 martie 2023 la 09:04:05 Timpul universal coordonat	Timpul universal coordonat	dateStyle=full,timeStyle=full,hourCycle=h23	
ro	dt_full_long	{"dateStyle":"full","timeStyle":"long"}	EEEE, d MMMM y 'la' HH:mm:ss z	s\u00e2mb\u0103t\u0103, 24 decembrie 2022 la 15:07:09 UTC	luni, 6 martie 2023 la 09:04:05 UTC	UTC	dateStyle=full,timeStyle=long,hourCycle=h23	
ro	dt_full_medium	{"dateStyle":"full","timeStyle":"medium"}	EEEE, d MMMM y 'la' HH:mm:ss	s\u00e2mb\u0103t\u0103, 24 decembrie 2022 la 15:07:09	luni, 6 martie 2023 la 09:04:05		dateStyle=full,timeStyle=medium,hourCycle=h23	
ro	dt_full_short	{"dateStyle":"full","timeStyle":"short"}	EEEE, d MMMM y 'la' HH:mm	s\u00e2mb\u0103t\u0103, 24 decembrie 2022 la 15:07	luni, 6 martie 2023 la 09:04		dateStyle=full,timeStyle=short,hourCycle=h23	
ro	dt_long_full	{"dateStyle":"long","timeStyle":"full"}	d MMMM y 'la' HH:mm:ss zzzz	24 decembrie 2022 la 15:07:09 Timpul universal coordonat	6 martie 2023 la 09:04:05 Timpul universal coordonat	Timpul universal coordonat	dateStyle=long,timeStyle=full,hourCycle=h23	
ro	dt_long_long	{"dateStyle":"long","timeStyle":"long"}	d MMMM y 'la' HH:mm:ss z	24 decembrie 2022 la 15:07:09 UTC	6 martie 2023 la 09:04:05 UTC	UTC	dateStyle=long,timeStyle=long,hourCycle=h23	
ro	dt_long_medium	{"dateStyle":"long","timeStyle":"medium"}	d MMMM y 'la' HH:mm:ss	24 decembrie 2022 la 15:07:09	6 martie 2023 la 09:04:05		dateStyle=long,timeStyle=medium,hourCycle=h23	
ro	dt_long_short	{"dateStyle":"long","timeStyle":"short"}	d MMMM y 'la' HH:mm	24 decembrie 2022 la 15:07	6 martie 2023 la 09:04		dateStyle=long,timeStyle=short,hourCycle=h23	
ro	dt_medium_full	{"dateStyle":"medium","timeStyle":"full"}	d MMM y, HH:mm:ss zzzz	24 dec. 2022, 15:07:09 Timpul universal coordonat	6 mar. 2023, 09:04:05 Timpul universal coordonat	Timpul universal coordonat	dateStyle=medium,timeStyle=full,hourCycle=h23	
ro	dt_medium_long	{"dateStyle":"medium","timeStyle":"long"}	d MMM y, HH:mm:ss z	24 dec. 2022, 15:07:09 UTC	6 mar. 2023, 09:04:05 UTC	UTC	dateStyle=medium,timeStyle=long,hourCycle=h23	
ro	dt_medium_medium	{"dateStyle":"medium","timeStyle":"medium"}	d MMM y, HH:mm:ss	24 dec. 2022, 15:07:09	6 mar. 2023, 09:04:05		dateStyle=medium,timeStyle=medium,hourCycle=h23	
ro	dt_medium_short	{"dateStyle":"medium","timeStyle":"short"}	d MMM y, HH:mm	24 dec. 2022, 15:07	6 mar. 2023, 09:04		dateStyle=medium,timeStyle=short,hourCycle=h23	
ro	dt_short_full	{"dateStyle":"short","timeStyle":"full"}	dd.MM.y, HH:mm:ss zzzz	24.12.2022, 15:07:09 Timpul universal coordonat	06.03.2023, 09:04:05 Timpul universal coordonat	Timpul universal coordonat	dateStyle=short,timeStyle=full,hourCycle=h23	
ro	dt_short_long	{"dateStyle":"short","timeStyle":"long"}	dd.MM.y, HH:mm:ss z	24.12.2022, 15:07:09 UTC	06.03.2023, 09:04:05 UTC	UTC	dateStyle=short,timeStyle=long,hourCycle=h23	
ro	dt_short_medium	{"dateStyle":"short","timeStyle":"medium"}	dd.MM.y, HH:mm:ss	24.12.2022, 15:07:09	06.03.2023, 09:04:05		dateStyle=short,timeStyle=medium,hourCycle=h23	
ro	dt_short_short	{"dateStyle":"short","timeStyle":"short"}	dd.MM.y, HH:mm	24.12.2022, 15:07	06.03.2023, 09:04		dateStyle=short,timeStyle=short,hourCycle=h23	
ro	t_short_h23	{"timeStyle":"short","hourCycle":"h23"}	HH:mm	15:07	09:04		timeStyle=short,hourCycle=h23	
ro	t_short_h12	{"timeStyle":"short","hourCycle":"h12"}	hh:mm\u202fa	03:07 p.m.	09:04 a.m.		timeStyle=short,hourCycle=h12	
ro	t_short_h11	{"timeStyle":"short","hourCycle":"h11"}	KK:mm\u202fa	03:07 p.m.	09:04 a.m.		timeStyle=short,hourCycle=h11	
ro	t_short_h24	{"timeStyle":"short","hourCycle":"h24"}	kk:mm	15:07	09:04		timeStyle=short,hourCycle=h24	
ro	t_medium_12	{"timeStyle":"medium","hour12":true}	hh:mm:ss\u202fa	03:07:09 p.m.	09:04:05 a.m.		timeStyle=medium,hourCycle=h12	
ro	t_medium_24	{"timeStyle":"medium","hour12":false}	HH:mm:ss	15:07:09	09:04:05		timeStyle=medium,hourCycle=h23	
ro	t_full_h23	{"timeStyle":"full","hourCycle":"h23"}	HH:mm:ss zzzz	15:07:09 Timpul universal coordonat	09:04:05 Timpul universal coordonat	Timpul universal coordonat	timeStyle=full,hourCycle=h23	
ro	t_long_h12	{"timeStyle":"long","hourCycle":"h12"}	hh:mm:ss\u202fa z	03:07:09 p.m. UTC	09:04:05 a.m. UTC	UTC	timeStyle=long,hourCycle=h12	
ro	dt_full_short_h23	{"dateStyle":"full","timeStyle":"short","hourCycle":"h23"}	EEEE, d MMMM y 'la' HH:mm	s\u00e2mb\u0103t\u0103, 24 decembrie 2022 la 15:07	luni, 6 martie 2023 la 09:04		dateStyle=full,timeStyle=short,hourCycle=h23	
ro	dt_short_medium_h12	{"dateStyle":"short","timeStyle":"medium","hourCycle":"h12"}	dd.MM.y, hh:mm:ss\u202fa	24.12.2022, 03:07:09 p.m.	06.03.2023, 09:04:05 a.m.		dateStyle=short,timeStyle=medium,hourCycle=h12	
ro	dt_long_long_12	{"dateStyle":"long","timeStyle":"long","hour12":true}	d MMMM y 'la' hh:mm:ss\u202fa z	24 decembrie 2022 la 03:07:09 p.m. UTC	6 martie 2023 la 09:04:05 a.m. UTC	UTC	dateStyle=long,timeStyle=long,hourCycle=h12	
ro	dt_medium_full_24	{"dateStyle":"medium","timeStyle":"full","hour12":false}	d MMM y, HH:mm:ss zzzz	24 dec. 2022, 15:07:09 Timpul universal coordonat	6 mar. 2023, 09:04:05 Timpul universal coordonat	Timpul universal coordonat	dateStyle=medium,timeStyle=full,hourCycle=h23	
ro	PYM_full	{"temporal":"PlainYearMonth","dateStyle":"full"}	MMMM y	decembrie 2022	martie 2023		year=numeric,month=long	
ro	PYM_long	{"temporal":"PlainYearMonth","dateStyle":"long"}	MMMM y	decembrie 2022	martie 2023		year=numeric,month=long	
ro	PYM_medium	{"temporal":"PlainYearMonth","dateStyle":"medium"}	MMM y	dec. 2022	mar. 2023		year=numeric,month=short	
ro	PYM_short	{"temporal":"PlainYearMonth","dateStyle":"short"}	MM.y	12.2022	03.2023		year=numeric,month=2-digit	
ro	PMD_full	{"temporal":"PlainMonthDay","dateStyle":"full"}	d MMMM	24 decembrie	6 martie		month=long,day=numeric	
ro	PMD_long	{"temporal":"PlainMonthDay","dateStyle":"long"}	d MMMM	24 decembrie	6 martie		month=long,day=numeric	
ro	PMD_medium	{"temporal":"PlainMonthDay","dateStyle":"medium"}	d MMM	24 dec.	6 mar.		month=short,day=numeric	
ro	PMD_short	{"temporal":"PlainMonthDay","dateStyle":"short"}	dd.MM	24.12	06.03		month=2-digit,day=2-digit	
ro	PD_full	{"temporal":"PlainDate","dateStyle":"full"}	EEEE, d MMMM y	s\u00e2mb\u0103t\u0103, 24 decembrie 2022	luni, 6 martie 2023		dateStyle=full	
ro	PD_short	{"temporal":"PlainDate","dateStyle":"short"}	dd.MM.y	24.12.2022	06.03.2023		dateStyle=short	
ro	PT_full	{"temporal":"PlainTime","timeStyle":"full"}	HH:mm:ss	15:07:09	09:04:05		hour=2-digit,minute=2-digit,second=2-digit,hourCycle=h23	
ro	PT_long	{"temporal":"PlainTime","timeStyle":"long"}	HH:mm:ss	15:07:09	09:04:05		hour=2-digit,minute=2-digit,second=2-digit,hourCycle=h23	
ro	PT_medium	{"temporal":"PlainTime","timeStyle":"medium"}	HH:mm:ss	15:07:09	09:04:05		timeStyle=medium,hourCycle=h23	
ro	PDT_full_full	{"temporal":"PlainDateTime","dateStyle":"full","timeStyle":"full"}	EEEE, d MMMM y 'la' HH:mm:ss	s\u00e2mb\u0103t\u0103, 24 decembrie 2022 la 15:07:09	luni, 6 martie 2023 la 09:04:05		weekday=long,year=numeric,month=long,day=numeric,hour=2-digit,minute=2-digit,second=2-digit,hourCycle=h23	
ro	PDT_long_long	{"temporal":"PlainDateTime","dateStyle":"long","timeStyle":"long"}	d MMMM y 'la' HH:mm:ss	24 decembrie 2022 la 15:07:09	6 martie 2023 la 09:04:05		year=numeric,month=long,day=numeric,hour=2-digit,minute=2-digit,second=2-digit,hourCycle=h23	
ro	PDT_short_full	{"temporal":"PlainDateTime","dateStyle":"short","timeStyle":"full"}	dd.MM.y, HH:mm:ss	24.12.2022, 15:07:09	06.03.2023, 09:04:05		year=numeric,month=2-digit,day=2-digit,hour=2-digit,minute=2-digit,second=2-digit,hourCycle=h23	
ro	PDT_medium_medium	{"temporal":"PlainDateTime","dateStyle":"medium","timeStyle":"medium"}	d MMM y, HH:mm:ss	24 dec. 2022, 15:07:09	6 mar. 2023, 09:04:05		dateStyle=medium,timeStyle=medium,hourCycle=h23	
ru	d_full	{"dateStyle":"full"}	EEEE, d MMMM y\u202f'\u0433'.	\u0441\u0443\u0431\u0431\u043e\u0442\u0430, 24 \u0434\u0435\u043a\u0430\u0431\u0440\u044f 2022 \u0433.	\u043f\u043e\u043d\u0435\u0434\u0435\u043b\u044c\u043d\u0438\u043a, 6 \u043c\u0430\u0440\u0442\u0430 2023 \u0433.		dateStyle=full	
ru	d_long	{"dateStyle":"long"}	d MMMM y\u202f'\u0433'.	24 \u0434\u0435\u043a\u0430\u0431\u0440\u044f 2022 \u0433.	6 \u043c\u0430\u0440\u0442\u0430 2023 \u0433.		dateStyle=long	
ru	d_medium	{"dateStyle":"medium"}	d MMM y\u202f'\u0433'.	24 \u0434\u0435\u043a. 2022 \u0433.	6 \u043c\u0430\u0440. 2023 \u0433.		dateStyle=medium	
ru	d_short	{"dateStyle":"short"}	dd.MM.y	24.12.2022	06.03.2023		dateStyle=short	
ru	t_full	{"timeStyle":"full"}	HH:mm:ss zzzz	15:07:09 \u0412\u0441\u0435\u043c\u0438\u0440\u043d\u043e\u0435 \u043a\u043e\u043e\u0440\u0434\u0438\u043d\u0438\u0440\u043e\u0432\u0430\u043d\u043d\u043e\u0435 \u0432\u0440\u0435\u043c\u044f	09:04:05 \u0412\u0441\u0435\u043c\u0438\u0440\u043d\u043e\u0435 \u043a\u043e\u043e\u0440\u0434\u0438\u043d\u0438\u0440\u043e\u0432\u0430\u043d\u043d\u043e\u0435 \u0432\u0440\u0435\u043c\u044f	\u0412\u0441\u0435\u043c\u0438\u0440\u043d\u043e\u0435 \u043a\u043e\u043e\u0440\u0434\u0438\u043d\u0438\u0440\u043e\u0432\u0430\u043d\u043d\u043e\u0435 \u0432\u0440\u0435\u043c\u044f	timeStyle=full,hourCycle=h23	
ru	t_long	{"timeStyle":"long"}	HH:mm:ss z	15:07:09 UTC	09:04:05 UTC	UTC	timeStyle=long,hourCycle=h23	
ru	t_medium	{"timeStyle":"medium"}	HH:mm:ss	15:07:09	09:04:05		timeStyle=medium,hourCycle=h23	
ru	t_short	{"timeStyle":"short"}	HH:mm	15:07	09:04		timeStyle=short,hourCycle=h23	
ru	dt_full_full	{"dateStyle":"full","timeStyle":"full"}	EEEE, d MMMM y\u202f'\u0433'. '\u0432' HH:mm:ss zzzz	\u0441\u0443\u0431\u0431\u043e\u0442\u0430, 24 \u0434\u0435\u043a\u0430\u0431\u0440\u044f 2022 \u0433. \u0432 15:07:09 \u0412\u0441\u0435\u043c\u0438\u0440\u043d\u043e\u0435 \u043a\u043e\u043e\u0440\u0434\u0438\u043d\u0438\u0440\u043e\u0432\u0430\u043d\u043d\u043e\u0435 \u0432\u0440\u0435\u043c\u044f	\u043f\u043e\u043d\u0435\u0434\u0435\u043b\u044c\u043d\u0438\u043a, 6 \u043c\u0430\u0440\u0442\u0430 2023 \u0433. \u0432 09:04:05 \u0412\u0441\u0435\u043c\u0438\u0440\u043d\u043e\u0435 \u043a\u043e\u043e\u0440\u0434\u0438\u043d\u0438\u0440\u043e\u0432\u0430\u043d\u043d\u043e\u0435 \u0432\u0440\u0435\u043c\u044f	\u0412\u0441\u0435\u043c\u0438\u0440\u043d\u043e\u0435 \u043a\u043e\u043e\u0440\u0434\u0438\u043d\u0438\u0440\u043e\u0432\u0430\u043d\u043d\u043e\u0435 \u0432\u0440\u0435\u043c\u044f	dateStyle=full,timeStyle=full,hourCycle=h23	
ru	dt_full_long	{"dateStyle":"full","timeStyle":"long"}	EEEE, d MMMM y\u202f'\u0433'. '\u0432' HH:mm:ss z	\u0441\u0443\u0431\u0431\u043e\u0442\u0430, 24 \u0434\u0435\u043a\u0430\u0431\u0440\u044f 2022 \u0433. \u0432 15:07:09 UTC	\u043f\u043e\u043d\u0435\u0434\u0435\u043b\u044c\u043d\u0438\u043a, 6 \u043c\u0430\u0440\u0442\u0430 2023 \u0433. \u0432 09:04:05 UTC	UTC	dateStyle=full,timeStyle=long,hourCycle=h23	
ru	dt_full_medium	{"dateStyle":"full","timeStyle":"medium"}	EEEE, d MMMM y\u202f'\u0433'. '\u0432' HH:mm:ss	\u0441\u0443\u0431\u0431\u043e\u0442\u0430, 24 \u0434\u0435\u043a\u0430\u0431\u0440\u044f 2022 \u0433. \u0432 15:07:09	\u043f\u043e\u043d\u0435\u0434\u0435\u043b\u044c\u043d\u0438\u043a, 6 \u043c\u0430\u0440\u0442\u0430 2023 \u0433. \u0432 09:04:05		dateStyle=full,timeStyle=medium,hourCycle=h23	
ru	dt_full_short	{"dateStyle":"full","timeStyle":"short"}	EEEE, d MMMM y\u202f'\u0433'. '\u0432' HH:mm	\u0441\u0443\u0431\u0431\u043e\u0442\u0430, 24 \u0434\u0435\u043a\u0430\u0431\u0440\u044f 2022 \u0433. \u0432 15:07	\u043f\u043e\u043d\u0435\u0434\u0435\u043b\u044c\u043d\u0438\u043a, 6 \u043c\u0430\u0440\u0442\u0430 2023 \u0433. \u0432 09:04		dateStyle=full,timeStyle=short,hourCycle=h23	
ru	dt_long_full	{"dateStyle":"long","timeStyle":"full"}	d MMMM y\u202f'\u0433'. '\u0432' HH:mm:ss zzzz	24 \u0434\u0435\u043a\u0430\u0431\u0440\u044f 2022 \u0433. \u0432 15:07:09 \u0412\u0441\u0435\u043c\u0438\u0440\u043d\u043e\u0435 \u043a\u043e\u043e\u0440\u0434\u0438\u043d\u0438\u0440\u043e\u0432\u0430\u043d\u043d\u043e\u0435 \u0432\u0440\u0435\u043c\u044f	6 \u043c\u0430\u0440\u0442\u0430 2023 \u0433. \u0432 09:04:05 \u0412\u0441\u0435\u043c\u0438\u0440\u043d\u043e\u0435 \u043a\u043e\u043e\u0440\u0434\u0438\u043d\u0438\u0440\u043e\u0432\u0430\u043d\u043d\u043e\u0435 \u0432\u0440\u0435\u043c\u044f	\u0412\u0441\u0435\u043c\u0438\u0440\u043d\u043e\u0435 \u043a\u043e\u043e\u0440\u0434\u0438\u043d\u0438\u0440\u043e\u0432\u0430\u043d\u043d\u043e\u0435 \u0432\u0440\u0435\u043c\u044f	dateStyle=long,timeStyle=full,hourCycle=h23	
ru	dt_long_long	{"dateStyle":"long","timeStyle":"long"}	d MMMM y\u202f'\u0433'. '\u0432' HH:mm:ss z	24 \u0434\u0435\u043a\u0430\u0431\u0440\u044f 2022 \u0433. \u0432 15:07:09 UTC	6 \u043c\u0430\u0440\u0442\u0430 2023 \u0433. \u0432 09:04:05 UTC	UTC	dateStyle=long,timeStyle=long,hourCycle=h23	
ru	dt_long_medium	{"dateStyle":"long","timeStyle":"medium"}	d MMMM y\u202f'\u0433'. '\u0432' HH:mm:ss	24 \u0434\u0435\u043a\u0430\u0431\u0440\u044f 2022 \u0433. \u0432 15:07:09	6 \u043c\u0430\u0440\u0442\u0430 2023 \u0433. \u0432 09:04:05		dateStyle=long,timeStyle=medium,hourCycle=h23	
ru	dt_long_short	{"dateStyle":"long","timeStyle":"short"}	d MMMM y\u202f'\u0433'. '\u0432' HH:mm	24 \u0434\u0435\u043a\u0430\u0431\u0440\u044f 2022 \u0433. \u0432 15:07	6 \u043c\u0430\u0440\u0442\u0430 2023 \u0433. \u0432 09:04		dateStyle=long,timeStyle=short,hourCycle=h23	
ru	dt_medium_full	{"dateStyle":"medium","timeStyle":"full"}	d MMM y\u202f'\u0433'., HH:mm:ss zzzz	24 \u0434\u0435\u043a. 2022 \u0433., 15:07:09 \u0412\u0441\u0435\u043c\u0438\u0440\u043d\u043e\u0435 \u043a\u043e\u043e\u0440\u0434\u0438\u043d\u0438\u0440\u043e\u0432\u0430\u043d\u043d\u043e\u0435 \u0432\u0440\u0435\u043c\u044f	6 \u043c\u0430\u0440. 2023 \u0433., 09:04:05 \u0412\u0441\u0435\u043c\u0438\u0440\u043d\u043e\u0435 \u043a\u043e\u043e\u0440\u0434\u0438\u043d\u0438\u0440\u043e\u0432\u0430\u043d\u043d\u043e\u0435 \u0432\u0440\u0435\u043c\u044f	\u0412\u0441\u0435\u043c\u0438\u0440\u043d\u043e\u0435 \u043a\u043e\u043e\u0440\u0434\u0438\u043d\u0438\u0440\u043e\u0432\u0430\u043d\u043d\u043e\u0435 \u0432\u0440\u0435\u043c\u044f	dateStyle=medium,timeStyle=full,hourCycle=h23	
ru	dt_medium_long	{"dateStyle":"medium","timeStyle":"long"}	d MMM y\u202f'\u0433'., HH:mm:ss z	24 \u0434\u0435\u043a. 2022 \u0433., 15:07:09 UTC	6 \u043c\u0430\u0440. 2023 \u0433., 09:04:05 UTC	UTC	dateStyle=medium,timeStyle=long,hourCycle=h23	
ru	dt_medium_medium	{"dateStyle":"medium","timeStyle":"medium"}	d MMM y\u202f'\u0433'., HH:mm:ss	24 \u0434\u0435\u043a. 2022 \u0433., 15:07:09	6 \u043c\u0430\u0440. 2023 \u0433., 09:04:05		dateStyle=medium,timeStyle=medium,hourCycle=h23	
ru	dt_medium_short	{"dateStyle":"medium","timeStyle":"short"}	d MMM y\u202f'\u0433'., HH:mm	24 \u0434\u0435\u043a. 2022 \u0433., 15:07	6 \u043c\u0430\u0440. 2023 \u0433., 09:04		dateStyle=medium,timeStyle=short,hourCycle=h23	
ru	dt_short_full	{"dateStyle":"short","timeStyle":"full"}	dd.MM.y, HH:mm:ss zzzz	24.12.2022, 15:07:09 \u0412\u0441\u0435\u043c\u0438\u0440\u043d\u043e\u0435 \u043a\u043e\u043e\u0440\u0434\u0438\u043d\u0438\u0440\u043e\u0432\u0430\u043d\u043d\u043e\u0435 \u0432\u0440\u0435\u043c\u044f	06.03.2023, 09:04:05 \u0412\u0441\u0435\u043c\u0438\u0440\u043d\u043e\u0435 \u043a\u043e\u043e\u0440\u0434\u0438\u043d\u0438\u0440\u043e\u0432\u0430\u043d\u043d\u043e\u0435 \u0432\u0440\u0435\u043c\u044f	\u0412\u0441\u0435\u043c\u0438\u0440\u043d\u043e\u0435 \u043a\u043e\u043e\u0440\u0434\u0438\u043d\u0438\u0440\u043e\u0432\u0430\u043d\u043d\u043e\u0435 \u0432\u0440\u0435\u043c\u044f	dateStyle=short,timeStyle=full,hourCycle=h23	
ru	dt_short_long	{"dateStyle":"short","timeStyle":"long"}	dd.MM.y, HH:mm:ss z	24.12.2022, 15:07:09 UTC	06.03.2023, 09:04:05 UTC	UTC	dateStyle=short,timeStyle=long,hourCycle=h23	
ru	dt_short_medium	{"dateStyle":"short","timeStyle":"medium"}	dd.MM.y, HH:mm:ss	24.12.2022, 15:07:09	06.03.2023, 09:04:05		dateStyle=short,timeStyle=medium,hourCycle=h23	
ru	dt_short_short	{"dateStyle":"short","timeStyle":"short"}	dd.MM.y, HH:mm	24.12.2022, 15:07	06.03.2023, 09:04		dateStyle=short,timeStyle=short,hourCycle=h23	
ru	t_short_h23	{"timeStyle":"short","hourCycle":"h23"}	HH:mm	15:07	09:04		timeStyle=short,hourCycle=h23	
ru	t_short_h12	{"timeStyle":"short","hourCycle":"h12"}	hh:mm\u202fa	03:07 PM	09:04 AM		timeStyle=short,hourCycle=h12	
ru	t_short_h11	{"timeStyle":"short","hourCycle":"h11"}	KK:mm\u202fa	03:07 PM	09:04 AM		timeStyle=short,hourCycle=h11	
ru	t_short_h24	{"timeStyle":"short","hourCycle":"h24"}	kk:mm	15:07	09:04		timeStyle=short,hourCycle=h24	
ru	t_medium_12	{"timeStyle":"medium","hour12":true}	hh:mm:ss\u202fa	03:07:09 PM	09:04:05 AM		timeStyle=medium,hourCycle=h12	
ru	t_medium_24	{"timeStyle":"medium","hour12":false}	HH:mm:ss	15:07:09	09:04:05		timeStyle=medium,hourCycle=h23	
ru	t_full_h23	{"timeStyle":"full","hourCycle":"h23"}	HH:mm:ss zzzz	15:07:09 \u0412\u0441\u0435\u043c\u0438\u0440\u043d\u043e\u0435 \u043a\u043e\u043e\u0440\u0434\u0438\u043d\u0438\u0440\u043e\u0432\u0430\u043d\u043d\u043e\u0435 \u0432\u0440\u0435\u043c\u044f	09:04:05 \u0412\u0441\u0435\u043c\u0438\u0440\u043d\u043e\u0435 \u043a\u043e\u043e\u0440\u0434\u0438\u043d\u0438\u0440\u043e\u0432\u0430\u043d\u043d\u043e\u0435 \u0432\u0440\u0435\u043c\u044f	\u0412\u0441\u0435\u043c\u0438\u0440\u043d\u043e\u0435 \u043a\u043e\u043e\u0440\u0434\u0438\u043d\u0438\u0440\u043e\u0432\u0430\u043d\u043d\u043e\u0435 \u0432\u0440\u0435\u043c\u044f	timeStyle=full,hourCycle=h23	
ru	t_long_h12	{"timeStyle":"long","hourCycle":"h12"}	hh:mm:ss\u202fa z	03:07:09 PM UTC	09:04:05 AM UTC	UTC	timeStyle=long,hourCycle=h12	
ru	dt_full_short_h23	{"dateStyle":"full","timeStyle":"short","hourCycle":"h23"}	EEEE, d MMMM y\u202f'\u0433'. '\u0432' HH:mm	\u0441\u0443\u0431\u0431\u043e\u0442\u0430, 24 \u0434\u0435\u043a\u0430\u0431\u0440\u044f 2022 \u0433. \u0432 15:07	\u043f\u043e\u043d\u0435\u0434\u0435\u043b\u044c\u043d\u0438\u043a, 6 \u043c\u0430\u0440\u0442\u0430 2023 \u0433. \u0432 09:04		dateStyle=full,timeStyle=short,hourCycle=h23	
ru	dt_short_medium_h12	{"dateStyle":"short","timeStyle":"medium","hourCycle":"h12"}	dd.MM.y, hh:mm:ss\u202fa	24.12.2022, 03:07:09 PM	06.03.2023, 09:04:05 AM		dateStyle=short,timeStyle=medium,hourCycle=h12	
ru	dt_long_long_12	{"dateStyle":"long","timeStyle":"long","hour12":true}	d MMMM y\u202f'\u0433'. '\u0432' hh:mm:ss\u202fa z	24 \u0434\u0435\u043a\u0430\u0431\u0440\u044f 2022 \u0433. \u0432 03:07:09 PM UTC	6 \u043c\u0430\u0440\u0442\u0430 2023 \u0433. \u0432 09:04:05 AM UTC	UTC	dateStyle=long,timeStyle=long,hourCycle=h12	
ru	dt_medium_full_24	{"dateStyle":"medium","timeStyle":"full","hour12":false}	d MMM y\u202f'\u0433'., HH:mm:ss zzzz	24 \u0434\u0435\u043a. 2022 \u0433., 15:07:09 \u0412\u0441\u0435\u043c\u0438\u0440\u043d\u043e\u0435 \u043a\u043e\u043e\u0440\u0434\u0438\u043d\u0438\u0440\u043e\u0432\u0430\u043d\u043d\u043e\u0435 \u0432\u0440\u0435\u043c\u044f	6 \u043c\u0430\u0440. 2023 \u0433., 09:04:05 \u0412\u0441\u0435\u043c\u0438\u0440\u043d\u043e\u0435 \u043a\u043e\u043e\u0440\u0434\u0438\u043d\u0438\u0440\u043e\u0432\u0430\u043d\u043d\u043e\u0435 \u0432\u0440\u0435\u043c\u044f	\u0412\u0441\u0435\u043c\u0438\u0440\u043d\u043e\u0435 \u043a\u043e\u043e\u0440\u0434\u0438\u043d\u0438\u0440\u043e\u0432\u0430\u043d\u043d\u043e\u0435 \u0432\u0440\u0435\u043c\u044f	dateStyle=medium,timeStyle=full,hourCycle=h23	
ru	PYM_full	{"temporal":"PlainYearMonth","dateStyle":"full"}	LLLL y\u202f'\u0433'.	\u0434\u0435\u043a\u0430\u0431\u0440\u044c 2022 \u0433.	\u043c\u0430\u0440\u0442 2023 \u0433.		year=numeric,month=long	
ru	PYM_long	{"temporal":"PlainYearMonth","dateStyle":"long"}	LLLL y\u202f'\u0433'.	\u0434\u0435\u043a\u0430\u0431\u0440\u044c 2022 \u0433.	\u043c\u0430\u0440\u0442 2023 \u0433.		year=numeric,month=long	
ru	PYM_medium	{"temporal":"PlainYearMonth","dateStyle":"medium"}	LLL y\u202f'\u0433'.	\u0434\u0435\u043a. 2022 \u0433.	\u043c\u0430\u0440\u0442 2023 \u0433.		year=numeric,month=short	
ru	PYM_short	{"temporal":"PlainYearMonth","dateStyle":"short"}	MM.y	12.2022	03.2023		year=numeric,month=2-digit	
ru	PMD_full	{"temporal":"PlainMonthDay","dateStyle":"full"}	d MMMM	24 \u0434\u0435\u043a\u0430\u0431\u0440\u044f	6 \u043c\u0430\u0440\u0442\u0430		month=long,day=numeric	
ru	PMD_long	{"temporal":"PlainMonthDay","dateStyle":"long"}	d MMMM	24 \u0434\u0435\u043a\u0430\u0431\u0440\u044f	6 \u043c\u0430\u0440\u0442\u0430		month=long,day=numeric	
ru	PMD_medium	{"temporal":"PlainMonthDay","dateStyle":"medium"}	d MMM	24 \u0434\u0435\u043a.	6 \u043c\u0430\u0440.		month=short,day=numeric	
ru	PMD_short	{"temporal":"PlainMonthDay","dateStyle":"short"}	dd.MM	24.12	06.03		month=2-digit,day=2-digit	
ru	PD_full	{"temporal":"PlainDate","dateStyle":"full"}	EEEE, d MMMM y\u202f'\u0433'.	\u0441\u0443\u0431\u0431\u043e\u0442\u0430, 24 \u0434\u0435\u043a\u0430\u0431\u0440\u044f 2022 \u0433.	\u043f\u043e\u043d\u0435\u0434\u0435\u043b\u044c\u043d\u0438\u043a, 6 \u043c\u0430\u0440\u0442\u0430 2023 \u0433.		dateStyle=full	
ru	PD_short	{"temporal":"PlainDate","dateStyle":"short"}	dd.MM.y	24.12.2022	06.03.2023		dateStyle=short	
ru	PT_full	{"temporal":"PlainTime","timeStyle":"full"}	HH:mm:ss	15:07:09	09:04:05		hour=2-digit,minute=2-digit,second=2-digit,hourCycle=h23	
ru	PT_long	{"temporal":"PlainTime","timeStyle":"long"}	HH:mm:ss	15:07:09	09:04:05		hour=2-digit,minute=2-digit,second=2-digit,hourCycle=h23	
ru	PT_medium	{"temporal":"PlainTime","timeStyle":"medium"}	HH:mm:ss	15:07:09	09:04:05		timeStyle=medium,hourCycle=h23	
ru	PDT_full_full	{"temporal":"PlainDateTime","dateStyle":"full","timeStyle":"full"}	EEEE, d MMMM y\u202f'\u0433'. '\u0432' HH:mm:ss	\u0441\u0443\u0431\u0431\u043e\u0442\u0430, 24 \u0434\u0435\u043a\u0430\u0431\u0440\u044f 2022 \u0433. \u0432 15:07:09	\u043f\u043e\u043d\u0435\u0434\u0435\u043b\u044c\u043d\u0438\u043a, 6 \u043c\u0430\u0440\u0442\u0430 2023 \u0433. \u0432 09:04:05		weekday=long,year=numeric,month=long,day=numeric,hour=2-digit,minute=2-digit,second=2-digit,hourCycle=h23	
ru	PDT_long_long	{"temporal":"PlainDateTime","dateStyle":"long","timeStyle":"long"}	d MMMM y\u202f'\u0433'. '\u0432' HH:mm:ss	24 \u0434\u0435\u043a\u0430\u0431\u0440\u044f 2022 \u0433. \u0432 15:07:09	6 \u043c\u0430\u0440\u0442\u0430 2023 \u0433. \u0432 09:04:05		year=numeric,month=long,day=numeric,hour=2-digit,minute=2-digit,second=2-digit,hourCycle=h23	
ru	PDT_short_full	{"temporal":"PlainDateTime","dateStyle":"short","timeStyle":"full"}	dd.MM.y, HH:mm:ss	24.12.2022, 15:07:09	06.03.2023, 09:04:05		year=numeric,month=2-digit,day=2-digit,hour=2-digit,minute=2-digit,second=2-digit,hourCycle=h23	
ru	PDT_medium_medium	{"temporal":"PlainDateTime","dateStyle":"medium","timeStyle":"medium"}	d MMM y\u202f'\u0433'., HH:mm:ss	24 \u0434\u0435\u043a. 2022 \u0433., 15:07:09	6 \u043c\u0430\u0440. 2023 \u0433., 09:04:05		dateStyle=medium,timeStyle=medium,hourCycle=h23	
sk	d_full	{"dateStyle":"full"}	EEEE d. MMMM y	sobota 24. decembra 2022	pondelok 6. marca 2023		dateStyle=full	
sk	d_long	{"dateStyle":"long"}	d. MMMM y	24. decembra 2022	6. marca 2023		dateStyle=long	
sk	d_medium	{"dateStyle":"medium"}	d. M. y	24. 12. 2022	6. 3. 2023		dateStyle=medium	
sk	d_short	{"dateStyle":"short"}	d. M. y	24. 12. 2022	6. 3. 2023		dateStyle=short	
sk	t_full	{"timeStyle":"full"}	H:mm:ss zzzz	15:07:09 koordinovan\u00fd svetov\u00fd \u010das	9:04:05 koordinovan\u00fd svetov\u00fd \u010das	koordinovan\u00fd svetov\u00fd \u010das	timeStyle=full,hourCycle=h23	
sk	t_long	{"timeStyle":"long"}	H:mm:ss z	15:07:09 UTC	9:04:05 UTC	UTC	timeStyle=long,hourCycle=h23	
sk	t_medium	{"timeStyle":"medium"}	H:mm:ss	15:07:09	9:04:05		timeStyle=medium,hourCycle=h23	
sk	t_short	{"timeStyle":"short"}	H:mm	15:07	9:04		timeStyle=short,hourCycle=h23	
sk	dt_full_full	{"dateStyle":"full","timeStyle":"full"}	EEEE d. MMMM y 'o' H:mm:ss zzzz	sobota 24. decembra 2022 o 15:07:09 koordinovan\u00fd svetov\u00fd \u010das	pondelok 6. marca 2023 o 9:04:05 koordinovan\u00fd svetov\u00fd \u010das	koordinovan\u00fd svetov\u00fd \u010das	dateStyle=full,timeStyle=full,hourCycle=h23	
sk	dt_full_long	{"dateStyle":"full","timeStyle":"long"}	EEEE d. MMMM y 'o' H:mm:ss z	sobota 24. decembra 2022 o 15:07:09 UTC	pondelok 6. marca 2023 o 9:04:05 UTC	UTC	dateStyle=full,timeStyle=long,hourCycle=h23	
sk	dt_full_medium	{"dateStyle":"full","timeStyle":"medium"}	EEEE d. MMMM y 'o' H:mm:ss	sobota 24. decembra 2022 o 15:07:09	pondelok 6. marca 2023 o 9:04:05		dateStyle=full,timeStyle=medium,hourCycle=h23	
sk	dt_full_short	{"dateStyle":"full","timeStyle":"short"}	EEEE d. MMMM y 'o' H:mm	sobota 24. decembra 2022 o 15:07	pondelok 6. marca 2023 o 9:04		dateStyle=full,timeStyle=short,hourCycle=h23	
sk	dt_long_full	{"dateStyle":"long","timeStyle":"full"}	d. MMMM y 'o' H:mm:ss zzzz	24. decembra 2022 o 15:07:09 koordinovan\u00fd svetov\u00fd \u010das	6. marca 2023 o 9:04:05 koordinovan\u00fd svetov\u00fd \u010das	koordinovan\u00fd svetov\u00fd \u010das	dateStyle=long,timeStyle=full,hourCycle=h23	
sk	dt_long_long	{"dateStyle":"long","timeStyle":"long"}	d. MMMM y 'o' H:mm:ss z	24. decembra 2022 o 15:07:09 UTC	6. marca 2023 o 9:04:05 UTC	UTC	dateStyle=long,timeStyle=long,hourCycle=h23	
sk	dt_long_medium	{"dateStyle":"long","timeStyle":"medium"}	d. MMMM y 'o' H:mm:ss	24. decembra 2022 o 15:07:09	6. marca 2023 o 9:04:05		dateStyle=long,timeStyle=medium,hourCycle=h23	
sk	dt_long_short	{"dateStyle":"long","timeStyle":"short"}	d. MMMM y 'o' H:mm	24. decembra 2022 o 15:07	6. marca 2023 o 9:04		dateStyle=long,timeStyle=short,hourCycle=h23	
sk	dt_medium_full	{"dateStyle":"medium","timeStyle":"full"}	d. M. y, H:mm:ss zzzz	24. 12. 2022, 15:07:09 koordinovan\u00fd svetov\u00fd \u010das	6. 3. 2023, 9:04:05 koordinovan\u00fd svetov\u00fd \u010das	koordinovan\u00fd svetov\u00fd \u010das	dateStyle=medium,timeStyle=full,hourCycle=h23	
sk	dt_medium_long	{"dateStyle":"medium","timeStyle":"long"}	d. M. y, H:mm:ss z	24. 12. 2022, 15:07:09 UTC	6. 3. 2023, 9:04:05 UTC	UTC	dateStyle=medium,timeStyle=long,hourCycle=h23	
sk	dt_medium_medium	{"dateStyle":"medium","timeStyle":"medium"}	d. M. y, H:mm:ss	24. 12. 2022, 15:07:09	6. 3. 2023, 9:04:05		dateStyle=medium,timeStyle=medium,hourCycle=h23	
sk	dt_medium_short	{"dateStyle":"medium","timeStyle":"short"}	d. M. y, H:mm	24. 12. 2022, 15:07	6. 3. 2023, 9:04		dateStyle=medium,timeStyle=short,hourCycle=h23	
sk	dt_short_full	{"dateStyle":"short","timeStyle":"full"}	d. M. y H:mm:ss zzzz	24. 12. 2022 15:07:09 koordinovan\u00fd svetov\u00fd \u010das	6. 3. 2023 9:04:05 koordinovan\u00fd svetov\u00fd \u010das	koordinovan\u00fd svetov\u00fd \u010das	dateStyle=short,timeStyle=full,hourCycle=h23	
sk	dt_short_long	{"dateStyle":"short","timeStyle":"long"}	d. M. y H:mm:ss z	24. 12. 2022 15:07:09 UTC	6. 3. 2023 9:04:05 UTC	UTC	dateStyle=short,timeStyle=long,hourCycle=h23	
sk	dt_short_medium	{"dateStyle":"short","timeStyle":"medium"}	d. M. y H:mm:ss	24. 12. 2022 15:07:09	6. 3. 2023 9:04:05		dateStyle=short,timeStyle=medium,hourCycle=h23	
sk	dt_short_short	{"dateStyle":"short","timeStyle":"short"}	d. M. y H:mm	24. 12. 2022 15:07	6. 3. 2023 9:04		dateStyle=short,timeStyle=short,hourCycle=h23	
sk	t_short_h23	{"timeStyle":"short","hourCycle":"h23"}	H:mm	15:07	9:04		timeStyle=short,hourCycle=h23	
sk	t_short_h12	{"timeStyle":"short","hourCycle":"h12"}	h:mm\u202fa	3:07 PM	9:04 AM		timeStyle=short,hourCycle=h12	
sk	t_short_h11	{"timeStyle":"short","hourCycle":"h11"}	K:mm\u202fa	3:07 PM	9:04 AM		timeStyle=short,hourCycle=h11	
sk	t_short_h24	{"timeStyle":"short","hourCycle":"h24"}	k:mm	15:07	9:04		timeStyle=short,hourCycle=h24	
sk	t_medium_12	{"timeStyle":"medium","hour12":true}	h:mm:ss\u202fa	3:07:09 PM	9:04:05 AM		timeStyle=medium,hourCycle=h12	
sk	t_medium_24	{"timeStyle":"medium","hour12":false}	H:mm:ss	15:07:09	9:04:05		timeStyle=medium,hourCycle=h23	
sk	t_full_h23	{"timeStyle":"full","hourCycle":"h23"}	H:mm:ss zzzz	15:07:09 koordinovan\u00fd svetov\u00fd \u010das	9:04:05 koordinovan\u00fd svetov\u00fd \u010das	koordinovan\u00fd svetov\u00fd \u010das	timeStyle=full,hourCycle=h23	
sk	t_long_h12	{"timeStyle":"long","hourCycle":"h12"}	h:mm:ss\u202fa z	3:07:09 PM UTC	9:04:05 AM UTC	UTC	timeStyle=long,hourCycle=h12	
sk	dt_full_short_h23	{"dateStyle":"full","timeStyle":"short","hourCycle":"h23"}	EEEE d. MMMM y 'o' H:mm	sobota 24. decembra 2022 o 15:07	pondelok 6. marca 2023 o 9:04		dateStyle=full,timeStyle=short,hourCycle=h23	
sk	dt_short_medium_h12	{"dateStyle":"short","timeStyle":"medium","hourCycle":"h12"}	d. M. y h:mm:ss\u202fa	24. 12. 2022 3:07:09 PM	6. 3. 2023 9:04:05 AM		dateStyle=short,timeStyle=medium,hourCycle=h12	
sk	dt_long_long_12	{"dateStyle":"long","timeStyle":"long","hour12":true}	d. MMMM y 'o' h:mm:ss\u202fa z	24. decembra 2022 o 3:07:09 PM UTC	6. marca 2023 o 9:04:05 AM UTC	UTC	dateStyle=long,timeStyle=long,hourCycle=h12	
sk	dt_medium_full_24	{"dateStyle":"medium","timeStyle":"full","hour12":false}	d. M. y, H:mm:ss zzzz	24. 12. 2022, 15:07:09 koordinovan\u00fd svetov\u00fd \u010das	6. 3. 2023, 9:04:05 koordinovan\u00fd svetov\u00fd \u010das	koordinovan\u00fd svetov\u00fd \u010das	dateStyle=medium,timeStyle=full,hourCycle=h23	
sk	PYM_full	{"temporal":"PlainYearMonth","dateStyle":"full"}	LLLL y	december 2022	marec 2023		year=numeric,month=long	
sk	PYM_long	{"temporal":"PlainYearMonth","dateStyle":"long"}	LLLL y	december 2022	marec 2023		year=numeric,month=long	
sk	PYM_medium	{"temporal":"PlainYearMonth","dateStyle":"medium"}	M/y	12/2022	3/2023		year=numeric,month=numeric	
sk	PYM_short	{"temporal":"PlainYearMonth","dateStyle":"short"}	M/y	12/2022	3/2023		year=numeric,month=numeric	
sk	PMD_full	{"temporal":"PlainMonthDay","dateStyle":"full"}	d. MMMM	24. decembra	6. marca		month=long,day=numeric	
sk	PMD_long	{"temporal":"PlainMonthDay","dateStyle":"long"}	d. MMMM	24. decembra	6. marca		month=long,day=numeric	
sk	PMD_medium	{"temporal":"PlainMonthDay","dateStyle":"medium"}	d. M.	24. 12.	6. 3.		month=numeric,day=numeric	
sk	PMD_short	{"temporal":"PlainMonthDay","dateStyle":"short"}	d. M.	24. 12.	6. 3.		month=numeric,day=numeric	
sk	PD_full	{"temporal":"PlainDate","dateStyle":"full"}	EEEE d. MMMM y	sobota 24. decembra 2022	pondelok 6. marca 2023		dateStyle=full	
sk	PD_short	{"temporal":"PlainDate","dateStyle":"short"}	d. M. y	24. 12. 2022	6. 3. 2023		dateStyle=short	
sk	PT_full	{"temporal":"PlainTime","timeStyle":"full"}	H:mm:ss	15:07:09	9:04:05		hour=numeric,minute=2-digit,second=2-digit,hourCycle=h23	
sk	PT_long	{"temporal":"PlainTime","timeStyle":"long"}	H:mm:ss	15:07:09	9:04:05		hour=numeric,minute=2-digit,second=2-digit,hourCycle=h23	
sk	PT_medium	{"temporal":"PlainTime","timeStyle":"medium"}	H:mm:ss	15:07:09	9:04:05		timeStyle=medium,hourCycle=h23	
sk	PDT_full_full	{"temporal":"PlainDateTime","dateStyle":"full","timeStyle":"full"}	EEEE d. MMMM y 'o' H:mm:ss	sobota 24. decembra 2022 o 15:07:09	pondelok 6. marca 2023 o 9:04:05		weekday=long,year=numeric,month=long,day=numeric,hour=numeric,minute=2-digit,second=2-digit,hourCycle=h23	
sk	PDT_long_long	{"temporal":"PlainDateTime","dateStyle":"long","timeStyle":"long"}	d. MMMM y 'o' H:mm:ss	24. decembra 2022 o 15:07:09	6. marca 2023 o 9:04:05		year=numeric,month=long,day=numeric,hour=numeric,minute=2-digit,second=2-digit,hourCycle=h23	
sk	PDT_short_full	{"temporal":"PlainDateTime","dateStyle":"short","timeStyle":"full"}	d. M. y H:mm:ss	24. 12. 2022 15:07:09	6. 3. 2023 9:04:05		year=numeric,month=numeric,day=numeric,hour=numeric,minute=2-digit,second=2-digit,hourCycle=h23	
sk	PDT_medium_medium	{"temporal":"PlainDateTime","dateStyle":"medium","timeStyle":"medium"}	d. M. y, H:mm:ss	24. 12. 2022, 15:07:09	6. 3. 2023, 9:04:05		dateStyle=medium,timeStyle=medium,hourCycle=h23	
sl	d_full	{"dateStyle":"full"}	EEEE, d. MMMM y	sobota, 24. december 2022	ponedeljek, 6. marec 2023		dateStyle=full	
sl	d_long	{"dateStyle":"long"}	d. MMMM y	24. december 2022	6. marec 2023		dateStyle=long	
sl	d_medium	{"dateStyle":"medium"}	d. MMM y	24. dec. 2022	6. mar. 2023		dateStyle=medium	
sl	d_short	{"dateStyle":"short"}	d. M. y	24. 12. 2022	6. 3. 2023		dateStyle=short	
sl	t_full	{"timeStyle":"full"}	HH:mm:ss zzzz	15:07:09 univerzalni koordinirani \u010das	09:04:05 univerzalni koordinirani \u010das	univerzalni koordinirani \u010das	timeStyle=full,hourCycle=h23	
sl	t_long	{"timeStyle":"long"}	HH:mm:ss z	15:07:09 UTC	09:04:05 UTC	UTC	timeStyle=long,hourCycle=h23	
sl	t_medium	{"timeStyle":"medium"}	HH:mm:ss	15:07:09	09:04:05		timeStyle=medium,hourCycle=h23	
sl	t_short	{"timeStyle":"short"}	HH:mm	15:07	09:04		timeStyle=short,hourCycle=h23	
sl	dt_full_full	{"dateStyle":"full","timeStyle":"full"}	EEEE, d. MMMM y 'ob' HH:mm:ss zzzz	sobota, 24. december 2022 ob 15:07:09 univerzalni koordinirani \u010das	ponedeljek, 6. marec 2023 ob 09:04:05 univerzalni koordinirani \u010das	univerzalni koordinirani \u010das	dateStyle=full,timeStyle=full,hourCycle=h23	
sl	dt_full_long	{"dateStyle":"full","timeStyle":"long"}	EEEE, d. MMMM y 'ob' HH:mm:ss z	sobota, 24. december 2022 ob 15:07:09 UTC	ponedeljek, 6. marec 2023 ob 09:04:05 UTC	UTC	dateStyle=full,timeStyle=long,hourCycle=h23	
sl	dt_full_medium	{"dateStyle":"full","timeStyle":"medium"}	EEEE, d. MMMM y 'ob' HH:mm:ss	sobota, 24. december 2022 ob 15:07:09	ponedeljek, 6. marec 2023 ob 09:04:05		dateStyle=full,timeStyle=medium,hourCycle=h23	
sl	dt_full_short	{"dateStyle":"full","timeStyle":"short"}	EEEE, d. MMMM y 'ob' HH:mm	sobota, 24. december 2022 ob 15:07	ponedeljek, 6. marec 2023 ob 09:04		dateStyle=full,timeStyle=short,hourCycle=h23	
sl	dt_long_full	{"dateStyle":"long","timeStyle":"full"}	d. MMMM y 'ob' HH:mm:ss zzzz	24. december 2022 ob 15:07:09 univerzalni koordinirani \u010das	6. marec 2023 ob 09:04:05 univerzalni koordinirani \u010das	univerzalni koordinirani \u010das	dateStyle=long,timeStyle=full,hourCycle=h23	
sl	dt_long_long	{"dateStyle":"long","timeStyle":"long"}	d. MMMM y 'ob' HH:mm:ss z	24. december 2022 ob 15:07:09 UTC	6. marec 2023 ob 09:04:05 UTC	UTC	dateStyle=long,timeStyle=long,hourCycle=h23	
sl	dt_long_medium	{"dateStyle":"long","timeStyle":"medium"}	d. MMMM y 'ob' HH:mm:ss	24. december 2022 ob 15:07:09	6. marec 2023 ob 09:04:05		dateStyle=long,timeStyle=medium,hourCycle=h23	
sl	dt_long_short	{"dateStyle":"long","timeStyle":"short"}	d. MMMM y 'ob' HH:mm	24. december 2022 ob 15:07	6. marec 2023 ob 09:04		dateStyle=long,timeStyle=short,hourCycle=h23	
sl	dt_medium_full	{"dateStyle":"medium","timeStyle":"full"}	d. MMM y, HH:mm:ss zzzz	24. dec. 2022, 15:07:09 univerzalni koordinirani \u010das	6. mar. 2023, 09:04:05 univerzalni koordinirani \u010das	univerzalni koordinirani \u010das	dateStyle=medium,timeStyle=full,hourCycle=h23	
sl	dt_medium_long	{"dateStyle":"medium","timeStyle":"long"}	d. MMM y, HH:mm:ss z	24. dec. 2022, 15:07:09 UTC	6. mar. 2023, 09:04:05 UTC	UTC	dateStyle=medium,timeStyle=long,hourCycle=h23	
sl	dt_medium_medium	{"dateStyle":"medium","timeStyle":"medium"}	d. MMM y, HH:mm:ss	24. dec. 2022, 15:07:09	6. mar. 2023, 09:04:05		dateStyle=medium,timeStyle=medium,hourCycle=h23	
sl	dt_medium_short	{"dateStyle":"medium","timeStyle":"short"}	d. MMM y, HH:mm	24. dec. 2022, 15:07	6. mar. 2023, 09:04		dateStyle=medium,timeStyle=short,hourCycle=h23	
sl	dt_short_full	{"dateStyle":"short","timeStyle":"full"}	d. M. y, HH:mm:ss zzzz	24. 12. 2022, 15:07:09 univerzalni koordinirani \u010das	6. 3. 2023, 09:04:05 univerzalni koordinirani \u010das	univerzalni koordinirani \u010das	dateStyle=short,timeStyle=full,hourCycle=h23	
sl	dt_short_long	{"dateStyle":"short","timeStyle":"long"}	d. M. y, HH:mm:ss z	24. 12. 2022, 15:07:09 UTC	6. 3. 2023, 09:04:05 UTC	UTC	dateStyle=short,timeStyle=long,hourCycle=h23	
sl	dt_short_medium	{"dateStyle":"short","timeStyle":"medium"}	d. M. y, HH:mm:ss	24. 12. 2022, 15:07:09	6. 3. 2023, 09:04:05		dateStyle=short,timeStyle=medium,hourCycle=h23	
sl	dt_short_short	{"dateStyle":"short","timeStyle":"short"}	d. M. y, HH:mm	24. 12. 2022, 15:07	6. 3. 2023, 09:04		dateStyle=short,timeStyle=short,hourCycle=h23	
sl	t_short_h23	{"timeStyle":"short","hourCycle":"h23"}	HH:mm	15:07	09:04		timeStyle=short,hourCycle=h23	
sl	t_short_h12	{"timeStyle":"short","hourCycle":"h12"}	hh:mm\u202fa	03:07 pop.	09:04 dop.		timeStyle=short,hourCycle=h12	
sl	t_short_h11	{"timeStyle":"short","hourCycle":"h11"}	KK:mm\u202fa	03:07 pop.	09:04 dop.		timeStyle=short,hourCycle=h11	
sl	t_short_h24	{"timeStyle":"short","hourCycle":"h24"}	kk:mm	15:07	09:04		timeStyle=short,hourCycle=h24	
sl	t_medium_12	{"timeStyle":"medium","hour12":true}	hh:mm:ss\u202fa	03:07:09 pop.	09:04:05 dop.		timeStyle=medium,hourCycle=h12	
sl	t_medium_24	{"timeStyle":"medium","hour12":false}	HH:mm:ss	15:07:09	09:04:05		timeStyle=medium,hourCycle=h23	
sl	t_full_h23	{"timeStyle":"full","hourCycle":"h23"}	HH:mm:ss zzzz	15:07:09 univerzalni koordinirani \u010das	09:04:05 univerzalni koordinirani \u010das	univerzalni koordinirani \u010das	timeStyle=full,hourCycle=h23	
sl	t_long_h12	{"timeStyle":"long","hourCycle":"h12"}	hh:mm:ss\u202fa z	03:07:09 pop. UTC	09:04:05 dop. UTC	UTC	timeStyle=long,hourCycle=h12	
sl	dt_full_short_h23	{"dateStyle":"full","timeStyle":"short","hourCycle":"h23"}	EEEE, d. MMMM y 'ob' HH:mm	sobota, 24. december 2022 ob 15:07	ponedeljek, 6. marec 2023 ob 09:04		dateStyle=full,timeStyle=short,hourCycle=h23	
sl	dt_short_medium_h12	{"dateStyle":"short","timeStyle":"medium","hourCycle":"h12"}	d. M. y, hh:mm:ss\u202fa	24. 12. 2022, 03:07:09 pop.	6. 3. 2023, 09:04:05 dop.		dateStyle=short,timeStyle=medium,hourCycle=h12	
sl	dt_long_long_12	{"dateStyle":"long","timeStyle":"long","hour12":true}	d. MMMM y 'ob' hh:mm:ss\u202fa z	24. december 2022 ob 03:07:09 pop. UTC	6. marec 2023 ob 09:04:05 dop. UTC	UTC	dateStyle=long,timeStyle=long,hourCycle=h12	
sl	dt_medium_full_24	{"dateStyle":"medium","timeStyle":"full","hour12":false}	d. MMM y, HH:mm:ss zzzz	24. dec. 2022, 15:07:09 univerzalni koordinirani \u010das	6. mar. 2023, 09:04:05 univerzalni koordinirani \u010das	univerzalni koordinirani \u010das	dateStyle=medium,timeStyle=full,hourCycle=h23	
sl	PYM_full	{"temporal":"PlainYearMonth","dateStyle":"full"}	MMMM y	december 2022	marec 2023		year=numeric,month=long	
sl	PYM_long	{"temporal":"PlainYearMonth","dateStyle":"long"}	MMMM y	december 2022	marec 2023		year=numeric,month=long	
sl	PYM_medium	{"temporal":"PlainYearMonth","dateStyle":"medium"}	MMM y	dec. 2022	mar. 2023		year=numeric,month=short	
sl	PYM_short	{"temporal":"PlainYearMonth","dateStyle":"short"}	M/y	12/2022	3/2023		year=numeric,month=numeric	
sl	PMD_full	{"temporal":"PlainMonthDay","dateStyle":"full"}	d. MMMM	24. december	6. marec		month=long,day=numeric	
sl	PMD_long	{"temporal":"PlainMonthDay","dateStyle":"long"}	d. MMMM	24. december	6. marec		month=long,day=numeric	
sl	PMD_medium	{"temporal":"PlainMonthDay","dateStyle":"medium"}	d. MMM	24. dec.	6. mar.		month=short,day=numeric	
sl	PMD_short	{"temporal":"PlainMonthDay","dateStyle":"short"}	d. M.	24. 12.	6. 3.		month=numeric,day=numeric	
sl	PD_full	{"temporal":"PlainDate","dateStyle":"full"}	EEEE, d. MMMM y	sobota, 24. december 2022	ponedeljek, 6. marec 2023		dateStyle=full	
sl	PD_short	{"temporal":"PlainDate","dateStyle":"short"}	d. M. y	24. 12. 2022	6. 3. 2023		dateStyle=short	
sl	PT_full	{"temporal":"PlainTime","timeStyle":"full"}	HH:mm:ss	15:07:09	09:04:05		hour=2-digit,minute=2-digit,second=2-digit,hourCycle=h23	
sl	PT_long	{"temporal":"PlainTime","timeStyle":"long"}	HH:mm:ss	15:07:09	09:04:05		hour=2-digit,minute=2-digit,second=2-digit,hourCycle=h23	
sl	PT_medium	{"temporal":"PlainTime","timeStyle":"medium"}	HH:mm:ss	15:07:09	09:04:05		timeStyle=medium,hourCycle=h23	
sl	PDT_full_full	{"temporal":"PlainDateTime","dateStyle":"full","timeStyle":"full"}	EEEE, d. MMMM y 'ob' HH:mm:ss	sobota, 24. december 2022 ob 15:07:09	ponedeljek, 6. marec 2023 ob 09:04:05		weekday=long,year=numeric,month=long,day=numeric,hour=2-digit,minute=2-digit,second=2-digit,hourCycle=h23	sobota, 24. december 2022 ob 15:07:09|ponedeljek, 6. marec 2023 ob 09:04:05|weekday=long,year=numeric,month=long,day=numeric,dayPeriod=short,hour=2-digit,minute=2-digit,second=2-digit,hourCycle=h23
sl	PDT_long_long	{"temporal":"PlainDateTime","dateStyle":"long","timeStyle":"long"}	d. MMMM y 'ob' HH:mm:ss	24. december 2022 ob 15:07:09	6. marec 2023 ob 09:04:05		year=numeric,month=long,day=numeric,hour=2-digit,minute=2-digit,second=2-digit,hourCycle=h23	24. december 2022 ob 15:07:09|6. marec 2023 ob 09:04:05|year=numeric,month=long,day=numeric,dayPeriod=short,hour=2-digit,minute=2-digit,second=2-digit,hourCycle=h23
sl	PDT_short_full	{"temporal":"PlainDateTime","dateStyle":"short","timeStyle":"full"}	d. M. y, HH:mm:ss	24. 12. 2022, 15:07:09	6. 3. 2023, 09:04:05		year=numeric,month=numeric,day=numeric,hour=2-digit,minute=2-digit,second=2-digit,hourCycle=h23	
sl	PDT_medium_medium	{"temporal":"PlainDateTime","dateStyle":"medium","timeStyle":"medium"}	d. MMM y, HH:mm:ss	24. dec. 2022, 15:07:09	6. mar. 2023, 09:04:05		dateStyle=medium,timeStyle=medium,hourCycle=h23	
sr	d_full	{"dateStyle":"full"}	EEEE, d. MMMM y.	\u0441\u0443\u0431\u043e\u0442\u0430, 24. \u0434\u0435\u0446\u0435\u043c\u0431\u0430\u0440 2022.	\u043f\u043e\u043d\u0435\u0434\u0435\u0459\u0430\u043a, 6. \u043c\u0430\u0440\u0442 2023.		dateStyle=full	
sr	d_long	{"dateStyle":"long"}	d. MMMM y.	24. \u0434\u0435\u0446\u0435\u043c\u0431\u0430\u0440 2022.	6. \u043c\u0430\u0440\u0442 2023.		dateStyle=long	
sr	d_medium	{"dateStyle":"medium"}	d. M. y.	24. 12. 2022.	6. 3. 2023.		dateStyle=medium	
sr	d_short	{"dateStyle":"short"}	d. M. y.	24. 12. 2022.	6. 3. 2023.		dateStyle=short	
sr	t_full	{"timeStyle":"full"}	HH:mm:ss zzzz	15:07:09 \u041a\u043e\u043e\u0440\u0434\u0438\u043d\u0438\u0441\u0430\u043d\u043e \u0443\u043d\u0438\u0432\u0435\u0440\u0437\u0430\u043b\u043d\u043e \u0432\u0440\u0435\u043c\u0435	09:04:05 \u041a\u043e\u043e\u0440\u0434\u0438\u043d\u0438\u0441\u0430\u043d\u043e \u0443\u043d\u0438\u0432\u0435\u0440\u0437\u0430\u043b\u043d\u043e \u0432\u0440\u0435\u043c\u0435	\u041a\u043e\u043e\u0440\u0434\u0438\u043d\u0438\u0441\u0430\u043d\u043e \u0443\u043d\u0438\u0432\u0435\u0440\u0437\u0430\u043b\u043d\u043e \u0432\u0440\u0435\u043c\u0435	timeStyle=full,hourCycle=h23	
sr	t_long	{"timeStyle":"long"}	HH:mm:ss z	15:07:09 UTC	09:04:05 UTC	UTC	timeStyle=long,hourCycle=h23	
sr	t_medium	{"timeStyle":"medium"}	HH:mm:ss	15:07:09	09:04:05		timeStyle=medium,hourCycle=h23	
sr	t_short	{"timeStyle":"short"}	HH:mm	15:07	09:04		timeStyle=short,hourCycle=h23	
sr	dt_full_full	{"dateStyle":"full","timeStyle":"full"}	EEEE, d. MMMM y. HH:mm:ss zzzz	\u0441\u0443\u0431\u043e\u0442\u0430, 24. \u0434\u0435\u0446\u0435\u043c\u0431\u0430\u0440 2022. 15:07:09 \u041a\u043e\u043e\u0440\u0434\u0438\u043d\u0438\u0441\u0430\u043d\u043e \u0443\u043d\u0438\u0432\u0435\u0440\u0437\u0430\u043b\u043d\u043e \u0432\u0440\u0435\u043c\u0435	\u043f\u043e\u043d\u0435\u0434\u0435\u0459\u0430\u043a, 6. \u043c\u0430\u0440\u0442 2023. 09:04:05 \u041a\u043e\u043e\u0440\u0434\u0438\u043d\u0438\u0441\u0430\u043d\u043e \u0443\u043d\u0438\u0432\u0435\u0440\u0437\u0430\u043b\u043d\u043e \u0432\u0440\u0435\u043c\u0435	\u041a\u043e\u043e\u0440\u0434\u0438\u043d\u0438\u0441\u0430\u043d\u043e \u0443\u043d\u0438\u0432\u0435\u0440\u0437\u0430\u043b\u043d\u043e \u0432\u0440\u0435\u043c\u0435	dateStyle=full,timeStyle=full,hourCycle=h23	
sr	dt_full_long	{"dateStyle":"full","timeStyle":"long"}	EEEE, d. MMMM y. HH:mm:ss z	\u0441\u0443\u0431\u043e\u0442\u0430, 24. \u0434\u0435\u0446\u0435\u043c\u0431\u0430\u0440 2022. 15:07:09 UTC	\u043f\u043e\u043d\u0435\u0434\u0435\u0459\u0430\u043a, 6. \u043c\u0430\u0440\u0442 2023. 09:04:05 UTC	UTC	dateStyle=full,timeStyle=long,hourCycle=h23	
sr	dt_full_medium	{"dateStyle":"full","timeStyle":"medium"}	EEEE, d. MMMM y. HH:mm:ss	\u0441\u0443\u0431\u043e\u0442\u0430, 24. \u0434\u0435\u0446\u0435\u043c\u0431\u0430\u0440 2022. 15:07:09	\u043f\u043e\u043d\u0435\u0434\u0435\u0459\u0430\u043a, 6. \u043c\u0430\u0440\u0442 2023. 09:04:05		dateStyle=full,timeStyle=medium,hourCycle=h23	
sr	dt_full_short	{"dateStyle":"full","timeStyle":"short"}	EEEE, d. MMMM y. HH:mm	\u0441\u0443\u0431\u043e\u0442\u0430, 24. \u0434\u0435\u0446\u0435\u043c\u0431\u0430\u0440 2022. 15:07	\u043f\u043e\u043d\u0435\u0434\u0435\u0459\u0430\u043a, 6. \u043c\u0430\u0440\u0442 2023. 09:04		dateStyle=full,timeStyle=short,hourCycle=h23	
sr	dt_long_full	{"dateStyle":"long","timeStyle":"full"}	d. MMMM y. HH:mm:ss zzzz	24. \u0434\u0435\u0446\u0435\u043c\u0431\u0430\u0440 2022. 15:07:09 \u041a\u043e\u043e\u0440\u0434\u0438\u043d\u0438\u0441\u0430\u043d\u043e \u0443\u043d\u0438\u0432\u0435\u0440\u0437\u0430\u043b\u043d\u043e \u0432\u0440\u0435\u043c\u0435	6. \u043c\u0430\u0440\u0442 2023. 09:04:05 \u041a\u043e\u043e\u0440\u0434\u0438\u043d\u0438\u0441\u0430\u043d\u043e \u0443\u043d\u0438\u0432\u0435\u0440\u0437\u0430\u043b\u043d\u043e \u0432\u0440\u0435\u043c\u0435	\u041a\u043e\u043e\u0440\u0434\u0438\u043d\u0438\u0441\u0430\u043d\u043e \u0443\u043d\u0438\u0432\u0435\u0440\u0437\u0430\u043b\u043d\u043e \u0432\u0440\u0435\u043c\u0435	dateStyle=long,timeStyle=full,hourCycle=h23	
sr	dt_long_long	{"dateStyle":"long","timeStyle":"long"}	d. MMMM y. HH:mm:ss z	24. \u0434\u0435\u0446\u0435\u043c\u0431\u0430\u0440 2022. 15:07:09 UTC	6. \u043c\u0430\u0440\u0442 2023. 09:04:05 UTC	UTC	dateStyle=long,timeStyle=long,hourCycle=h23	
sr	dt_long_medium	{"dateStyle":"long","timeStyle":"medium"}	d. MMMM y. HH:mm:ss	24. \u0434\u0435\u0446\u0435\u043c\u0431\u0430\u0440 2022. 15:07:09	6. \u043c\u0430\u0440\u0442 2023. 09:04:05		dateStyle=long,timeStyle=medium,hourCycle=h23	
sr	dt_long_short	{"dateStyle":"long","timeStyle":"short"}	d. MMMM y. HH:mm	24. \u0434\u0435\u0446\u0435\u043c\u0431\u0430\u0440 2022. 15:07	6. \u043c\u0430\u0440\u0442 2023. 09:04		dateStyle=long,timeStyle=short,hourCycle=h23	
sr	dt_medium_full	{"dateStyle":"medium","timeStyle":"full"}	d. M. y. HH:mm:ss zzzz	24. 12. 2022. 15:07:09 \u041a\u043e\u043e\u0440\u0434\u0438\u043d\u0438\u0441\u0430\u043d\u043e \u0443\u043d\u0438\u0432\u0435\u0440\u0437\u0430\u043b\u043d\u043e \u0432\u0440\u0435\u043c\u0435	6. 3. 2023. 09:04:05 \u041a\u043e\u043e\u0440\u0434\u0438\u043d\u0438\u0441\u0430\u043d\u043e \u0443\u043d\u0438\u0432\u0435\u0440\u0437\u0430\u043b\u043d\u043e \u0432\u0440\u0435\u043c\u0435	\u041a\u043e\u043e\u0440\u0434\u0438\u043d\u0438\u0441\u0430\u043d\u043e \u0443\u043d\u0438\u0432\u0435\u0440\u0437\u0430\u043b\u043d\u043e \u0432\u0440\u0435\u043c\u0435	dateStyle=medium,timeStyle=full,hourCycle=h23	
sr	dt_medium_long	{"dateStyle":"medium","timeStyle":"long"}	d. M. y. HH:mm:ss z	24. 12. 2022. 15:07:09 UTC	6. 3. 2023. 09:04:05 UTC	UTC	dateStyle=medium,timeStyle=long,hourCycle=h23	
sr	dt_medium_medium	{"dateStyle":"medium","timeStyle":"medium"}	d. M. y. HH:mm:ss	24. 12. 2022. 15:07:09	6. 3. 2023. 09:04:05		dateStyle=medium,timeStyle=medium,hourCycle=h23	
sr	dt_medium_short	{"dateStyle":"medium","timeStyle":"short"}	d. M. y. HH:mm	24. 12. 2022. 15:07	6. 3. 2023. 09:04		dateStyle=medium,timeStyle=short,hourCycle=h23	
sr	dt_short_full	{"dateStyle":"short","timeStyle":"full"}	d. M. y. HH:mm:ss zzzz	24. 12. 2022. 15:07:09 \u041a\u043e\u043e\u0440\u0434\u0438\u043d\u0438\u0441\u0430\u043d\u043e \u0443\u043d\u0438\u0432\u0435\u0440\u0437\u0430\u043b\u043d\u043e \u0432\u0440\u0435\u043c\u0435	6. 3. 2023. 09:04:05 \u041a\u043e\u043e\u0440\u0434\u0438\u043d\u0438\u0441\u0430\u043d\u043e \u0443\u043d\u0438\u0432\u0435\u0440\u0437\u0430\u043b\u043d\u043e \u0432\u0440\u0435\u043c\u0435	\u041a\u043e\u043e\u0440\u0434\u0438\u043d\u0438\u0441\u0430\u043d\u043e \u0443\u043d\u0438\u0432\u0435\u0440\u0437\u0430\u043b\u043d\u043e \u0432\u0440\u0435\u043c\u0435	dateStyle=short,timeStyle=full,hourCycle=h23	
sr	dt_short_long	{"dateStyle":"short","timeStyle":"long"}	d. M. y. HH:mm:ss z	24. 12. 2022. 15:07:09 UTC	6. 3. 2023. 09:04:05 UTC	UTC	dateStyle=short,timeStyle=long,hourCycle=h23	
sr	dt_short_medium	{"dateStyle":"short","timeStyle":"medium"}	d. M. y. HH:mm:ss	24. 12. 2022. 15:07:09	6. 3. 2023. 09:04:05		dateStyle=short,timeStyle=medium,hourCycle=h23	
sr	dt_short_short	{"dateStyle":"short","timeStyle":"short"}	d. M. y. HH:mm	24. 12. 2022. 15:07	6. 3. 2023. 09:04		dateStyle=short,timeStyle=short,hourCycle=h23	
sr	t_short_h23	{"timeStyle":"short","hourCycle":"h23"}	HH:mm	15:07	09:04		timeStyle=short,hourCycle=h23	
sr	t_short_h12	{"timeStyle":"short","hourCycle":"h12"}	hh:mm\u202fa	03:07 PM	09:04 AM		timeStyle=short,hourCycle=h12	
sr	t_short_h11	{"timeStyle":"short","hourCycle":"h11"}	KK:mm\u202fa	03:07 PM	09:04 AM		timeStyle=short,hourCycle=h11	
sr	t_short_h24	{"timeStyle":"short","hourCycle":"h24"}	kk:mm	15:07	09:04		timeStyle=short,hourCycle=h24	
sr	t_medium_12	{"timeStyle":"medium","hour12":true}	hh:mm:ss\u202fa	03:07:09 PM	09:04:05 AM		timeStyle=medium,hourCycle=h12	
sr	t_medium_24	{"timeStyle":"medium","hour12":false}	HH:mm:ss	15:07:09	09:04:05		timeStyle=medium,hourCycle=h23	
sr	t_full_h23	{"timeStyle":"full","hourCycle":"h23"}	HH:mm:ss zzzz	15:07:09 \u041a\u043e\u043e\u0440\u0434\u0438\u043d\u0438\u0441\u0430\u043d\u043e \u0443\u043d\u0438\u0432\u0435\u0440\u0437\u0430\u043b\u043d\u043e \u0432\u0440\u0435\u043c\u0435	09:04:05 \u041a\u043e\u043e\u0440\u0434\u0438\u043d\u0438\u0441\u0430\u043d\u043e \u0443\u043d\u0438\u0432\u0435\u0440\u0437\u0430\u043b\u043d\u043e \u0432\u0440\u0435\u043c\u0435	\u041a\u043e\u043e\u0440\u0434\u0438\u043d\u0438\u0441\u0430\u043d\u043e \u0443\u043d\u0438\u0432\u0435\u0440\u0437\u0430\u043b\u043d\u043e \u0432\u0440\u0435\u043c\u0435	timeStyle=full,hourCycle=h23	
sr	t_long_h12	{"timeStyle":"long","hourCycle":"h12"}	hh:mm:ss\u202fa z	03:07:09 PM UTC	09:04:05 AM UTC	UTC	timeStyle=long,hourCycle=h12	
sr	dt_full_short_h23	{"dateStyle":"full","timeStyle":"short","hourCycle":"h23"}	EEEE, d. MMMM y. HH:mm	\u0441\u0443\u0431\u043e\u0442\u0430, 24. \u0434\u0435\u0446\u0435\u043c\u0431\u0430\u0440 2022. 15:07	\u043f\u043e\u043d\u0435\u0434\u0435\u0459\u0430\u043a, 6. \u043c\u0430\u0440\u0442 2023. 09:04		dateStyle=full,timeStyle=short,hourCycle=h23	
sr	dt_short_medium_h12	{"dateStyle":"short","timeStyle":"medium","hourCycle":"h12"}	d. M. y. hh:mm:ss\u202fa	24. 12. 2022. 03:07:09 PM	6. 3. 2023. 09:04:05 AM		dateStyle=short,timeStyle=medium,hourCycle=h12	
sr	dt_long_long_12	{"dateStyle":"long","timeStyle":"long","hour12":true}	d. MMMM y. hh:mm:ss\u202fa z	24. \u0434\u0435\u0446\u0435\u043c\u0431\u0430\u0440 2022. 03:07:09 PM UTC	6. \u043c\u0430\u0440\u0442 2023. 09:04:05 AM UTC	UTC	dateStyle=long,timeStyle=long,hourCycle=h12	
sr	dt_medium_full_24	{"dateStyle":"medium","timeStyle":"full","hour12":false}	d. M. y. HH:mm:ss zzzz	24. 12. 2022. 15:07:09 \u041a\u043e\u043e\u0440\u0434\u0438\u043d\u0438\u0441\u0430\u043d\u043e \u0443\u043d\u0438\u0432\u0435\u0440\u0437\u0430\u043b\u043d\u043e \u0432\u0440\u0435\u043c\u0435	6. 3. 2023. 09:04:05 \u041a\u043e\u043e\u0440\u0434\u0438\u043d\u0438\u0441\u0430\u043d\u043e \u0443\u043d\u0438\u0432\u0435\u0440\u0437\u0430\u043b\u043d\u043e \u0432\u0440\u0435\u043c\u0435	\u041a\u043e\u043e\u0440\u0434\u0438\u043d\u0438\u0441\u0430\u043d\u043e \u0443\u043d\u0438\u0432\u0435\u0440\u0437\u0430\u043b\u043d\u043e \u0432\u0440\u0435\u043c\u0435	dateStyle=medium,timeStyle=full,hourCycle=h23	
sr	PYM_full	{"temporal":"PlainYearMonth","dateStyle":"full"}	MMMM y.	\u0434\u0435\u0446\u0435\u043c\u0431\u0430\u0440 2022.	\u043c\u0430\u0440\u0442 2023.		year=numeric,month=long	
sr	PYM_long	{"temporal":"PlainYearMonth","dateStyle":"long"}	MMMM y.	\u0434\u0435\u0446\u0435\u043c\u0431\u0430\u0440 2022.	\u043c\u0430\u0440\u0442 2023.		year=numeric,month=long	
sr	PYM_medium	{"temporal":"PlainYearMonth","dateStyle":"medium"}	M. y.	12. 2022.	3. 2023.		year=numeric,month=numeric	
sr	PYM_short	{"temporal":"PlainYearMonth","dateStyle":"short"}	M. y.	12. 2022.	3. 2023.		year=numeric,month=numeric	
sr	PMD_full	{"temporal":"PlainMonthDay","dateStyle":"full"}	d. MMMM	24. \u0434\u0435\u0446\u0435\u043c\u0431\u0430\u0440	6. \u043c\u0430\u0440\u0442		month=long,day=numeric	
sr	PMD_long	{"temporal":"PlainMonthDay","dateStyle":"long"}	d. MMMM	24. \u0434\u0435\u0446\u0435\u043c\u0431\u0430\u0440	6. \u043c\u0430\u0440\u0442		month=long,day=numeric	
sr	PMD_medium	{"temporal":"PlainMonthDay","dateStyle":"medium"}	d. M.	24. 12.	6. 3.		month=numeric,day=numeric	
sr	PMD_short	{"temporal":"PlainMonthDay","dateStyle":"short"}	d. M.	24. 12.	6. 3.		month=numeric,day=numeric	
sr	PD_full	{"temporal":"PlainDate","dateStyle":"full"}	EEEE, d. MMMM y.	\u0441\u0443\u0431\u043e\u0442\u0430, 24. \u0434\u0435\u0446\u0435\u043c\u0431\u0430\u0440 2022.	\u043f\u043e\u043d\u0435\u0434\u0435\u0459\u0430\u043a, 6. \u043c\u0430\u0440\u0442 2023.		dateStyle=full	
sr	PD_short	{"temporal":"PlainDate","dateStyle":"short"}	d. M. y.	24. 12. 2022.	6. 3. 2023.		dateStyle=short	
sr	PT_full	{"temporal":"PlainTime","timeStyle":"full"}	HH:mm:ss	15:07:09	09:04:05		hour=2-digit,minute=2-digit,second=2-digit,hourCycle=h23	
sr	PT_long	{"temporal":"PlainTime","timeStyle":"long"}	HH:mm:ss	15:07:09	09:04:05		hour=2-digit,minute=2-digit,second=2-digit,hourCycle=h23	
sr	PT_medium	{"temporal":"PlainTime","timeStyle":"medium"}	HH:mm:ss	15:07:09	09:04:05		timeStyle=medium,hourCycle=h23	
sr	PDT_full_full	{"temporal":"PlainDateTime","dateStyle":"full","timeStyle":"full"}	EEEE, d. MMMM y. HH:mm:ss	\u0441\u0443\u0431\u043e\u0442\u0430, 24. \u0434\u0435\u0446\u0435\u043c\u0431\u0430\u0440 2022. 15:07:09	\u043f\u043e\u043d\u0435\u0434\u0435\u0459\u0430\u043a, 6. \u043c\u0430\u0440\u0442 2023. 09:04:05		weekday=long,year=numeric,month=long,day=numeric,hour=2-digit,minute=2-digit,second=2-digit,hourCycle=h23	
sr	PDT_long_long	{"temporal":"PlainDateTime","dateStyle":"long","timeStyle":"long"}	d. MMMM y. HH:mm:ss	24. \u0434\u0435\u0446\u0435\u043c\u0431\u0430\u0440 2022. 15:07:09	6. \u043c\u0430\u0440\u0442 2023. 09:04:05		year=numeric,month=long,day=numeric,hour=2-digit,minute=2-digit,second=2-digit,hourCycle=h23	
sr	PDT_short_full	{"temporal":"PlainDateTime","dateStyle":"short","timeStyle":"full"}	d. M. y. HH:mm:ss	24. 12. 2022. 15:07:09	6. 3. 2023. 09:04:05		year=numeric,month=numeric,day=numeric,hour=2-digit,minute=2-digit,second=2-digit,hourCycle=h23	
sr	PDT_medium_medium	{"temporal":"PlainDateTime","dateStyle":"medium","timeStyle":"medium"}	d. M. y. HH:mm:ss	24. 12. 2022. 15:07:09	6. 3. 2023. 09:04:05		dateStyle=medium,timeStyle=medium,hourCycle=h23	
sv	d_full	{"dateStyle":"full"}	EEEE d MMMM y	l\u00f6rdag 24 december 2022	m\u00e5ndag 6 mars 2023		dateStyle=full	
sv	d_long	{"dateStyle":"long"}	d MMMM y	24 december 2022	6 mars 2023		dateStyle=long	
sv	d_medium	{"dateStyle":"medium"}	d MMM y	24 dec. 2022	6 mars 2023		dateStyle=medium	
sv	d_short	{"dateStyle":"short"}	y-MM-dd	2022-12-24	2023-03-06		dateStyle=short	
sv	t_full	{"timeStyle":"full"}	HH:mm:ss zzzz	15:07:09 koordinerad universell tid	09:04:05 koordinerad universell tid	koordinerad universell tid	timeStyle=full,hourCycle=h23	
sv	t_long	{"timeStyle":"long"}	HH:mm:ss z	15:07:09 UTC	09:04:05 UTC	UTC	timeStyle=long,hourCycle=h23	
sv	t_medium	{"timeStyle":"medium"}	HH:mm:ss	15:07:09	09:04:05		timeStyle=medium,hourCycle=h23	
sv	t_short	{"timeStyle":"short"}	HH:mm	15:07	09:04		timeStyle=short,hourCycle=h23	
sv	dt_full_full	{"dateStyle":"full","timeStyle":"full"}	EEEE d MMMM y 'kl'. HH:mm:ss zzzz	l\u00f6rdag 24 december 2022 kl. 15:07:09 koordinerad universell tid	m\u00e5ndag 6 mars 2023 kl. 09:04:05 koordinerad universell tid	koordinerad universell tid	dateStyle=full,timeStyle=full,hourCycle=h23	
sv	dt_full_long	{"dateStyle":"full","timeStyle":"long"}	EEEE d MMMM y 'kl'. HH:mm:ss z	l\u00f6rdag 24 december 2022 kl. 15:07:09 UTC	m\u00e5ndag 6 mars 2023 kl. 09:04:05 UTC	UTC	dateStyle=full,timeStyle=long,hourCycle=h23	
sv	dt_full_medium	{"dateStyle":"full","timeStyle":"medium"}	EEEE d MMMM y 'kl'. HH:mm:ss	l\u00f6rdag 24 december 2022 kl. 15:07:09	m\u00e5ndag 6 mars 2023 kl. 09:04:05		dateStyle=full,timeStyle=medium,hourCycle=h23	
sv	dt_full_short	{"dateStyle":"full","timeStyle":"short"}	EEEE d MMMM y 'kl'. HH:mm	l\u00f6rdag 24 december 2022 kl. 15:07	m\u00e5ndag 6 mars 2023 kl. 09:04		dateStyle=full,timeStyle=short,hourCycle=h23	
sv	dt_long_full	{"dateStyle":"long","timeStyle":"full"}	d MMMM y 'kl'. HH:mm:ss zzzz	24 december 2022 kl. 15:07:09 koordinerad universell tid	6 mars 2023 kl. 09:04:05 koordinerad universell tid	koordinerad universell tid	dateStyle=long,timeStyle=full,hourCycle=h23	
sv	dt_long_long	{"dateStyle":"long","timeStyle":"long"}	d MMMM y 'kl'. HH:mm:ss z	24 december 2022 kl. 15:07:09 UTC	6 mars 2023 kl. 09:04:05 UTC	UTC	dateStyle=long,timeStyle=long,hourCycle=h23	
sv	dt_long_medium	{"dateStyle":"long","timeStyle":"medium"}	d MMMM y 'kl'. HH:mm:ss	24 december 2022 kl. 15:07:09	6 mars 2023 kl. 09:04:05		dateStyle=long,timeStyle=medium,hourCycle=h23	
sv	dt_long_short	{"dateStyle":"long","timeStyle":"short"}	d MMMM y 'kl'. HH:mm	24 december 2022 kl. 15:07	6 mars 2023 kl. 09:04		dateStyle=long,timeStyle=short,hourCycle=h23	
sv	dt_medium_full	{"dateStyle":"medium","timeStyle":"full"}	d MMM y HH:mm:ss zzzz	24 dec. 2022 15:07:09 koordinerad universell tid	6 mars 2023 09:04:05 koordinerad universell tid	koordinerad universell tid	dateStyle=medium,timeStyle=full,hourCycle=h23	
sv	dt_medium_long	{"dateStyle":"medium","timeStyle":"long"}	d MMM y HH:mm:ss z	24 dec. 2022 15:07:09 UTC	6 mars 2023 09:04:05 UTC	UTC	dateStyle=medium,timeStyle=long,hourCycle=h23	
sv	dt_medium_medium	{"dateStyle":"medium","timeStyle":"medium"}	d MMM y HH:mm:ss	24 dec. 2022 15:07:09	6 mars 2023 09:04:05		dateStyle=medium,timeStyle=medium,hourCycle=h23	
sv	dt_medium_short	{"dateStyle":"medium","timeStyle":"short"}	d MMM y HH:mm	24 dec. 2022 15:07	6 mars 2023 09:04		dateStyle=medium,timeStyle=short,hourCycle=h23	
sv	dt_short_full	{"dateStyle":"short","timeStyle":"full"}	y-MM-dd HH:mm:ss zzzz	2022-12-24 15:07:09 koordinerad universell tid	2023-03-06 09:04:05 koordinerad universell tid	koordinerad universell tid	dateStyle=short,timeStyle=full,hourCycle=h23	
sv	dt_short_long	{"dateStyle":"short","timeStyle":"long"}	y-MM-dd HH:mm:ss z	2022-12-24 15:07:09 UTC	2023-03-06 09:04:05 UTC	UTC	dateStyle=short,timeStyle=long,hourCycle=h23	
sv	dt_short_medium	{"dateStyle":"short","timeStyle":"medium"}	y-MM-dd HH:mm:ss	2022-12-24 15:07:09	2023-03-06 09:04:05		dateStyle=short,timeStyle=medium,hourCycle=h23	
sv	dt_short_short	{"dateStyle":"short","timeStyle":"short"}	y-MM-dd HH:mm	2022-12-24 15:07	2023-03-06 09:04		dateStyle=short,timeStyle=short,hourCycle=h23	
sv	t_short_h23	{"timeStyle":"short","hourCycle":"h23"}	HH:mm	15:07	09:04		timeStyle=short,hourCycle=h23	
sv	t_short_h12	{"timeStyle":"short","hourCycle":"h12"}	hh:mm\u202fa	03:07 em	09:04 fm		timeStyle=short,hourCycle=h12	
sv	t_short_h11	{"timeStyle":"short","hourCycle":"h11"}	KK:mm\u202fa	03:07 em	09:04 fm		timeStyle=short,hourCycle=h11	
sv	t_short_h24	{"timeStyle":"short","hourCycle":"h24"}	kk:mm	15:07	09:04		timeStyle=short,hourCycle=h24	
sv	t_medium_12	{"timeStyle":"medium","hour12":true}	hh:mm:ss\u202fa	03:07:09 em	09:04:05 fm		timeStyle=medium,hourCycle=h12	
sv	t_medium_24	{"timeStyle":"medium","hour12":false}	HH:mm:ss	15:07:09	09:04:05		timeStyle=medium,hourCycle=h23	
sv	t_full_h23	{"timeStyle":"full","hourCycle":"h23"}	HH:mm:ss zzzz	15:07:09 koordinerad universell tid	09:04:05 koordinerad universell tid	koordinerad universell tid	timeStyle=full,hourCycle=h23	
sv	t_long_h12	{"timeStyle":"long","hourCycle":"h12"}	hh:mm:ss\u202fa z	03:07:09 em UTC	09:04:05 fm UTC	UTC	timeStyle=long,hourCycle=h12	
sv	dt_full_short_h23	{"dateStyle":"full","timeStyle":"short","hourCycle":"h23"}	EEEE d MMMM y 'kl'. HH:mm	l\u00f6rdag 24 december 2022 kl. 15:07	m\u00e5ndag 6 mars 2023 kl. 09:04		dateStyle=full,timeStyle=short,hourCycle=h23	
sv	dt_short_medium_h12	{"dateStyle":"short","timeStyle":"medium","hourCycle":"h12"}	y-MM-dd hh:mm:ss\u202fa	2022-12-24 03:07:09 em	2023-03-06 09:04:05 fm		dateStyle=short,timeStyle=medium,hourCycle=h12	
sv	dt_long_long_12	{"dateStyle":"long","timeStyle":"long","hour12":true}	d MMMM y 'kl'. hh:mm:ss\u202fa z	24 december 2022 kl. 03:07:09 em UTC	6 mars 2023 kl. 09:04:05 fm UTC	UTC	dateStyle=long,timeStyle=long,hourCycle=h12	
sv	dt_medium_full_24	{"dateStyle":"medium","timeStyle":"full","hour12":false}	d MMM y HH:mm:ss zzzz	24 dec. 2022 15:07:09 koordinerad universell tid	6 mars 2023 09:04:05 koordinerad universell tid	koordinerad universell tid	dateStyle=medium,timeStyle=full,hourCycle=h23	
sv	PYM_full	{"temporal":"PlainYearMonth","dateStyle":"full"}	MMMM y	december 2022	mars 2023		year=numeric,month=long	
sv	PYM_long	{"temporal":"PlainYearMonth","dateStyle":"long"}	MMMM y	december 2022	mars 2023		year=numeric,month=long	
sv	PYM_medium	{"temporal":"PlainYearMonth","dateStyle":"medium"}	MMM y	dec. 2022	mars 2023		year=numeric,month=short	
sv	PYM_short	{"temporal":"PlainYearMonth","dateStyle":"short"}	y-MM	2022-12	2023-03		year=numeric,month=2-digit	
sv	PMD_full	{"temporal":"PlainMonthDay","dateStyle":"full"}	d MMMM	24 december	6 mars		month=long,day=numeric	
sv	PMD_long	{"temporal":"PlainMonthDay","dateStyle":"long"}	d MMMM	24 december	6 mars		month=long,day=numeric	
sv	PMD_medium	{"temporal":"PlainMonthDay","dateStyle":"medium"}	d MMM	24 dec.	6 mars		month=short,day=numeric	
sv	PMD_short	{"temporal":"PlainMonthDay","dateStyle":"short"}	dd/MM	24/12	06/03		month=2-digit,day=2-digit	
sv	PD_full	{"temporal":"PlainDate","dateStyle":"full"}	EEEE d MMMM y	l\u00f6rdag 24 december 2022	m\u00e5ndag 6 mars 2023		dateStyle=full	
sv	PD_short	{"temporal":"PlainDate","dateStyle":"short"}	y-MM-dd	2022-12-24	2023-03-06		dateStyle=short	
sv	PT_full	{"temporal":"PlainTime","timeStyle":"full"}	HH:mm:ss	15:07:09	09:04:05		hour=2-digit,minute=2-digit,second=2-digit,hourCycle=h23	
sv	PT_long	{"temporal":"PlainTime","timeStyle":"long"}	HH:mm:ss	15:07:09	09:04:05		hour=2-digit,minute=2-digit,second=2-digit,hourCycle=h23	
sv	PT_medium	{"temporal":"PlainTime","timeStyle":"medium"}	HH:mm:ss	15:07:09	09:04:05		timeStyle=medium,hourCycle=h23	
sv	PDT_full_full	{"temporal":"PlainDateTime","dateStyle":"full","timeStyle":"full"}	EEEE d MMMM y 'kl'. HH:mm:ss	l\u00f6rdag 24 december 2022 kl. 15:07:09	m\u00e5ndag 6 mars 2023 kl. 09:04:05		weekday=long,year=numeric,month=long,day=numeric,hour=2-digit,minute=2-digit,second=2-digit,hourCycle=h23	
sv	PDT_long_long	{"temporal":"PlainDateTime","dateStyle":"long","timeStyle":"long"}	d MMMM y 'kl'. HH:mm:ss	24 december 2022 kl. 15:07:09	6 mars 2023 kl. 09:04:05		year=numeric,month=long,day=numeric,hour=2-digit,minute=2-digit,second=2-digit,hourCycle=h23	
sv	PDT_short_full	{"temporal":"PlainDateTime","dateStyle":"short","timeStyle":"full"}	y-MM-dd HH:mm:ss	2022-12-24 15:07:09	2023-03-06 09:04:05		year=numeric,month=2-digit,day=2-digit,hour=2-digit,minute=2-digit,second=2-digit,hourCycle=h23	
sv	PDT_medium_medium	{"temporal":"PlainDateTime","dateStyle":"medium","timeStyle":"medium"}	d MMM y HH:mm:ss	24 dec. 2022 15:07:09	6 mars 2023 09:04:05		dateStyle=medium,timeStyle=medium,hourCycle=h23	
sw	d_full	{"dateStyle":"full"}	EEEE, d MMMM y	Jumamosi, 24 Desemba 2022	Jumatatu, 6 Machi 2023		dateStyle=full	
sw	d_long	{"dateStyle":"long"}	d MMMM y	24 Desemba 2022	6 Machi 2023		dateStyle=long	
sw	d_medium	{"dateStyle":"medium"}	d MMM y	24 Des 2022	6 Mac 2023		dateStyle=medium	
sw	d_short	{"dateStyle":"short"}	dd/MM/y	24/12/2022	06/03/2023		dateStyle=short	
sw	t_full	{"timeStyle":"full"}	HH:mm:ss zzzz	15:07:09 Mfumo wa kuratibu saa ulimwenguni	09:04:05 Mfumo wa kuratibu saa ulimwenguni	Mfumo wa kuratibu saa ulimwenguni	timeStyle=full,hourCycle=h23	
sw	t_long	{"timeStyle":"long"}	HH:mm:ss z	15:07:09 UTC	09:04:05 UTC	UTC	timeStyle=long,hourCycle=h23	
sw	t_medium	{"timeStyle":"medium"}	HH:mm:ss	15:07:09	09:04:05		timeStyle=medium,hourCycle=h23	
sw	t_short	{"timeStyle":"short"}	HH:mm	15:07	09:04		timeStyle=short,hourCycle=h23	
sw	dt_full_full	{"dateStyle":"full","timeStyle":"full"}	EEEE, d MMMM y, HH:mm:ss zzzz	Jumamosi, 24 Desemba 2022, 15:07:09 Mfumo wa kuratibu saa ulimwenguni	Jumatatu, 6 Machi 2023, 09:04:05 Mfumo wa kuratibu saa ulimwenguni	Mfumo wa kuratibu saa ulimwenguni	dateStyle=full,timeStyle=full,hourCycle=h23	
sw	dt_full_long	{"dateStyle":"full","timeStyle":"long"}	EEEE, d MMMM y, HH:mm:ss z	Jumamosi, 24 Desemba 2022, 15:07:09 UTC	Jumatatu, 6 Machi 2023, 09:04:05 UTC	UTC	dateStyle=full,timeStyle=long,hourCycle=h23	
sw	dt_full_medium	{"dateStyle":"full","timeStyle":"medium"}	EEEE, d MMMM y, HH:mm:ss	Jumamosi, 24 Desemba 2022, 15:07:09	Jumatatu, 6 Machi 2023, 09:04:05		dateStyle=full,timeStyle=medium,hourCycle=h23	
sw	dt_full_short	{"dateStyle":"full","timeStyle":"short"}	EEEE, d MMMM y, HH:mm	Jumamosi, 24 Desemba 2022, 15:07	Jumatatu, 6 Machi 2023, 09:04		dateStyle=full,timeStyle=short,hourCycle=h23	
sw	dt_long_full	{"dateStyle":"long","timeStyle":"full"}	d MMMM y, HH:mm:ss zzzz	24 Desemba 2022, 15:07:09 Mfumo wa kuratibu saa ulimwenguni	6 Machi 2023, 09:04:05 Mfumo wa kuratibu saa ulimwenguni	Mfumo wa kuratibu saa ulimwenguni	dateStyle=long,timeStyle=full,hourCycle=h23	
sw	dt_long_long	{"dateStyle":"long","timeStyle":"long"}	d MMMM y, HH:mm:ss z	24 Desemba 2022, 15:07:09 UTC	6 Machi 2023, 09:04:05 UTC	UTC	dateStyle=long,timeStyle=long,hourCycle=h23	
sw	dt_long_medium	{"dateStyle":"long","timeStyle":"medium"}	d MMMM y, HH:mm:ss	24 Desemba 2022, 15:07:09	6 Machi 2023, 09:04:05		dateStyle=long,timeStyle=medium,hourCycle=h23	
sw	dt_long_short	{"dateStyle":"long","timeStyle":"short"}	d MMMM y, HH:mm	24 Desemba 2022, 15:07	6 Machi 2023, 09:04		dateStyle=long,timeStyle=short,hourCycle=h23	
sw	dt_medium_full	{"dateStyle":"medium","timeStyle":"full"}	d MMM y, HH:mm:ss zzzz	24 Des 2022, 15:07:09 Mfumo wa kuratibu saa ulimwenguni	6 Mac 2023, 09:04:05 Mfumo wa kuratibu saa ulimwenguni	Mfumo wa kuratibu saa ulimwenguni	dateStyle=medium,timeStyle=full,hourCycle=h23	
sw	dt_medium_long	{"dateStyle":"medium","timeStyle":"long"}	d MMM y, HH:mm:ss z	24 Des 2022, 15:07:09 UTC	6 Mac 2023, 09:04:05 UTC	UTC	dateStyle=medium,timeStyle=long,hourCycle=h23	
sw	dt_medium_medium	{"dateStyle":"medium","timeStyle":"medium"}	d MMM y, HH:mm:ss	24 Des 2022, 15:07:09	6 Mac 2023, 09:04:05		dateStyle=medium,timeStyle=medium,hourCycle=h23	
sw	dt_medium_short	{"dateStyle":"medium","timeStyle":"short"}	d MMM y, HH:mm	24 Des 2022, 15:07	6 Mac 2023, 09:04		dateStyle=medium,timeStyle=short,hourCycle=h23	
sw	dt_short_full	{"dateStyle":"short","timeStyle":"full"}	dd/MM/y, HH:mm:ss zzzz	24/12/2022, 15:07:09 Mfumo wa kuratibu saa ulimwenguni	06/03/2023, 09:04:05 Mfumo wa kuratibu saa ulimwenguni	Mfumo wa kuratibu saa ulimwenguni	dateStyle=short,timeStyle=full,hourCycle=h23	
sw	dt_short_long	{"dateStyle":"short","timeStyle":"long"}	dd/MM/y, HH:mm:ss z	24/12/2022, 15:07:09 UTC	06/03/2023, 09:04:05 UTC	UTC	dateStyle=short,timeStyle=long,hourCycle=h23	
sw	dt_short_medium	{"dateStyle":"short","timeStyle":"medium"}	dd/MM/y, HH:mm:ss	24/12/2022, 15:07:09	06/03/2023, 09:04:05		dateStyle=short,timeStyle=medium,hourCycle=h23	
sw	dt_short_short	{"dateStyle":"short","timeStyle":"short"}	dd/MM/y, HH:mm	24/12/2022, 15:07	06/03/2023, 09:04		dateStyle=short,timeStyle=short,hourCycle=h23	
sw	t_short_h23	{"timeStyle":"short","hourCycle":"h23"}	HH:mm	15:07	09:04		timeStyle=short,hourCycle=h23	
sw	t_short_h12	{"timeStyle":"short","hourCycle":"h12"}	hh:mm\u202fa	03:07 PM	09:04 AM		timeStyle=short,hourCycle=h12	
sw	t_short_h11	{"timeStyle":"short","hourCycle":"h11"}	KK:mm\u202fa	03:07 PM	09:04 AM		timeStyle=short,hourCycle=h11	
sw	t_short_h24	{"timeStyle":"short","hourCycle":"h24"}	kk:mm	15:07	09:04		timeStyle=short,hourCycle=h24	
sw	t_medium_12	{"timeStyle":"medium","hour12":true}	hh:mm:ss\u202fa	03:07:09 PM	09:04:05 AM		timeStyle=medium,hourCycle=h12	
sw	t_medium_24	{"timeStyle":"medium","hour12":false}	HH:mm:ss	15:07:09	09:04:05		timeStyle=medium,hourCycle=h23	
sw	t_full_h23	{"timeStyle":"full","hourCycle":"h23"}	HH:mm:ss zzzz	15:07:09 Mfumo wa kuratibu saa ulimwenguni	09:04:05 Mfumo wa kuratibu saa ulimwenguni	Mfumo wa kuratibu saa ulimwenguni	timeStyle=full,hourCycle=h23	
sw	t_long_h12	{"timeStyle":"long","hourCycle":"h12"}	hh:mm:ss\u202fa z	03:07:09 PM UTC	09:04:05 AM UTC	UTC	timeStyle=long,hourCycle=h12	
sw	dt_full_short_h23	{"dateStyle":"full","timeStyle":"short","hourCycle":"h23"}	EEEE, d MMMM y, HH:mm	Jumamosi, 24 Desemba 2022, 15:07	Jumatatu, 6 Machi 2023, 09:04		dateStyle=full,timeStyle=short,hourCycle=h23	
sw	dt_short_medium_h12	{"dateStyle":"short","timeStyle":"medium","hourCycle":"h12"}	dd/MM/y, hh:mm:ss\u202fa	24/12/2022, 03:07:09 PM	06/03/2023, 09:04:05 AM		dateStyle=short,timeStyle=medium,hourCycle=h12	
sw	dt_long_long_12	{"dateStyle":"long","timeStyle":"long","hour12":true}	d MMMM y, hh:mm:ss\u202fa z	24 Desemba 2022, 03:07:09 PM UTC	6 Machi 2023, 09:04:05 AM UTC	UTC	dateStyle=long,timeStyle=long,hourCycle=h12	
sw	dt_medium_full_24	{"dateStyle":"medium","timeStyle":"full","hour12":false}	d MMM y, HH:mm:ss zzzz	24 Des 2022, 15:07:09 Mfumo wa kuratibu saa ulimwenguni	6 Mac 2023, 09:04:05 Mfumo wa kuratibu saa ulimwenguni	Mfumo wa kuratibu saa ulimwenguni	dateStyle=medium,timeStyle=full,hourCycle=h23	
sw	PYM_full	{"temporal":"PlainYearMonth","dateStyle":"full"}	MMMM y	Desemba 2022	Machi 2023		year=numeric,month=long	
sw	PYM_long	{"temporal":"PlainYearMonth","dateStyle":"long"}	MMMM y	Desemba 2022	Machi 2023		year=numeric,month=long	
sw	PYM_medium	{"temporal":"PlainYearMonth","dateStyle":"medium"}	MMM y	Des 2022	Mac 2023		year=numeric,month=short	
sw	PYM_short	{"temporal":"PlainYearMonth","dateStyle":"short"}	MM/y	12/2022	03/2023		year=numeric,month=2-digit	
sw	PMD_full	{"temporal":"PlainMonthDay","dateStyle":"full"}	d MMMM	24 Desemba	6 Machi		month=long,day=numeric	
sw	PMD_long	{"temporal":"PlainMonthDay","dateStyle":"long"}	d MMMM	24 Desemba	6 Machi		month=long,day=numeric	
sw	PMD_medium	{"temporal":"PlainMonthDay","dateStyle":"medium"}	d MMM	24 Des	6 Mac		month=short,day=numeric	
sw	PMD_short	{"temporal":"PlainMonthDay","dateStyle":"short"}	dd/MM	24/12	06/03		month=2-digit,day=2-digit	
sw	PD_full	{"temporal":"PlainDate","dateStyle":"full"}	EEEE, d MMMM y	Jumamosi, 24 Desemba 2022	Jumatatu, 6 Machi 2023		dateStyle=full	
sw	PD_short	{"temporal":"PlainDate","dateStyle":"short"}	dd/MM/y	24/12/2022	06/03/2023		dateStyle=short	
sw	PT_full	{"temporal":"PlainTime","timeStyle":"full"}	HH:mm:ss	15:07:09	09:04:05		hour=2-digit,minute=2-digit,second=2-digit,hourCycle=h23	
sw	PT_long	{"temporal":"PlainTime","timeStyle":"long"}	HH:mm:ss	15:07:09	09:04:05		hour=2-digit,minute=2-digit,second=2-digit,hourCycle=h23	
sw	PT_medium	{"temporal":"PlainTime","timeStyle":"medium"}	HH:mm:ss	15:07:09	09:04:05		timeStyle=medium,hourCycle=h23	
sw	PDT_full_full	{"temporal":"PlainDateTime","dateStyle":"full","timeStyle":"full"}	EEEE, d MMMM y, HH:mm:ss	Jumamosi, 24 Desemba 2022, 15:07:09	Jumatatu, 6 Machi 2023, 09:04:05		weekday=long,year=numeric,month=long,day=numeric,hour=2-digit,minute=2-digit,second=2-digit,hourCycle=h23	
sw	PDT_long_long	{"temporal":"PlainDateTime","dateStyle":"long","timeStyle":"long"}	d MMMM y, HH:mm:ss	24 Desemba 2022, 15:07:09	6 Machi 2023, 09:04:05		year=numeric,month=long,day=numeric,hour=2-digit,minute=2-digit,second=2-digit,hourCycle=h23	
sw	PDT_short_full	{"temporal":"PlainDateTime","dateStyle":"short","timeStyle":"full"}	dd/MM/y, HH:mm:ss	24/12/2022, 15:07:09	06/03/2023, 09:04:05		year=numeric,month=2-digit,day=2-digit,hour=2-digit,minute=2-digit,second=2-digit,hourCycle=h23	
sw	PDT_medium_medium	{"temporal":"PlainDateTime","dateStyle":"medium","timeStyle":"medium"}	d MMM y, HH:mm:ss	24 Des 2022, 15:07:09	6 Mac 2023, 09:04:05		dateStyle=medium,timeStyle=medium,hourCycle=h23	
ta	d_full	{"dateStyle":"full"}	EEEE, d MMMM, y	\u0b9a\u0ba9\u0bbf, 24 \u0b9f\u0bbf\u0b9a\u0bae\u0bcd\u0baa\u0bb0\u0bcd, 2022	\u0ba4\u0bbf\u0b99\u0bcd\u0b95\u0bb3\u0bcd, 6 \u0bae\u0bbe\u0bb0\u0bcd\u0b9a\u0bcd, 2023		dateStyle=full	
ta	d_long	{"dateStyle":"long"}	d MMMM, y	24 \u0b9f\u0bbf\u0b9a\u0bae\u0bcd\u0baa\u0bb0\u0bcd, 2022	6 \u0bae\u0bbe\u0bb0\u0bcd\u0b9a\u0bcd, 2023		dateStyle=long	
ta	d_medium	{"dateStyle":"medium"}	d MMM, y	24 \u0b9f\u0bbf\u0b9a., 2022	6 \u0bae\u0bbe\u0bb0\u0bcd., 2023		dateStyle=medium	
ta	d_short	{"dateStyle":"short"}	d/M/yy	24/12/22	6/3/23		dateStyle=short	
ta	t_full	{"timeStyle":"full"}	h:mm:ss a zzzz	3:07:09 PM \u0b92\u0bb0\u0bc1\u0b99\u0bcd\u0b95\u0bbf\u0ba3\u0bc8\u0ba8\u0bcd\u0ba4 \u0b9a\u0bb0\u0bcd\u0bb5\u0ba4\u0bc7\u0b9a \u0ba8\u0bc7\u0bb0\u0bae\u0bcd	9:04:05 AM \u0b92\u0bb0\u0bc1\u0b99\u0bcd\u0b95\u0bbf\u0ba3\u0bc8\u0ba8\u0bcd\u0ba4 \u0b9a\u0bb0\u0bcd\u0bb5\u0ba4\u0bc7\u0b9a \u0ba8\u0bc7\u0bb0\u0bae\u0bcd	\u0b92\u0bb0\u0bc1\u0b99\u0bcd\u0b95\u0bbf\u0ba3\u0bc8\u0ba8\u0bcd\u0ba4 \u0b9a\u0bb0\u0bcd\u0bb5\u0ba4\u0bc7\u0b9a \u0ba8\u0bc7\u0bb0\u0bae\u0bcd	timeStyle=full,hourCycle=h12	
ta	t_long	{"timeStyle":"long"}	h:mm:ss a z	3:07:09 PM UTC	9:04:05 AM UTC	UTC	timeStyle=long,hourCycle=h12	
ta	t_medium	{"timeStyle":"medium"}	h:mm:ss a	3:07:09 PM	9:04:05 AM		timeStyle=medium,hourCycle=h12	
ta	t_short	{"timeStyle":"short"}	h:mm a	3:07 PM	9:04 AM		timeStyle=short,hourCycle=h12	
ta	dt_full_full	{"dateStyle":"full","timeStyle":"full"}	EEEE, d MMMM, y \u0b85\u0ba9\u0bcd\u0bb1\u0bc1 h:mm:ss a zzzz	\u0b9a\u0ba9\u0bbf, 24 \u0b9f\u0bbf\u0b9a\u0bae\u0bcd\u0baa\u0bb0\u0bcd, 2022 \u0b85\u0ba9\u0bcd\u0bb1\u0bc1 3:07:09 PM \u0b92\u0bb0\u0bc1\u0b99\u0bcd\u0b95\u0bbf\u0ba3\u0bc8\u0ba8\u0bcd\u0ba4 \u0b9a\u0bb0\u0bcd\u0bb5\u0ba4\u0bc7\u0b9a \u0ba8\u0bc7\u0bb0\u0bae\u0bcd	\u0ba4\u0bbf\u0b99\u0bcd\u0b95\u0bb3\u0bcd, 6 \u0bae\u0bbe\u0bb0\u0bcd\u0b9a\u0bcd, 2023 \u0b85\u0ba9\u0bcd\u0bb1\u0bc1 9:04:05 AM \u0b92\u0bb0\u0bc1\u0b99\u0bcd\u0b95\u0bbf\u0ba3\u0bc8\u0ba8\u0bcd\u0ba4 \u0b9a\u0bb0\u0bcd\u0bb5\u0ba4\u0bc7\u0b9a \u0ba8\u0bc7\u0bb0\u0bae\u0bcd	\u0b92\u0bb0\u0bc1\u0b99\u0bcd\u0b95\u0bbf\u0ba3\u0bc8\u0ba8\u0bcd\u0ba4 \u0b9a\u0bb0\u0bcd\u0bb5\u0ba4\u0bc7\u0b9a \u0ba8\u0bc7\u0bb0\u0bae\u0bcd	dateStyle=full,timeStyle=full,hourCycle=h12	
ta	dt_full_long	{"dateStyle":"full","timeStyle":"long"}	EEEE, d MMMM, y \u0b85\u0ba9\u0bcd\u0bb1\u0bc1 h:mm:ss a z	\u0b9a\u0ba9\u0bbf, 24 \u0b9f\u0bbf\u0b9a\u0bae\u0bcd\u0baa\u0bb0\u0bcd, 2022 \u0b85\u0ba9\u0bcd\u0bb1\u0bc1 3:07:09 PM UTC	\u0ba4\u0bbf\u0b99\u0bcd\u0b95\u0bb3\u0bcd, 6 \u0bae\u0bbe\u0bb0\u0bcd\u0b9a\u0bcd, 2023 \u0b85\u0ba9\u0bcd\u0bb1\u0bc1 9:04:05 AM UTC	UTC	dateStyle=full,timeStyle=long,hourCycle=h12	
ta	dt_full_medium	{"dateStyle":"full","timeStyle":"medium"}	EEEE, d MMMM, y \u0b85\u0ba9\u0bcd\u0bb1\u0bc1 h:mm:ss a	\u0b9a\u0ba9\u0bbf, 24 \u0b9f\u0bbf\u0b9a\u0bae\u0bcd\u0baa\u0bb0\u0bcd, 2022 \u0b85\u0ba9\u0bcd\u0bb1\u0bc1 3:07:09 PM	\u0ba4\u0bbf\u0b99\u0bcd\u0b95\u0bb3\u0bcd, 6 \u0bae\u0bbe\u0bb0\u0bcd\u0b9a\u0bcd, 2023 \u0b85\u0ba9\u0bcd\u0bb1\u0bc1 9:04:05 AM		dateStyle=full,timeStyle=medium,hourCycle=h12	
ta	dt_full_short	{"dateStyle":"full","timeStyle":"short"}	EEEE, d MMMM, y \u0b85\u0ba9\u0bcd\u0bb1\u0bc1 h:mm a	\u0b9a\u0ba9\u0bbf, 24 \u0b9f\u0bbf\u0b9a\u0bae\u0bcd\u0baa\u0bb0\u0bcd, 2022 \u0b85\u0ba9\u0bcd\u0bb1\u0bc1 3:07 PM	\u0ba4\u0bbf\u0b99\u0bcd\u0b95\u0bb3\u0bcd, 6 \u0bae\u0bbe\u0bb0\u0bcd\u0b9a\u0bcd, 2023 \u0b85\u0ba9\u0bcd\u0bb1\u0bc1 9:04 AM		dateStyle=full,timeStyle=short,hourCycle=h12	
ta	dt_long_full	{"dateStyle":"long","timeStyle":"full"}	d MMMM, y \u0b85\u0ba9\u0bcd\u0bb1\u0bc1 h:mm:ss a zzzz	24 \u0b9f\u0bbf\u0b9a\u0bae\u0bcd\u0baa\u0bb0\u0bcd, 2022 \u0b85\u0ba9\u0bcd\u0bb1\u0bc1 3:07:09 PM \u0b92\u0bb0\u0bc1\u0b99\u0bcd\u0b95\u0bbf\u0ba3\u0bc8\u0ba8\u0bcd\u0ba4 \u0b9a\u0bb0\u0bcd\u0bb5\u0ba4\u0bc7\u0b9a \u0ba8\u0bc7\u0bb0\u0bae\u0bcd	6 \u0bae\u0bbe\u0bb0\u0bcd\u0b9a\u0bcd, 2023 \u0b85\u0ba9\u0bcd\u0bb1\u0bc1 9:04:05 AM \u0b92\u0bb0\u0bc1\u0b99\u0bcd\u0b95\u0bbf\u0ba3\u0bc8\u0ba8\u0bcd\u0ba4 \u0b9a\u0bb0\u0bcd\u0bb5\u0ba4\u0bc7\u0b9a \u0ba8\u0bc7\u0bb0\u0bae\u0bcd	\u0b92\u0bb0\u0bc1\u0b99\u0bcd\u0b95\u0bbf\u0ba3\u0bc8\u0ba8\u0bcd\u0ba4 \u0b9a\u0bb0\u0bcd\u0bb5\u0ba4\u0bc7\u0b9a \u0ba8\u0bc7\u0bb0\u0bae\u0bcd	dateStyle=long,timeStyle=full,hourCycle=h12	
ta	dt_long_long	{"dateStyle":"long","timeStyle":"long"}	d MMMM, y \u0b85\u0ba9\u0bcd\u0bb1\u0bc1 h:mm:ss a z	24 \u0b9f\u0bbf\u0b9a\u0bae\u0bcd\u0baa\u0bb0\u0bcd, 2022 \u0b85\u0ba9\u0bcd\u0bb1\u0bc1 3:07:09 PM UTC	6 \u0bae\u0bbe\u0bb0\u0bcd\u0b9a\u0bcd, 2023 \u0b85\u0ba9\u0bcd\u0bb1\u0bc1 9:04:05 AM UTC	UTC	dateStyle=long,timeStyle=long,hourCycle=h12	
ta	dt_long_medium	{"dateStyle":"long","timeStyle":"medium"}	d MMMM, y \u0b85\u0ba9\u0bcd\u0bb1\u0bc1 h:mm:ss a	24 \u0b9f\u0bbf\u0b9a\u0bae\u0bcd\u0baa\u0bb0\u0bcd, 2022 \u0b85\u0ba9\u0bcd\u0bb1\u0bc1 3:07:09 PM	6 \u0bae\u0bbe\u0bb0\u0bcd\u0b9a\u0bcd, 2023 \u0b85\u0ba9\u0bcd\u0bb1\u0bc1 9:04:05 AM		dateStyle=long,timeStyle=medium,hourCycle=h12	
ta	dt_long_short	{"dateStyle":"long","timeStyle":"short"}	d MMMM, y \u0b85\u0ba9\u0bcd\u0bb1\u0bc1 h:mm a	24 \u0b9f\u0bbf\u0b9a\u0bae\u0bcd\u0baa\u0bb0\u0bcd, 2022 \u0b85\u0ba9\u0bcd\u0bb1\u0bc1 3:07 PM	6 \u0bae\u0bbe\u0bb0\u0bcd\u0b9a\u0bcd, 2023 \u0b85\u0ba9\u0bcd\u0bb1\u0bc1 9:04 AM		dateStyle=long,timeStyle=short,hourCycle=h12	
ta	dt_medium_full	{"dateStyle":"medium","timeStyle":"full"}	d MMM, y, h:mm:ss a zzzz	24 \u0b9f\u0bbf\u0b9a., 2022, 3:07:09 PM \u0b92\u0bb0\u0bc1\u0b99\u0bcd\u0b95\u0bbf\u0ba3\u0bc8\u0ba8\u0bcd\u0ba4 \u0b9a\u0bb0\u0bcd\u0bb5\u0ba4\u0bc7\u0b9a \u0ba8\u0bc7\u0bb0\u0bae\u0bcd	6 \u0bae\u0bbe\u0bb0\u0bcd., 2023, 9:04:05 AM \u0b92\u0bb0\u0bc1\u0b99\u0bcd\u0b95\u0bbf\u0ba3\u0bc8\u0ba8\u0bcd\u0ba4 \u0b9a\u0bb0\u0bcd\u0bb5\u0ba4\u0bc7\u0b9a \u0ba8\u0bc7\u0bb0\u0bae\u0bcd	\u0b92\u0bb0\u0bc1\u0b99\u0bcd\u0b95\u0bbf\u0ba3\u0bc8\u0ba8\u0bcd\u0ba4 \u0b9a\u0bb0\u0bcd\u0bb5\u0ba4\u0bc7\u0b9a \u0ba8\u0bc7\u0bb0\u0bae\u0bcd	dateStyle=medium,timeStyle=full,hourCycle=h12	
ta	dt_medium_long	{"dateStyle":"medium","timeStyle":"long"}	d MMM, y, h:mm:ss a z	24 \u0b9f\u0bbf\u0b9a., 2022, 3:07:09 PM UTC	6 \u0bae\u0bbe\u0bb0\u0bcd., 2023, 9:04:05 AM UTC	UTC	dateStyle=medium,timeStyle=long,hourCycle=h12	
ta	dt_medium_medium	{"dateStyle":"medium","timeStyle":"medium"}	d MMM, y, h:mm:ss a	24 \u0b9f\u0bbf\u0b9a., 2022, 3:07:09 PM	6 \u0bae\u0bbe\u0bb0\u0bcd., 2023, 9:04:05 AM		dateStyle=medium,timeStyle=medium,hourCycle=h12	
ta	dt_medium_short	{"dateStyle":"medium","timeStyle":"short"}	d MMM, y, h:mm a	24 \u0b9f\u0bbf\u0b9a., 2022, 3:07 PM	6 \u0bae\u0bbe\u0bb0\u0bcd., 2023, 9:04 AM		dateStyle=medium,timeStyle=short,hourCycle=h12	
ta	dt_short_full	{"dateStyle":"short","timeStyle":"full"}	d/M/yy, h:mm:ss a zzzz	24/12/22, 3:07:09 PM \u0b92\u0bb0\u0bc1\u0b99\u0bcd\u0b95\u0bbf\u0ba3\u0bc8\u0ba8\u0bcd\u0ba4 \u0b9a\u0bb0\u0bcd\u0bb5\u0ba4\u0bc7\u0b9a \u0ba8\u0bc7\u0bb0\u0bae\u0bcd	6/3/23, 9:04:05 AM \u0b92\u0bb0\u0bc1\u0b99\u0bcd\u0b95\u0bbf\u0ba3\u0bc8\u0ba8\u0bcd\u0ba4 \u0b9a\u0bb0\u0bcd\u0bb5\u0ba4\u0bc7\u0b9a \u0ba8\u0bc7\u0bb0\u0bae\u0bcd	\u0b92\u0bb0\u0bc1\u0b99\u0bcd\u0b95\u0bbf\u0ba3\u0bc8\u0ba8\u0bcd\u0ba4 \u0b9a\u0bb0\u0bcd\u0bb5\u0ba4\u0bc7\u0b9a \u0ba8\u0bc7\u0bb0\u0bae\u0bcd	dateStyle=short,timeStyle=full,hourCycle=h12	
ta	dt_short_long	{"dateStyle":"short","timeStyle":"long"}	d/M/yy, h:mm:ss a z	24/12/22, 3:07:09 PM UTC	6/3/23, 9:04:05 AM UTC	UTC	dateStyle=short,timeStyle=long,hourCycle=h12	
ta	dt_short_medium	{"dateStyle":"short","timeStyle":"medium"}	d/M/yy, h:mm:ss a	24/12/22, 3:07:09 PM	6/3/23, 9:04:05 AM		dateStyle=short,timeStyle=medium,hourCycle=h12	
ta	dt_short_short	{"dateStyle":"short","timeStyle":"short"}	d/M/yy, h:mm a	24/12/22, 3:07 PM	6/3/23, 9:04 AM		dateStyle=short,timeStyle=short,hourCycle=h12	
ta	t_short_h23	{"timeStyle":"short","hourCycle":"h23"}	HH:mm	15:07	09:04		timeStyle=short,hourCycle=h23	
ta	t_short_h12	{"timeStyle":"short","hourCycle":"h12"}	h:mm a	3:07 PM	9:04 AM		timeStyle=short,hourCycle=h12	
ta	t_short_h11	{"timeStyle":"short","hourCycle":"h11"}	K:mm a	3:07 PM	9:04 AM		timeStyle=short,hourCycle=h11	
ta	t_short_h24	{"timeStyle":"short","hourCycle":"h24"}	kk:mm	15:07	09:04		timeStyle=short,hourCycle=h24	
ta	t_medium_12	{"timeStyle":"medium","hour12":true}	h:mm:ss a	3:07:09 PM	9:04:05 AM		timeStyle=medium,hourCycle=h12	
ta	t_medium_24	{"timeStyle":"medium","hour12":false}	HH:mm:ss	15:07:09	09:04:05		timeStyle=medium,hourCycle=h23	
ta	t_full_h23	{"timeStyle":"full","hourCycle":"h23"}	HH:mm:ss zzzz	15:07:09 \u0b92\u0bb0\u0bc1\u0b99\u0bcd\u0b95\u0bbf\u0ba3\u0bc8\u0ba8\u0bcd\u0ba4 \u0b9a\u0bb0\u0bcd\u0bb5\u0ba4\u0bc7\u0b9a \u0ba8\u0bc7\u0bb0\u0bae\u0bcd	09:04:05 \u0b92\u0bb0\u0bc1\u0b99\u0bcd\u0b95\u0bbf\u0ba3\u0bc8\u0ba8\u0bcd\u0ba4 \u0b9a\u0bb0\u0bcd\u0bb5\u0ba4\u0bc7\u0b9a \u0ba8\u0bc7\u0bb0\u0bae\u0bcd	\u0b92\u0bb0\u0bc1\u0b99\u0bcd\u0b95\u0bbf\u0ba3\u0bc8\u0ba8\u0bcd\u0ba4 \u0b9a\u0bb0\u0bcd\u0bb5\u0ba4\u0bc7\u0b9a \u0ba8\u0bc7\u0bb0\u0bae\u0bcd	timeStyle=full,hourCycle=h23	
ta	t_long_h12	{"timeStyle":"long","hourCycle":"h12"}	h:mm:ss a z	3:07:09 PM UTC	9:04:05 AM UTC	UTC	timeStyle=long,hourCycle=h12	
ta	dt_full_short_h23	{"dateStyle":"full","timeStyle":"short","hourCycle":"h23"}	EEEE, d MMMM, y \u0b85\u0ba9\u0bcd\u0bb1\u0bc1 HH:mm	\u0b9a\u0ba9\u0bbf, 24 \u0b9f\u0bbf\u0b9a\u0bae\u0bcd\u0baa\u0bb0\u0bcd, 2022 \u0b85\u0ba9\u0bcd\u0bb1\u0bc1 15:07	\u0ba4\u0bbf\u0b99\u0bcd\u0b95\u0bb3\u0bcd, 6 \u0bae\u0bbe\u0bb0\u0bcd\u0b9a\u0bcd, 2023 \u0b85\u0ba9\u0bcd\u0bb1\u0bc1 09:04		dateStyle=full,timeStyle=short,hourCycle=h23	
ta	dt_short_medium_h12	{"dateStyle":"short","timeStyle":"medium","hourCycle":"h12"}	d/M/yy, h:mm:ss a	24/12/22, 3:07:09 PM	6/3/23, 9:04:05 AM		dateStyle=short,timeStyle=medium,hourCycle=h12	
ta	dt_long_long_12	{"dateStyle":"long","timeStyle":"long","hour12":true}	d MMMM, y \u0b85\u0ba9\u0bcd\u0bb1\u0bc1 h:mm:ss a z	24 \u0b9f\u0bbf\u0b9a\u0bae\u0bcd\u0baa\u0bb0\u0bcd, 2022 \u0b85\u0ba9\u0bcd\u0bb1\u0bc1 3:07:09 PM UTC	6 \u0bae\u0bbe\u0bb0\u0bcd\u0b9a\u0bcd, 2023 \u0b85\u0ba9\u0bcd\u0bb1\u0bc1 9:04:05 AM UTC	UTC	dateStyle=long,timeStyle=long,hourCycle=h12	
ta	dt_medium_full_24	{"dateStyle":"medium","timeStyle":"full","hour12":false}	d MMM, y, HH:mm:ss zzzz	24 \u0b9f\u0bbf\u0b9a., 2022, 15:07:09 \u0b92\u0bb0\u0bc1\u0b99\u0bcd\u0b95\u0bbf\u0ba3\u0bc8\u0ba8\u0bcd\u0ba4 \u0b9a\u0bb0\u0bcd\u0bb5\u0ba4\u0bc7\u0b9a \u0ba8\u0bc7\u0bb0\u0bae\u0bcd	6 \u0bae\u0bbe\u0bb0\u0bcd., 2023, 09:04:05 \u0b92\u0bb0\u0bc1\u0b99\u0bcd\u0b95\u0bbf\u0ba3\u0bc8\u0ba8\u0bcd\u0ba4 \u0b9a\u0bb0\u0bcd\u0bb5\u0ba4\u0bc7\u0b9a \u0ba8\u0bc7\u0bb0\u0bae\u0bcd	\u0b92\u0bb0\u0bc1\u0b99\u0bcd\u0b95\u0bbf\u0ba3\u0bc8\u0ba8\u0bcd\u0ba4 \u0b9a\u0bb0\u0bcd\u0bb5\u0ba4\u0bc7\u0b9a \u0ba8\u0bc7\u0bb0\u0bae\u0bcd	dateStyle=medium,timeStyle=full,hourCycle=h23	
ta	PYM_full	{"temporal":"PlainYearMonth","dateStyle":"full"}	MMMM y	\u0b9f\u0bbf\u0b9a\u0bae\u0bcd\u0baa\u0bb0\u0bcd 2022	\u0bae\u0bbe\u0bb0\u0bcd\u0b9a\u0bcd 2023		year=numeric,month=long	
ta	PYM_long	{"temporal":"PlainYearMonth","dateStyle":"long"}	MMMM y	\u0b9f\u0bbf\u0b9a\u0bae\u0bcd\u0baa\u0bb0\u0bcd 2022	\u0bae\u0bbe\u0bb0\u0bcd\u0b9a\u0bcd 2023		year=numeric,month=long	
ta	PYM_medium	{"temporal":"PlainYearMonth","dateStyle":"medium"}	MMM y	\u0b9f\u0bbf\u0b9a. 2022	\u0bae\u0bbe\u0bb0\u0bcd. 2023		year=numeric,month=short	
ta	PYM_short	{"temporal":"PlainYearMonth","dateStyle":"short"}	M/yy	12/22	3/23		year=2-digit,month=numeric	
ta	PMD_full	{"temporal":"PlainMonthDay","dateStyle":"full"}	d MMMM	24 \u0b9f\u0bbf\u0b9a\u0bae\u0bcd\u0baa\u0bb0\u0bcd	6 \u0bae\u0bbe\u0bb0\u0bcd\u0b9a\u0bcd		month=long,day=numeric	
ta	PMD_long	{"temporal":"PlainMonthDay","dateStyle":"long"}	d MMMM	24 \u0b9f\u0bbf\u0b9a\u0bae\u0bcd\u0baa\u0bb0\u0bcd	6 \u0bae\u0bbe\u0bb0\u0bcd\u0b9a\u0bcd		month=long,day=numeric	
ta	PMD_medium	{"temporal":"PlainMonthDay","dateStyle":"medium"}	MMM d	\u0b9f\u0bbf\u0b9a. 24	\u0bae\u0bbe\u0bb0\u0bcd. 6		month=short,day=numeric	
ta	PMD_short	{"temporal":"PlainMonthDay","dateStyle":"short"}	d/M	24/12	6/3		month=numeric,day=numeric	
ta	PD_full	{"temporal":"PlainDate","dateStyle":"full"}	EEEE, d MMMM, y	\u0b9a\u0ba9\u0bbf, 24 \u0b9f\u0bbf\u0b9a\u0bae\u0bcd\u0baa\u0bb0\u0bcd, 2022	\u0ba4\u0bbf\u0b99\u0bcd\u0b95\u0bb3\u0bcd, 6 \u0bae\u0bbe\u0bb0\u0bcd\u0b9a\u0bcd, 2023		dateStyle=full	
ta	PD_short	{"temporal":"PlainDate","dateStyle":"short"}	d/M/yy	24/12/22	6/3/23		dateStyle=short	
ta	PT_full	{"temporal":"PlainTime","timeStyle":"full"}	h:mm:ss a	3:07:09 PM	9:04:05 AM		hour=numeric,minute=2-digit,second=2-digit,hourCycle=h12	
ta	PT_long	{"temporal":"PlainTime","timeStyle":"long"}	h:mm:ss a	3:07:09 PM	9:04:05 AM		hour=numeric,minute=2-digit,second=2-digit,hourCycle=h12	
ta	PT_medium	{"temporal":"PlainTime","timeStyle":"medium"}	h:mm:ss a	3:07:09 PM	9:04:05 AM		timeStyle=medium,hourCycle=h12	
ta	PDT_full_full	{"temporal":"PlainDateTime","dateStyle":"full","timeStyle":"full"}	EEEE, d MMMM, y \u0b85\u0ba9\u0bcd\u0bb1\u0bc1 h:mm:ss a	\u0b9a\u0ba9\u0bbf, 24 \u0b9f\u0bbf\u0b9a\u0bae\u0bcd\u0baa\u0bb0\u0bcd, 2022 \u0b85\u0ba9\u0bcd\u0bb1\u0bc1 3:07:09 PM	\u0ba4\u0bbf\u0b99\u0bcd\u0b95\u0bb3\u0bcd, 6 \u0bae\u0bbe\u0bb0\u0bcd\u0b9a\u0bcd, 2023 \u0b85\u0ba9\u0bcd\u0bb1\u0bc1 9:04:05 AM		weekday=long,year=numeric,month=long,day=numeric,hour=numeric,minute=2-digit,second=2-digit,hourCycle=h12	
ta	PDT_long_long	{"temporal":"PlainDateTime","dateStyle":"long","timeStyle":"long"}	d MMMM, y \u0b85\u0ba9\u0bcd\u0bb1\u0bc1 h:mm:ss a	24 \u0b9f\u0bbf\u0b9a\u0bae\u0bcd\u0baa\u0bb0\u0bcd, 2022 \u0b85\u0ba9\u0bcd\u0bb1\u0bc1 3:07:09 PM	6 \u0bae\u0bbe\u0bb0\u0bcd\u0b9a\u0bcd, 2023 \u0b85\u0ba9\u0bcd\u0bb1\u0bc1 9:04:05 AM		year=numeric,month=long,day=numeric,hour=numeric,minute=2-digit,second=2-digit,hourCycle=h12	
ta	PDT_short_full	{"temporal":"PlainDateTime","dateStyle":"short","timeStyle":"full"}	d/M/yy, h:mm:ss a	24/12/22, 3:07:09 PM	6/3/23, 9:04:05 AM		year=2-digit,month=numeric,day=numeric,hour=numeric,minute=2-digit,second=2-digit,hourCycle=h12	
ta	PDT_medium_medium	{"temporal":"PlainDateTime","dateStyle":"medium","timeStyle":"medium"}	d MMM, y, h:mm:ss a	24 \u0b9f\u0bbf\u0b9a., 2022, 3:07:09 PM	6 \u0bae\u0bbe\u0bb0\u0bcd., 2023, 9:04:05 AM		dateStyle=medium,timeStyle=medium,hourCycle=h12	
th	d_full	{"dateStyle":"full"}	EEEE\u0e17\u0e35\u0e48 d MMMM G y	\u0e27\u0e31\u0e19\u0e40\u0e2a\u0e32\u0e23\u0e4c\u0e17\u0e35\u0e48 24 \u0e18\u0e31\u0e19\u0e27\u0e32\u0e04\u0e21 \u0e04.\u0e28. 2022	\u0e27\u0e31\u0e19\u0e08\u0e31\u0e19\u0e17\u0e23\u0e4c\u0e17\u0e35\u0e48 6 \u0e21\u0e35\u0e19\u0e32\u0e04\u0e21 \u0e04.\u0e28. 2023		dateStyle=full	
th	d_long	{"dateStyle":"long"}	d MMMM G y	24 \u0e18\u0e31\u0e19\u0e27\u0e32\u0e04\u0e21 \u0e04.\u0e28. 2022	6 \u0e21\u0e35\u0e19\u0e32\u0e04\u0e21 \u0e04.\u0e28. 2023		dateStyle=long	
th	d_medium	{"dateStyle":"medium"}	d MMM y	24 \u0e18.\u0e04. 2022	6 \u0e21\u0e35.\u0e04. 2023		dateStyle=medium	
th	d_short	{"dateStyle":"short"}	d/M/yy	24/12/22	6/3/23		dateStyle=short	
th	t_full	{"timeStyle":"full"}	H \u0e19\u0e32\u0e2c\u0e34\u0e01\u0e32 mm \u0e19\u0e32\u0e17\u0e35 ss \u0e27\u0e34\u0e19\u0e32\u0e17\u0e35 zzzz	15 \u0e19\u0e32\u0e2c\u0e34\u0e01\u0e32 07 \u0e19\u0e32\u0e17\u0e35 09 \u0e27\u0e34\u0e19\u0e32\u0e17\u0e35 \u0e40\u0e27\u0e25\u0e32\u0e2a\u0e32\u0e01\u0e25\u0e40\u0e0a\u0e34\u0e07\u0e1e\u0e34\u0e01\u0e31\u0e14	9 \u0e19\u0e32\u0e2c\u0e34\u0e01\u0e32 04 \u0e19\u0e32\u0e17\u0e35 05 \u0e27\u0e34\u0e19\u0e32\u0e17\u0e35 \u0e40\u0e27\u0e25\u0e32\u0e2a\u0e32\u0e01\u0e25\u0e40\u0e0a\u0e34\u0e07\u0e1e\u0e34\u0e01\u0e31\u0e14	\u0e40\u0e27\u0e25\u0e32\u0e2a\u0e32\u0e01\u0e25\u0e40\u0e0a\u0e34\u0e07\u0e1e\u0e34\u0e01\u0e31\u0e14	timeStyle=full,hourCycle=h23	
th	t_long	{"timeStyle":"long"}	H \u0e19\u0e32\u0e2c\u0e34\u0e01\u0e32 mm \u0e19\u0e32\u0e17\u0e35 ss \u0e27\u0e34\u0e19\u0e32\u0e17\u0e35 z	15 \u0e19\u0e32\u0e2c\u0e34\u0e01\u0e32 07 \u0e19\u0e32\u0e17\u0e35 09 \u0e27\u0e34\u0e19\u0e32\u0e17\u0e35 UTC	9 \u0e19\u0e32\u0e2c\u0e34\u0e01\u0e32 04 \u0e19\u0e32\u0e17\u0e35 05 \u0e27\u0e34\u0e19\u0e32\u0e17\u0e35 UTC	UTC	timeStyle=long,hourCycle=h23	
th	t_medium	{"timeStyle":"medium"}	HH:mm:ss	15:07:09	09:04:05		timeStyle=medium,hourCycle=h23	
th	t_short	{"timeStyle":"short"}	HH:mm	15:07	09:04		timeStyle=short,hourCycle=h23	
th	dt_full_full	{"dateStyle":"full","timeStyle":"full"}	EEEE\u0e17\u0e35\u0e48 d MMMM G y \u0e40\u0e27\u0e25\u0e32 H \u0e19\u0e32\u0e2c\u0e34\u0e01\u0e32 mm \u0e19\u0e32\u0e17\u0e35 ss \u0e27\u0e34\u0e19\u0e32\u0e17\u0e35 zzzz	\u0e27\u0e31\u0e19\u0e40\u0e2a\u0e32\u0e23\u0e4c\u0e17\u0e35\u0e48 24 \u0e18\u0e31\u0e19\u0e27\u0e32\u0e04\u0e21 \u0e04.\u0e28. 2022 \u0e40\u0e27\u0e25\u0e32 15 \u0e19\u0e32\u0e2c\u0e34\u0e01\u0e32 07 \u0e19\u0e32\u0e17\u0e35 09 \u0e27\u0e34\u0e19\u0e32\u0e17\u0e35 \u0e40\u0e27\u0e25\u0e32\u0e2a\u0e32\u0e01\u0e25\u0e40\u0e0a\u0e34\u0e07\u0e1e\u0e34\u0e01\u0e31\u0e14	\u0e27\u0e31\u0e19\u0e08\u0e31\u0e19\u0e17\u0e23\u0e4c\u0e17\u0e35\u0e48 6 \u0e21\u0e35\u0e19\u0e32\u0e04\u0e21 \u0e04.\u0e28. 2023 \u0e40\u0e27\u0e25\u0e32 9 \u0e19\u0e32\u0e2c\u0e34\u0e01\u0e32 04 \u0e19\u0e32\u0e17\u0e35 05 \u0e27\u0e34\u0e19\u0e32\u0e17\u0e35 \u0e40\u0e27\u0e25\u0e32\u0e2a\u0e32\u0e01\u0e25\u0e40\u0e0a\u0e34\u0e07\u0e1e\u0e34\u0e01\u0e31\u0e14	\u0e40\u0e27\u0e25\u0e32\u0e2a\u0e32\u0e01\u0e25\u0e40\u0e0a\u0e34\u0e07\u0e1e\u0e34\u0e01\u0e31\u0e14	dateStyle=full,timeStyle=full,hourCycle=h23	
th	dt_full_long	{"dateStyle":"full","timeStyle":"long"}	EEEE\u0e17\u0e35\u0e48 d MMMM G y \u0e40\u0e27\u0e25\u0e32 H \u0e19\u0e32\u0e2c\u0e34\u0e01\u0e32 mm \u0e19\u0e32\u0e17\u0e35 ss \u0e27\u0e34\u0e19\u0e32\u0e17\u0e35 z	\u0e27\u0e31\u0e19\u0e40\u0e2a\u0e32\u0e23\u0e4c\u0e17\u0e35\u0e48 24 \u0e18\u0e31\u0e19\u0e27\u0e32\u0e04\u0e21 \u0e04.\u0e28. 2022 \u0e40\u0e27\u0e25\u0e32 15 \u0e19\u0e32\u0e2c\u0e34\u0e01\u0e32 07 \u0e19\u0e32\u0e17\u0e35 09 \u0e27\u0e34\u0e19\u0e32\u0e17\u0e35 UTC	\u0e27\u0e31\u0e19\u0e08\u0e31\u0e19\u0e17\u0e23\u0e4c\u0e17\u0e35\u0e48 6 \u0e21\u0e35\u0e19\u0e32\u0e04\u0e21 \u0e04.\u0e28. 2023 \u0e40\u0e27\u0e25\u0e32 9 \u0e19\u0e32\u0e2c\u0e34\u0e01\u0e32 04 \u0e19\u0e32\u0e17\u0e35 05 \u0e27\u0e34\u0e19\u0e32\u0e17\u0e35 UTC	UTC	dateStyle=full,timeStyle=long,hourCycle=h23	
th	dt_full_medium	{"dateStyle":"full","timeStyle":"medium"}	EEEE\u0e17\u0e35\u0e48 d MMMM G y \u0e40\u0e27\u0e25\u0e32 HH:mm:ss	\u0e27\u0e31\u0e19\u0e40\u0e2a\u0e32\u0e23\u0e4c\u0e17\u0e35\u0e48 24 \u0e18\u0e31\u0e19\u0e27\u0e32\u0e04\u0e21 \u0e04.\u0e28. 2022 \u0e40\u0e27\u0e25\u0e32 15:07:09	\u0e27\u0e31\u0e19\u0e08\u0e31\u0e19\u0e17\u0e23\u0e4c\u0e17\u0e35\u0e48 6 \u0e21\u0e35\u0e19\u0e32\u0e04\u0e21 \u0e04.\u0e28. 2023 \u0e40\u0e27\u0e25\u0e32 09:04:05		dateStyle=full,timeStyle=medium,hourCycle=h23	
th	dt_full_short	{"dateStyle":"full","timeStyle":"short"}	EEEE\u0e17\u0e35\u0e48 d MMMM G y \u0e40\u0e27\u0e25\u0e32 HH:mm	\u0e27\u0e31\u0e19\u0e40\u0e2a\u0e32\u0e23\u0e4c\u0e17\u0e35\u0e48 24 \u0e18\u0e31\u0e19\u0e27\u0e32\u0e04\u0e21 \u0e04.\u0e28. 2022 \u0e40\u0e27\u0e25\u0e32 15:07	\u0e27\u0e31\u0e19\u0e08\u0e31\u0e19\u0e17\u0e23\u0e4c\u0e17\u0e35\u0e48 6 \u0e21\u0e35\u0e19\u0e32\u0e04\u0e21 \u0e04.\u0e28. 2023 \u0e40\u0e27\u0e25\u0e32 09:04		dateStyle=full,timeStyle=short,hourCycle=h23	
th	dt_long_full	{"dateStyle":"long","timeStyle":"full"}	d MMMM G y \u0e40\u0e27\u0e25\u0e32 H \u0e19\u0e32\u0e2c\u0e34\u0e01\u0e32 mm \u0e19\u0e32\u0e17\u0e35 ss \u0e27\u0e34\u0e19\u0e32\u0e17\u0e35 zzzz	24 \u0e18\u0e31\u0e19\u0e27\u0e32\u0e04\u0e21 \u0e04.\u0e28. 2022 \u0e40\u0e27\u0e25\u0e32 15 \u0e19\u0e32\u0e2c\u0e34\u0e01\u0e32 07 \u0e19\u0e32\u0e17\u0e35 09 \u0e27\u0e34\u0e19\u0e32\u0e17\u0e35 \u0e40\u0e27\u0e25\u0e32\u0e2a\u0e32\u0e01\u0e25\u0e40\u0e0a\u0e34\u0e07\u0e1e\u0e34\u0e01\u0e31\u0e14	6 \u0e21\u0e35\u0e19\u0e32\u0e04\u0e21 \u0e04.\u0e28. 2023 \u0e40\u0e27\u0e25\u0e32 9 \u0e19\u0e32\u0e2c\u0e34\u0e01\u0e32 04 \u0e19\u0e32\u0e17\u0e35 05 \u0e27\u0e34\u0e19\u0e32\u0e17\u0e35 \u0e40\u0e27\u0e25\u0e32\u0e2a\u0e32\u0e01\u0e25\u0e40\u0e0a\u0e34\u0e07\u0e1e\u0e34\u0e01\u0e31\u0e14	\u0e40\u0e27\u0e25\u0e32\u0e2a\u0e32\u0e01\u0e25\u0e40\u0e0a\u0e34\u0e07\u0e1e\u0e34\u0e01\u0e31\u0e14	dateStyle=long,timeStyle=full,hourCycle=h23	
th	dt_long_long	{"dateStyle":"long","timeStyle":"long"}	d MMMM G y \u0e40\u0e27\u0e25\u0e32 H \u0e19\u0e32\u0e2c\u0e34\u0e01\u0e32 mm \u0e19\u0e32\u0e17\u0e35 ss \u0e27\u0e34\u0e19\u0e32\u0e17\u0e35 z	24 \u0e18\u0e31\u0e19\u0e27\u0e32\u0e04\u0e21 \u0e04.\u0e28. 2022 \u0e40\u0e27\u0e25\u0e32 15 \u0e19\u0e32\u0e2c\u0e34\u0e01\u0e32 07 \u0e19\u0e32\u0e17\u0e35 09 \u0e27\u0e34\u0e19\u0e32\u0e17\u0e35 UTC	6 \u0e21\u0e35\u0e19\u0e32\u0e04\u0e21 \u0e04.\u0e28. 2023 \u0e40\u0e27\u0e25\u0e32 9 \u0e19\u0e32\u0e2c\u0e34\u0e01\u0e32 04 \u0e19\u0e32\u0e17\u0e35 05 \u0e27\u0e34\u0e19\u0e32\u0e17\u0e35 UTC	UTC	dateStyle=long,timeStyle=long,hourCycle=h23	
th	dt_long_medium	{"dateStyle":"long","timeStyle":"medium"}	d MMMM G y \u0e40\u0e27\u0e25\u0e32 HH:mm:ss	24 \u0e18\u0e31\u0e19\u0e27\u0e32\u0e04\u0e21 \u0e04.\u0e28. 2022 \u0e40\u0e27\u0e25\u0e32 15:07:09	6 \u0e21\u0e35\u0e19\u0e32\u0e04\u0e21 \u0e04.\u0e28. 2023 \u0e40\u0e27\u0e25\u0e32 09:04:05		dateStyle=long,timeStyle=medium,hourCycle=h23	
th	dt_long_short	{"dateStyle":"long","timeStyle":"short"}	d MMMM G y \u0e40\u0e27\u0e25\u0e32 HH:mm	24 \u0e18\u0e31\u0e19\u0e27\u0e32\u0e04\u0e21 \u0e04.\u0e28. 2022 \u0e40\u0e27\u0e25\u0e32 15:07	6 \u0e21\u0e35\u0e19\u0e32\u0e04\u0e21 \u0e04.\u0e28. 2023 \u0e40\u0e27\u0e25\u0e32 09:04		dateStyle=long,timeStyle=short,hourCycle=h23	
th	dt_medium_full	{"dateStyle":"medium","timeStyle":"full"}	d MMM y H \u0e19\u0e32\u0e2c\u0e34\u0e01\u0e32 mm \u0e19\u0e32\u0e17\u0e35 ss \u0e27\u0e34\u0e19\u0e32\u0e17\u0e35 zzzz	24 \u0e18.\u0e04. 2022 15 \u0e19\u0e32\u0e2c\u0e34\u0e01\u0e32 07 \u0e19\u0e32\u0e17\u0e35 09 \u0e27\u0e34\u0e19\u0e32\u0e17\u0e35 \u0e40\u0e27\u0e25\u0e32\u0e2a\u0e32\u0e01\u0e25\u0e40\u0e0a\u0e34\u0e07\u0e1e\u0e34\u0e01\u0e31\u0e14	6 \u0e21\u0e35.\u0e04. 2023 9 \u0e19\u0e32\u0e2c\u0e34\u0e01\u0e32 04 \u0e19\u0e32\u0e17\u0e35 05 \u0e27\u0e34\u0e19\u0e32\u0e17\u0e35 \u0e40\u0e27\u0e25\u0e32\u0e2a\u0e32\u0e01\u0e25\u0e40\u0e0a\u0e34\u0e07\u0e1e\u0e34\u0e01\u0e31\u0e14	\u0e40\u0e27\u0e25\u0e32\u0e2a\u0e32\u0e01\u0e25\u0e40\u0e0a\u0e34\u0e07\u0e1e\u0e34\u0e01\u0e31\u0e14	dateStyle=medium,timeStyle=full,hourCycle=h23	
th	dt_medium_long	{"dateStyle":"medium","timeStyle":"long"}	d MMM y H \u0e19\u0e32\u0e2c\u0e34\u0e01\u0e32 mm \u0e19\u0e32\u0e17\u0e35 ss \u0e27\u0e34\u0e19\u0e32\u0e17\u0e35 z	24 \u0e18.\u0e04. 2022 15 \u0e19\u0e32\u0e2c\u0e34\u0e01\u0e32 07 \u0e19\u0e32\u0e17\u0e35 09 \u0e27\u0e34\u0e19\u0e32\u0e17\u0e35 UTC	6 \u0e21\u0e35.\u0e04. 2023 9 \u0e19\u0e32\u0e2c\u0e34\u0e01\u0e32 04 \u0e19\u0e32\u0e17\u0e35 05 \u0e27\u0e34\u0e19\u0e32\u0e17\u0e35 UTC	UTC	dateStyle=medium,timeStyle=long,hourCycle=h23	
th	dt_medium_medium	{"dateStyle":"medium","timeStyle":"medium"}	d MMM y HH:mm:ss	24 \u0e18.\u0e04. 2022 15:07:09	6 \u0e21\u0e35.\u0e04. 2023 09:04:05		dateStyle=medium,timeStyle=medium,hourCycle=h23	
th	dt_medium_short	{"dateStyle":"medium","timeStyle":"short"}	d MMM y HH:mm	24 \u0e18.\u0e04. 2022 15:07	6 \u0e21\u0e35.\u0e04. 2023 09:04		dateStyle=medium,timeStyle=short,hourCycle=h23	
th	dt_short_full	{"dateStyle":"short","timeStyle":"full"}	d/M/yy H \u0e19\u0e32\u0e2c\u0e34\u0e01\u0e32 mm \u0e19\u0e32\u0e17\u0e35 ss \u0e27\u0e34\u0e19\u0e32\u0e17\u0e35 zzzz	24/12/22 15 \u0e19\u0e32\u0e2c\u0e34\u0e01\u0e32 07 \u0e19\u0e32\u0e17\u0e35 09 \u0e27\u0e34\u0e19\u0e32\u0e17\u0e35 \u0e40\u0e27\u0e25\u0e32\u0e2a\u0e32\u0e01\u0e25\u0e40\u0e0a\u0e34\u0e07\u0e1e\u0e34\u0e01\u0e31\u0e14	6/3/23 9 \u0e19\u0e32\u0e2c\u0e34\u0e01\u0e32 04 \u0e19\u0e32\u0e17\u0e35 05 \u0e27\u0e34\u0e19\u0e32\u0e17\u0e35 \u0e40\u0e27\u0e25\u0e32\u0e2a\u0e32\u0e01\u0e25\u0e40\u0e0a\u0e34\u0e07\u0e1e\u0e34\u0e01\u0e31\u0e14	\u0e40\u0e27\u0e25\u0e32\u0e2a\u0e32\u0e01\u0e25\u0e40\u0e0a\u0e34\u0e07\u0e1e\u0e34\u0e01\u0e31\u0e14	dateStyle=short,timeStyle=full,hourCycle=h23	
th	dt_short_long	{"dateStyle":"short","timeStyle":"long"}	d/M/yy H \u0e19\u0e32\u0e2c\u0e34\u0e01\u0e32 mm \u0e19\u0e32\u0e17\u0e35 ss \u0e27\u0e34\u0e19\u0e32\u0e17\u0e35 z	24/12/22 15 \u0e19\u0e32\u0e2c\u0e34\u0e01\u0e32 07 \u0e19\u0e32\u0e17\u0e35 09 \u0e27\u0e34\u0e19\u0e32\u0e17\u0e35 UTC	6/3/23 9 \u0e19\u0e32\u0e2c\u0e34\u0e01\u0e32 04 \u0e19\u0e32\u0e17\u0e35 05 \u0e27\u0e34\u0e19\u0e32\u0e17\u0e35 UTC	UTC	dateStyle=short,timeStyle=long,hourCycle=h23	
th	dt_short_medium	{"dateStyle":"short","timeStyle":"medium"}	d/M/yy HH:mm:ss	24/12/22 15:07:09	6/3/23 09:04:05		dateStyle=short,timeStyle=medium,hourCycle=h23	
th	dt_short_short	{"dateStyle":"short","timeStyle":"short"}	d/M/yy HH:mm	24/12/22 15:07	6/3/23 09:04		dateStyle=short,timeStyle=short,hourCycle=h23	
th	t_short_h23	{"timeStyle":"short","hourCycle":"h23"}	HH:mm	15:07	09:04		timeStyle=short,hourCycle=h23	
th	t_short_h12	{"timeStyle":"short","hourCycle":"h12"}	hh:mm a	03:07 PM	09:04 AM		timeStyle=short,hourCycle=h12	
th	t_short_h11	{"timeStyle":"short","hourCycle":"h11"}	KK:mm a	03:07 PM	09:04 AM		timeStyle=short,hourCycle=h11	
th	t_short_h24	{"timeStyle":"short","hourCycle":"h24"}	kk:mm	15:07	09:04		timeStyle=short,hourCycle=h24	
th	t_medium_12	{"timeStyle":"medium","hour12":true}	hh:mm:ss a	03:07:09 PM	09:04:05 AM		timeStyle=medium,hourCycle=h12	
th	t_medium_24	{"timeStyle":"medium","hour12":false}	HH:mm:ss	15:07:09	09:04:05		timeStyle=medium,hourCycle=h23	
th	t_full_h23	{"timeStyle":"full","hourCycle":"h23"}	H \u0e19\u0e32\u0e2c\u0e34\u0e01\u0e32 mm \u0e19\u0e32\u0e17\u0e35 ss \u0e27\u0e34\u0e19\u0e32\u0e17\u0e35 zzzz	15 \u0e19\u0e32\u0e2c\u0e34\u0e01\u0e32 07 \u0e19\u0e32\u0e17\u0e35 09 \u0e27\u0e34\u0e19\u0e32\u0e17\u0e35 \u0e40\u0e27\u0e25\u0e32\u0e2a\u0e32\u0e01\u0e25\u0e40\u0e0a\u0e34\u0e07\u0e1e\u0e34\u0e01\u0e31\u0e14	9 \u0e19\u0e32\u0e2c\u0e34\u0e01\u0e32 04 \u0e19\u0e32\u0e17\u0e35 05 \u0e27\u0e34\u0e19\u0e32\u0e17\u0e35 \u0e40\u0e27\u0e25\u0e32\u0e2a\u0e32\u0e01\u0e25\u0e40\u0e0a\u0e34\u0e07\u0e1e\u0e34\u0e01\u0e31\u0e14	\u0e40\u0e27\u0e25\u0e32\u0e2a\u0e32\u0e01\u0e25\u0e40\u0e0a\u0e34\u0e07\u0e1e\u0e34\u0e01\u0e31\u0e14	timeStyle=full,hourCycle=h23	
th	t_long_h12	{"timeStyle":"long","hourCycle":"h12"}	h:mm:ss a z	3:07:09 PM UTC	9:04:05 AM UTC	UTC	timeStyle=long,hourCycle=h12	
th	dt_full_short_h23	{"dateStyle":"full","timeStyle":"short","hourCycle":"h23"}	EEEE\u0e17\u0e35\u0e48 d MMMM G y \u0e40\u0e27\u0e25\u0e32 HH:mm	\u0e27\u0e31\u0e19\u0e40\u0e2a\u0e32\u0e23\u0e4c\u0e17\u0e35\u0e48 24 \u0e18\u0e31\u0e19\u0e27\u0e32\u0e04\u0e21 \u0e04.\u0e28. 2022 \u0e40\u0e27\u0e25\u0e32 15:07	\u0e27\u0e31\u0e19\u0e08\u0e31\u0e19\u0e17\u0e23\u0e4c\u0e17\u0e35\u0e48 6 \u0e21\u0e35\u0e19\u0e32\u0e04\u0e21 \u0e04.\u0e28. 2023 \u0e40\u0e27\u0e25\u0e32 09:04		dateStyle=full,timeStyle=short,hourCycle=h23	
th	dt_short_medium_h12	{"dateStyle":"short","timeStyle":"medium","hourCycle":"h12"}	d/M/yy hh:mm:ss a	24/12/22 03:07:09 PM	6/3/23 09:04:05 AM		dateStyle=short,timeStyle=medium,hourCycle=h12	
th	dt_long_long_12	{"dateStyle":"long","timeStyle":"long","hour12":true}	d MMMM G y \u0e40\u0e27\u0e25\u0e32 h:mm:ss a z	24 \u0e18\u0e31\u0e19\u0e27\u0e32\u0e04\u0e21 \u0e04.\u0e28. 2022 \u0e40\u0e27\u0e25\u0e32 3:07:09 PM UTC	6 \u0e21\u0e35\u0e19\u0e32\u0e04\u0e21 \u0e04.\u0e28. 2023 \u0e40\u0e27\u0e25\u0e32 9:04:05 AM UTC	UTC	dateStyle=long,timeStyle=long,hourCycle=h12	
th	dt_medium_full_24	{"dateStyle":"medium","timeStyle":"full","hour12":false}	d MMM y H \u0e19\u0e32\u0e2c\u0e34\u0e01\u0e32 mm \u0e19\u0e32\u0e17\u0e35 ss \u0e27\u0e34\u0e19\u0e32\u0e17\u0e35 zzzz	24 \u0e18.\u0e04. 2022 15 \u0e19\u0e32\u0e2c\u0e34\u0e01\u0e32 07 \u0e19\u0e32\u0e17\u0e35 09 \u0e27\u0e34\u0e19\u0e32\u0e17\u0e35 \u0e40\u0e27\u0e25\u0e32\u0e2a\u0e32\u0e01\u0e25\u0e40\u0e0a\u0e34\u0e07\u0e1e\u0e34\u0e01\u0e31\u0e14	6 \u0e21\u0e35.\u0e04. 2023 9 \u0e19\u0e32\u0e2c\u0e34\u0e01\u0e32 04 \u0e19\u0e32\u0e17\u0e35 05 \u0e27\u0e34\u0e19\u0e32\u0e17\u0e35 \u0e40\u0e27\u0e25\u0e32\u0e2a\u0e32\u0e01\u0e25\u0e40\u0e0a\u0e34\u0e07\u0e1e\u0e34\u0e01\u0e31\u0e14	\u0e40\u0e27\u0e25\u0e32\u0e2a\u0e32\u0e01\u0e25\u0e40\u0e0a\u0e34\u0e07\u0e1e\u0e34\u0e01\u0e31\u0e14	dateStyle=medium,timeStyle=full,hourCycle=h23	
th	PYM_full	{"temporal":"PlainYearMonth","dateStyle":"full"}	MMMM G y	\u0e18\u0e31\u0e19\u0e27\u0e32\u0e04\u0e21 \u0e04.\u0e28. 2022	\u0e21\u0e35\u0e19\u0e32\u0e04\u0e21 \u0e04.\u0e28. 2023		era=short,year=numeric,month=long	
th	PYM_long	{"temporal":"PlainYearMonth","dateStyle":"long"}	MMMM G y	\u0e18\u0e31\u0e19\u0e27\u0e32\u0e04\u0e21 \u0e04.\u0e28. 2022	\u0e21\u0e35\u0e19\u0e32\u0e04\u0e21 \u0e04.\u0e28. 2023		era=short,year=numeric,month=long	
th	PYM_medium	{"temporal":"PlainYearMonth","dateStyle":"medium"}	MMM y	\u0e18.\u0e04. 2022	\u0e21\u0e35.\u0e04. 2023		year=numeric,month=short	
th	PYM_short	{"temporal":"PlainYearMonth","dateStyle":"short"}	M/yy	12/22	3/23		year=2-digit,month=numeric	
th	PMD_full	{"temporal":"PlainMonthDay","dateStyle":"full"}	d MMMM	24 \u0e18\u0e31\u0e19\u0e27\u0e32\u0e04\u0e21	6 \u0e21\u0e35\u0e19\u0e32\u0e04\u0e21		month=long,day=numeric	
th	PMD_long	{"temporal":"PlainMonthDay","dateStyle":"long"}	d MMMM	24 \u0e18\u0e31\u0e19\u0e27\u0e32\u0e04\u0e21	6 \u0e21\u0e35\u0e19\u0e32\u0e04\u0e21		month=long,day=numeric	
th	PMD_medium	{"temporal":"PlainMonthDay","dateStyle":"medium"}	d MMM	24 \u0e18.\u0e04.	6 \u0e21\u0e35.\u0e04.		month=short,day=numeric	
th	PMD_short	{"temporal":"PlainMonthDay","dateStyle":"short"}	d/M	24/12	6/3		month=numeric,day=numeric	
th	PD_full	{"temporal":"PlainDate","dateStyle":"full"}	EEEE\u0e17\u0e35\u0e48 d MMMM G y	\u0e27\u0e31\u0e19\u0e40\u0e2a\u0e32\u0e23\u0e4c\u0e17\u0e35\u0e48 24 \u0e18\u0e31\u0e19\u0e27\u0e32\u0e04\u0e21 \u0e04.\u0e28. 2022	\u0e27\u0e31\u0e19\u0e08\u0e31\u0e19\u0e17\u0e23\u0e4c\u0e17\u0e35\u0e48 6 \u0e21\u0e35\u0e19\u0e32\u0e04\u0e21 \u0e04.\u0e28. 2023		dateStyle=full	
th	PD_short	{"temporal":"PlainDate","dateStyle":"short"}	d/M/yy	24/12/22	6/3/23		dateStyle=short	
th	PT_full	{"temporal":"PlainTime","timeStyle":"full"}	H:mm:ss	15:07:09	9:04:05		hour=numeric,minute=2-digit,second=2-digit,hourCycle=h23	
th	PT_long	{"temporal":"PlainTime","timeStyle":"long"}	H:mm:ss	15:07:09	9:04:05		hour=numeric,minute=2-digit,second=2-digit,hourCycle=h23	
th	PT_medium	{"temporal":"PlainTime","timeStyle":"medium"}	HH:mm:ss	15:07:09	09:04:05		timeStyle=medium,hourCycle=h23	
th	PDT_full_full	{"temporal":"PlainDateTime","dateStyle":"full","timeStyle":"full"}	EEEE\u0e17\u0e35\u0e48 d MMMM G y \u0e40\u0e27\u0e25\u0e32 H:mm:ss	\u0e27\u0e31\u0e19\u0e40\u0e2a\u0e32\u0e23\u0e4c\u0e17\u0e35\u0e48 24 \u0e18\u0e31\u0e19\u0e27\u0e32\u0e04\u0e21 \u0e04.\u0e28. 2022 \u0e40\u0e27\u0e25\u0e32 15:07:09	\u0e27\u0e31\u0e19\u0e08\u0e31\u0e19\u0e17\u0e23\u0e4c\u0e17\u0e35\u0e48 6 \u0e21\u0e35\u0e19\u0e32\u0e04\u0e21 \u0e04.\u0e28. 2023 \u0e40\u0e27\u0e25\u0e32 9:04:05		weekday=long,era=short,year=numeric,month=long,day=numeric,hour=numeric,minute=2-digit,second=2-digit,hourCycle=h23	
th	PDT_long_long	{"temporal":"PlainDateTime","dateStyle":"long","timeStyle":"long"}	d MMMM G y \u0e40\u0e27\u0e25\u0e32 H:mm:ss	24 \u0e18\u0e31\u0e19\u0e27\u0e32\u0e04\u0e21 \u0e04.\u0e28. 2022 \u0e40\u0e27\u0e25\u0e32 15:07:09	6 \u0e21\u0e35\u0e19\u0e32\u0e04\u0e21 \u0e04.\u0e28. 2023 \u0e40\u0e27\u0e25\u0e32 9:04:05		era=short,year=numeric,month=long,day=numeric,hour=numeric,minute=2-digit,second=2-digit,hourCycle=h23	
th	PDT_short_full	{"temporal":"PlainDateTime","dateStyle":"short","timeStyle":"full"}	d/M/yy H:mm:ss	24/12/22 15:07:09	6/3/23 9:04:05		year=2-digit,month=numeric,day=numeric,hour=numeric,minute=2-digit,second=2-digit,hourCycle=h23	
th	PDT_medium_medium	{"temporal":"PlainDateTime","dateStyle":"medium","timeStyle":"medium"}	d MMM y HH:mm:ss	24 \u0e18.\u0e04. 2022 15:07:09	6 \u0e21\u0e35.\u0e04. 2023 09:04:05		dateStyle=medium,timeStyle=medium,hourCycle=h23	
tr	d_full	{"dateStyle":"full"}	d MMMM y EEEE	24 Aral\u0131k 2022 Cumartesi	6 Mart 2023 Pazartesi		dateStyle=full	
tr	d_long	{"dateStyle":"long"}	d MMMM y	24 Aral\u0131k 2022	6 Mart 2023		dateStyle=long	
tr	d_medium	{"dateStyle":"medium"}	d MMM y	24 Ara 2022	6 Mar 2023		dateStyle=medium	
tr	d_short	{"dateStyle":"short"}	d.MM.y	24.12.2022	6.03.2023		dateStyle=short	
tr	t_full	{"timeStyle":"full"}	HH:mm:ss zzzz	15:07:09 E\u015f G\u00fcd\u00fcml\u00fc Evrensel Zaman	09:04:05 E\u015f G\u00fcd\u00fcml\u00fc Evrensel Zaman	E\u015f G\u00fcd\u00fcml\u00fc Evrensel Zaman	timeStyle=full,hourCycle=h23	
tr	t_long	{"timeStyle":"long"}	HH:mm:ss z	15:07:09 UTC	09:04:05 UTC	UTC	timeStyle=long,hourCycle=h23	
tr	t_medium	{"timeStyle":"medium"}	HH:mm:ss	15:07:09	09:04:05		timeStyle=medium,hourCycle=h23	
tr	t_short	{"timeStyle":"short"}	HH:mm	15:07	09:04		timeStyle=short,hourCycle=h23	
tr	dt_full_full	{"dateStyle":"full","timeStyle":"full"}	d MMMM y EEEE HH:mm:ss zzzz	24 Aral\u0131k 2022 Cumartesi 15:07:09 E\u015f G\u00fcd\u00fcml\u00fc Evrensel Zaman	6 Mart 2023 Pazartesi 09:04:05 E\u015f G\u00fcd\u00fcml\u00fc Evrensel Zaman	E\u015f G\u00fcd\u00fcml\u00fc Evrensel Zaman	dateStyle=full,timeStyle=full,hourCycle=h23	
tr	dt_full_long	{"dateStyle":"full","timeStyle":"long"}	d MMMM y EEEE HH:mm:ss z	24 Aral\u0131k 2022 Cumartesi 15:07:09 UTC	6 Mart 2023 Pazartesi 09:04:05 UTC	UTC	dateStyle=full,timeStyle=long,hourCycle=h23	
tr	dt_full_medium	{"dateStyle":"full","timeStyle":"medium"}	d MMMM y EEEE HH:mm:ss	24 Aral\u0131k 2022 Cumartesi 15:07:09	6 Mart 2023 Pazartesi 09:04:05		dateStyle=full,timeStyle=medium,hourCycle=h23	
tr	dt_full_short	{"dateStyle":"full","timeStyle":"short"}	d MMMM y EEEE HH:mm	24 Aral\u0131k 2022 Cumartesi 15:07	6 Mart 2023 Pazartesi 09:04		dateStyle=full,timeStyle=short,hourCycle=h23	
tr	dt_long_full	{"dateStyle":"long","timeStyle":"full"}	d MMMM y HH:mm:ss zzzz	24 Aral\u0131k 2022 15:07:09 E\u015f G\u00fcd\u00fcml\u00fc Evrensel Zaman	6 Mart 2023 09:04:05 E\u015f G\u00fcd\u00fcml\u00fc Evrensel Zaman	E\u015f G\u00fcd\u00fcml\u00fc Evrensel Zaman	dateStyle=long,timeStyle=full,hourCycle=h23	
tr	dt_long_long	{"dateStyle":"long","timeStyle":"long"}	d MMMM y HH:mm:ss z	24 Aral\u0131k 2022 15:07:09 UTC	6 Mart 2023 09:04:05 UTC	UTC	dateStyle=long,timeStyle=long,hourCycle=h23	
tr	dt_long_medium	{"dateStyle":"long","timeStyle":"medium"}	d MMMM y HH:mm:ss	24 Aral\u0131k 2022 15:07:09	6 Mart 2023 09:04:05		dateStyle=long,timeStyle=medium,hourCycle=h23	
tr	dt_long_short	{"dateStyle":"long","timeStyle":"short"}	d MMMM y HH:mm	24 Aral\u0131k 2022 15:07	6 Mart 2023 09:04		dateStyle=long,timeStyle=short,hourCycle=h23	
tr	dt_medium_full	{"dateStyle":"medium","timeStyle":"full"}	d MMM y HH:mm:ss zzzz	24 Ara 2022 15:07:09 E\u015f G\u00fcd\u00fcml\u00fc Evrensel Zaman	6 Mar 2023 09:04:05 E\u015f G\u00fcd\u00fcml\u00fc Evrensel Zaman	E\u015f G\u00fcd\u00fcml\u00fc Evrensel Zaman	dateStyle=medium,timeStyle=full,hourCycle=h23	
tr	dt_medium_long	{"dateStyle":"medium","timeStyle":"long"}	d MMM y HH:mm:ss z	24 Ara 2022 15:07:09 UTC	6 Mar 2023 09:04:05 UTC	UTC	dateStyle=medium,timeStyle=long,hourCycle=h23	
tr	dt_medium_medium	{"dateStyle":"medium","timeStyle":"medium"}	d MMM y HH:mm:ss	24 Ara 2022 15:07:09	6 Mar 2023 09:04:05		dateStyle=medium,timeStyle=medium,hourCycle=h23	
tr	dt_medium_short	{"dateStyle":"medium","timeStyle":"short"}	d MMM y HH:mm	24 Ara 2022 15:07	6 Mar 2023 09:04		dateStyle=medium,timeStyle=short,hourCycle=h23	
tr	dt_short_full	{"dateStyle":"short","timeStyle":"full"}	d.MM.y HH:mm:ss zzzz	24.12.2022 15:07:09 E\u015f G\u00fcd\u00fcml\u00fc Evrensel Zaman	6.03.2023 09:04:05 E\u015f G\u00fcd\u00fcml\u00fc Evrensel Zaman	E\u015f G\u00fcd\u00fcml\u00fc Evrensel Zaman	dateStyle=short,timeStyle=full,hourCycle=h23	
tr	dt_short_long	{"dateStyle":"short","timeStyle":"long"}	d.MM.y HH:mm:ss z	24.12.2022 15:07:09 UTC	6.03.2023 09:04:05 UTC	UTC	dateStyle=short,timeStyle=long,hourCycle=h23	
tr	dt_short_medium	{"dateStyle":"short","timeStyle":"medium"}	d.MM.y HH:mm:ss	24.12.2022 15:07:09	6.03.2023 09:04:05		dateStyle=short,timeStyle=medium,hourCycle=h23	
tr	dt_short_short	{"dateStyle":"short","timeStyle":"short"}	d.MM.y HH:mm	24.12.2022 15:07	6.03.2023 09:04		dateStyle=short,timeStyle=short,hourCycle=h23	
tr	t_short_h23	{"timeStyle":"short","hourCycle":"h23"}	HH:mm	15:07	09:04		timeStyle=short,hourCycle=h23	
tr	t_short_h12	{"timeStyle":"short","hourCycle":"h12"}	a\u202fhh:mm	\u00d6S 03:07	\u00d6\u00d6 09:04		timeStyle=short,hourCycle=h12	
tr	t_short_h11	{"timeStyle":"short","hourCycle":"h11"}	a\u202fKK:mm	\u00d6S 03:07	\u00d6\u00d6 09:04		timeStyle=short,hourCycle=h11	
tr	t_short_h24	{"timeStyle":"short","hourCycle":"h24"}	kk:mm	15:07	09:04		timeStyle=short,hourCycle=h24	
tr	t_medium_12	{"timeStyle":"medium","hour12":true}	a\u202fhh:mm:ss	\u00d6S 03:07:09	\u00d6\u00d6 09:04:05		timeStyle=medium,hourCycle=h12	
tr	t_medium_24	{"timeStyle":"medium","hour12":false}	HH:mm:ss	15:07:09	09:04:05		timeStyle=medium,hourCycle=h23	
tr	t_full_h23	{"timeStyle":"full","hourCycle":"h23"}	HH:mm:ss zzzz	15:07:09 E\u015f G\u00fcd\u00fcml\u00fc Evrensel Zaman	09:04:05 E\u015f G\u00fcd\u00fcml\u00fc Evrensel Zaman	E\u015f G\u00fcd\u00fcml\u00fc Evrensel Zaman	timeStyle=full,hourCycle=h23	
tr	t_long_h12	{"timeStyle":"long","hourCycle":"h12"}	a\u202fhh:mm:ss z	\u00d6S 03:07:09 UTC	\u00d6\u00d6 09:04:05 UTC	UTC	timeStyle=long,hourCycle=h12	
tr	dt_full_short_h23	{"dateStyle":"full","timeStyle":"short","hourCycle":"h23"}	d MMMM y EEEE HH:mm	24 Aral\u0131k 2022 Cumartesi 15:07	6 Mart 2023 Pazartesi 09:04		dateStyle=full,timeStyle=short,hourCycle=h23	
tr	dt_short_medium_h12	{"dateStyle":"short","timeStyle":"medium","hourCycle":"h12"}	d.MM.y a\u202fhh:mm:ss	24.12.2022 \u00d6S 03:07:09	6.03.2023 \u00d6\u00d6 09:04:05		dateStyle=short,timeStyle=medium,hourCycle=h12	
tr	dt_long_long_12	{"dateStyle":"long","timeStyle":"long","hour12":true}	d MMMM y a\u202fhh:mm:ss z	24 Aral\u0131k 2022 \u00d6S 03:07:09 UTC	6 Mart 2023 \u00d6\u00d6 09:04:05 UTC	UTC	dateStyle=long,timeStyle=long,hourCycle=h12	
tr	dt_medium_full_24	{"dateStyle":"medium","timeStyle":"full","hour12":false}	d MMM y HH:mm:ss zzzz	24 Ara 2022 15:07:09 E\u015f G\u00fcd\u00fcml\u00fc Evrensel Zaman	6 Mar 2023 09:04:05 E\u015f G\u00fcd\u00fcml\u00fc Evrensel Zaman	E\u015f G\u00fcd\u00fcml\u00fc Evrensel Zaman	dateStyle=medium,timeStyle=full,hourCycle=h23	
tr	PYM_full	{"temporal":"PlainYearMonth","dateStyle":"full"}	MMMM y	Aral\u0131k 2022	Mart 2023		year=numeric,month=long	
tr	PYM_long	{"temporal":"PlainYearMonth","dateStyle":"long"}	MMMM y	Aral\u0131k 2022	Mart 2023		year=numeric,month=long	
tr	PYM_medium	{"temporal":"PlainYearMonth","dateStyle":"medium"}	MMM y	Ara 2022	Mar 2023		year=numeric,month=short	
tr	PYM_short	{"temporal":"PlainYearMonth","dateStyle":"short"}	MM.y	12.2022	03.2023		year=numeric,month=2-digit	
tr	PMD_full	{"temporal":"PlainMonthDay","dateStyle":"full"}	d MMMM	24 Aral\u0131k	6 Mart		month=long,day=numeric	
tr	PMD_long	{"temporal":"PlainMonthDay","dateStyle":"long"}	d MMMM	24 Aral\u0131k	6 Mart		month=long,day=numeric	
tr	PMD_medium	{"temporal":"PlainMonthDay","dateStyle":"medium"}	d MMM	24 Ara	6 Mar		month=short,day=numeric	
tr	PMD_short	{"temporal":"PlainMonthDay","dateStyle":"short"}	d/MM	24/12	6/03		month=2-digit,day=numeric	
tr	PD_full	{"temporal":"PlainDate","dateStyle":"full"}	d MMMM y EEEE	24 Aral\u0131k 2022 Cumartesi	6 Mart 2023 Pazartesi		dateStyle=full	
tr	PD_short	{"temporal":"PlainDate","dateStyle":"short"}	d.MM.y	24.12.2022	6.03.2023		dateStyle=short	
tr	PT_full	{"temporal":"PlainTime","timeStyle":"full"}	HH:mm:ss	15:07:09	09:04:05		hour=2-digit,minute=2-digit,second=2-digit,hourCycle=h23	
tr	PT_long	{"temporal":"PlainTime","timeStyle":"long"}	HH:mm:ss	15:07:09	09:04:05		hour=2-digit,minute=2-digit,second=2-digit,hourCycle=h23	
tr	PT_medium	{"temporal":"PlainTime","timeStyle":"medium"}	HH:mm:ss	15:07:09	09:04:05		timeStyle=medium,hourCycle=h23	
tr	PDT_full_full	{"temporal":"PlainDateTime","dateStyle":"full","timeStyle":"full"}	d MMMM y EEEE HH:mm:ss	24 Aral\u0131k 2022 Cumartesi 15:07:09	6 Mart 2023 Pazartesi 09:04:05		weekday=long,year=numeric,month=long,day=numeric,hour=2-digit,minute=2-digit,second=2-digit,hourCycle=h23	
tr	PDT_long_long	{"temporal":"PlainDateTime","dateStyle":"long","timeStyle":"long"}	d MMMM y HH:mm:ss	24 Aral\u0131k 2022 15:07:09	6 Mart 2023 09:04:05		year=numeric,month=long,day=numeric,hour=2-digit,minute=2-digit,second=2-digit,hourCycle=h23	
tr	PDT_short_full	{"temporal":"PlainDateTime","dateStyle":"short","timeStyle":"full"}	d.MM.y HH:mm:ss	24.12.2022 15:07:09	6.03.2023 09:04:05		year=numeric,month=2-digit,day=numeric,hour=2-digit,minute=2-digit,second=2-digit,hourCycle=h23	
tr	PDT_medium_medium	{"temporal":"PlainDateTime","dateStyle":"medium","timeStyle":"medium"}	d MMM y HH:mm:ss	24 Ara 2022 15:07:09	6 Mar 2023 09:04:05		dateStyle=medium,timeStyle=medium,hourCycle=h23	
uk	d_full	{"dateStyle":"full"}	EEEE, d MMMM y\u202f'\u0440'.	\u0441\u0443\u0431\u043e\u0442\u0430, 24 \u0433\u0440\u0443\u0434\u043d\u044f 2022 \u0440.	\u043f\u043e\u043d\u0435\u0434\u0456\u043b\u043e\u043a, 6 \u0431\u0435\u0440\u0435\u0437\u043d\u044f 2023 \u0440.		dateStyle=full	
uk	d_long	{"dateStyle":"long"}	d MMMM y\u202f'\u0440'.	24 \u0433\u0440\u0443\u0434\u043d\u044f 2022 \u0440.	6 \u0431\u0435\u0440\u0435\u0437\u043d\u044f 2023 \u0440.		dateStyle=long	
uk	d_medium	{"dateStyle":"medium"}	d MMM y\u202f'\u0440'.	24 \u0433\u0440\u0443\u0434. 2022 \u0440.	6 \u0431\u0435\u0440. 2023 \u0440.		dateStyle=medium	
uk	d_short	{"dateStyle":"short"}	dd.MM.yy	24.12.22	06.03.23		dateStyle=short	
uk	t_full	{"timeStyle":"full"}	HH:mm:ss zzzz	15:07:09 \u0437\u0430 \u0432\u0441\u0435\u0441\u0432\u0456\u0442\u043d\u0456\u043c \u043a\u043e\u043e\u0440\u0434\u0438\u043d\u043e\u0432\u0430\u043d\u0438\u043c \u0447\u0430\u0441\u043e\u043c	09:04:05 \u0437\u0430 \u0432\u0441\u0435\u0441\u0432\u0456\u0442\u043d\u0456\u043c \u043a\u043e\u043e\u0440\u0434\u0438\u043d\u043e\u0432\u0430\u043d\u0438\u043c \u0447\u0430\u0441\u043e\u043c	\u0437\u0430 \u0432\u0441\u0435\u0441\u0432\u0456\u0442\u043d\u0456\u043c \u043a\u043e\u043e\u0440\u0434\u0438\u043d\u043e\u0432\u0430\u043d\u0438\u043c \u0447\u0430\u0441\u043e\u043c	timeStyle=full,hourCycle=h23	
uk	t_long	{"timeStyle":"long"}	HH:mm:ss z	15:07:09 UTC	09:04:05 UTC	UTC	timeStyle=long,hourCycle=h23	
uk	t_medium	{"timeStyle":"medium"}	HH:mm:ss	15:07:09	09:04:05		timeStyle=medium,hourCycle=h23	
uk	t_short	{"timeStyle":"short"}	HH:mm	15:07	09:04		timeStyle=short,hourCycle=h23	
uk	dt_full_full	{"dateStyle":"full","timeStyle":"full"}	EEEE, d MMMM y\u202f'\u0440'. '\u043e' HH:mm:ss zzzz	\u0441\u0443\u0431\u043e\u0442\u0430, 24 \u0433\u0440\u0443\u0434\u043d\u044f 2022 \u0440. \u043e 15:07:09 \u0437\u0430 \u0432\u0441\u0435\u0441\u0432\u0456\u0442\u043d\u0456\u043c \u043a\u043e\u043e\u0440\u0434\u0438\u043d\u043e\u0432\u0430\u043d\u0438\u043c \u0447\u0430\u0441\u043e\u043c	\u043f\u043e\u043d\u0435\u0434\u0456\u043b\u043e\u043a, 6 \u0431\u0435\u0440\u0435\u0437\u043d\u044f 2023 \u0440. \u043e 09:04:05 \u0437\u0430 \u0432\u0441\u0435\u0441\u0432\u0456\u0442\u043d\u0456\u043c \u043a\u043e\u043e\u0440\u0434\u0438\u043d\u043e\u0432\u0430\u043d\u0438\u043c \u0447\u0430\u0441\u043e\u043c	\u0437\u0430 \u0432\u0441\u0435\u0441\u0432\u0456\u0442\u043d\u0456\u043c \u043a\u043e\u043e\u0440\u0434\u0438\u043d\u043e\u0432\u0430\u043d\u0438\u043c \u0447\u0430\u0441\u043e\u043c	dateStyle=full,timeStyle=full,hourCycle=h23	
uk	dt_full_long	{"dateStyle":"full","timeStyle":"long"}	EEEE, d MMMM y\u202f'\u0440'. '\u043e' HH:mm:ss z	\u0441\u0443\u0431\u043e\u0442\u0430, 24 \u0433\u0440\u0443\u0434\u043d\u044f 2022 \u0440. \u043e 15:07:09 UTC	\u043f\u043e\u043d\u0435\u0434\u0456\u043b\u043e\u043a, 6 \u0431\u0435\u0440\u0435\u0437\u043d\u044f 2023 \u0440. \u043e 09:04:05 UTC	UTC	dateStyle=full,timeStyle=long,hourCycle=h23	
uk	dt_full_medium	{"dateStyle":"full","timeStyle":"medium"}	EEEE, d MMMM y\u202f'\u0440'. '\u043e' HH:mm:ss	\u0441\u0443\u0431\u043e\u0442\u0430, 24 \u0433\u0440\u0443\u0434\u043d\u044f 2022 \u0440. \u043e 15:07:09	\u043f\u043e\u043d\u0435\u0434\u0456\u043b\u043e\u043a, 6 \u0431\u0435\u0440\u0435\u0437\u043d\u044f 2023 \u0440. \u043e 09:04:05		dateStyle=full,timeStyle=medium,hourCycle=h23	
uk	dt_full_short	{"dateStyle":"full","timeStyle":"short"}	EEEE, d MMMM y\u202f'\u0440'. '\u043e' HH:mm	\u0441\u0443\u0431\u043e\u0442\u0430, 24 \u0433\u0440\u0443\u0434\u043d\u044f 2022 \u0440. \u043e 15:07	\u043f\u043e\u043d\u0435\u0434\u0456\u043b\u043e\u043a, 6 \u0431\u0435\u0440\u0435\u0437\u043d\u044f 2023 \u0440. \u043e 09:04		dateStyle=full,timeStyle=short,hourCycle=h23	
uk	dt_long_full	{"dateStyle":"long","timeStyle":"full"}	d MMMM y\u202f'\u0440'. '\u043e' HH:mm:ss zzzz	24 \u0433\u0440\u0443\u0434\u043d\u044f 2022 \u0440. \u043e 15:07:09 \u0437\u0430 \u0432\u0441\u0435\u0441\u0432\u0456\u0442\u043d\u0456\u043c \u043a\u043e\u043e\u0440\u0434\u0438\u043d\u043e\u0432\u0430\u043d\u0438\u043c \u0447\u0430\u0441\u043e\u043c	6 \u0431\u0435\u0440\u0435\u0437\u043d\u044f 2023 \u0440. \u043e 09:04:05 \u0437\u0430 \u0432\u0441\u0435\u0441\u0432\u0456\u0442\u043d\u0456\u043c \u043a\u043e\u043e\u0440\u0434\u0438\u043d\u043e\u0432\u0430\u043d\u0438\u043c \u0447\u0430\u0441\u043e\u043c	\u0437\u0430 \u0432\u0441\u0435\u0441\u0432\u0456\u0442\u043d\u0456\u043c \u043a\u043e\u043e\u0440\u0434\u0438\u043d\u043e\u0432\u0430\u043d\u0438\u043c \u0447\u0430\u0441\u043e\u043c	dateStyle=long,timeStyle=full,hourCycle=h23	
uk	dt_long_long	{"dateStyle":"long","timeStyle":"long"}	d MMMM y\u202f'\u0440'. '\u043e' HH:mm:ss z	24 \u0433\u0440\u0443\u0434\u043d\u044f 2022 \u0440. \u043e 15:07:09 UTC	6 \u0431\u0435\u0440\u0435\u0437\u043d\u044f 2023 \u0440. \u043e 09:04:05 UTC	UTC	dateStyle=long,timeStyle=long,hourCycle=h23	
uk	dt_long_medium	{"dateStyle":"long","timeStyle":"medium"}	d MMMM y\u202f'\u0440'. '\u043e' HH:mm:ss	24 \u0433\u0440\u0443\u0434\u043d\u044f 2022 \u0440. \u043e 15:07:09	6 \u0431\u0435\u0440\u0435\u0437\u043d\u044f 2023 \u0440. \u043e 09:04:05		dateStyle=long,timeStyle=medium,hourCycle=h23	
uk	dt_long_short	{"dateStyle":"long","timeStyle":"short"}	d MMMM y\u202f'\u0440'. '\u043e' HH:mm	24 \u0433\u0440\u0443\u0434\u043d\u044f 2022 \u0440. \u043e 15:07	6 \u0431\u0435\u0440\u0435\u0437\u043d\u044f 2023 \u0440. \u043e 09:04		dateStyle=long,timeStyle=short,hourCycle=h23	
uk	dt_medium_full	{"dateStyle":"medium","timeStyle":"full"}	d MMM y\u202f'\u0440'., HH:mm:ss zzzz	24 \u0433\u0440\u0443\u0434. 2022 \u0440., 15:07:09 \u0437\u0430 \u0432\u0441\u0435\u0441\u0432\u0456\u0442\u043d\u0456\u043c \u043a\u043e\u043e\u0440\u0434\u0438\u043d\u043e\u0432\u0430\u043d\u0438\u043c \u0447\u0430\u0441\u043e\u043c	6 \u0431\u0435\u0440. 2023 \u0440., 09:04:05 \u0437\u0430 \u0432\u0441\u0435\u0441\u0432\u0456\u0442\u043d\u0456\u043c \u043a\u043e\u043e\u0440\u0434\u0438\u043d\u043e\u0432\u0430\u043d\u0438\u043c \u0447\u0430\u0441\u043e\u043c	\u0437\u0430 \u0432\u0441\u0435\u0441\u0432\u0456\u0442\u043d\u0456\u043c \u043a\u043e\u043e\u0440\u0434\u0438\u043d\u043e\u0432\u0430\u043d\u0438\u043c \u0447\u0430\u0441\u043e\u043c	dateStyle=medium,timeStyle=full,hourCycle=h23	
uk	dt_medium_long	{"dateStyle":"medium","timeStyle":"long"}	d MMM y\u202f'\u0440'., HH:mm:ss z	24 \u0433\u0440\u0443\u0434. 2022 \u0440., 15:07:09 UTC	6 \u0431\u0435\u0440. 2023 \u0440., 09:04:05 UTC	UTC	dateStyle=medium,timeStyle=long,hourCycle=h23	
uk	dt_medium_medium	{"dateStyle":"medium","timeStyle":"medium"}	d MMM y\u202f'\u0440'., HH:mm:ss	24 \u0433\u0440\u0443\u0434. 2022 \u0440., 15:07:09	6 \u0431\u0435\u0440. 2023 \u0440., 09:04:05		dateStyle=medium,timeStyle=medium,hourCycle=h23	
uk	dt_medium_short	{"dateStyle":"medium","timeStyle":"short"}	d MMM y\u202f'\u0440'., HH:mm	24 \u0433\u0440\u0443\u0434. 2022 \u0440., 15:07	6 \u0431\u0435\u0440. 2023 \u0440., 09:04		dateStyle=medium,timeStyle=short,hourCycle=h23	
uk	dt_short_full	{"dateStyle":"short","timeStyle":"full"}	dd.MM.yy, HH:mm:ss zzzz	24.12.22, 15:07:09 \u0437\u0430 \u0432\u0441\u0435\u0441\u0432\u0456\u0442\u043d\u0456\u043c \u043a\u043e\u043e\u0440\u0434\u0438\u043d\u043e\u0432\u0430\u043d\u0438\u043c \u0447\u0430\u0441\u043e\u043c	06.03.23, 09:04:05 \u0437\u0430 \u0432\u0441\u0435\u0441\u0432\u0456\u0442\u043d\u0456\u043c \u043a\u043e\u043e\u0440\u0434\u0438\u043d\u043e\u0432\u0430\u043d\u0438\u043c \u0447\u0430\u0441\u043e\u043c	\u0437\u0430 \u0432\u0441\u0435\u0441\u0432\u0456\u0442\u043d\u0456\u043c \u043a\u043e\u043e\u0440\u0434\u0438\u043d\u043e\u0432\u0430\u043d\u0438\u043c \u0447\u0430\u0441\u043e\u043c	dateStyle=short,timeStyle=full,hourCycle=h23	
uk	dt_short_long	{"dateStyle":"short","timeStyle":"long"}	dd.MM.yy, HH:mm:ss z	24.12.22, 15:07:09 UTC	06.03.23, 09:04:05 UTC	UTC	dateStyle=short,timeStyle=long,hourCycle=h23	
uk	dt_short_medium	{"dateStyle":"short","timeStyle":"medium"}	dd.MM.yy, HH:mm:ss	24.12.22, 15:07:09	06.03.23, 09:04:05		dateStyle=short,timeStyle=medium,hourCycle=h23	
uk	dt_short_short	{"dateStyle":"short","timeStyle":"short"}	dd.MM.yy, HH:mm	24.12.22, 15:07	06.03.23, 09:04		dateStyle=short,timeStyle=short,hourCycle=h23	
uk	t_short_h23	{"timeStyle":"short","hourCycle":"h23"}	HH:mm	15:07	09:04		timeStyle=short,hourCycle=h23	
uk	t_short_h12	{"timeStyle":"short","hourCycle":"h12"}	hh:mm\u202fa	03:07 \u043f\u043f	09:04 \u0434\u043f		timeStyle=short,hourCycle=h12	
uk	t_short_h11	{"timeStyle":"short","hourCycle":"h11"}	KK:mm\u202fa	03:07 \u043f\u043f	09:04 \u0434\u043f		timeStyle=short,hourCycle=h11	
uk	t_short_h24	{"timeStyle":"short","hourCycle":"h24"}	kk:mm	15:07	09:04		timeStyle=short,hourCycle=h24	
uk	t_medium_12	{"timeStyle":"medium","hour12":true}	hh:mm:ss\u202fa	03:07:09 \u043f\u043f	09:04:05 \u0434\u043f		timeStyle=medium,hourCycle=h12	
uk	t_medium_24	{"timeStyle":"medium","hour12":false}	HH:mm:ss	15:07:09	09:04:05		timeStyle=medium,hourCycle=h23	
uk	t_full_h23	{"timeStyle":"full","hourCycle":"h23"}	HH:mm:ss zzzz	15:07:09 \u0437\u0430 \u0432\u0441\u0435\u0441\u0432\u0456\u0442\u043d\u0456\u043c \u043a\u043e\u043e\u0440\u0434\u0438\u043d\u043e\u0432\u0430\u043d\u0438\u043c \u0447\u0430\u0441\u043e\u043c	09:04:05 \u0437\u0430 \u0432\u0441\u0435\u0441\u0432\u0456\u0442\u043d\u0456\u043c \u043a\u043e\u043e\u0440\u0434\u0438\u043d\u043e\u0432\u0430\u043d\u0438\u043c \u0447\u0430\u0441\u043e\u043c	\u0437\u0430 \u0432\u0441\u0435\u0441\u0432\u0456\u0442\u043d\u0456\u043c \u043a\u043e\u043e\u0440\u0434\u0438\u043d\u043e\u0432\u0430\u043d\u0438\u043c \u0447\u0430\u0441\u043e\u043c	timeStyle=full,hourCycle=h23	
uk	t_long_h12	{"timeStyle":"long","hourCycle":"h12"}	hh:mm:ss\u202fa z	03:07:09 \u043f\u043f UTC	09:04:05 \u0434\u043f UTC	UTC	timeStyle=long,hourCycle=h12	
uk	dt_full_short_h23	{"dateStyle":"full","timeStyle":"short","hourCycle":"h23"}	EEEE, d MMMM y\u202f'\u0440'. '\u043e' HH:mm	\u0441\u0443\u0431\u043e\u0442\u0430, 24 \u0433\u0440\u0443\u0434\u043d\u044f 2022 \u0440. \u043e 15:07	\u043f\u043e\u043d\u0435\u0434\u0456\u043b\u043e\u043a, 6 \u0431\u0435\u0440\u0435\u0437\u043d\u044f 2023 \u0440. \u043e 09:04		dateStyle=full,timeStyle=short,hourCycle=h23	
uk	dt_short_medium_h12	{"dateStyle":"short","timeStyle":"medium","hourCycle":"h12"}	dd.MM.yy, hh:mm:ss\u202fa	24.12.22, 03:07:09 \u043f\u043f	06.03.23, 09:04:05 \u0434\u043f		dateStyle=short,timeStyle=medium,hourCycle=h12	
uk	dt_long_long_12	{"dateStyle":"long","timeStyle":"long","hour12":true}	d MMMM y\u202f'\u0440'. '\u043e' hh:mm:ss\u202fa z	24 \u0433\u0440\u0443\u0434\u043d\u044f 2022 \u0440. \u043e 03:07:09 \u043f\u043f UTC	6 \u0431\u0435\u0440\u0435\u0437\u043d\u044f 2023 \u0440. \u043e 09:04:05 \u0434\u043f UTC	UTC	dateStyle=long,timeStyle=long,hourCycle=h12	
uk	dt_medium_full_24	{"dateStyle":"medium","timeStyle":"full","hour12":false}	d MMM y\u202f'\u0440'., HH:mm:ss zzzz	24 \u0433\u0440\u0443\u0434. 2022 \u0440., 15:07:09 \u0437\u0430 \u0432\u0441\u0435\u0441\u0432\u0456\u0442\u043d\u0456\u043c \u043a\u043e\u043e\u0440\u0434\u0438\u043d\u043e\u0432\u0430\u043d\u0438\u043c \u0447\u0430\u0441\u043e\u043c	6 \u0431\u0435\u0440. 2023 \u0440., 09:04:05 \u0437\u0430 \u0432\u0441\u0435\u0441\u0432\u0456\u0442\u043d\u0456\u043c \u043a\u043e\u043e\u0440\u0434\u0438\u043d\u043e\u0432\u0430\u043d\u0438\u043c \u0447\u0430\u0441\u043e\u043c	\u0437\u0430 \u0432\u0441\u0435\u0441\u0432\u0456\u0442\u043d\u0456\u043c \u043a\u043e\u043e\u0440\u0434\u0438\u043d\u043e\u0432\u0430\u043d\u0438\u043c \u0447\u0430\u0441\u043e\u043c	dateStyle=medium,timeStyle=full,hourCycle=h23	
uk	PYM_full	{"temporal":"PlainYearMonth","dateStyle":"full"}	LLLL y\u202f'\u0440'.	\u0433\u0440\u0443\u0434\u0435\u043d\u044c 2022 \u0440.	\u0431\u0435\u0440\u0435\u0437\u0435\u043d\u044c 2023 \u0440.		year=numeric,month=long	
uk	PYM_long	{"temporal":"PlainYearMonth","dateStyle":"long"}	LLLL y\u202f'\u0440'.	\u0433\u0440\u0443\u0434\u0435\u043d\u044c 2022 \u0440.	\u0431\u0435\u0440\u0435\u0437\u0435\u043d\u044c 2023 \u0440.		year=numeric,month=long	
uk	PYM_medium	{"temporal":"PlainYearMonth","dateStyle":"medium"}	LLL y\u202f'\u0440'.	\u0433\u0440\u0443\u0434. 2022 \u0440.	\u0431\u0435\u0440. 2023 \u0440.		year=numeric,month=short	
uk	PYM_short	{"temporal":"PlainYearMonth","dateStyle":"short"}	MM.yy	12.22	03.23		year=2-digit,month=2-digit	
uk	PMD_full	{"temporal":"PlainMonthDay","dateStyle":"full"}	d MMMM	24 \u0433\u0440\u0443\u0434\u043d\u044f	6 \u0431\u0435\u0440\u0435\u0437\u043d\u044f		month=long,day=numeric	
uk	PMD_long	{"temporal":"PlainMonthDay","dateStyle":"long"}	d MMMM	24 \u0433\u0440\u0443\u0434\u043d\u044f	6 \u0431\u0435\u0440\u0435\u0437\u043d\u044f		month=long,day=numeric	
uk	PMD_medium	{"temporal":"PlainMonthDay","dateStyle":"medium"}	d MMM	24 \u0433\u0440\u0443\u0434.	6 \u0431\u0435\u0440.		month=short,day=numeric	
uk	PMD_short	{"temporal":"PlainMonthDay","dateStyle":"short"}	dd.MM	24.12	06.03		month=2-digit,day=2-digit	
uk	PD_full	{"temporal":"PlainDate","dateStyle":"full"}	EEEE, d MMMM y\u202f'\u0440'.	\u0441\u0443\u0431\u043e\u0442\u0430, 24 \u0433\u0440\u0443\u0434\u043d\u044f 2022 \u0440.	\u043f\u043e\u043d\u0435\u0434\u0456\u043b\u043e\u043a, 6 \u0431\u0435\u0440\u0435\u0437\u043d\u044f 2023 \u0440.		dateStyle=full	
uk	PD_short	{"temporal":"PlainDate","dateStyle":"short"}	dd.MM.yy	24.12.22	06.03.23		dateStyle=short	
uk	PT_full	{"temporal":"PlainTime","timeStyle":"full"}	HH:mm:ss	15:07:09	09:04:05		hour=2-digit,minute=2-digit,second=2-digit,hourCycle=h23	
uk	PT_long	{"temporal":"PlainTime","timeStyle":"long"}	HH:mm:ss	15:07:09	09:04:05		hour=2-digit,minute=2-digit,second=2-digit,hourCycle=h23	
uk	PT_medium	{"temporal":"PlainTime","timeStyle":"medium"}	HH:mm:ss	15:07:09	09:04:05		timeStyle=medium,hourCycle=h23	
uk	PDT_full_full	{"temporal":"PlainDateTime","dateStyle":"full","timeStyle":"full"}	EEEE, d MMMM y\u202f'\u0440'. '\u043e' HH:mm:ss	\u0441\u0443\u0431\u043e\u0442\u0430, 24 \u0433\u0440\u0443\u0434\u043d\u044f 2022 \u0440. \u043e 15:07:09	\u043f\u043e\u043d\u0435\u0434\u0456\u043b\u043e\u043a, 6 \u0431\u0435\u0440\u0435\u0437\u043d\u044f 2023 \u0440. \u043e 09:04:05		weekday=long,year=numeric,month=long,day=numeric,hour=2-digit,minute=2-digit,second=2-digit,hourCycle=h23	
uk	PDT_long_long	{"temporal":"PlainDateTime","dateStyle":"long","timeStyle":"long"}	d MMMM y\u202f'\u0440'. '\u043e' HH:mm:ss	24 \u0433\u0440\u0443\u0434\u043d\u044f 2022 \u0440. \u043e 15:07:09	6 \u0431\u0435\u0440\u0435\u0437\u043d\u044f 2023 \u0440. \u043e 09:04:05		year=numeric,month=long,day=numeric,hour=2-digit,minute=2-digit,second=2-digit,hourCycle=h23	
uk	PDT_short_full	{"temporal":"PlainDateTime","dateStyle":"short","timeStyle":"full"}	dd.MM.yy, HH:mm:ss	24.12.22, 15:07:09	06.03.23, 09:04:05		year=2-digit,month=2-digit,day=2-digit,hour=2-digit,minute=2-digit,second=2-digit,hourCycle=h23	
uk	PDT_medium_medium	{"temporal":"PlainDateTime","dateStyle":"medium","timeStyle":"medium"}	d MMM y\u202f'\u0440'., HH:mm:ss	24 \u0433\u0440\u0443\u0434. 2022 \u0440., 15:07:09	6 \u0431\u0435\u0440. 2023 \u0440., 09:04:05		dateStyle=medium,timeStyle=medium,hourCycle=h23	
ur	d_full	{"dateStyle":"full"}	EEEE\u060c d MMMM\u060c y	\u06c1\u0641\u062a\u06c1\u060c 24 \u062f\u0633\u0645\u0628\u0631\u060c 2022	\u067e\u06cc\u0631\u060c 6 \u0645\u0627\u0631\u0686\u060c 2023		dateStyle=full	
ur	d_long	{"dateStyle":"long"}	d MMMM\u060c y	24 \u062f\u0633\u0645\u0628\u0631\u060c 2022	6 \u0645\u0627\u0631\u0686\u060c 2023		dateStyle=long	
ur	d_medium	{"dateStyle":"medium"}	d MMM\u060c y	24 \u062f\u0633\u0645\u0628\u0631\u060c 2022	6 \u0645\u0627\u0631\u0686\u060c 2023		dateStyle=medium	
ur	d_short	{"dateStyle":"short"}	d/M/yy	24/12/22	6/3/23		dateStyle=short	
ur	t_full	{"timeStyle":"full"}	h:mm:ss a zzzz	3:07:09 PM \u06a9\u0648\u0622\u0631\u0688\u06cc\u0646\u06cc\u0679\u0688 \u06cc\u0648\u0646\u06cc\u0648\u0631\u0633\u0644 \u0679\u0627\u0626\u0645	9:04:05 AM \u06a9\u0648\u0622\u0631\u0688\u06cc\u0646\u06cc\u0679\u0688 \u06cc\u0648\u0646\u06cc\u0648\u0631\u0633\u0644 \u0679\u0627\u0626\u0645	\u06a9\u0648\u0622\u0631\u0688\u06cc\u0646\u06cc\u0679\u0688 \u06cc\u0648\u0646\u06cc\u0648\u0631\u0633\u0644 \u0679\u0627\u0626\u0645	timeStyle=full,hourCycle=h12	
ur	t_long	{"timeStyle":"long"}	h:mm:ss a z	3:07:09 PM UTC	9:04:05 AM UTC	UTC	timeStyle=long,hourCycle=h12	
ur	t_medium	{"timeStyle":"medium"}	h:mm:ss a	3:07:09 PM	9:04:05 AM		timeStyle=medium,hourCycle=h12	
ur	t_short	{"timeStyle":"short"}	h:mm a	3:07 PM	9:04 AM		timeStyle=short,hourCycle=h12	
ur	dt_full_full	{"dateStyle":"full","timeStyle":"full"}	EEEE\u060c d MMMM\u060c y \u06a9\u0648 h:mm:ss a zzzz	\u06c1\u0641\u062a\u06c1\u060c 24 \u062f\u0633\u0645\u0628\u0631\u060c 2022 \u06a9\u0648 3:07:09 PM \u06a9\u0648\u0622\u0631\u0688\u06cc\u0646\u06cc\u0679\u0688 \u06cc\u0648\u0646\u06cc\u0648\u0631\u0633\u0644 \u0679\u0627\u0626\u0645	\u067e\u06cc\u0631\u060c 6 \u0645\u0627\u0631\u0686\u060c 2023 \u06a9\u0648 9:04:05 AM \u06a9\u0648\u0622\u0631\u0688\u06cc\u0646\u06cc\u0679\u0688 \u06cc\u0648\u0646\u06cc\u0648\u0631\u0633\u0644 \u0679\u0627\u0626\u0645	\u06a9\u0648\u0622\u0631\u0688\u06cc\u0646\u06cc\u0679\u0688 \u06cc\u0648\u0646\u06cc\u0648\u0631\u0633\u0644 \u0679\u0627\u0626\u0645	dateStyle=full,timeStyle=full,hourCycle=h12	
ur	dt_full_long	{"dateStyle":"full","timeStyle":"long"}	EEEE\u060c d MMMM\u060c y \u06a9\u0648 h:mm:ss a z	\u06c1\u0641\u062a\u06c1\u060c 24 \u062f\u0633\u0645\u0628\u0631\u060c 2022 \u06a9\u0648 3:07:09 PM UTC	\u067e\u06cc\u0631\u060c 6 \u0645\u0627\u0631\u0686\u060c 2023 \u06a9\u0648 9:04:05 AM UTC	UTC	dateStyle=full,timeStyle=long,hourCycle=h12	
ur	dt_full_medium	{"dateStyle":"full","timeStyle":"medium"}	EEEE\u060c d MMMM\u060c y \u06a9\u0648 h:mm:ss a	\u06c1\u0641\u062a\u06c1\u060c 24 \u062f\u0633\u0645\u0628\u0631\u060c 2022 \u06a9\u0648 3:07:09 PM	\u067e\u06cc\u0631\u060c 6 \u0645\u0627\u0631\u0686\u060c 2023 \u06a9\u0648 9:04:05 AM		dateStyle=full,timeStyle=medium,hourCycle=h12	
ur	dt_full_short	{"dateStyle":"full","timeStyle":"short"}	EEEE\u060c d MMMM\u060c y \u06a9\u0648 h:mm a	\u06c1\u0641\u062a\u06c1\u060c 24 \u062f\u0633\u0645\u0628\u0631\u060c 2022 \u06a9\u0648 3:07 PM	\u067e\u06cc\u0631\u060c 6 \u0645\u0627\u0631\u0686\u060c 2023 \u06a9\u0648 9:04 AM		dateStyle=full,timeStyle=short,hourCycle=h12	
ur	dt_long_full	{"dateStyle":"long","timeStyle":"full"}	d MMMM\u060c y \u06a9\u0648 h:mm:ss a zzzz	24 \u062f\u0633\u0645\u0628\u0631\u060c 2022 \u06a9\u0648 3:07:09 PM \u06a9\u0648\u0622\u0631\u0688\u06cc\u0646\u06cc\u0679\u0688 \u06cc\u0648\u0646\u06cc\u0648\u0631\u0633\u0644 \u0679\u0627\u0626\u0645	6 \u0645\u0627\u0631\u0686\u060c 2023 \u06a9\u0648 9:04:05 AM \u06a9\u0648\u0622\u0631\u0688\u06cc\u0646\u06cc\u0679\u0688 \u06cc\u0648\u0646\u06cc\u0648\u0631\u0633\u0644 \u0679\u0627\u0626\u0645	\u06a9\u0648\u0622\u0631\u0688\u06cc\u0646\u06cc\u0679\u0688 \u06cc\u0648\u0646\u06cc\u0648\u0631\u0633\u0644 \u0679\u0627\u0626\u0645	dateStyle=long,timeStyle=full,hourCycle=h12	
ur	dt_long_long	{"dateStyle":"long","timeStyle":"long"}	d MMMM\u060c y \u06a9\u0648 h:mm:ss a z	24 \u062f\u0633\u0645\u0628\u0631\u060c 2022 \u06a9\u0648 3:07:09 PM UTC	6 \u0645\u0627\u0631\u0686\u060c 2023 \u06a9\u0648 9:04:05 AM UTC	UTC	dateStyle=long,timeStyle=long,hourCycle=h12	
ur	dt_long_medium	{"dateStyle":"long","timeStyle":"medium"}	d MMMM\u060c y \u06a9\u0648 h:mm:ss a	24 \u062f\u0633\u0645\u0628\u0631\u060c 2022 \u06a9\u0648 3:07:09 PM	6 \u0645\u0627\u0631\u0686\u060c 2023 \u06a9\u0648 9:04:05 AM		dateStyle=long,timeStyle=medium,hourCycle=h12	
ur	dt_long_short	{"dateStyle":"long","timeStyle":"short"}	d MMMM\u060c y \u06a9\u0648 h:mm a	24 \u062f\u0633\u0645\u0628\u0631\u060c 2022 \u06a9\u0648 3:07 PM	6 \u0645\u0627\u0631\u0686\u060c 2023 \u06a9\u0648 9:04 AM		dateStyle=long,timeStyle=short,hourCycle=h12	
ur	dt_medium_full	{"dateStyle":"medium","timeStyle":"full"}	d MMM\u060c y\u060c h:mm:ss a zzzz	24 \u062f\u0633\u0645\u0628\u0631\u060c 2022\u060c 3:07:09 PM \u06a9\u0648\u0622\u0631\u0688\u06cc\u0646\u06cc\u0679\u0688 \u06cc\u0648\u0646\u06cc\u0648\u0631\u0633\u0644 \u0679\u0627\u0626\u0645	6 \u0645\u0627\u0631\u0686\u060c 2023\u060c 9:04:05 AM \u06a9\u0648\u0622\u0631\u0688\u06cc\u0646\u06cc\u0679\u0688 \u06cc\u0648\u0646\u06cc\u0648\u0631\u0633\u0644 \u0679\u0627\u0626\u0645	\u06a9\u0648\u0622\u0631\u0688\u06cc\u0646\u06cc\u0679\u0688 \u06cc\u0648\u0646\u06cc\u0648\u0631\u0633\u0644 \u0679\u0627\u0626\u0645	dateStyle=medium,timeStyle=full,hourCycle=h12	
ur	dt_medium_long	{"dateStyle":"medium","timeStyle":"long"}	d MMM\u060c y\u060c h:mm:ss a z	24 \u062f\u0633\u0645\u0628\u0631\u060c 2022\u060c 3:07:09 PM UTC	6 \u0645\u0627\u0631\u0686\u060c 2023\u060c 9:04:05 AM UTC	UTC	dateStyle=medium,timeStyle=long,hourCycle=h12	
ur	dt_medium_medium	{"dateStyle":"medium","timeStyle":"medium"}	d MMM\u060c y\u060c h:mm:ss a	24 \u062f\u0633\u0645\u0628\u0631\u060c 2022\u060c 3:07:09 PM	6 \u0645\u0627\u0631\u0686\u060c 2023\u060c 9:04:05 AM		dateStyle=medium,timeStyle=medium,hourCycle=h12	
ur	dt_medium_short	{"dateStyle":"medium","timeStyle":"short"}	d MMM\u060c y\u060c h:mm a	24 \u062f\u0633\u0645\u0628\u0631\u060c 2022\u060c 3:07 PM	6 \u0645\u0627\u0631\u0686\u060c 2023\u060c 9:04 AM		dateStyle=medium,timeStyle=short,hourCycle=h12	
ur	dt_short_full	{"dateStyle":"short","timeStyle":"full"}	d/M/yy\u060c h:mm:ss a zzzz	24/12/22\u060c 3:07:09 PM \u06a9\u0648\u0622\u0631\u0688\u06cc\u0646\u06cc\u0679\u0688 \u06cc\u0648\u0646\u06cc\u0648\u0631\u0633\u0644 \u0679\u0627\u0626\u0645	6/3/23\u060c 9:04:05 AM \u06a9\u0648\u0622\u0631\u0688\u06cc\u0646\u06cc\u0679\u0688 \u06cc\u0648\u0646\u06cc\u0648\u0631\u0633\u0644 \u0679\u0627\u0626\u0645	\u06a9\u0648\u0622\u0631\u0688\u06cc\u0646\u06cc\u0679\u0688 \u06cc\u0648\u0646\u06cc\u0648\u0631\u0633\u0644 \u0679\u0627\u0626\u0645	dateStyle=short,timeStyle=full,hourCycle=h12	
ur	dt_short_long	{"dateStyle":"short","timeStyle":"long"}	d/M/yy\u060c h:mm:ss a z	24/12/22\u060c 3:07:09 PM UTC	6/3/23\u060c 9:04:05 AM UTC	UTC	dateStyle=short,timeStyle=long,hourCycle=h12	
ur	dt_short_medium	{"dateStyle":"short","timeStyle":"medium"}	d/M/yy\u060c h:mm:ss a	24/12/22\u060c 3:07:09 PM	6/3/23\u060c 9:04:05 AM		dateStyle=short,timeStyle=medium,hourCycle=h12	
ur	dt_short_short	{"dateStyle":"short","timeStyle":"short"}	d/M/yy\u060c h:mm a	24/12/22\u060c 3:07 PM	6/3/23\u060c 9:04 AM		dateStyle=short,timeStyle=short,hourCycle=h12	
ur	t_short_h23	{"timeStyle":"short","hourCycle":"h23"}	HH:mm	15:07	09:04		timeStyle=short,hourCycle=h23	
ur	t_short_h12	{"timeStyle":"short","hourCycle":"h12"}	h:mm a	3:07 PM	9:04 AM		timeStyle=short,hourCycle=h12	
ur	t_short_h11	{"timeStyle":"short","hourCycle":"h11"}	K:mm a	3:07 PM	9:04 AM		timeStyle=short,hourCycle=h11	
ur	t_short_h24	{"timeStyle":"short","hourCycle":"h24"}	kk:mm	15:07	09:04		timeStyle=short,hourCycle=h24	
ur	t_medium_12	{"timeStyle":"medium","hour12":true}	h:mm:ss a	3:07:09 PM	9:04:05 AM		timeStyle=medium,hourCycle=h12	
ur	t_medium_24	{"timeStyle":"medium","hour12":false}	HH:mm:ss	15:07:09	09:04:05		timeStyle=medium,hourCycle=h23	
ur	t_full_h23	{"timeStyle":"full","hourCycle":"h23"}	HH:mm:ss zzzz	15:07:09 \u06a9\u0648\u0622\u0631\u0688\u06cc\u0646\u06cc\u0679\u0688 \u06cc\u0648\u0646\u06cc\u0648\u0631\u0633\u0644 \u0679\u0627\u0626\u0645	09:04:05 \u06a9\u0648\u0622\u0631\u0688\u06cc\u0646\u06cc\u0679\u0688 \u06cc\u0648\u0646\u06cc\u0648\u0631\u0633\u0644 \u0679\u0627\u0626\u0645	\u06a9\u0648\u0622\u0631\u0688\u06cc\u0646\u06cc\u0679\u0688 \u06cc\u0648\u0646\u06cc\u0648\u0631\u0633\u0644 \u0679\u0627\u0626\u0645	timeStyle=full,hourCycle=h23	
ur	t_long_h12	{"timeStyle":"long","hourCycle":"h12"}	h:mm:ss a z	3:07:09 PM UTC	9:04:05 AM UTC	UTC	timeStyle=long,hourCycle=h12	
ur	dt_full_short_h23	{"dateStyle":"full","timeStyle":"short","hourCycle":"h23"}	EEEE\u060c d MMMM\u060c y \u06a9\u0648 HH:mm	\u06c1\u0641\u062a\u06c1\u060c 24 \u062f\u0633\u0645\u0628\u0631\u060c 2022 \u06a9\u0648 15:07	\u067e\u06cc\u0631\u060c 6 \u0645\u0627\u0631\u0686\u060c 2023 \u06a9\u0648 09:04		dateStyle=full,timeStyle=short,hourCycle=h23	
ur	dt_short_medium_h12	{"dateStyle":"short","timeStyle":"medium","hourCycle":"h12"}	d/M/yy\u060c h:mm:ss a	24/12/22\u060c 3:07:09 PM	6/3/23\u060c 9:04:05 AM		dateStyle=short,timeStyle=medium,hourCycle=h12	
ur	dt_long_long_12	{"dateStyle":"long","timeStyle":"long","hour12":true}	d MMMM\u060c y \u06a9\u0648 h:mm:ss a z	24 \u062f\u0633\u0645\u0628\u0631\u060c 2022 \u06a9\u0648 3:07:09 PM UTC	6 \u0645\u0627\u0631\u0686\u060c 2023 \u06a9\u0648 9:04:05 AM UTC	UTC	dateStyle=long,timeStyle=long,hourCycle=h12	
ur	dt_medium_full_24	{"dateStyle":"medium","timeStyle":"full","hour12":false}	d MMM\u060c y\u060c HH:mm:ss zzzz	24 \u062f\u0633\u0645\u0628\u0631\u060c 2022\u060c 15:07:09 \u06a9\u0648\u0622\u0631\u0688\u06cc\u0646\u06cc\u0679\u0688 \u06cc\u0648\u0646\u06cc\u0648\u0631\u0633\u0644 \u0679\u0627\u0626\u0645	6 \u0645\u0627\u0631\u0686\u060c 2023\u060c 09:04:05 \u06a9\u0648\u0622\u0631\u0688\u06cc\u0646\u06cc\u0679\u0688 \u06cc\u0648\u0646\u06cc\u0648\u0631\u0633\u0644 \u0679\u0627\u0626\u0645	\u06a9\u0648\u0622\u0631\u0688\u06cc\u0646\u06cc\u0679\u0688 \u06cc\u0648\u0646\u06cc\u0648\u0631\u0633\u0644 \u0679\u0627\u0626\u0645	dateStyle=medium,timeStyle=full,hourCycle=h23	
ur	PYM_full	{"temporal":"PlainYearMonth","dateStyle":"full"}	MMMM y	\u062f\u0633\u0645\u0628\u0631 2022	\u0645\u0627\u0631\u0686 2023		year=numeric,month=long	
ur	PYM_long	{"temporal":"PlainYearMonth","dateStyle":"long"}	MMMM y	\u062f\u0633\u0645\u0628\u0631 2022	\u0645\u0627\u0631\u0686 2023		year=numeric,month=long	
ur	PYM_medium	{"temporal":"PlainYearMonth","dateStyle":"medium"}	MMM y	\u062f\u0633\u0645\u0628\u0631 2022	\u0645\u0627\u0631\u0686 2023		year=numeric,month=short	
ur	PYM_short	{"temporal":"PlainYearMonth","dateStyle":"short"}	M/yy	12/22	3/23		year=2-digit,month=numeric	
ur	PMD_full	{"temporal":"PlainMonthDay","dateStyle":"full"}	d MMMM	24 \u062f\u0633\u0645\u0628\u0631	6 \u0645\u0627\u0631\u0686		month=long,day=numeric	
ur	PMD_long	{"temporal":"PlainMonthDay","dateStyle":"long"}	d MMMM	24 \u062f\u0633\u0645\u0628\u0631	6 \u0645\u0627\u0631\u0686		month=long,day=numeric	
ur	PMD_medium	{"temporal":"PlainMonthDay","dateStyle":"medium"}	d MMM	24 \u062f\u0633\u0645\u0628\u0631	6 \u0645\u0627\u0631\u0686		month=short,day=numeric	
ur	PMD_short	{"temporal":"PlainMonthDay","dateStyle":"short"}	d/M	24/12	6/3		month=numeric,day=numeric	
ur	PD_full	{"temporal":"PlainDate","dateStyle":"full"}	EEEE\u060c d MMMM\u060c y	\u06c1\u0641\u062a\u06c1\u060c 24 \u062f\u0633\u0645\u0628\u0631\u060c 2022	\u067e\u06cc\u0631\u060c 6 \u0645\u0627\u0631\u0686\u060c 2023		dateStyle=full	
ur	PD_short	{"temporal":"PlainDate","dateStyle":"short"}	d/M/yy	24/12/22	6/3/23		dateStyle=short	
ur	PT_full	{"temporal":"PlainTime","timeStyle":"full"}	h:mm:ss a	3:07:09 PM	9:04:05 AM		hour=numeric,minute=2-digit,second=2-digit,hourCycle=h12	
ur	PT_long	{"temporal":"PlainTime","timeStyle":"long"}	h:mm:ss a	3:07:09 PM	9:04:05 AM		hour=numeric,minute=2-digit,second=2-digit,hourCycle=h12	
ur	PT_medium	{"temporal":"PlainTime","timeStyle":"medium"}	h:mm:ss a	3:07:09 PM	9:04:05 AM		timeStyle=medium,hourCycle=h12	
ur	PDT_full_full	{"temporal":"PlainDateTime","dateStyle":"full","timeStyle":"full"}	EEEE\u060c d MMMM\u060c y \u06a9\u0648 h:mm:ss a	\u06c1\u0641\u062a\u06c1\u060c 24 \u062f\u0633\u0645\u0628\u0631\u060c 2022 \u06a9\u0648 3:07:09 PM	\u067e\u06cc\u0631\u060c 6 \u0645\u0627\u0631\u0686\u060c 2023 \u06a9\u0648 9:04:05 AM		weekday=long,year=numeric,month=long,day=numeric,hour=numeric,minute=2-digit,second=2-digit,hourCycle=h12	
ur	PDT_long_long	{"temporal":"PlainDateTime","dateStyle":"long","timeStyle":"long"}	d MMMM\u060c y \u06a9\u0648 h:mm:ss a	24 \u062f\u0633\u0645\u0628\u0631\u060c 2022 \u06a9\u0648 3:07:09 PM	6 \u0645\u0627\u0631\u0686\u060c 2023 \u06a9\u0648 9:04:05 AM		year=numeric,month=long,day=numeric,hour=numeric,minute=2-digit,second=2-digit,hourCycle=h12	
ur	PDT_short_full	{"temporal":"PlainDateTime","dateStyle":"short","timeStyle":"full"}	d/M/yy\u060c h:mm:ss a	24/12/22\u060c 3:07:09 PM	6/3/23\u060c 9:04:05 AM		year=2-digit,month=numeric,day=numeric,hour=numeric,minute=2-digit,second=2-digit,hourCycle=h12	
ur	PDT_medium_medium	{"temporal":"PlainDateTime","dateStyle":"medium","timeStyle":"medium"}	d MMM\u060c y\u060c h:mm:ss a	24 \u062f\u0633\u0645\u0628\u0631\u060c 2022\u060c 3:07:09 PM	6 \u0645\u0627\u0631\u0686\u060c 2023\u060c 9:04:05 AM		dateStyle=medium,timeStyle=medium,hourCycle=h12	
vi	d_full	{"dateStyle":"full"}	EEEE, d MMMM, y	Th\u1ee9 B\u1ea3y, 24 th\u00e1ng 12, 2022	Th\u1ee9 Hai, 6 th\u00e1ng 3, 2023		dateStyle=full	
vi	d_long	{"dateStyle":"long"}	d MMMM, y	24 th\u00e1ng 12, 2022	6 th\u00e1ng 3, 2023		dateStyle=long	
vi	d_medium	{"dateStyle":"medium"}	d MMM, y	24 thg 12, 2022	6 thg 3, 2023		dateStyle=medium	
vi	d_short	{"dateStyle":"short"}	d/M/yy	24/12/22	6/3/23		dateStyle=short	
vi	t_full	{"timeStyle":"full"}	HH:mm:ss zzzz	15:07:09 Gi\u1edd Ph\u1ed1i h\u1ee3p Qu\u1ed1c t\u1ebf	09:04:05 Gi\u1edd Ph\u1ed1i h\u1ee3p Qu\u1ed1c t\u1ebf	Gi\u1edd Ph\u1ed1i h\u1ee3p Qu\u1ed1c t\u1ebf	timeStyle=full,hourCycle=h23	
vi	t_long	{"timeStyle":"long"}	HH:mm:ss z	15:07:09 UTC	09:04:05 UTC	UTC	timeStyle=long,hourCycle=h23	
vi	t_medium	{"timeStyle":"medium"}	HH:mm:ss	15:07:09	09:04:05		timeStyle=medium,hourCycle=h23	
vi	t_short	{"timeStyle":"short"}	HH:mm	15:07	09:04		timeStyle=short,hourCycle=h23	
vi	dt_full_full	{"dateStyle":"full","timeStyle":"full"}	'l\u00fac' HH:mm:ss zzzz EEEE, d MMMM, y	l\u00fac 15:07:09 Gi\u1edd Ph\u1ed1i h\u1ee3p Qu\u1ed1c t\u1ebf Th\u1ee9 B\u1ea3y, 24 th\u00e1ng 12, 2022	l\u00fac 09:04:05 Gi\u1edd Ph\u1ed1i h\u1ee3p Qu\u1ed1c t\u1ebf Th\u1ee9 Hai, 6 th\u00e1ng 3, 2023	Gi\u1edd Ph\u1ed1i h\u1ee3p Qu\u1ed1c t\u1ebf	dateStyle=full,timeStyle=full,hourCycle=h23	
vi	dt_full_long	{"dateStyle":"full","timeStyle":"long"}	'l\u00fac' HH:mm:ss z EEEE, d MMMM, y	l\u00fac 15:07:09 UTC Th\u1ee9 B\u1ea3y, 24 th\u00e1ng 12, 2022	l\u00fac 09:04:05 UTC Th\u1ee9 Hai, 6 th\u00e1ng 3, 2023	UTC	dateStyle=full,timeStyle=long,hourCycle=h23	
vi	dt_full_medium	{"dateStyle":"full","timeStyle":"medium"}	'l\u00fac' HH:mm:ss EEEE, d MMMM, y	l\u00fac 15:07:09 Th\u1ee9 B\u1ea3y, 24 th\u00e1ng 12, 2022	l\u00fac 09:04:05 Th\u1ee9 Hai, 6 th\u00e1ng 3, 2023		dateStyle=full,timeStyle=medium,hourCycle=h23	
vi	dt_full_short	{"dateStyle":"full","timeStyle":"short"}	'l\u00fac' HH:mm EEEE, d MMMM, y	l\u00fac 15:07 Th\u1ee9 B\u1ea3y, 24 th\u00e1ng 12, 2022	l\u00fac 09:04 Th\u1ee9 Hai, 6 th\u00e1ng 3, 2023		dateStyle=full,timeStyle=short,hourCycle=h23	
vi	dt_long_full	{"dateStyle":"long","timeStyle":"full"}	'l\u00fac' HH:mm:ss zzzz d MMMM, y	l\u00fac 15:07:09 Gi\u1edd Ph\u1ed1i h\u1ee3p Qu\u1ed1c t\u1ebf 24 th\u00e1ng 12, 2022	l\u00fac 09:04:05 Gi\u1edd Ph\u1ed1i h\u1ee3p Qu\u1ed1c t\u1ebf 6 th\u00e1ng 3, 2023	Gi\u1edd Ph\u1ed1i h\u1ee3p Qu\u1ed1c t\u1ebf	dateStyle=long,timeStyle=full,hourCycle=h23	
vi	dt_long_long	{"dateStyle":"long","timeStyle":"long"}	'l\u00fac' HH:mm:ss z d MMMM, y	l\u00fac 15:07:09 UTC 24 th\u00e1ng 12, 2022	l\u00fac 09:04:05 UTC 6 th\u00e1ng 3, 2023	UTC	dateStyle=long,timeStyle=long,hourCycle=h23	
vi	dt_long_medium	{"dateStyle":"long","timeStyle":"medium"}	'l\u00fac' HH:mm:ss d MMMM, y	l\u00fac 15:07:09 24 th\u00e1ng 12, 2022	l\u00fac 09:04:05 6 th\u00e1ng 3, 2023		dateStyle=long,timeStyle=medium,hourCycle=h23	
vi	dt_long_short	{"dateStyle":"long","timeStyle":"short"}	'l\u00fac' HH:mm d MMMM, y	l\u00fac 15:07 24 th\u00e1ng 12, 2022	l\u00fac 09:04 6 th\u00e1ng 3, 2023		dateStyle=long,timeStyle=short,hourCycle=h23	
vi	dt_medium_full	{"dateStyle":"medium","timeStyle":"full"}	HH:mm:ss zzzz d MMM, y	15:07:09 Gi\u1edd Ph\u1ed1i h\u1ee3p Qu\u1ed1c t\u1ebf 24 thg 12, 2022	09:04:05 Gi\u1edd Ph\u1ed1i h\u1ee3p Qu\u1ed1c t\u1ebf 6 thg 3, 2023	Gi\u1edd Ph\u1ed1i h\u1ee3p Qu\u1ed1c t\u1ebf	dateStyle=medium,timeStyle=full,hourCycle=h23	
vi	dt_medium_long	{"dateStyle":"medium","timeStyle":"long"}	HH:mm:ss z d MMM, y	15:07:09 UTC 24 thg 12, 2022	09:04:05 UTC 6 thg 3, 2023	UTC	dateStyle=medium,timeStyle=long,hourCycle=h23	
vi	dt_medium_medium	{"dateStyle":"medium","timeStyle":"medium"}	HH:mm:ss d MMM, y	15:07:09 24 thg 12, 2022	09:04:05 6 thg 3, 2023		dateStyle=medium,timeStyle=medium,hourCycle=h23	
vi	dt_medium_short	{"dateStyle":"medium","timeStyle":"short"}	HH:mm d MMM, y	15:07 24 thg 12, 2022	09:04 6 thg 3, 2023		dateStyle=medium,timeStyle=short,hourCycle=h23	
vi	dt_short_full	{"dateStyle":"short","timeStyle":"full"}	HH:mm:ss zzzz d/M/yy	15:07:09 Gi\u1edd Ph\u1ed1i h\u1ee3p Qu\u1ed1c t\u1ebf 24/12/22	09:04:05 Gi\u1edd Ph\u1ed1i h\u1ee3p Qu\u1ed1c t\u1ebf 6/3/23	Gi\u1edd Ph\u1ed1i h\u1ee3p Qu\u1ed1c t\u1ebf	dateStyle=short,timeStyle=full,hourCycle=h23	
vi	dt_short_long	{"dateStyle":"short","timeStyle":"long"}	HH:mm:ss z d/M/yy	15:07:09 UTC 24/12/22	09:04:05 UTC 6/3/23	UTC	dateStyle=short,timeStyle=long,hourCycle=h23	
vi	dt_short_medium	{"dateStyle":"short","timeStyle":"medium"}	HH:mm:ss d/M/yy	15:07:09 24/12/22	09:04:05 6/3/23		dateStyle=short,timeStyle=medium,hourCycle=h23	
vi	dt_short_short	{"dateStyle":"short","timeStyle":"short"}	HH:mm d/M/yy	15:07 24/12/22	09:04 6/3/23		dateStyle=short,timeStyle=short,hourCycle=h23	
vi	t_short_h23	{"timeStyle":"short","hourCycle":"h23"}	HH:mm	15:07	09:04		timeStyle=short,hourCycle=h23	
vi	t_short_h12	{"timeStyle":"short","hourCycle":"h12"}	hh:mm\u202fa	03:07 CH	09:04 SA		timeStyle=short,hourCycle=h12	
vi	t_short_h11	{"timeStyle":"short","hourCycle":"h11"}	KK:mm\u202fa	03:07 CH	09:04 SA		timeStyle=short,hourCycle=h11	
vi	t_short_h24	{"timeStyle":"short","hourCycle":"h24"}	kk:mm	15:07	09:04		timeStyle=short,hourCycle=h24	
vi	t_medium_12	{"timeStyle":"medium","hour12":true}	hh:mm:ss\u202fa	03:07:09 CH	09:04:05 SA		timeStyle=medium,hourCycle=h12	
vi	t_medium_24	{"timeStyle":"medium","hour12":false}	HH:mm:ss	15:07:09	09:04:05		timeStyle=medium,hourCycle=h23	
vi	t_full_h23	{"timeStyle":"full","hourCycle":"h23"}	HH:mm:ss zzzz	15:07:09 Gi\u1edd Ph\u1ed1i h\u1ee3p Qu\u1ed1c t\u1ebf	09:04:05 Gi\u1edd Ph\u1ed1i h\u1ee3p Qu\u1ed1c t\u1ebf	Gi\u1edd Ph\u1ed1i h\u1ee3p Qu\u1ed1c t\u1ebf	timeStyle=full,hourCycle=h23	
vi	t_long_h12	{"timeStyle":"long","hourCycle":"h12"}	hh:mm:ss\u202fa z	03:07:09 CH UTC	09:04:05 SA UTC	UTC	timeStyle=long,hourCycle=h12	
vi	dt_full_short_h23	{"dateStyle":"full","timeStyle":"short","hourCycle":"h23"}	'l\u00fac' HH:mm EEEE, d MMMM, y	l\u00fac 15:07 Th\u1ee9 B\u1ea3y, 24 th\u00e1ng 12, 2022	l\u00fac 09:04 Th\u1ee9 Hai, 6 th\u00e1ng 3, 2023		dateStyle=full,timeStyle=short,hourCycle=h23	
vi	dt_short_medium_h12	{"dateStyle":"short","timeStyle":"medium","hourCycle":"h12"}	hh:mm:ss\u202fa d/M/yy	03:07:09 CH 24/12/22	09:04:05 SA 6/3/23		dateStyle=short,timeStyle=medium,hourCycle=h12	
vi	dt_long_long_12	{"dateStyle":"long","timeStyle":"long","hour12":true}	'l\u00fac' hh:mm:ss\u202fa z d MMMM, y	l\u00fac 03:07:09 CH UTC 24 th\u00e1ng 12, 2022	l\u00fac 09:04:05 SA UTC 6 th\u00e1ng 3, 2023	UTC	dateStyle=long,timeStyle=long,hourCycle=h12	
vi	dt_medium_full_24	{"dateStyle":"medium","timeStyle":"full","hour12":false}	HH:mm:ss zzzz d MMM, y	15:07:09 Gi\u1edd Ph\u1ed1i h\u1ee3p Qu\u1ed1c t\u1ebf 24 thg 12, 2022	09:04:05 Gi\u1edd Ph\u1ed1i h\u1ee3p Qu\u1ed1c t\u1ebf 6 thg 3, 2023	Gi\u1edd Ph\u1ed1i h\u1ee3p Qu\u1ed1c t\u1ebf	dateStyle=medium,timeStyle=full,hourCycle=h23	
vi	PYM_full	{"temporal":"PlainYearMonth","dateStyle":"full"}	MMMM 'n\u0103m' y	th\u00e1ng 12 n\u0103m 2022	th\u00e1ng 3 n\u0103m 2023		year=numeric,month=long	th\u00e1ng 12 n\u0103m 2022|th\u00e1ng 3 n\u0103m 2023|year=numeric,month=long,minute=numeric
vi	PYM_long	{"temporal":"PlainYearMonth","dateStyle":"long"}	MMMM 'n\u0103m' y	th\u00e1ng 12 n\u0103m 2022	th\u00e1ng 3 n\u0103m 2023		year=numeric,month=long	th\u00e1ng 12 n\u0103m 2022|th\u00e1ng 3 n\u0103m 2023|year=numeric,month=long,minute=numeric
vi	PYM_medium	{"temporal":"PlainYearMonth","dateStyle":"medium"}	MMM y	thg 12 2022	thg 3 2023		year=numeric,month=short	
vi	PYM_short	{"temporal":"PlainYearMonth","dateStyle":"short"}	M/yy	12/22	3/23		year=2-digit,month=numeric	
vi	PMD_full	{"temporal":"PlainMonthDay","dateStyle":"full"}	d MMMM	24 th\u00e1ng 12	6 th\u00e1ng 3		month=long,day=numeric	
vi	PMD_long	{"temporal":"PlainMonthDay","dateStyle":"long"}	d MMMM	24 th\u00e1ng 12	6 th\u00e1ng 3		month=long,day=numeric	
vi	PMD_medium	{"temporal":"PlainMonthDay","dateStyle":"medium"}	d MMM	24 thg 12	6 thg 3		month=short,day=numeric	
vi	PMD_short	{"temporal":"PlainMonthDay","dateStyle":"short"}	d/M	24/12	6/3		month=numeric,day=numeric	
vi	PD_full	{"temporal":"PlainDate","dateStyle":"full"}	EEEE, d MMMM, y	Th\u1ee9 B\u1ea3y, 24 th\u00e1ng 12, 2022	Th\u1ee9 Hai, 6 th\u00e1ng 3, 2023		dateStyle=full	
vi	PD_short	{"temporal":"PlainDate","dateStyle":"short"}	d/M/yy	24/12/22	6/3/23		dateStyle=short	
vi	PT_full	{"temporal":"PlainTime","timeStyle":"full"}	HH:mm:ss	15:07:09	09:04:05		hour=2-digit,minute=2-digit,second=2-digit,hourCycle=h23	
vi	PT_long	{"temporal":"PlainTime","timeStyle":"long"}	HH:mm:ss	15:07:09	09:04:05		hour=2-digit,minute=2-digit,second=2-digit,hourCycle=h23	
vi	PT_medium	{"temporal":"PlainTime","timeStyle":"medium"}	HH:mm:ss	15:07:09	09:04:05		timeStyle=medium,hourCycle=h23	
vi	PDT_full_full	{"temporal":"PlainDateTime","dateStyle":"full","timeStyle":"full"}	'l\u00fac' HH:mm:ss EEEE, d MMMM, y	l\u00fac 15:07:09 Th\u1ee9 B\u1ea3y, 24 th\u00e1ng 12, 2022	l\u00fac 09:04:05 Th\u1ee9 Hai, 6 th\u00e1ng 3, 2023		weekday=long,year=numeric,month=long,day=numeric,hour=2-digit,minute=2-digit,second=2-digit,hourCycle=h23	
vi	PDT_long_long	{"temporal":"PlainDateTime","dateStyle":"long","timeStyle":"long"}	'l\u00fac' HH:mm:ss d MMMM, y	l\u00fac 15:07:09 24 th\u00e1ng 12, 2022	l\u00fac 09:04:05 6 th\u00e1ng 3, 2023		year=numeric,month=long,day=numeric,hour=2-digit,minute=2-digit,second=2-digit,hourCycle=h23	
vi	PDT_short_full	{"temporal":"PlainDateTime","dateStyle":"short","timeStyle":"full"}	HH:mm:ss d/M/yy	15:07:09 24/12/22	09:04:05 6/3/23		year=2-digit,month=numeric,day=numeric,hour=2-digit,minute=2-digit,second=2-digit,hourCycle=h23	
vi	PDT_medium_medium	{"temporal":"PlainDateTime","dateStyle":"medium","timeStyle":"medium"}	HH:mm:ss d MMM, y	15:07:09 24 thg 12, 2022	09:04:05 6 thg 3, 2023		dateStyle=medium,timeStyle=medium,hourCycle=h23	
zh	d_full	{"dateStyle":"full"}	y\u5e74M\u6708d\u65e5EEEE	2022\u5e7412\u670824\u65e5\u661f\u671f\u516d	2023\u5e743\u67086\u65e5\u661f\u671f\u4e00		dateStyle=full	
zh	d_long	{"dateStyle":"long"}	y\u5e74M\u6708d\u65e5	2022\u5e7412\u670824\u65e5	2023\u5e743\u67086\u65e5		dateStyle=long	
zh	d_medium	{"dateStyle":"medium"}	y\u5e74M\u6708d\u65e5	2022\u5e7412\u670824\u65e5	2023\u5e743\u67086\u65e5		dateStyle=medium	
zh	d_short	{"dateStyle":"short"}	y/M/d	2022/12/24	2023/3/6		dateStyle=short	
zh	t_full	{"timeStyle":"full"}	zzzz HH:mm:ss	\u534f\u8c03\u4e16\u754c\u65f6 15:07:09	\u534f\u8c03\u4e16\u754c\u65f6 09:04:05	\u534f\u8c03\u4e16\u754c\u65f6	timeStyle=full,hourCycle=h23	
zh	t_long	{"timeStyle":"long"}	z HH:mm:ss	UTC 15:07:09	UTC 09:04:05	UTC	timeStyle=long,hourCycle=h23	
zh	t_medium	{"timeStyle":"medium"}	HH:mm:ss	15:07:09	09:04:05		timeStyle=medium,hourCycle=h23	
zh	t_short	{"timeStyle":"short"}	HH:mm	15:07	09:04		timeStyle=short,hourCycle=h23	
zh	dt_full_full	{"dateStyle":"full","timeStyle":"full"}	y\u5e74M\u6708d\u65e5EEEE zzzz HH:mm:ss	2022\u5e7412\u670824\u65e5\u661f\u671f\u516d \u534f\u8c03\u4e16\u754c\u65f6 15:07:09	2023\u5e743\u67086\u65e5\u661f\u671f\u4e00 \u534f\u8c03\u4e16\u754c\u65f6 09:04:05	\u534f\u8c03\u4e16\u754c\u65f6	dateStyle=full,timeStyle=full,hourCycle=h23	
zh	dt_full_long	{"dateStyle":"full","timeStyle":"long"}	y\u5e74M\u6708d\u65e5EEEE z HH:mm:ss	2022\u5e7412\u670824\u65e5\u661f\u671f\u516d UTC 15:07:09	2023\u5e743\u67086\u65e5\u661f\u671f\u4e00 UTC 09:04:05	UTC	dateStyle=full,timeStyle=long,hourCycle=h23	
zh	dt_full_medium	{"dateStyle":"full","timeStyle":"medium"}	y\u5e74M\u6708d\u65e5EEEE HH:mm:ss	2022\u5e7412\u670824\u65e5\u661f\u671f\u516d 15:07:09	2023\u5e743\u67086\u65e5\u661f\u671f\u4e00 09:04:05		dateStyle=full,timeStyle=medium,hourCycle=h23	
zh	dt_full_short	{"dateStyle":"full","timeStyle":"short"}	y\u5e74M\u6708d\u65e5EEEE HH:mm	2022\u5e7412\u670824\u65e5\u661f\u671f\u516d 15:07	2023\u5e743\u67086\u65e5\u661f\u671f\u4e00 09:04		dateStyle=full,timeStyle=short,hourCycle=h23	
zh	dt_long_full	{"dateStyle":"long","timeStyle":"full"}	y\u5e74M\u6708d\u65e5 zzzz HH:mm:ss	2022\u5e7412\u670824\u65e5 \u534f\u8c03\u4e16\u754c\u65f6 15:07:09	2023\u5e743\u67086\u65e5 \u534f\u8c03\u4e16\u754c\u65f6 09:04:05	\u534f\u8c03\u4e16\u754c\u65f6	dateStyle=long,timeStyle=full,hourCycle=h23	
zh	dt_long_long	{"dateStyle":"long","timeStyle":"long"}	y\u5e74M\u6708d\u65e5 z HH:mm:ss	2022\u5e7412\u670824\u65e5 UTC 15:07:09	2023\u5e743\u67086\u65e5 UTC 09:04:05	UTC	dateStyle=long,timeStyle=long,hourCycle=h23	
zh	dt_long_medium	{"dateStyle":"long","timeStyle":"medium"}	y\u5e74M\u6708d\u65e5 HH:mm:ss	2022\u5e7412\u670824\u65e5 15:07:09	2023\u5e743\u67086\u65e5 09:04:05		dateStyle=long,timeStyle=medium,hourCycle=h23	
zh	dt_long_short	{"dateStyle":"long","timeStyle":"short"}	y\u5e74M\u6708d\u65e5 HH:mm	2022\u5e7412\u670824\u65e5 15:07	2023\u5e743\u67086\u65e5 09:04		dateStyle=long,timeStyle=short,hourCycle=h23	
zh	dt_medium_full	{"dateStyle":"medium","timeStyle":"full"}	y\u5e74M\u6708d\u65e5 zzzz HH:mm:ss	2022\u5e7412\u670824\u65e5 \u534f\u8c03\u4e16\u754c\u65f6 15:07:09	2023\u5e743\u67086\u65e5 \u534f\u8c03\u4e16\u754c\u65f6 09:04:05	\u534f\u8c03\u4e16\u754c\u65f6	dateStyle=medium,timeStyle=full,hourCycle=h23	
zh	dt_medium_long	{"dateStyle":"medium","timeStyle":"long"}	y\u5e74M\u6708d\u65e5 z HH:mm:ss	2022\u5e7412\u670824\u65e5 UTC 15:07:09	2023\u5e743\u67086\u65e5 UTC 09:04:05	UTC	dateStyle=medium,timeStyle=long,hourCycle=h23	
zh	dt_medium_medium	{"dateStyle":"medium","timeStyle":"medium"}	y\u5e74M\u6708d\u65e5 HH:mm:ss	2022\u5e7412\u670824\u65e5 15:07:09	2023\u5e743\u67086\u65e5 09:04:05		dateStyle=medium,timeStyle=medium,hourCycle=h23	
zh	dt_medium_short	{"dateStyle":"medium","timeStyle":"short"}	y\u5e74M\u6708d\u65e5 HH:mm	2022\u5e7412\u670824\u65e5 15:07	2023\u5e743\u67086\u65e5 09:04		dateStyle=medium,timeStyle=short,hourCycle=h23	
zh	dt_short_full	{"dateStyle":"short","timeStyle":"full"}	y/M/d zzzz HH:mm:ss	2022/12/24 \u534f\u8c03\u4e16\u754c\u65f6 15:07:09	2023/3/6 \u534f\u8c03\u4e16\u754c\u65f6 09:04:05	\u534f\u8c03\u4e16\u754c\u65f6	dateStyle=short,timeStyle=full,hourCycle=h23	
zh	dt_short_long	{"dateStyle":"short","timeStyle":"long"}	y/M/d z HH:mm:ss	2022/12/24 UTC 15:07:09	2023/3/6 UTC 09:04:05	UTC	dateStyle=short,timeStyle=long,hourCycle=h23	
zh	dt_short_medium	{"dateStyle":"short","timeStyle":"medium"}	y/M/d HH:mm:ss	2022/12/24 15:07:09	2023/3/6 09:04:05		dateStyle=short,timeStyle=medium,hourCycle=h23	
zh	dt_short_short	{"dateStyle":"short","timeStyle":"short"}	y/M/d HH:mm	2022/12/24 15:07	2023/3/6 09:04		dateStyle=short,timeStyle=short,hourCycle=h23	
zh	t_short_h23	{"timeStyle":"short","hourCycle":"h23"}	HH:mm	15:07	09:04		timeStyle=short,hourCycle=h23	
zh	t_short_h12	{"timeStyle":"short","hourCycle":"h12"}	ahh:mm	\u4e0b\u534803:07	\u4e0a\u534809:04		timeStyle=short,hourCycle=h12	
zh	t_short_h11	{"timeStyle":"short","hourCycle":"h11"}	aKK:mm	\u4e0b\u534803:07	\u4e0a\u534809:04		timeStyle=short,hourCycle=h11	
zh	t_short_h24	{"timeStyle":"short","hourCycle":"h24"}	kk:mm	15:07	09:04		timeStyle=short,hourCycle=h24	
zh	t_medium_12	{"timeStyle":"medium","hour12":true}	ahh:mm:ss	\u4e0b\u534803:07:09	\u4e0a\u534809:04:05		timeStyle=medium,hourCycle=h12	
zh	t_medium_24	{"timeStyle":"medium","hour12":false}	HH:mm:ss	15:07:09	09:04:05		timeStyle=medium,hourCycle=h23	
zh	t_full_h23	{"timeStyle":"full","hourCycle":"h23"}	zzzz HH:mm:ss	\u534f\u8c03\u4e16\u754c\u65f6 15:07:09	\u534f\u8c03\u4e16\u754c\u65f6 09:04:05	\u534f\u8c03\u4e16\u754c\u65f6	timeStyle=full,hourCycle=h23	
zh	t_long_h12	{"timeStyle":"long","hourCycle":"h12"}	zahh:mm:ss	UTC\u4e0b\u534803:07:09	UTC\u4e0a\u534809:04:05	UTC	timeStyle=long,hourCycle=h12	
zh	dt_full_short_h23	{"dateStyle":"full","timeStyle":"short","hourCycle":"h23"}	y\u5e74M\u6708d\u65e5EEEE HH:mm	2022\u5e7412\u670824\u65e5\u661f\u671f\u516d 15:07	2023\u5e743\u67086\u65e5\u661f\u671f\u4e00 09:04		dateStyle=full,timeStyle=short,hourCycle=h23	
zh	dt_short_medium_h12	{"dateStyle":"short","timeStyle":"medium","hourCycle":"h12"}	y/M/d ahh:mm:ss	2022/12/24 \u4e0b\u534803:07:09	2023/3/6 \u4e0a\u534809:04:05		dateStyle=short,timeStyle=medium,hourCycle=h12	
zh	dt_long_long_12	{"dateStyle":"long","timeStyle":"long","hour12":true}	y/M/d zahh:mm:ss	2022/12/24 UTC\u4e0b\u534803:07:09	2023/3/6 UTC\u4e0a\u534809:04:05	UTC	dateStyle=long,timeStyle=long,hourCycle=h12	
zh	dt_medium_full_24	{"dateStyle":"medium","timeStyle":"full","hour12":false}	y\u5e74M\u6708d\u65e5 zzzz HH:mm:ss	2022\u5e7412\u670824\u65e5 \u534f\u8c03\u4e16\u754c\u65f6 15:07:09	2023\u5e743\u67086\u65e5 \u534f\u8c03\u4e16\u754c\u65f6 09:04:05	\u534f\u8c03\u4e16\u754c\u65f6	dateStyle=medium,timeStyle=full,hourCycle=h23	
zh	PYM_full	{"temporal":"PlainYearMonth","dateStyle":"full"}	y/M	2022/12	2023/3		year=numeric,month=numeric	
zh	PYM_long	{"temporal":"PlainYearMonth","dateStyle":"long"}	y/M	2022/12	2023/3		year=numeric,month=numeric	
zh	PYM_medium	{"temporal":"PlainYearMonth","dateStyle":"medium"}	y/M	2022/12	2023/3		year=numeric,month=numeric	
zh	PYM_short	{"temporal":"PlainYearMonth","dateStyle":"short"}	y/M	2022/12	2023/3		year=numeric,month=numeric	
zh	PMD_full	{"temporal":"PlainMonthDay","dateStyle":"full"}	M/d	12/24	3/6		month=numeric,day=numeric	
zh	PMD_long	{"temporal":"PlainMonthDay","dateStyle":"long"}	M/d	12/24	3/6		month=numeric,day=numeric	
zh	PMD_medium	{"temporal":"PlainMonthDay","dateStyle":"medium"}	M/d	12/24	3/6		month=numeric,day=numeric	
zh	PMD_short	{"temporal":"PlainMonthDay","dateStyle":"short"}	M/d	12/24	3/6		month=numeric,day=numeric	
zh	PD_full	{"temporal":"PlainDate","dateStyle":"full"}	y\u5e74M\u6708d\u65e5EEEE	2022\u5e7412\u670824\u65e5\u661f\u671f\u516d	2023\u5e743\u67086\u65e5\u661f\u671f\u4e00		dateStyle=full	
zh	PD_short	{"temporal":"PlainDate","dateStyle":"short"}	y/M/d	2022/12/24	2023/3/6		dateStyle=short	
zh	PT_full	{"temporal":"PlainTime","timeStyle":"full"}	HH:mm:ss	15:07:09	09:04:05		hour=2-digit,minute=2-digit,second=2-digit,hourCycle=h23	
zh	PT_long	{"temporal":"PlainTime","timeStyle":"long"}	HH:mm:ss	15:07:09	09:04:05		hour=2-digit,minute=2-digit,second=2-digit,hourCycle=h23	
zh	PT_medium	{"temporal":"PlainTime","timeStyle":"medium"}	HH:mm:ss	15:07:09	09:04:05		timeStyle=medium,hourCycle=h23	
zh	PDT_full_full	{"temporal":"PlainDateTime","dateStyle":"full","timeStyle":"full"}	y\u5e74M\u6708d\u65e5EEEE HH:mm:ss	2022\u5e7412\u670824\u65e5\u661f\u671f\u516d 15:07:09	2023\u5e743\u67086\u65e5\u661f\u671f\u4e00 09:04:05		weekday=long,year=numeric,month=numeric,day=numeric,hour=2-digit,minute=2-digit,second=2-digit,hourCycle=h23	
zh	PDT_long_long	{"temporal":"PlainDateTime","dateStyle":"long","timeStyle":"long"}	y/M/d HH:mm:ss	2022/12/24 15:07:09	2023/3/6 09:04:05		year=numeric,month=numeric,day=numeric,hour=2-digit,minute=2-digit,second=2-digit,hourCycle=h23	
zh	PDT_short_full	{"temporal":"PlainDateTime","dateStyle":"short","timeStyle":"full"}	y/M/d HH:mm:ss	2022/12/24 15:07:09	2023/3/6 09:04:05		year=numeric,month=numeric,day=numeric,hour=2-digit,minute=2-digit,second=2-digit,hourCycle=h23	
zh	PDT_medium_medium	{"temporal":"PlainDateTime","dateStyle":"medium","timeStyle":"medium"}	y\u5e74M\u6708d\u65e5 HH:mm:ss	2022\u5e7412\u670824\u65e5 15:07:09	2023\u5e743\u67086\u65e5 09:04:05		dateStyle=medium,timeStyle=medium,hourCycle=h23	
zh-Hant	d_full	{"dateStyle":"full"}	y\u5e74M\u6708d\u65e5 EEEE	2022\u5e7412\u670824\u65e5 \u661f\u671f\u516d	2023\u5e743\u67086\u65e5 \u661f\u671f\u4e00		dateStyle=full	
zh-Hant	d_long	{"dateStyle":"long"}	y\u5e74M\u6708d\u65e5	2022\u5e7412\u670824\u65e5	2023\u5e743\u67086\u65e5		dateStyle=long	
zh-Hant	d_medium	{"dateStyle":"medium"}	y\u5e74M\u6708d\u65e5	2022\u5e7412\u670824\u65e5	2023\u5e743\u67086\u65e5		dateStyle=medium	
zh-Hant	d_short	{"dateStyle":"short"}	y/M/d	2022/12/24	2023/3/6		dateStyle=short	
zh-Hant	t_full	{"timeStyle":"full"}	Bh:mm:ss [zzzz]	\u4e0b\u53483:07:09 [\u4e16\u754c\u6a19\u6e96\u6642\u9593]	\u4e0a\u53489:04:05 [\u4e16\u754c\u6a19\u6e96\u6642\u9593]	\u4e16\u754c\u6a19\u6e96\u6642\u9593	timeStyle=full,hourCycle=h12	
zh-Hant	t_long	{"timeStyle":"long"}	Bh:mm:ss [z]	\u4e0b\u53483:07:09 [UTC]	\u4e0a\u53489:04:05 [UTC]	UTC	timeStyle=long,hourCycle=h12	
zh-Hant	t_medium	{"timeStyle":"medium"}	Bh:mm:ss	\u4e0b\u53483:07:09	\u4e0a\u53489:04:05		timeStyle=medium,hourCycle=h12	
zh-Hant	t_short	{"timeStyle":"short"}	Bh:mm	\u4e0b\u53483:07	\u4e0a\u53489:04		timeStyle=short,hourCycle=h12	
zh-Hant	dt_full_full	{"dateStyle":"full","timeStyle":"full"}	y\u5e74M\u6708d\u65e5 EEEE Bh:mm:ss [zzzz]	2022\u5e7412\u670824\u65e5 \u661f\u671f\u516d \u4e0b\u53483:07:09 [\u4e16\u754c\u6a19\u6e96\u6642\u9593]	2023\u5e743\u67086\u65e5 \u661f\u671f\u4e00 \u4e0a\u53489:04:05 [\u4e16\u754c\u6a19\u6e96\u6642\u9593]	\u4e16\u754c\u6a19\u6e96\u6642\u9593	dateStyle=full,timeStyle=full,hourCycle=h12	
zh-Hant	dt_full_long	{"dateStyle":"full","timeStyle":"long"}	y\u5e74M\u6708d\u65e5 EEEE Bh:mm:ss [z]	2022\u5e7412\u670824\u65e5 \u661f\u671f\u516d \u4e0b\u53483:07:09 [UTC]	2023\u5e743\u67086\u65e5 \u661f\u671f\u4e00 \u4e0a\u53489:04:05 [UTC]	UTC	dateStyle=full,timeStyle=long,hourCycle=h12	
zh-Hant	dt_full_medium	{"dateStyle":"full","timeStyle":"medium"}	y\u5e74M\u6708d\u65e5 EEEE Bh:mm:ss	2022\u5e7412\u670824\u65e5 \u661f\u671f\u516d \u4e0b\u53483:07:09	2023\u5e743\u67086\u65e5 \u661f\u671f\u4e00 \u4e0a\u53489:04:05		dateStyle=full,timeStyle=medium,hourCycle=h12	
zh-Hant	dt_full_short	{"dateStyle":"full","timeStyle":"short"}	y\u5e74M\u6708d\u65e5 EEEE Bh:mm	2022\u5e7412\u670824\u65e5 \u661f\u671f\u516d \u4e0b\u53483:07	2023\u5e743\u67086\u65e5 \u661f\u671f\u4e00 \u4e0a\u53489:04		dateStyle=full,timeStyle=short,hourCycle=h12	
zh-Hant	dt_long_full	{"dateStyle":"long","timeStyle":"full"}	y\u5e74M\u6708d\u65e5 Bh:mm:ss [zzzz]	2022\u5e7412\u670824\u65e5 \u4e0b\u53483:07:09 [\u4e16\u754c\u6a19\u6e96\u6642\u9593]	2023\u5e743\u67086\u65e5 \u4e0a\u53489:04:05 [\u4e16\u754c\u6a19\u6e96\u6642\u9593]	\u4e16\u754c\u6a19\u6e96\u6642\u9593	dateStyle=long,timeStyle=full,hourCycle=h12	
zh-Hant	dt_long_long	{"dateStyle":"long","timeStyle":"long"}	y\u5e74M\u6708d\u65e5 Bh:mm:ss [z]	2022\u5e7412\u670824\u65e5 \u4e0b\u53483:07:09 [UTC]	2023\u5e743\u67086\u65e5 \u4e0a\u53489:04:05 [UTC]	UTC	dateStyle=long,timeStyle=long,hourCycle=h12	
zh-Hant	dt_long_medium	{"dateStyle":"long","timeStyle":"medium"}	y\u5e74M\u6708d\u65e5 Bh:mm:ss	2022\u5e7412\u670824\u65e5 \u4e0b\u53483:07:09	2023\u5e743\u67086\u65e5 \u4e0a\u53489:04:05		dateStyle=long,timeStyle=medium,hourCycle=h12	
zh-Hant	dt_long_short	{"dateStyle":"long","timeStyle":"short"}	y\u5e74M\u6708d\u65e5 Bh:mm	2022\u5e7412\u670824\u65e5 \u4e0b\u53483:07	2023\u5e743\u67086\u65e5 \u4e0a\u53489:04		dateStyle=long,timeStyle=short,hourCycle=h12	
zh-Hant	dt_medium_full	{"dateStyle":"medium","timeStyle":"full"}	y\u5e74M\u6708d\u65e5 Bh:mm:ss [zzzz]	2022\u5e7412\u670824\u65e5 \u4e0b\u53483:07:09 [\u4e16\u754c\u6a19\u6e96\u6642\u9593]	2023\u5e743\u67086\u65e5 \u4e0a\u53489:04:05 [\u4e16\u754c\u6a19\u6e96\u6642\u9593]	\u4e16\u754c\u6a19\u6e96\u6642\u9593	dateStyle=medium,timeStyle=full,hourCycle=h12	
zh-Hant	dt_medium_long	{"dateStyle":"medium","timeStyle":"long"}	y\u5e74M\u6708d\u65e5 Bh:mm:ss [z]	2022\u5e7412\u670824\u65e5 \u4e0b\u53483:07:09 [UTC]	2023\u5e743\u67086\u65e5 \u4e0a\u53489:04:05 [UTC]	UTC	dateStyle=medium,timeStyle=long,hourCycle=h12	
zh-Hant	dt_medium_medium	{"dateStyle":"medium","timeStyle":"medium"}	y\u5e74M\u6708d\u65e5 Bh:mm:ss	2022\u5e7412\u670824\u65e5 \u4e0b\u53483:07:09	2023\u5e743\u67086\u65e5 \u4e0a\u53489:04:05		dateStyle=medium,timeStyle=medium,hourCycle=h12	
zh-Hant	dt_medium_short	{"dateStyle":"medium","timeStyle":"short"}	y\u5e74M\u6708d\u65e5 Bh:mm	2022\u5e7412\u670824\u65e5 \u4e0b\u53483:07	2023\u5e743\u67086\u65e5 \u4e0a\u53489:04		dateStyle=medium,timeStyle=short,hourCycle=h12	
zh-Hant	dt_short_full	{"dateStyle":"short","timeStyle":"full"}	y/M/d\u2009Bh:mm:ss [zzzz]	2022/12/24\u2009\u4e0b\u53483:07:09 [\u4e16\u754c\u6a19\u6e96\u6642\u9593]	2023/3/6\u2009\u4e0a\u53489:04:05 [\u4e16\u754c\u6a19\u6e96\u6642\u9593]	\u4e16\u754c\u6a19\u6e96\u6642\u9593	dateStyle=short,timeStyle=full,hourCycle=h12	
zh-Hant	dt_short_long	{"dateStyle":"short","timeStyle":"long"}	y/M/d\u2009Bh:mm:ss [z]	2022/12/24\u2009\u4e0b\u53483:07:09 [UTC]	2023/3/6\u2009\u4e0a\u53489:04:05 [UTC]	UTC	dateStyle=short,timeStyle=long,hourCycle=h12	
zh-Hant	dt_short_medium	{"dateStyle":"short","timeStyle":"medium"}	y/M/d\u2009Bh:mm:ss	2022/12/24\u2009\u4e0b\u53483:07:09	2023/3/6\u2009\u4e0a\u53489:04:05		dateStyle=short,timeStyle=medium,hourCycle=h12	
zh-Hant	dt_short_short	{"dateStyle":"short","timeStyle":"short"}	y/M/d\u2009Bh:mm	2022/12/24\u2009\u4e0b\u53483:07	2023/3/6\u2009\u4e0a\u53489:04		dateStyle=short,timeStyle=short,hourCycle=h12	
zh-Hant	t_short_h23	{"timeStyle":"short","hourCycle":"h23"}	HH:mm	15:07	09:04		timeStyle=short,hourCycle=h23	
zh-Hant	t_short_h12	{"timeStyle":"short","hourCycle":"h12"}	Bh:mm	\u4e0b\u53483:07	\u4e0a\u53489:04		timeStyle=short,hourCycle=h12	
zh-Hant	t_short_h11	{"timeStyle":"short","hourCycle":"h11"}	aK:mm	\u4e0b\u53483:07	\u4e0a\u53489:04		timeStyle=short,hourCycle=h11	
zh-Hant	t_short_h24	{"timeStyle":"short","hourCycle":"h24"}	kk:mm	15:07	09:04		timeStyle=short,hourCycle=h24	
zh-Hant	t_medium_12	{"timeStyle":"medium","hour12":true}	Bh:mm:ss	\u4e0b\u53483:07:09	\u4e0a\u53489:04:05		timeStyle=medium,hourCycle=h12	
zh-Hant	t_medium_24	{"timeStyle":"medium","hour12":false}	HH:mm:ss	15:07:09	09:04:05		timeStyle=medium,hourCycle=h23	
zh-Hant	t_full_h23	{"timeStyle":"full","hourCycle":"h23"}	HH:mm:ss [zzzz]	15:07:09 [\u4e16\u754c\u6a19\u6e96\u6642\u9593]	09:04:05 [\u4e16\u754c\u6a19\u6e96\u6642\u9593]	\u4e16\u754c\u6a19\u6e96\u6642\u9593	timeStyle=full,hourCycle=h23	
zh-Hant	t_long_h12	{"timeStyle":"long","hourCycle":"h12"}	Bh:mm:ss [z]	\u4e0b\u53483:07:09 [UTC]	\u4e0a\u53489:04:05 [UTC]	UTC	timeStyle=long,hourCycle=h12	
zh-Hant	dt_full_short_h23	{"dateStyle":"full","timeStyle":"short","hourCycle":"h23"}	y\u5e74M\u6708d\u65e5 EEEE\u2009HH:mm	2022\u5e7412\u670824\u65e5 \u661f\u671f\u516d\u200915:07	2023\u5e743\u67086\u65e5 \u661f\u671f\u4e00\u200909:04		dateStyle=full,timeStyle=short,hourCycle=h23	
zh-Hant	dt_short_medium_h12	{"dateStyle":"short","timeStyle":"medium","hourCycle":"h12"}	y/M/d\u2009Bh:mm:ss	2022/12/24\u2009\u4e0b\u53483:07:09	2023/3/6\u2009\u4e0a\u53489:04:05		dateStyle=short,timeStyle=medium,hourCycle=h12	
zh-Hant	dt_long_long_12	{"dateStyle":"long","timeStyle":"long","hour12":true}	y\u5e74M\u6708d\u65e5 Bh:mm:ss [z]	2022\u5e7412\u670824\u65e5 \u4e0b\u53483:07:09 [UTC]	2023\u5e743\u67086\u65e5 \u4e0a\u53489:04:05 [UTC]	UTC	dateStyle=long,timeStyle=long,hourCycle=h12	
zh-Hant	dt_medium_full_24	{"dateStyle":"medium","timeStyle":"full","hour12":false}	y/M/d\u2009HH:mm:ss [zzzz]	2022/12/24\u200915:07:09 [\u4e16\u754c\u6a19\u6e96\u6642\u9593]	2023/3/6\u200909:04:05 [\u4e16\u754c\u6a19\u6e96\u6642\u9593]	\u4e16\u754c\u6a19\u6e96\u6642\u9593	dateStyle=medium,timeStyle=full,hourCycle=h23	
zh-Hant	PYM_full	{"temporal":"PlainYearMonth","dateStyle":"full"}	y/M	2022/12	2023/3		year=numeric,month=numeric	
zh-Hant	PYM_long	{"temporal":"PlainYearMonth","dateStyle":"long"}	y/M	2022/12	2023/3		year=numeric,month=numeric	
zh-Hant	PYM_medium	{"temporal":"PlainYearMonth","dateStyle":"medium"}	y/M	2022/12	2023/3		year=numeric,month=numeric	
zh-Hant	PYM_short	{"temporal":"PlainYearMonth","dateStyle":"short"}	y/M	2022/12	2023/3		year=numeric,month=numeric	
zh-Hant	PMD_full	{"temporal":"PlainMonthDay","dateStyle":"full"}	M/d	12/24	3/6		month=numeric,day=numeric	
zh-Hant	PMD_long	{"temporal":"PlainMonthDay","dateStyle":"long"}	M/d	12/24	3/6		month=numeric,day=numeric	
zh-Hant	PMD_medium	{"temporal":"PlainMonthDay","dateStyle":"medium"}	M/d	12/24	3/6		month=numeric,day=numeric	
zh-Hant	PMD_short	{"temporal":"PlainMonthDay","dateStyle":"short"}	M/d	12/24	3/6		month=numeric,day=numeric	
zh-Hant	PD_full	{"temporal":"PlainDate","dateStyle":"full"}	y\u5e74M\u6708d\u65e5 EEEE	2022\u5e7412\u670824\u65e5 \u661f\u671f\u516d	2023\u5e743\u67086\u65e5 \u661f\u671f\u4e00		dateStyle=full	
zh-Hant	PD_short	{"temporal":"PlainDate","dateStyle":"short"}	y/M/d	2022/12/24	2023/3/6		dateStyle=short	
zh-Hant	PT_full	{"temporal":"PlainTime","timeStyle":"full"}	Bh:mm:ss	\u4e0b\u53483:07:09	\u4e0a\u53489:04:05		dayPeriod=short,hour=numeric,minute=2-digit,second=2-digit,hourCycle=h12	
zh-Hant	PT_long	{"temporal":"PlainTime","timeStyle":"long"}	Bh:mm:ss	\u4e0b\u53483:07:09	\u4e0a\u53489:04:05		dayPeriod=short,hour=numeric,minute=2-digit,second=2-digit,hourCycle=h12	
zh-Hant	PT_medium	{"temporal":"PlainTime","timeStyle":"medium"}	Bh:mm:ss	\u4e0b\u53483:07:09	\u4e0a\u53489:04:05		timeStyle=medium,hourCycle=h12	
zh-Hant	PDT_full_full	{"temporal":"PlainDateTime","dateStyle":"full","timeStyle":"full"}	y\u5e74M\u6708d\u65e5 EEEE\u2009Bh:mm:ss	2022\u5e7412\u670824\u65e5 \u661f\u671f\u516d\u2009\u4e0b\u53483:07:09	2023\u5e743\u67086\u65e5 \u661f\u671f\u4e00\u2009\u4e0a\u53489:04:05		weekday=long,year=numeric,month=numeric,day=numeric,dayPeriod=short,hour=numeric,minute=2-digit,second=2-digit,hourCycle=h12	
zh-Hant	PDT_long_long	{"temporal":"PlainDateTime","dateStyle":"long","timeStyle":"long"}	y/M/d\u2009Bh:mm:ss	2022/12/24\u2009\u4e0b\u53483:07:09	2023/3/6\u2009\u4e0a\u53489:04:05		year=numeric,month=numeric,day=numeric,dayPeriod=short,hour=numeric,minute=2-digit,second=2-digit,hourCycle=h12	
zh-Hant	PDT_short_full	{"temporal":"PlainDateTime","dateStyle":"short","timeStyle":"full"}	y/M/d\u2009Bh:mm:ss	2022/12/24\u2009\u4e0b\u53483:07:09	2023/3/6\u2009\u4e0a\u53489:04:05		year=numeric,month=numeric,day=numeric,dayPeriod=short,hour=numeric,minute=2-digit,second=2-digit,hourCycle=h12	
zh-Hant	PDT_medium_medium	{"temporal":"PlainDateTime","dateStyle":"medium","timeStyle":"medium"}	y\u5e74M\u6708d\u65e5 Bh:mm:ss	2022\u5e7412\u670824\u65e5 \u4e0b\u53483:07:09	2023\u5e743\u67086\u65e5 \u4e0a\u53489:04:05		dateStyle=medium,timeStyle=medium,hourCycle=h12	
