# Generated by tools/cldr-dates/reference/format_matcher.py golden from cldr-json 48.2.0; do not edit.
# The last column is what ICU (Node 24.19, ICU 78.3) writes where it differs from the model: text@1|text@2|resolvedOptions.
# locale	bag	options	pattern	text@2022-12-24T15:07:09Z	text@2023-03-06T09:04:05Z	resolvedOptions	icu
ar	E_d_MMMM	{"weekday":"short","day":"numeric","month":"long"}	EEE\u060c d MMMM	\u0627\u0644\u0633\u0628\u062a\u060c 24 \u062f\u064a\u0633\u0645\u0628\u0631	\u0627\u0644\u0627\u062b\u0646\u064a\u0646\u060c 6 \u0645\u0627\u0631\u0633	weekday=short,month=long,day=numeric	
ar	EEEE_d_MMMM	{"weekday":"long","day":"numeric","month":"long"}	EEEE\u060c d MMMM	\u0627\u0644\u0633\u0628\u062a\u060c 24 \u062f\u064a\u0633\u0645\u0628\u0631	\u0627\u0644\u0627\u062b\u0646\u064a\u0646\u060c 6 \u0645\u0627\u0631\u0633	weekday=long,month=long,day=numeric	
ar	E_y_MMM_d	{"weekday":"short","year":"numeric","month":"short","day":"numeric"}	EEE\u060c d MMM y	\u0627\u0644\u0633\u0628\u062a\u060c 24 \u062f\u064a\u0633\u0645\u0628\u0631 2022	\u0627\u0644\u0627\u062b\u0646\u064a\u0646\u060c 6 \u0645\u0627\u0631\u0633 2023	weekday=short,year=numeric,month=short,day=numeric	
ar	EEEE_y_MMMM_d	{"weekday":"long","year":"numeric","month":"long","day":"numeric"}	EEEE\u060c d MMMM y	\u0627\u0644\u0633\u0628\u062a\u060c 24 \u062f\u064a\u0633\u0645\u0628\u0631 2022	\u0627\u0644\u0627\u062b\u0646\u064a\u0646\u060c 6 \u0645\u0627\u0631\u0633 2023	weekday=long,year=numeric,month=long,day=numeric	
ar	y_MMMM	{"year":"numeric","month":"long"}	MMMM y	\u062f\u064a\u0633\u0645\u0628\u0631 2022	\u0645\u0627\u0631\u0633 2023	year=numeric,month=long	
ar	y_MMM	{"year":"numeric","month":"short"}	MMM y	\u062f\u064a\u0633\u0645\u0628\u0631 2022	\u0645\u0627\u0631\u0633 2023	year=numeric,month=short	
ar	y_MM	{"year":"numeric","month":"2-digit"}	MM\u200f/y	12\u200f/2022	03\u200f/2023	year=numeric,month=2-digit	
ar	MMMM_d	{"month":"long","day":"numeric"}	d MMMM	24 \u062f\u064a\u0633\u0645\u0628\u0631	6 \u0645\u0627\u0631\u0633	month=long,day=numeric	
ar	MMM_d	{"month":"short","day":"numeric"}	d MMM	24 \u062f\u064a\u0633\u0645\u0628\u0631	6 \u0645\u0627\u0631\u0633	month=short,day=numeric	
ar	M_d	{"month":"numeric","day":"numeric"}	d\u200f/M	24\u200f/12	6\u200f/3	month=numeric,day=numeric	
ar	y_M_d	{"year":"numeric","month":"numeric","day":"numeric"}	d\u200f/M\u200f/y	24\u200f/12\u200f/2022	6\u200f/3\u200f/2023	year=numeric,month=numeric,day=numeric	
ar	yy_MM_dd	{"year":"2-digit","month":"2-digit","day":"2-digit"}	dd\u200f/MM\u200f/yy	24\u200f/12\u200f/22	06\u200f/03\u200f/23	year=2-digit,month=2-digit,day=2-digit	
ar	MMMM	{"month":"long"}	LLLL	\u062f\u064a\u0633\u0645\u0628\u0631	\u0645\u0627\u0631\u0633	month=long	
ar	EEEE	{"weekday":"long"}	cccc	\u0627\u0644\u0633\u0628\u062a	\u0627\u0644\u0627\u062b\u0646\u064a\u0646	weekday=long	
ar	d	{"day":"numeric"}	d	24	6	day=numeric	
ar	G_y	{"era":"short","year":"numeric"}	y G	2022 \u0645	2023 \u0645	era=short,year=numeric	
ar	GGGG_y_MMMM_d	{"era":"long","year":"numeric","month":"long","day":"numeric"}	d MMMM y GGGG	24 \u062f\u064a\u0633\u0645\u0628\u0631 2022 \u0645\u064a\u0644\u0627\u062f\u064a	6 \u0645\u0627\u0631\u0633 2023 \u0645\u064a\u0644\u0627\u062f\u064a	era=long,year=numeric,month=long,day=numeric	
ar	j_mm	{"hour":"numeric","minute":"2-digit"}	h:mm a	3:07 \u0645	9:04 \u0635	hour=numeric,minute=2-digit,hourCycle=h12	
ar	H_mm_h23	{"hour":"numeric","minute":"2-digit","hourCycle":"h23"}	HH:mm	15:07	09:04	hour=2-digit,minute=2-digit,hourCycle=h23	
ar	h_mm_h12	{"hour":"numeric","minute":"2-digit","hour12":true}	h:mm a	3:07 \u0645	9:04 \u0635	hour=numeric,minute=2-digit,hourCycle=h12	
ar	j_mm_ss	{"hour":"numeric","minute":"numeric","second":"numeric"}	h:mm:ss a	3:07:09 \u0645	9:04:05 \u0635	hour=numeric,minute=2-digit,second=2-digit,hourCycle=h12	
ar	E_j_mm	{"weekday":"short","hour":"numeric","minute":"2-digit"}	EEE h:mm a	\u0627\u0644\u0633\u0628\u062a 3:07 \u0645	\u0627\u0644\u0627\u062b\u0646\u064a\u0646 9:04 \u0635	weekday=short,hour=numeric,minute=2-digit,hourCycle=h12	
ar	y_MMMM_d_j_mm	{"year":"numeric","month":"long","day":"numeric","hour":"numeric","minute":"2-digit"}	d MMMM y \u0641\u064a h:mm a	24 \u062f\u064a\u0633\u0645\u0628\u0631 2022 \u0641\u064a 3:07 \u0645	6 \u0645\u0627\u0631\u0633 2023 \u0641\u064a 9:04 \u0635	year=numeric,month=long,day=numeric,hour=numeric,minute=2-digit,hourCycle=h12	
ar	MMM_d_j_mm	{"month":"short","day":"numeric","hour":"numeric","minute":"2-digit"}	d MMM\u060c h:mm a	24 \u062f\u064a\u0633\u0645\u0628\u0631\u060c 3:07 \u0645	6 \u0645\u0627\u0631\u0633\u060c 9:04 \u0635	month=short,day=numeric,hour=numeric,minute=2-digit,hourCycle=h12	
ar	y_M_d_j_mm_ss	{"year":"numeric","month":"numeric","day":"numeric","hour":"numeric","minute":"numeric","second":"numeric"}	d\u200f/M\u200f/y\u060c h:mm:ss a	24\u200f/12\u200f/2022\u060c 3:07:09 \u0645	6\u200f/3\u200f/2023\u060c 9:04:05 \u0635	year=numeric,month=numeric,day=numeric,hour=numeric,minute=2-digit,second=2-digit,hourCycle=h12	
bg	E_d_MMMM	{"weekday":"short","day":"numeric","month":"long"}	EEE, d MMMM	\u0441\u0431, 24 \u0434\u0435\u043a\u0435\u043c\u0432\u0440\u0438	\u043f\u043d, 6 \u043c\u0430\u0440\u0442	weekday=short,month=long,day=numeric	
bg	EEEE_d_MMMM	{"weekday":"long","day":"numeric","month":"long"}	EEEE, d MMMM	\u0441\u044a\u0431\u043e\u0442\u0430, 24 \u0434\u0435\u043a\u0435\u043c\u0432\u0440\u0438	\u043f\u043e\u043d\u0435\u0434\u0435\u043b\u043d\u0438\u043a, 6 \u043c\u0430\u0440\u0442	weekday=long,month=long,day=numeric	
bg	E_y_MMM_d	{"weekday":"short","year":"numeric","month":"short","day":"numeric"}	EEE, d.MM.y\u202f'\u0433'.	\u0441\u0431, 24.12.2022 \u0433.	\u043f\u043d, 6.03.2023 \u0433.	weekday=short,year=numeric,month=2-digit,day=numeric	
bg	EEEE_y_MMMM_d	{"weekday":"long","year":"numeric","month":"long","day":"numeric"}	EEEE, d MMMM y\u202f'\u0433'.	\u0441\u044a\u0431\u043e\u0442\u0430, 24 \u0434\u0435\u043a\u0435\u043c\u0432\u0440\u0438 2022 \u0433.	\u043f\u043e\u043d\u0435\u0434\u0435\u043b\u043d\u0438\u043a, 6 \u043c\u0430\u0440\u0442 2023 \u0433.	weekday=long,year=numeric,month=long,day=numeric	
bg	y_MMMM	{"year":"numeric","month":"long"}	MMMM y\u202f'\u0433'.	\u0434\u0435\u043a\u0435\u043c\u0432\u0440\u0438 2022 \u0433.	\u043c\u0430\u0440\u0442 2023 \u0433.	year=numeric,month=long	
bg	y_MMM	{"year":"numeric","month":"short"}	MM.y\u202f'\u0433'.	12.2022 \u0433.	03.2023 \u0433.	year=numeric,month=2-digit	
bg	y_MM	{"year":"numeric","month":"2-digit"}	MM.y\u202f'\u0433'.	12.2022 \u0433.	03.2023 \u0433.	year=numeric,month=2-digit	
bg	MMMM_d	{"month":"long","day":"numeric"}	d MMMM	24 \u0434\u0435\u043a\u0435\u043c\u0432\u0440\u0438	6 \u043c\u0430\u0440\u0442	month=long,day=numeric	
bg	MMM_d	{"month":"short","day":"numeric"}	d.MM	24.12	6.03	month=2-digit,day=numeric	
bg	M_d	{"month":"numeric","day":"numeric"}	d.MM	24.12	6.03	month=2-digit,day=numeric	
bg	y_M_d	{"year":"numeric","month":"numeric","day":"numeric"}	d.MM.y\u202f'\u0433'.	24.12.2022 \u0433.	6.03.2023 \u0433.	year=numeric,month=2-digit,day=numeric	
bg	yy_MM_dd	{"year":"2-digit","month":"2-digit","day":"2-digit"}	dd.MM.yy\u202f'\u0433'.	24.12.22 \u0433.	06.03.23 \u0433.	year=2-digit,month=2-digit,day=2-digit	
bg	MMMM	{"month":"long"}	LLLL	\u0434\u0435\u043a\u0435\u043c\u0432\u0440\u0438	\u043c\u0430\u0440\u0442	month=long	
bg	EEEE	{"weekday":"long"}	cccc	\u0441\u044a\u0431\u043e\u0442\u0430	\u043f\u043e\u043d\u0435\u0434\u0435\u043b\u043d\u0438\u043a	weekday=long	
bg	d	{"day":"numeric"}	d	24	6	day=numeric	
bg	G_y	{"era":"short","year":"numeric"}	y\u202f'\u0433'. G	2022 \u0433. \u0441\u043b.\u0425\u0440.	2023 \u0433. \u0441\u043b.\u0425\u0440.	era=short,year=numeric	
bg	GGGG_y_MMMM_d	{"era":"long","year":"numeric","month":"long","day":"numeric"}	d MMMM y\u202f'\u0433'. GGGG	24 \u0434\u0435\u043a\u0435\u043c\u0432\u0440\u0438 2022 \u0433. \u0441\u043b\u0435\u0434 \u0425\u0440\u0438\u0441\u0442\u0430	6 \u043c\u0430\u0440\u0442 2023 \u0433. \u0441\u043b\u0435\u0434 \u0425\u0440\u0438\u0441\u0442\u0430	era=long,year=numeric,month=long,day=numeric	
bg	j_mm	{"hour":"numeric","minute":"2-digit"}	H:mm	15:07	9:04	hour=numeric,minute=2-digit,hourCycle=h23	
bg	H_mm_h23	{"hour":"numeric","minute":"2-digit","hourCycle":"h23"}	H:mm	15:07	9:04	hour=numeric,minute=2-digit,hourCycle=h23	
bg	h_mm_h12	{"hour":"numeric","minute":"2-digit","hour12":true}	h:mm '\u0447'. a	3:07 \u0447. pm	9:04 \u0447. am	hour=numeric,minute=2-digit,hourCycle=h12	
bg	j_mm_ss	{"hour":"numeric","minute":"numeric","second":"numeric"}	HH:mm:ss '\u0447'.	15:07:09 \u0447.	09:04:05 \u0447.	hour=2-digit,minute=2-digit,second=2-digit,hourCycle=h23	
bg	E_j_mm	{"weekday":"short","hour":"numeric","minute":"2-digit"}	EEE, HH:mm '\u0447'.	\u0441\u0431, 15:07 \u0447.	\u043f\u043d, 09:04 \u0447.	weekday=short,hour=2-digit,minute=2-digit,hourCycle=h23	
bg	y_MMMM_d_j_mm	{"year":"numeric","month":"long","day":"numeric","hour":"numeric","minute":"2-digit"}	d MMMM y\u202f'\u0433'. '\u0432' H:mm	24 \u0434\u0435\u043a\u0435\u043c\u0432\u0440\u0438 2022 \u0433. \u0432 15:07	6 \u043c\u0430\u0440\u0442 2023 \u0433. \u0432 9:04	year=numeric,month=long,day=numeric,hour=numeric,minute=2-digit,hourCycle=h23	
bg	MMM_d_j_mm	{"month":"short","day":"numeric","hour":"numeric","minute":"2-digit"}	d.MM, H:mm	24.12, 15:07	6.03, 9:04	month=2-digit,day=numeric,hour=numeric,minute=2-digit,hourCycle=h23	
bg	y_M_d_j_mm_ss	{"year":"numeric","month":"numeric","day":"numeric","hour":"numeric","minute":"numeric","second":"numeric"}	d.MM.y\u202f'\u0433'., HH:mm:ss '\u0447'.	24.12.2022 \u0433., 15:07:09 \u0447.	6.03.2023 \u0433., 09:04:05 \u0447.	year=numeric,month=2-digit,day=numeric,hour=2-digit,minute=2-digit,second=2-digit,hourCycle=h23	
bn	E_d_MMMM	{"weekday":"short","day":"numeric","month":"long"}	EEE d MMMM	\u09b6\u09a8\u09bf 24 \u09a1\u09bf\u09b8\u09c7\u09ae\u09cd\u09ac\u09b0	\u09b8\u09cb\u09ae 6 \u09ae\u09be\u09b0\u09cd\u099a	weekday=short,month=long,day=numeric	
bn	EEEE_d_MMMM	{"weekday":"long","day":"numeric","month":"long"}	EEEE d MMMM	\u09b6\u09a8\u09bf\u09ac\u09be\u09b0 24 \u09a1\u09bf\u09b8\u09c7\u09ae\u09cd\u09ac\u09b0	\u09b8\u09cb\u09ae\u09ac\u09be\u09b0 6 \u09ae\u09be\u09b0\u09cd\u099a	weekday=long,month=long,day=numeric	
bn	E_y_MMM_d	{"weekday":"short","year":"numeric","month":"short","day":"numeric"}	EEE, d MMM, y	\u09b6\u09a8\u09bf, 24 \u09a1\u09bf\u09b8\u09c7, 2022	\u09b8\u09cb\u09ae, 6 \u09ae\u09be\u09b0\u09cd\u099a, 2023	weekday=short,year=numeric,month=short,day=numeric	
bn	EEEE_y_MMMM_d	{"weekday":"long","year":"numeric","month":"long","day":"numeric"}	EEEE, d MMMM, y	\u09b6\u09a8\u09bf\u09ac\u09be\u09b0, 24 \u09a1\u09bf\u09b8\u09c7\u09ae\u09cd\u09ac\u09b0, 2022	\u09b8\u09cb\u09ae\u09ac\u09be\u09b0, 6 \u09ae\u09be\u09b0\u09cd\u099a, 2023	weekday=long,year=numeric,month=long,day=numeric	
bn	y_MMMM	{"year":"numeric","month":"long"}	MMMM y	\u09a1\u09bf\u09b8\u09c7\u09ae\u09cd\u09ac\u09b0 2022	\u09ae\u09be\u09b0\u09cd\u099a 2023	year=numeric,month=long	
bn	y_MMM	{"year":"numeric","month":"short"}	MMM y	\u09a1\u09bf\u09b8\u09c7 2022	\u09ae\u09be\u09b0\u09cd\u099a 2023	year=numeric,month=short	
bn	y_MM	{"year":"numeric","month":"2-digit"}	MM-y	12-2022	03-2023	year=numeric,month=2-digit	
bn	MMMM_d	{"month":"long","day":"numeric"}	d MMMM	24 \u09a1\u09bf\u09b8\u09c7\u09ae\u09cd\u09ac\u09b0	6 \u09ae\u09be\u09b0\u09cd\u099a	month=long,day=numeric	
bn	MMM_d	{"month":"short","day":"numeric"}	d MMM	24 \u09a1\u09bf\u09b8\u09c7	6 \u09ae\u09be\u09b0\u09cd\u099a	month=short,day=numeric	
bn	M_d	{"month":"numeric","day":"numeric"}	d/M	24/12	6/3	month=numeric,day=numeric	
bn	y_M_d	{"year":"numeric","month":"numeric","day":"numeric"}	d/M/y	24/12/2022	6/3/2023	year=numeric,month=numeric,day=numeric	
bn	yy_MM_dd	{"year":"2-digit","month":"2-digit","day":"2-digit"}	dd/MM/yy	24/12/22	06/03/23	year=2-digit,month=2-digit,day=2-digit	
bn	MMMM	{"month":"long"}	LLLL	\u09a1\u09bf\u09b8\u09c7\u09ae\u09cd\u09ac\u09b0	\u09ae\u09be\u09b0\u09cd\u099a	month=long	
bn	EEEE	{"weekday":"long"}	cccc	\u09b6\u09a8\u09bf\u09ac\u09be\u09b0	\u09b8\u09cb\u09ae\u09ac\u09be\u09b0	weekday=long	
bn	d	{"day":"numeric"}	d	24	6	day=numeric	
bn	G_y	{"era":"short","year":"numeric"}	y G	2022 \u0996\u09c3\u09b7\u09cd\u099f\u09be\u09ac\u09cd\u09a6	2023 \u0996\u09c3\u09b7\u09cd\u099f\u09be\u09ac\u09cd\u09a6	era=short,year=numeric	
bn	GGGG_y_MMMM_d	{"era":"long","year":"numeric","month":"long","day":"numeric"}	d MMMM, y GGGG	24 \u09a1\u09bf\u09b8\u09c7\u09ae\u09cd\u09ac\u09b0, 2022 \u0996\u09cd\u09b0\u09bf\u09b8\u09cd\u099f\u09be\u09ac\u09cd\u09a6	6 \u09ae\u09be\u09b0\u09cd\u099a, 2023 \u0996\u09cd\u09b0\u09bf\u09b8\u09cd\u099f\u09be\u09ac\u09cd\u09a6	era=long,year=numeric,month=long,day=numeric	
bn	j_mm	{"hour":"numeric","minute":"2-digit"}	h:mm a	3:07 PM	9:04 AM	hour=numeric,minute=2-digit,hourCycle=h12	
bn	H_mm_h23	{"hour":"numeric","minute":"2-digit","hourCycle":"h23"}	HH:mm	15:07	09:04	hour=2-digit,minute=2-digit,hourCycle=h23	
bn	h_mm_h12	{"hour":"numeric","minute":"2-digit","hour12":true}	h:mm a	3:07 PM	9:04 AM	hour=numeric,minute=2-digit,hourCycle=h12	
bn	j_mm_ss	{"hour":"numeric","minute":"numeric","second":"numeric"}	h:mm:ss a	3:07:09 PM	9:04:05 AM	hour=numeric,minute=2-digit,second=2-digit,hourCycle=h12	
bn	E_j_mm	{"weekday":"short","hour":"numeric","minute":"2-digit"}	EEE h:mm a	\u09b6\u09a8\u09bf 3:07 PM	\u09b8\u09cb\u09ae 9:04 AM	weekday=short,hour=numeric,minute=2-digit,hourCycle=h12	
bn	y_MMMM_d_j_mm	{"year":"numeric","month":"long","day":"numeric","hour":"numeric","minute":"2-digit"}	d MMMM, y \u098f h:mm a	24 \u09a1\u09bf\u09b8\u09c7\u09ae\u09cd\u09ac\u09b0, 2022 \u098f 3:07 PM	6 \u09ae\u09be\u09b0\u09cd\u099a, 2023 \u098f 9:04 AM	year=numeric,month=long,day=numeric,hour=numeric,minute=2-digit,hourCycle=h12	
bn	MMM_d_j_mm	{"month":"short","day":"numeric","hour":"numeric","minute":"2-digit"}	d MMM, h:mm a	24 \u09a1\u09bf\u09b8\u09c7, 3:07 PM	6 \u09ae\u09be\u09b0\u09cd\u099a, 9:04 AM	month=short,day=numeric,hour=numeric,minute=2-digit,hourCycle=h12	
bn	y_M_d_j_mm_ss	{"year":"numeric","month":"numeric","day":"numeric","hour":"numeric","minute":"numeric","second":"numeric"}	d/M/y, h:mm:ss a	24/12/2022, 3:07:09 PM	6/3/2023, 9:04:05 AM	year=numeric,month=numeric,day=numeric,hour=numeric,minute=2-digit,second=2-digit,hourCycle=h12	
ca	E_d_MMMM	{"weekday":"short","day":"numeric","month":"long"}	EEE, d MMMM	ds., 24 de desembre	dl., 6 de mar\u00e7	weekday=short,month=long,day=numeric	
ca	EEEE_d_MMMM	{"weekday":"long","day":"numeric","month":"long"}	EEEE, d MMMM	dissabte, 24 de desembre	dilluns, 6 de mar\u00e7	weekday=long,month=long,day=numeric	
ca	E_y_MMM_d	{"weekday":"short","year":"numeric","month":"short","day":"numeric"}	EEE, d MMM y	ds., 24 de des. 2022	dl., 6 de mar\u00e7 2023	weekday=short,year=numeric,month=short,day=numeric	
ca	EEEE_y_MMMM_d	{"weekday":"long","year":"numeric","month":"long","day":"numeric"}	EEEE, d MMMM 'del' y	dissabte, 24 de desembre del 2022	dilluns, 6 de mar\u00e7 del 2023	weekday=long,year=numeric,month=long,day=numeric	
ca	y_MMMM	{"year":"numeric","month":"long"}	LLLL 'del' y	desembre del 2022	mar\u00e7 del 2023	year=numeric,month=long	desembre del 2022|mar\u00e7 del 2023|year=numeric,month=long,day=numeric
ca	y_MMM	{"year":"numeric","month":"short"}	LLL 'del' y	des. del 2022	mar\u00e7 del 2023	year=numeric,month=short	des. del 2022|mar\u00e7 del 2023|year=numeric,month=short,day=numeric
ca	y_MM	{"year":"numeric","month":"2-digit"}	MM/y	12/2022	03/2023	year=numeric,month=2-digit	
ca	MMMM_d	{"month":"long","day":"numeric"}	d MMMM	24 de desembre	6 de mar\u00e7	month=long,day=numeric	
ca	MMM_d	{"month":"short","day":"numeric"}	d MMM	24 de des.	6 de mar\u00e7	month=short,day=numeric	
ca	M_d	{"month":"numeric","day":"numeric"}	d/M	24/12	6/3	month=numeric,day=numeric	
ca	y_M_d	{"year":"numeric","month":"numeric","day":"numeric"}	d/M/y	24/12/2022	6/3/2023	year=numeric,month=numeric,day=numeric	
ca	yy_MM_dd	{"year":"2-digit","month":"2-digit","day":"2-digit"}	dd/MM/yy	24/12/22	06/03/23	year=2-digit,month=2-digit,day=2-digit	
ca	MMMM	{"month":"long"}	LLLL	desembre	mar\u00e7	month=long	
ca	EEEE	{"weekday":"long"}	cccc	dissabte	dilluns	weekday=long	
ca	d	{"day":"numeric"}	d	24	6	day=numeric	
ca	G_y	{"era":"short","year":"numeric"}	y G	2022 dC	2023 dC	era=short,year=numeric	
ca	GGGG_y_MMMM_d	{"era":"long","year":"numeric","month":"long","day":"numeric"}	d MMMM 'del' y GGGG	24 de desembre del 2022 despr\u00e9s de Crist	6 de mar\u00e7 del 2023 despr\u00e9s de Crist	era=long,year=numeric,month=long,day=numeric	
ca	j_mm	{"hour":"numeric","minute":"2-digit"}	H:mm	15:07	9:04	hour=numeric,minute=2-digit,hourCycle=h23	
ca	H_mm_h23	{"hour":"numeric","minute":"2-digit","hourCycle":"h23"}	H:mm	15:07	9:04	hour=numeric,minute=2-digit,hourCycle=h23	
ca	h_mm_h12	{"hour":"numeric","minute":"2-digit","hour12":true}	h:mm\u202fa	3:07 p. m.	9:04 a. m.	hour=numeric,minute=2-digit,hourCycle=h12	
ca	j_mm_ss	{"hour":"numeric","minute":"numeric","second":"numeric"}	H:mm:ss	15:07:09	9:04:05	hour=numeric,minute=2-digit,second=2-digit,hourCycle=h23	
ca	E_j_mm	{"weekday":"short","hour":"numeric","minute":"2-digit"}	EEE H:mm	ds. 15:07	dl. 9:04	weekday=short,hour=numeric,minute=2-digit,hourCycle=h23	
ca	y_MMMM_d_j_mm	{"year":"numeric","month":"long","day":"numeric","hour":"numeric","minute":"2-digit"}	d MMMM 'del' y, 'a' 'les' H:mm	24 de desembre del 2022, a les 15:07	6 de mar\u00e7 del 2023, a les 9:04	year=numeric,month=long,day=numeric,hour=numeric,minute=2-digit,hourCycle=h23	24 de desembre del 2022, a les 15:07|6 de mar\u00e7 del 2023, a les 9:04|year=numeric,month=long,day=numeric,hour=numeric,minute=2-digit,second=numeric,hourCycle=h23
ca	MMM_d_j_mm	{"month":"short","day":"numeric","hour":"numeric","minute":"2-digit"}	d MMM, H:mm	24 de des., 15:07	6 de mar\u00e7, 9:04	month=short,day=numeric,hour=numeric,minute=2-digit,hourCycle=h23	
ca	y_M_d_j_mm_ss	{"year":"numeric","month":"numeric","day":"numeric","hour":"numeric","minute":"numeric","second":"numeric"}	d/M/y H:mm:ss	24/12/2022 15:07:09	6/3/2023 9:04:05	year=numeric,month=numeric,day=numeric,hour=numeric,minute=2-digit,second=2-digit,hourCycle=h23	
cs	E_d_MMMM	{"weekday":"short","day":"numeric","month":"long"}	EEE d. MMMM	so 24. prosince	po 6. b\u0159ezna	weekday=short,month=long,day=numeric	
cs	EEEE_d_MMMM	{"weekday":"long","day":"numeric","month":"long"}	EEEE d. MMMM	sobota 24. prosince	pond\u011bl\u00ed 6. b\u0159ezna	weekday=long,month=long,day=numeric	
cs	E_y_MMM_d	{"weekday":"short","year":"numeric","month":"short","day":"numeric"}	EEE d. M. y	so 24. 12. 2022	po 6. 3. 2023	weekday=short,year=numeric,month=numeric,day=numeric	
cs	EEEE_y_MMMM_d	{"weekday":"long","year":"numeric","month":"long","day":"numeric"}	EEEE d. MMMM y	sobota 24. prosince 2022	pond\u011bl\u00ed 6. b\u0159ezna 2023	weekday=long,year=numeric,month=long,day=numeric	
cs	y_MMMM	{"year":"numeric","month":"long"}	LLLL y	prosinec 2022	b\u0159ezen 2023	year=numeric,month=long	
cs	y_MMM	{"year":"numeric","month":"short"}	LLLL y	prosinec 2022	b\u0159ezen 2023	year=numeric,month=long	
cs	y_MM	{"year":"numeric","month":"2-digit"}	MM/y	12/2022	03/2023	year=numeric,month=2-digit	
cs	MMMM_d	{"month":"long","day":"numeric"}	d. MMMM	24. prosince	6. b\u0159ezna	month=long,day=numeric	
cs	MMM_d	{"month":"short","day":"numeric"}	d. M.	24. 12.	6. 3.	month=numeric,day=numeric	
cs	M_d	{"month":"numeric","day":"numeric"}	d. M.	24. 12.	6. 3.	month=numeric,day=numeric	
cs	y_M_d	{"year":"numeric","month":"numeric","day":"numeric"}	d. M. y	24. 12. 2022	6. 3. 2023	year=numeric,month=numeric,day=numeric	
cs	yy_MM_dd	{"year":"2-digit","month":"2-digit","day":"2-digit"}	dd. MM. yy	24. 12. 22	06. 03. 23	year=2-digit,month=2-digit,day=2-digit	
cs	MMMM	{"month":"long"}	LLLL	prosinec	b\u0159ezen	month=long	
cs	EEEE	{"weekday":"long"}	cccc	sobota	pond\u011bl\u00ed	weekday=long	
cs	d	{"day":"numeric"}	d.	24.	6.	day=numeric	
cs	G_y	{"era":"short","year":"numeric"}	y G	2022 n. l.	2023 n. l.	era=short,year=numeric	
cs	GGGG_y_MMMM_d	{"era":"long","year":"numeric","month":"long","day":"numeric"}	d. MMMM y GGGG	24. prosince 2022 na\u0161eho letopo\u010dtu	6. b\u0159ezna 2023 na\u0161eho letopo\u010dtu	era=long,year=numeric,month=long,day=numeric	
cs	j_mm	{"hour":"numeric","minute":"2-digit"}	H:mm	15:07	9:04	hour=numeric,minute=2-digit,hourCycle=h23	
cs	H_mm_h23	{"hour":"numeric","minute":"2-digit","hourCycle":"h23"}	H:mm	15:07	9:04	hour=numeric,minute=2-digit,hourCycle=h23	
cs	h_mm_h12	{"hour":"numeric","minute":"2-digit","hour12":true}	h:mm\u202fa	3:07 odp.	9:04 dop.	hour=numeric,minute=2-digit,hourCycle=h12	
cs	j_mm_ss	{"hour":"numeric","minute":"numeric","second":"numeric"}	H:mm:ss	15:07:09	9:04:05	hour=numeric,minute=2-digit,second=2-digit,hourCycle=h23	
cs	E_j_mm	{"weekday":"short","hour":"numeric","minute":"2-digit"}	EEE H:mm	so 15:07	po 9:04	weekday=short,hour=numeric,minute=2-digit,hourCycle=h23	
cs	y_MMMM_d_j_mm	{"year":"numeric","month":"long","day":"numeric","hour":"numeric","minute":"2-digit"}	d. MMMM y 'v' H:mm	24. prosince 2022 v 15:07	6. b\u0159ezna 2023 v 9:04	year=numeric,month=long,day=numeric,hour=numeric,minute=2-digit,hourCycle=h23	24. prosince 2022 v 15:07|6. b\u0159ezna 2023 v 9:04|year=numeric,month=long,day=numeric,hour=numeric,minute=2-digit,timeZoneName=shortGeneric,hourCycle=h23
cs	MMM_d_j_mm	{"month":"short","day":"numeric","hour":"numeric","minute":"2-digit"}	d. M. H:mm	24. 12. 15:07	6. 3. 9:04	month=numeric,day=numeric,hour=numeric,minute=2-digit,hourCycle=h23	
cs	y_M_d_j_mm_ss	{"year":"numeric","month":"numeric","day":"numeric","hour":"numeric","minute":"numeric","second":"numeric"}	d. M. y H:mm:ss	24. 12. 2022 15:07:09	6. 3. 2023 9:04:05	year=numeric,month=numeric,day=numeric,hour=numeric,minute=2-digit,second=2-digit,hourCycle=h23	
da	E_d_MMMM	{"weekday":"short","day":"numeric","month":"long"}	EEE d. MMMM	l\u00f8r. 24. december	man. 6. marts	weekday=short,month=long,day=numeric	
da	EEEE_d_MMMM	{"weekday":"long","day":"numeric","month":"long"}	EEEE d. MMMM	l\u00f8rdag 24. december	mandag 6. marts	weekday=long,month=long,day=numeric	
da	E_y_MMM_d	{"weekday":"short","year":"numeric","month":"short","day":"numeric"}	EEE d. MMM y	l\u00f8r. 24. dec. 2022	man. 6. mar. 2023	weekday=short,year=numeric,month=short,day=numeric	
da	EEEE_y_MMMM_d	{"weekday":"long","year":"numeric","month":"long","day":"numeric"}	EEEE 'den' d. MMMM y	l\u00f8rdag den 24. december 2022	mandag den 6. marts 2023	weekday=long,year=numeric,month=long,day=numeric	
da	y_MMMM	{"year":"numeric","month":"long"}	MMMM y	december 2022	marts 2023	year=numeric,month=long	
da	y_MMM	{"year":"numeric","month":"short"}	MMM y	dec. 2022	mar. 2023	year=numeric,month=short	
da	y_MM	{"year":"numeric","month":"2-digit"}	MM.y	12.2022	03.2023	year=numeric,month=2-digit	
da	MMMM_d	{"month":"long","day":"numeric"}	d. MMMM	24. december	6. marts	month=long,day=numeric	
da	MMM_d	{"month":"short","day":"numeric"}	d. MMM	24. dec.	6. mar.	month=short,day=numeric	
da	M_d	{"month":"numeric","day":"numeric"}	d.M	24.12	6.3	month=numeric,day=numeric	
da	y_M_d	{"year":"numeric","month":"numeric","day":"numeric"}	d.M.y	24.12.2022	6.3.2023	year=numeric,month=numeric,day=numeric	
da	yy_MM_dd	{"year":"2-digit","month":"2-digit","day":"2-digit"}	dd.MM.yy	24.12.22	06.03.23	year=2-digit,month=2-digit,day=2-digit	
da	MMMM	{"month":"long"}	MMMM	december	marts	month=long	
da	EEEE	{"weekday":"long"}	cccc	l\u00f8rdag	mandag	weekday=long	
da	d	{"day":"numeric"}	d.	24.	6.	day=numeric	
da	G_y	{"era":"short","year":"numeric"}	y G	2022 e.Kr.	2023 e.Kr.	era=short,year=numeric	
da	GGGG_y_MMMM_d	{"era":"long","year":"numeric","month":"long","day":"numeric"}	d. MMMM y GGGG	24. december 2022 efter Kristus	6. marts 2023 efter Kristus	era=long,year=numeric,month=long,day=numeric	
da	j_mm	{"hour":"numeric","minute":"2-digit"}	H.mm	15.07	9.04	hour=numeric,minute=2-digit,hourCycle=h23	
da	H_mm_h23	{"hour":"numeric","minute":"2-digit","hourCycle":"h23"}	H.mm	15.07	9.04	hour=numeric,minute=2-digit,hourCycle=h23	
da	h_mm_h12	{"hour":"numeric","minute":"2-digit","hour12":true}	h.mm\u202fa	3.07 PM	9.04 AM	hour=numeric,minute=2-digit,hourCycle=h12	
da	j_mm_ss	{"hour":"numeric","minute":"numeric","second":"numeric"}	HH.mm.ss	15.07.09	09.04.05	hour=2-digit,minute=2-digit,second=2-digit,hourCycle=h23	
da	E_j_mm	{"weekday":"short","hour":"numeric","minute":"2-digit"}	EEE HH.mm	l\u00f8r. 15.07	man. 09.04	weekday=short,hour=2-digit,minute=2-digit,hourCycle=h23	
da	y_MMMM_d_j_mm	{"year":"numeric","month":"long","day":"numeric","hour":"numeric","minute":"2-digit"}	d. MMMM y 'kl'. H.mm	24. december 2022 kl. 15.07	6. marts 2023 kl. 9.04	year=numeric,month=long,day=numeric,hour=numeric,minute=2-digit,hourCycle=h23	
da	MMM_d_j_mm	{"month":"short","day":"numeric","hour":"numeric","minute":"2-digit"}	d. MMM, H.mm	24. dec., 15.07	6. mar., 9.04	month=short,day=numeric,hour=numeric,minute=2-digit,hourCycle=h23	
da	y_M_d_j_mm_ss	{"year":"numeric","month":"numeric","day":"numeric","hour":"numeric","minute":"numeric","second":"numeric"}	d.M.y, HH.mm.ss	24.12.2022, 15.07.09	6.3.2023, 09.04.05	year=numeric,month=numeric,day=numeric,hour=2-digit,minute=2-digit,second=2-digit,hourCycle=h23	
de	E_d_MMMM	{"weekday":"short","day":"numeric","month":"long"}	EEE, d. MMMM	Sa., 24. Dezember	Mo., 6. M\u00e4rz	weekday=short,month=long,day=numeric	
de	EEEE_d_MMMM	{"weekday":"long","day":"numeric","month":"long"}	EEEE, d. MMMM	Samstag, 24. Dezember	Montag, 6. M\u00e4rz	weekday=long,month=long,day=numeric	
de	E_y_MMM_d	{"weekday":"short","year":"numeric","month":"short","day":"numeric"}	EEE, d. MMM y	Sa., 24. Dez. 2022	Mo., 6. M\u00e4rz 2023	weekday=short,year=numeric,month=short,day=numeric	
de	EEEE_y_MMMM_d	{"weekday":"long","year":"numeric","month":"long","day":"numeric"}	EEEE, d. MMMM y	Samstag, 24. Dezember 2022	Montag, 6. M\u00e4rz 2023	weekday=long,year=numeric,month=long,day=numeric	
de	y_MMMM	{"year":"numeric","month":"long"}	MMMM y	Dezember 2022	M\u00e4rz 2023	year=numeric,month=long	
de	y_MMM	{"year":"numeric","month":"short"}	MMM y	Dez. 2022	M\u00e4rz 2023	year=numeric,month=short	
de	y_MM	{"year":"numeric","month":"2-digit"}	MM/y	12/2022	03/2023	year=numeric,month=2-digit	
de	MMMM_d	{"month":"long","day":"numeric"}	d. MMMM	24. Dezember	6. M\u00e4rz	month=long,day=numeric	
de	MMM_d	{"month":"short","day":"numeric"}	d. MMM	24. Dez.	6. M\u00e4rz	month=short,day=numeric	
de	M_d	{"month":"numeric","day":"numeric"}	d.M.	24.12.	6.3.	month=numeric,day=numeric	
de	y_M_d	{"year":"numeric","month":"numeric","day":"numeric"}	d.M.y	24.12.2022	6.3.2023	year=numeric,month=numeric,day=numeric	
de	yy_MM_dd	{"year":"2-digit","month":"2-digit","day":"2-digit"}	dd.MM.yy	24.12.22	06.03.23	year=2-digit,month=2-digit,day=2-digit	
de	MMMM	{"month":"long"}	LLLL	Dezember	M\u00e4rz	month=long	
de	EEEE	{"weekday":"long"}	cccc	Samstag	Montag	weekday=long	
de	d	{"day":"numeric"}	d	24	6	day=numeric	
de	G_y	{"era":"short","year":"numeric"}	y G	2022 n. Chr.	2023 n. Chr.	era=short,year=numeric	
de	GGGG_y_MMMM_d	{"era":"long","year":"numeric","month":"long","day":"numeric"}	d. MMMM y GGGG	24. Dezember 2022 n. Chr.	6. M\u00e4rz 2023 n. Chr.	era=long,year=numeric,month=long,day=numeric	
de	j_mm	{"hour":"numeric","minute":"2-digit"}	H:mm	15:07	9:04	hour=numeric,minute=2-digit,hourCycle=h23	
de	H_mm_h23	{"hour":"numeric","minute":"2-digit","hourCycle":"h23"}	H:mm	15:07	9:04	hour=numeric,minute=2-digit,hourCycle=h23	
de	h_mm_h12	{"hour":"numeric","minute":"2-digit","hour12":true}	h:mm\u202fa	3:07 PM	9:04 AM	hour=numeric,minute=2-digit,hourCycle=h12	
de	j_mm_ss	{"hour":"numeric","minute":"numeric","second":"numeric"}	HH:mm:ss	15:07:09	09:04:05	hour=2-digit,minute=2-digit,second=2-digit,hourCycle=h23	
de	E_j_mm	{"weekday":"short","hour":"numeric","minute":"2-digit"}	EEE, HH:mm	Sa., 15:07	Mo., 09:04	weekday=short,hour=2-digit,minute=2-digit,hourCycle=h23	
de	y_MMMM_d_j_mm	{"year":"numeric","month":"long","day":"numeric","hour":"numeric","minute":"2-digit"}	d. MMMM y 'um' H:mm	24. Dezember 2022 um 15:07	6. M\u00e4rz 2023 um 9:04	year=numeric,month=long,day=numeric,hour=numeric,minute=2-digit,hourCycle=h23	
de	MMM_d_j_mm	{"month":"short","day":"numeric","hour":"numeric","minute":"2-digit"}	d. MMM, H:mm	24. Dez., 15:07	6. M\u00e4rz, 9:04	month=short,day=numeric,hour=numeric,minute=2-digit,hourCycle=h23	
de	y_M_d_j_mm_ss	{"year":"numeric","month":"numeric","day":"numeric","hour":"numeric","minute":"numeric","second":"numeric"}	d.M.y, HH:mm:ss	24.12.2022, 15:07:09	6.3.2023, 09:04:05	year=numeric,month=numeric,day=numeric,hour=2-digit,minute=2-digit,second=2-digit,hourCycle=h23	
el	E_d_MMMM	{"weekday":"short","day":"numeric","month":"long"}	EEE d MMMM	\u03a3\u03ac\u03b2 24 \u0394\u03b5\u03ba\u03b5\u03bc\u03b2\u03c1\u03af\u03bf\u03c5	\u0394\u03b5\u03c5 6 \u039c\u03b1\u03c1\u03c4\u03af\u03bf\u03c5	weekday=short,month=long,day=numeric	
el	EEEE_d_MMMM	{"weekday":"long","day":"numeric","month":"long"}	EEEE d MMMM	\u03a3\u03ac\u03b2\u03b2\u03b1\u03c4\u03bf 24 \u0394\u03b5\u03ba\u03b5\u03bc\u03b2\u03c1\u03af\u03bf\u03c5	\u0394\u03b5\u03c5\u03c4\u03ad\u03c1\u03b1 6 \u039c\u03b1\u03c1\u03c4\u03af\u03bf\u03c5	weekday=long,month=long,day=numeric	
el	E_y_MMM_d	{"weekday":"short","year":"numeric","month":"short","day":"numeric"}	EEE d MMM y	\u03a3\u03ac\u03b2 24 \u0394\u03b5\u03ba 2022	\u0394\u03b5\u03c5 6 \u039c\u03b1\u03c1 2023	weekday=short,year=numeric,month=short,day=numeric	
el	EEEE_y_MMMM_d	{"weekday":"long","year":"numeric","month":"long","day":"numeric"}	EEEE d MMMM y	\u03a3\u03ac\u03b2\u03b2\u03b1\u03c4\u03bf 24 \u0394\u03b5\u03ba\u03b5\u03bc\u03b2\u03c1\u03af\u03bf\u03c5 2022	\u0394\u03b5\u03c5\u03c4\u03ad\u03c1\u03b1 6 \u039c\u03b1\u03c1\u03c4\u03af\u03bf\u03c5 2023	weekday=long,year=numeric,month=long,day=numeric	
el	y_MMMM	{"year":"numeric","month":"long"}	LLLL y	\u0394\u03b5\u03ba\u03ad\u03bc\u03b2\u03c1\u03b9\u03bf\u03c2 2022	\u039c\u03ac\u03c1\u03c4\u03b9\u03bf\u03c2 2023	year=numeric,month=long	
el	y_MMM	{"year":"numeric","month":"short"}	MMM y	\u0394\u03b5\u03ba 2022	\u039c\u03b1\u03c1 2023	year=numeric,month=short	
el	y_MM	{"year":"numeric","month":"2-digit"}	MM/y	12/2022	03/2023	year=numeric,month=2-digit	
el	MMMM_d	{"month":"long","day":"numeric"}	d MMMM	24 \u0394\u03b5\u03ba\u03b5\u03bc\u03b2\u03c1\u03af\u03bf\u03c5	6 \u039c\u03b1\u03c1\u03c4\u03af\u03bf\u03c5	month=long,day=numeric	
el	MMM_d	{"month":"short","day":"numeric"}	d MMM	24 \u0394\u03b5\u03ba	6 \u039c\u03b1\u03c1	month=short,day=numeric	
el	M_d	{"month":"numeric","day":"numeric"}	d/M	24/12	6/3	month=numeric,day=numeric	
el	y_M_d	{"year":"numeric","month":"numeric","day":"numeric"}	d/M/y	24/12/2022	6/3/2023	year=numeric,month=numeric,day=numeric	
el	yy_MM_dd	{"year":"2-digit","month":"2-digit","day":"2-digit"}	dd/MM/yy	24/12/22	06/03/23	year=2-digit,month=2-digit,day=2-digit	
el	MMMM	{"month":"long"}	MMMM	\u0394\u03b5\u03ba\u03b5\u03bc\u03b2\u03c1\u03af\u03bf\u03c5	\u039c\u03b1\u03c1\u03c4\u03af\u03bf\u03c5	month=long	
el	EEEE	{"weekday":"long"}	cccc	\u03a3\u03ac\u03b2\u03b2\u03b1\u03c4\u03bf	\u0394\u03b5\u03c5\u03c4\u03ad\u03c1\u03b1	weekday=long	
el	d	{"day":"numeric"}	d	24	6	day=numeric	
el	G_y	{"era":"short","year":"numeric"}	y G	2022 \u03bc.\u03a7.	2023 \u03bc.\u03a7.	era=short,year=numeric	
el	GGGG_y_MMMM_d	{"era":"long","year":"numeric","month":"long","day":"numeric"}	d MMMM y GGGG	24 \u0394\u03b5\u03ba\u03b5\u03bc\u03b2\u03c1\u03af\u03bf\u03c5 2022 \u03bc\u03b5\u03c4\u03ac \u03a7\u03c1\u03b9\u03c3\u03c4\u03cc\u03bd	6 \u039c\u03b1\u03c1\u03c4\u03af\u03bf\u03c5 2023 \u03bc\u03b5\u03c4\u03ac \u03a7\u03c1\u03b9\u03c3\u03c4\u03cc\u03bd	era=long,year=numeric,month=long,day=numeric	
el	j_mm	{"hour":"numeric","minute":"2-digit"}	h:mm\u202fa	3:07 \u03bc.\u03bc.	9:04 \u03c0.\u03bc.	hour=numeric,minute=2-digit,hourCycle=h12	
el	H_mm_h23	{"hour":"numeric","minute":"2-digit","hourCycle":"h23"}	HH:mm	15:07	09:04	hour=2-digit,minute=2-digit,hourCycle=h23	
el	h_mm_h12	{"hour":"numeric","minute":"2-digit","hour12":true}	h:mm\u202fa	3:07 \u03bc.\u03bc.	9:04 \u03c0.\u03bc.	hour=numeric,minute=2-digit,hourCycle=h12	
el	j_mm_ss	{"hour":"numeric","minute":"numeric","second":"numeric"}	h:mm:ss\u202fa	3:07:09 \u03bc.\u03bc.	9:04:05 \u03c0.\u03bc.	hour=numeric,minute=2-digit,second=2-digit,hourCycle=h12	
el	E_j_mm	{"weekday":"short","hour":"numeric","minute":"2-digit"}	EEE h:mm\u202fa	\u03a3\u03ac\u03b2 3:07 \u03bc.\u03bc.	\u0394\u03b5\u03c5 9:04 \u03c0.\u03bc.	weekday=short,hour=numeric,minute=2-digit,hourCycle=h12	
el	y_MMMM_d_j_mm	{"year":"numeric","month":"long","day":"numeric","hour":"numeric","minute":"2-digit"}	d MMMM y \u03c3\u03c4\u03b9\u03c2 h:mm\u202fa	24 \u0394\u03b5\u03ba\u03b5\u03bc\u03b2\u03c1\u03af\u03bf\u03c5 2022 \u03c3\u03c4\u03b9\u03c2 3:07 \u03bc.\u03bc.	6 \u039c\u03b1\u03c1\u03c4\u03af\u03bf\u03c5 2023 \u03c3\u03c4\u03b9\u03c2 9:04 \u03c0.\u03bc.	year=numeric,month=long,day=numeric,hour=numeric,minute=2-digit,hourCycle=h12	
el	MMM_d_j_mm	{"month":"short","day":"numeric","hour":"numeric","minute":"2-digit"}	d MMM, h:mm\u202fa	24 \u0394\u03b5\u03ba, 3:07 \u03bc.\u03bc.	6 \u039c\u03b1\u03c1, 9:04 \u03c0.\u03bc.	month=short,day=numeric,hour=numeric,minute=2-digit,hourCycle=h12	
el	y_M_d_j_mm_ss	{"year":"numeric","month":"numeric","day":"numeric","hour":"numeric","minute":"numeric","second":"numeric"}	d/M/y, h:mm:ss\u202fa	24/12/2022, 3:07:09 \u03bc.\u03bc.	6/3/2023, 9:04:05 \u03c0.\u03bc.	year=numeric,month=numeric,day=numeric,hour=numeric,minute=2-digit,second=2-digit,hourCycle=h12	
en	E_d_MMMM	{"weekday":"short","day":"numeric","month":"long"}	EEE, MMMM d	Sat, December 24	Mon, March 6	weekday=short,month=long,day=numeric	
en	EEEE_d_MMMM	{"weekday":"long","day":"numeric","month":"long"}	EEEE, MMMM d	Saturday, December 24	Monday, March 6	weekday=long,month=long,day=numeric	
en	E_y_MMM_d	{"weekday":"short","year":"numeric","month":"short","day":"numeric"}	EEE, MMM d, y	Sat, Dec 24, 2022	Mon, Mar 6, 2023	weekday=short,year=numeric,month=short,day=numeric	
en	EEEE_y_MMMM_d	{"weekday":"long","year":"numeric","month":"long","day":"numeric"}	EEEE, MMMM d, y	Saturday, December 24, 2022	Monday, March 6, 2023	weekday=long,year=numeric,month=long,day=numeric	
en	y_MMMM	{"year":"numeric","month":"long"}	MMMM y	December 2022	March 2023	year=numeric,month=long	
en	y_MMM	{"year":"numeric","month":"short"}	MMM y	Dec 2022	Mar 2023	year=numeric,month=short	
en	y_MM	{"year":"numeric","month":"2-digit"}	MM/y	12/2022	03/2023	year=numeric,month=2-digit	
en	MMMM_d	{"month":"long","day":"numeric"}	MMMM d	December 24	March 6	month=long,day=numeric	
en	MMM_d	{"month":"short","day":"numeric"}	MMM d	Dec 24	Mar 6	month=short,day=numeric	
en	M_d	{"month":"numeric","day":"numeric"}	M/d	12/24	3/6	month=numeric,day=numeric	
en	y_M_d	{"year":"numeric","month":"numeric","day":"numeric"}	M/d/y	12/24/2022	3/6/2023	year=numeric,month=numeric,day=numeric	
en	yy_MM_dd	{"year":"2-digit","month":"2-digit","day":"2-digit"}	MM/dd/yy	12/24/22	03/06/23	year=2-digit,month=2-digit,day=2-digit	
en	MMMM	{"month":"long"}	LLLL	December	March	month=long	
en	EEEE	{"weekday":"long"}	cccc	Saturday	Monday	weekday=long	
en	d	{"day":"numeric"}	d	24	6	day=numeric	
en	G_y	{"era":"short","year":"numeric"}	y G	2022 AD	2023 AD	era=short,year=numeric	
en	GGGG_y_MMMM_d	{"era":"long","year":"numeric","month":"long","day":"numeric"}	MMMM d, y GGGG	December 24, 2022 Anno Domini	March 6, 2023 Anno Domini	era=long,year=numeric,month=long,day=numeric	
en	j_mm	{"hour":"numeric","minute":"2-digit"}	h:mm\u202fa	3:07 PM	9:04 AM	hour=numeric,minute=2-digit,hourCycle=h12	
en	H_mm_h23	{"hour":"numeric","minute":"2-digit","hourCycle":"h23"}	HH:mm	15:07	09:04	hour=2-digit,minute=2-digit,hourCycle=h23	
en	h_mm_h12	{"hour":"numeric","minute":"2-digit","hour12":true}	h:mm\u202fa	3:07 PM	9:04 AM	hour=numeric,minute=2-digit,hourCycle=h12	
en	j_mm_ss	{"hour":"numeric","minute":"numeric","second":"numeric"}	h:mm:ss\u202fa	3:07:09 PM	9:04:05 AM	hour=numeric,minute=2-digit,second=2-digit,hourCycle=h12	
en	E_j_mm	{"weekday":"short","hour":"numeric","minute":"2-digit"}	EEE h:mm\u202fa	Sat 3:07 PM	Mon 9:04 AM	weekday=short,hour=numeric,minute=2-digit,hourCycle=h12	
en	y_MMMM_d_j_mm	{"year":"numeric","month":"long","day":"numeric","hour":"numeric","minute":"2-digit"}	MMMM d, y 'at' h:mm\u202fa	December 24, 2022 at 3:07 PM	March 6, 2023 at 9:04 AM	year=numeric,month=long,day=numeric,hour=numeric,minute=2-digit,hourCycle=h12	
en	MMM_d_j_mm	{"month":"short","day":"numeric","hour":"numeric","minute":"2-digit"}	MMM d, h:mm\u202fa	Dec 24, 3:07 PM	Mar 6, 9:04 AM	month=short,day=numeric,hour=numeric,minute=2-digit,hourCycle=h12	
en	y_M_d_j_mm_ss	{"year":"numeric","month":"numeric","day":"numeric","hour":"numeric","minute":"numeric","second":"numeric"}	M/d/y, h:mm:ss\u202fa	12/24/2022, 3:07:09 PM	3/6/2023, 9:04:05 AM	year=numeric,month=numeric,day=numeric,hour=numeric,minute=2-digit,second=2-digit,hourCycle=h12	
en-AU	E_d_MMMM	{"weekday":"short","day":"numeric","month":"long"}	EEE d MMMM	Sat 24 December	Mon 6 March	weekday=short,month=long,day=numeric	
en-AU	EEEE_d_MMMM	{"weekday":"long","day":"numeric","month":"long"}	EEEE d MMMM	Saturday 24 December	Monday 6 March	weekday=long,month=long,day=numeric	
en-AU	E_y_MMM_d	{"weekday":"short","year":"numeric","month":"short","day":"numeric"}	EEE, d MMM y	Sat, 24 Dec 2022	Mon, 6 Mar 2023	weekday=short,year=numeric,month=short,day=numeric	
en-AU	EEEE_y_MMMM_d	{"weekday":"long","year":"numeric","month":"long","day":"numeric"}	EEEE d MMMM y	Saturday 24 December 2022	Monday 6 March 2023	weekday=long,year=numeric,month=long,day=numeric	
en-AU	y_MMMM	{"year":"numeric","month":"long"}	MMMM y	December 2022	March 2023	year=numeric,month=long	
en-AU	y_MMM	{"year":"numeric","month":"short"}	MMM y	Dec 2022	Mar 2023	year=numeric,month=short	
en-AU	y_MM	{"year":"numeric","month":"2-digit"}	MM/y	12/2022	03/2023	year=numeric,month=2-digit	
en-AU	MMMM_d	{"month":"long","day":"numeric"}	d MMMM	24 December	6 March	month=long,day=numeric	
en-AU	MMM_d	{"month":"short","day":"numeric"}	d MMM	24 Dec	6 Mar	month=short,day=numeric	
en-AU	M_d	{"month":"numeric","day":"numeric"}	d/M	24/12	6/3	month=numeric,day=numeric	
en-AU	y_M_d	{"year":"numeric","month":"numeric","day":"numeric"}	dd/MM/y	24/12/2022	06/03/2023	year=numeric,month=2-digit,day=2-digit	
en-AU	yy_MM_dd	{"year":"2-digit","month":"2-digit","day":"2-digit"}	dd/MM/yy	24/12/22	06/03/23	year=2-digit,month=2-digit,day=2-digit	
en-AU	MMMM	{"month":"long"}	LLLL	December	March	month=long	
en-AU	EEEE	{"weekday":"long"}	cccc	Saturday	Monday	weekday=long	
en-AU	d	{"day":"numeric"}	d	24	6	day=numeric	
en-AU	G_y	{"era":"short","year":"numeric"}	y G	2022 AD	2023 AD	era=short,year=numeric	
en-AU	GGGG_y_MMMM_d	{"era":"long","year":"numeric","month":"long","day":"numeric"}	d MMMM y GGGG	24 December 2022 Anno Domini	6 March 2023 Anno Domini	era=long,year=numeric,month=long,day=numeric	
en-AU	j_mm	{"hour":"numeric","minute":"2-digit"}	h:mm\u202fa	3:07 pm	9:04 am	hour=numeric,minute=2-digit,hourCycle=h12	
en-AU	H_mm_h23	{"hour":"numeric","minute":"2-digit","hourCycle":"h23"}	HH:mm	15:07	09:04	hour=2-digit,minute=2-digit,hourCycle=h23	
en-AU	h_mm_h12	{"hour":"numeric","minute":"2-digit","hour12":true}	h:mm\u202fa	3:07 pm	9:04 am	hour=numeric,minute=2-digit,hourCycle=h12	
en-AU	j_mm_ss	{"hour":"numeric","minute":"numeric","second":"numeric"}	h:mm:ss\u202fa	3:07:09 pm	9:04:05 am	hour=numeric,minute=2-digit,second=2-digit,hourCycle=h12	
en-AU	E_j_mm	{"weekday":"short","hour":"numeric","minute":"2-digit"}	EEE h:mm\u202fa	Sat 3:07 pm	Mon 9:04 am	weekday=short,hour=numeric,minute=2-digit,hourCycle=h12	
en-AU	y_MMMM_d_j_mm	{"year":"numeric","month":"long","day":"numeric","hour":"numeric","minute":"2-digit"}	d MMMM y 'at' h:mm\u202fa	24 December 2022 at 3:07 pm	6 March 2023 at 9:04 am	year=numeric,month=long,day=numeric,hour=numeric,minute=2-digit,hourCycle=h12	
en-AU	MMM_d_j_mm	{"month":"short","day":"numeric","hour":"numeric","minute":"2-digit"}	d MMM, h:mm\u202fa	24 Dec, 3:07 pm	6 Mar, 9:04 am	month=short,day=numeric,hour=numeric,minute=2-digit,hourCycle=h12	
en-AU	y_M_d_j_mm_ss	{"year":"numeric","month":"numeric","day":"numeric","hour":"numeric","minute":"numeric","second":"numeric"}	dd/MM/y, h:mm:ss\u202fa	24/12/2022, 3:07:09 pm	06/03/2023, 9:04:05 am	year=numeric,month=2-digit,day=2-digit,hour=numeric,minute=2-digit,second=2-digit,hourCycle=h12	
en-GB	E_d_MMMM	{"weekday":"short","day":"numeric","month":"long"}	EEE d MMMM	Sat 24 December	Mon 6 March	weekday=short,month=long,day=numeric	
en-GB	EEEE_d_MMMM	{"weekday":"long","day":"numeric","month":"long"}	EEEE d MMMM	Saturday 24 December	Monday 6 March	weekday=long,month=long,day=numeric	
en-GB	E_y_MMM_d	{"weekday":"short","year":"numeric","month":"short","day":"numeric"}	EEE, d MMM y	Sat, 24 Dec 2022	Mon, 6 Mar 2023	weekday=short,year=numeric,month=short,day=numeric	
en-GB	EEEE_y_MMMM_d	{"weekday":"long","year":"numeric","month":"long","day":"numeric"}	EEEE, d MMMM y	Saturday, 24 December 2022	Monday, 6 March 2023	weekday=long,year=numeric,month=long,day=numeric	
en-GB	y_MMMM	{"year":"numeric","month":"long"}	MMMM y	December 2022	March 2023	year=numeric,month=long	
en-GB	y_MMM	{"year":"numeric","month":"short"}	MMM y	Dec 2022	Mar 2023	year=numeric,month=short	
en-GB	y_MM	{"year":"numeric","month":"2-digit"}	MM/y	12/2022	03/2023	year=numeric,month=2-digit	
en-GB	MMMM_d	{"month":"long","day":"numeric"}	d MMMM	24 December	6 March	month=long,day=numeric	
en-GB	MMM_d	{"month":"short","day":"numeric"}	d MMM	24 Dec	6 Mar	month=short,day=numeric	
en-GB	M_d	{"month":"numeric","day":"numeric"}	dd/MM	24/12	06/03	month=2-digit,day=2-digit	
en-GB	y_M_d	{"year":"numeric","month":"numeric","day":"numeric"}	dd/MM/y	24/12/2022	06/03/2023	year=numeric,month=2-digit,day=2-digit	
en-GB	yy_MM_dd	{"year":"2-digit","month":"2-digit","day":"2-digit"}	dd/MM/yy	24/12/22	06/03/23	year=2-digit,month=2-digit,day=2-digit	
en-GB	MMMM	{"month":"long"}	LLLL	December	March	month=long	
en-GB	EEEE	{"weekday":"long"}	cccc	Saturday	Monday	weekday=long	
en-GB	d	{"day":"numeric"}	d	24	6	day=numeric	
en-GB	G_y	{"era":"short","year":"numeric"}	y G	2022 AD	2023 AD	era=short,year=numeric	
en-GB	GGGG_y_MMMM_d	{"era":"long","year":"numeric","month":"long","day":"numeric"}	d MMMM y GGGG	24 December 2022 Anno Domini	6 March 2023 Anno Domini	era=long,year=numeric,month=long,day=numeric	
en-GB	j_mm	{"hour":"numeric","minute":"2-digit"}	H:mm	15:07	9:04	hour=numeric,minute=2-digit,hourCycle=h23	
en-GB	H_mm_h23	{"hour":"numeric","minute":"2-digit","hourCycle":"h23"}	H:mm	15:07	9:04	hour=numeric,minute=2-digit,hourCycle=h23	
en-GB	h_mm_h12	{"hour":"numeric","minute":"2-digit","hour12":true}	h:mm\u202fa	3:07 pm	9:04 am	hour=numeric,minute=2-digit,hourCycle=h12	
en-GB	j_mm_ss	{"hour":"numeric","minute":"numeric","second":"numeric"}	HH:mm:ss	15:07:09	09:04:05	hour=2-digit,minute=2-digit,second=2-digit,hourCycle=h23	
en-GB	E_j_mm	{"weekday":"short","hour":"numeric","minute":"2-digit"}	EEE HH:mm	Sat 15:07	Mon 09:04	weekday=short,hour=2-digit,minute=2-digit,hourCycle=h23	
en-GB	y_MMMM_d_j_mm	{"year":"numeric","month":"long","day":"numeric","hour":"numeric","minute":"2-digit"}	d MMMM y 'at' H:mm	24 December 2022 at 15:07	6 March 2023 at 9:04	year=numeric,month=long,day=numeric,hour=numeric,minute=2-digit,hourCycle=h23	
en-GB	MMM_d_j_mm	{"month":"short","day":"numeric","hour":"numeric","minute":"2-digit"}	d MMM, H:mm	24 Dec, 15:07	6 Mar, 9:04	month=short,day=numeric,hour=numeric,minute=2-digit,hourCycle=h23	
en-GB	y_M_d_j_mm_ss	{"year":"numeric","month":"numeric","day":"numeric","hour":"numeric","minute":"numeric","second":"numeric"}	dd/MM/y, HH:mm:ss	24/12/2022, 15:07:09	06/03/2023, 09:04:05	year=numeric,month=2-digit,day=2-digit,hour=2-digit,minute=2-digit,second=2-digit,hourCycle=h23	
en-IN	E_d_MMMM	{"weekday":"short","day":"numeric","month":"long"}	EEE, d MMMM	Sat, 24 December	Mon, 6 March	weekday=short,month=long,day=numeric	
en-IN	EEEE_d_MMMM	{"weekday":"long","day":"numeric","month":"long"}	EEEE, d MMMM	Saturday, 24 December	Monday, 6 March	weekday=long,month=long,day=numeric	
en-IN	E_y_MMM_d	{"weekday":"short","year":"numeric","month":"short","day":"numeric"}	EEE, d MMM, y	Sat, 24 Dec, 2022	Mon, 6 Mar, 2023	weekday=short,year=numeric,month=short,day=numeric	
en-IN	EEEE_y_MMMM_d	{"weekday":"long","year":"numeric","month":"long","day":"numeric"}	EEEE, d MMMM y	Saturday, 24 December 2022	Monday, 6 March 2023	weekday=long,year=numeric,month=long,day=numeric	
en-IN	y_MMMM	{"year":"numeric","month":"long"}	MMMM y	December 2022	March 2023	year=numeric,month=long	
en-IN	y_MMM	{"year":"numeric","month":"short"}	MMM y	Dec 2022	Mar 2023	year=numeric,month=short	
en-IN	y_MM	{"year":"numeric","month":"2-digit"}	MM/y	12/2022	03/2023	year=numeric,month=2-digit	
en-IN	MMMM_d	{"month":"long","day":"numeric"}	d MMMM	24 December	6 March	month=long,day=numeric	
en-IN	MMM_d	{"month":"short","day":"numeric"}	d MMM	24 Dec	6 Mar	month=short,day=numeric	
en-IN	M_d	{"month":"numeric","day":"numeric"}	dd/MM	24/12	06/03	month=2-digit,day=2-digit	
en-IN	y_M_d	{"year":"numeric","month":"numeric","day":"numeric"}	d/M/y	24/12/2022	6/3/2023	year=numeric,month=numeric,day=numeric	
en-IN	yy_MM_dd	{"year":"2-digit","month":"2-digit","day":"2-digit"}	dd/MM/yy	24/12/22	06/03/23	year=2-digit,month=2-digit,day=2-digit	
en-IN	MMMM	{"month":"long"}	LLLL	December	March	month=long	
en-IN	EEEE	{"weekday":"long"}	cccc	Saturday	Monday	weekday=long	
en-IN	d	{"day":"numeric"}	d	24	6	day=numeric	
en-IN	G_y	{"era":"short","year":"numeric"}	y G	2022 AD	2023 AD	era=short,year=numeric	
en-IN	GGGG_y_MMMM_d	{"era":"long","year":"numeric","month":"long","day":"numeric"}	d MMMM y GGGG	24 December 2022 Anno Domini	6 March 2023 Anno Domini	era=long,year=numeric,month=long,day=numeric	
en-IN	j_mm	{"hour":"numeric","minute":"2-digit"}	h:mm\u202fa	3:07 pm	9:04 am	hour=numeric,minute=2-digit,hourCycle=h12	
en-IN	H_mm_h23	{"hour":"numeric","minute":"2-digit","hourCycle":"h23"}	HH:mm	15:07	09:04	hour=2-digit,minute=2-digit,hourCycle=h23	
en-IN	h_mm_h12	{"hour":"numeric","minute":"2-digit","hour12":true}	h:mm\u202fa	3:07 pm	9:04 am	hour=numeric,minute=2-digit,hourCycle=h12	
en-IN	j_mm_ss	{"hour":"numeric","minute":"numeric","second":"numeric"}	h:mm:ss\u202fa	3:07:09 pm	9:04:05 am	hour=numeric,minute=2-digit,second=2-digit,hourCycle=h12	
en-IN	E_j_mm	{"weekday":"short","hour":"numeric","minute":"2-digit"}	EEE, h:mm\u202fa	Sat, 3:07 pm	Mon, 9:04 am	weekday=short,hour=numeric,minute=2-digit,hourCycle=h12	
en-IN	y_MMMM_d_j_mm	{"year":"numeric","month":"long","day":"numeric","hour":"numeric","minute":"2-digit"}	d MMMM y 'at' h:mm\u202fa	24 December 2022 at 3:07 pm	6 March 2023 at 9:04 am	year=numeric,month=long,day=numeric,hour=numeric,minute=2-digit,hourCycle=h12	
en-IN	MMM_d_j_mm	{"month":"short","day":"numeric","hour":"numeric","minute":"2-digit"}	d MMM, h:mm\u202fa	24 Dec, 3:07 pm	6 Mar, 9:04 am	month=short,day=numeric,hour=numeric,minute=2-digit,hourCycle=h12	
en-IN	y_M_d_j_mm_ss	{"year":"numeric","month":"numeric","day":"numeric","hour":"numeric","minute":"numeric","second":"numeric"}	d/M/y, h:mm:ss\u202fa	24/12/2022, 3:07:09 pm	6/3/2023, 9:04:05 am	year=numeric,month=numeric,day=numeric,hour=numeric,minute=2-digit,second=2-digit,hourCycle=h12	
es	E_d_MMMM	{"weekday":"short","day":"numeric","month":"long"}	EEE, d 'de' MMMM	s\u00e1b, 24 de diciembre	lun, 6 de marzo	weekday=short,month=long,day=numeric	
es	EEEE_d_MMMM	{"weekday":"long","day":"numeric","month":"long"}	EEEE, d 'de' MMMM	s\u00e1bado, 24 de diciembre	lunes, 6 de marzo	weekday=long,month=long,day=numeric	
es	E_y_MMM_d	{"weekday":"short","year":"numeric","month":"short","day":"numeric"}	EEE, d MMM y	s\u00e1b, 24 dic 2022	lun, 6 mar 2023	weekday=short,year=numeric,month=short,day=numeric	
es	EEEE_y_MMMM_d	{"weekday":"long","year":"numeric","month":"long","day":"numeric"}	EEEE, d 'de' MMMM 'de' y	s\u00e1bado, 24 de diciembre de 2022	lunes, 6 de marzo de 2023	weekday=long,year=numeric,month=long,day=numeric	
es	y_MMMM	{"year":"numeric","month":"long"}	MMMM 'de' y	diciembre de 2022	marzo de 2023	year=numeric,month=long	diciembre de 2022|marzo de 2023|year=numeric,month=long,day=numeric
es	y_MMM	{"year":"numeric","month":"short"}	MMM y	dic 2022	mar 2023	year=numeric,month=short	
es	y_MM	{"year":"numeric","month":"2-digit"}	M/y	12/2022	3/2023	year=numeric,month=numeric	
es	MMMM_d	{"month":"long","day":"numeric"}	d 'de' MMMM	24 de diciembre	6 de marzo	month=long,day=numeric	
es	MMM_d	{"month":"short","day":"numeric"}	d MMM	24 dic	6 mar	month=short,day=numeric	
es	M_d	{"month":"numeric","day":"numeric"}	d/M	24/12	6/3	month=numeric,day=numeric	
es	y_M_d	{"year":"numeric","month":"numeric","day":"numeric"}	d/M/y	24/12/2022	6/3/2023	year=numeric,month=numeric,day=numeric	
es	yy_MM_dd	{"year":"2-digit","month":"2-digit","day":"2-digit"}	dd/MM/yy	24/12/22	06/03/23	year=2-digit,month=2-digit,day=2-digit	
es	MMMM	{"month":"long"}	LLLL	diciembre	marzo	month=long	
es	EEEE	{"weekday":"long"}	cccc	s\u00e1bado	lunes	weekday=long	
es	d	{"day":"numeric"}	d	24	6	day=numeric	
es	G_y	{"era":"short","year":"numeric"}	y G	2022 d. C.	2023 d. C.	era=short,year=numeric	
es	GGGG_y_MMMM_d	{"era":"long","year":"numeric","month":"long","day":"numeric"}	d 'de' MMMM 'de' y GGGG	24 de diciembre de 2022 despu\u00e9s de Cristo	6 de marzo de 2023 despu\u00e9s de Cristo	era=long,year=numeric,month=long,day=numeric	
es	j_mm	{"hour":"numeric","minute":"2-digit"}	H:mm	15:07	9:04	hour=numeric,minute=2-digit,hourCycle=h23	
es	H_mm_h23	{"hour":"numeric","minute":"2-digit","hourCycle":"h23"}	H:mm	15:07	9:04	hour=numeric,minute=2-digit,hourCycle=h23	
es	h_mm_h12	{"hour":"numeric","minute":"2-digit","hour12":true}	h:mm\u202fa	3:07 p. m.	9:04 a. m.	hour=numeric,minute=2-digit,hourCycle=h12	
es	j_mm_ss	{"hour":"numeric","minute":"numeric","second":"numeric"}	H:mm:ss	15:07:09	9:04:05	hour=numeric,minute=2-digit,second=2-digit,hourCycle=h23	
es	E_j_mm	{"weekday":"short","hour":"numeric","minute":"2-digit"}	EEE, H:mm	s\u00e1b, 15:07	lun, 9:04	weekday=short,hour=numeric,minute=2-digit,hourCycle=h23	
es	y_MMMM_d_j_mm	{"year":"numeric","month":"long","day":"numeric","hour":"numeric","minute":"2-digit"}	d 'de' MMMM 'de' y 'a' 'las' H:mm	24 de diciembre de 2022 a las 15:07	6 de marzo de 2023 a las 9:04	year=numeric,month=long,day=numeric,hour=numeric,minute=2-digit,hourCycle=h23	24 de diciembre de 2022 a las 15:07|6 de marzo de 2023 a las 9:04|year=numeric,month=long,day=numeric,hour=numeric,minute=2-digit,second=numeric,hourCycle=h23
es	MMM_d_j_mm	{"month":"short","day":"numeric","hour":"numeric","minute":"2-digit"}	d MMM, H:mm	24 dic, 15:07	6 mar, 9:04	month=short,day=numeric,hour=numeric,minute=2-digit,hourCycle=h23	
es	y_M_d_j_mm_ss	{"year":"numeric","month":"numeric","day":"numeric","hour":"numeric","minute":"numeric","second":"numeric"}	d/M/y, H:mm:ss	24/12/2022, 15:07:09	6/3/2023, 9:04:05	year=numeric,month=numeric,day=numeric,hour=numeric,minute=2-digit,second=2-digit,hourCycle=h23	
es-MX	E_d_MMMM	{"weekday":"short","day":"numeric","month":"long"}	EEE, d 'de' MMMM	s\u00e1b, 24 de diciembre	lun, 6 de marzo	weekday=short,month=long,day=numeric	
es-MX	EEEE_d_MMMM	{"weekday":"long","day":"numeric","month":"long"}	EEEE, d 'de' MMMM	s\u00e1bado, 24 de diciembre	lunes, 6 de marzo	weekday=long,month=long,day=numeric	
es-MX	E_y_MMM_d	{"weekday":"short","year":"numeric","month":"short","day":"numeric"}	EEE, d 'de' MMM 'de' y	s\u00e1b, 24 de dic de 2022	lun, 6 de mar de 2023	weekday=short,year=numeric,month=short,day=numeric	
es-MX	EEEE_y_MMMM_d	{"weekday":"long","year":"numeric","month":"long","day":"numeric"}	EEEE, d 'de' MMMM 'de' y	s\u00e1bado, 24 de diciembre de 2022	lunes, 6 de marzo de 2023	weekday=long,year=numeric,month=long,day=numeric	
es-MX	y_MMMM	{"year":"numeric","month":"long"}	MMMM 'de' y	diciembre de 2022	marzo de 2023	year=numeric,month=long	diciembre de 2022|marzo de 2023|year=numeric,month=long,day=numeric
es-MX	y_MMM	{"year":"numeric","month":"short"}	MMM y	dic 2022	mar 2023	year=numeric,month=short	
es-MX	y_MM	{"year":"numeric","month":"2-digit"}	MM/y	12/2022	03/2023	year=numeric,month=2-digit	
es-MX	MMMM_d	{"month":"long","day":"numeric"}	d 'de' MMMM	24 de diciembre	6 de marzo	month=long,day=numeric	
es-MX	MMM_d	{"month":"short","day":"numeric"}	d MMM	24 dic	6 mar	month=short,day=numeric	
es-MX	M_d	{"month":"numeric","day":"numeric"}	d/M	24/12	6/3	month=numeric,day=numeric	
es-MX	y_M_d	{"year":"numeric","month":"numeric","day":"numeric"}	d/M/y	24/12/2022	6/3/2023	year=numeric,month=numeric,day=numeric	
es-MX	yy_MM_dd	{"year":"2-digit","month":"2-digit","day":"2-digit"}	dd/MM/yy	24/12/22	06/03/23	year=2-digit,month=2-digit,day=2-digit	
es-MX	MMMM	{"month":"long"}	LLLL	diciembre	marzo	month=long	
es-MX	EEEE	{"weekday":"long"}	cccc	s\u00e1bado	lunes	weekday=long	
es-MX	d	{"day":"numeric"}	d	24	6	day=numeric	
es-MX	G_y	{"era":"short","year":"numeric"}	y G	2022 d.C.	2023 d.C.	era=short,year=numeric	
es-MX	GGGG_y_MMMM_d	{"era":"long","year":"numeric","month":"long","day":"numeric"}	d 'de' MMMM 'de' y GGGG	24 de diciembre de 2022 despu\u00e9s de Cristo	6 de marzo de 2023 despu\u00e9s de Cristo	era=long,year=numeric,month=long,day=numeric	
es-MX	j_mm	{"hour":"numeric","minute":"2-digit"}	h:mm\u202fa	3:07 p.m.	9:04 a.m.	hour=numeric,minute=2-digit,hourCycle=h12	
es-MX	H_mm_h23	{"hour":"numeric","minute":"2-digit","hourCycle":"h23"}	HH:mm	15:07	09:04	hour=2-digit,minute=2-digit,hourCycle=h23	
es-MX	h_mm_h12	{"hour":"numeric","minute":"2-digit","hour12":true}	h:mm\u202fa	3:07 p.m.	9:04 a.m.	hour=numeric,minute=2-digit,hourCycle=h12	
es-MX	j_mm_ss	{"hour":"numeric","minute":"numeric","second":"numeric"}	h:mm:ss\u202fa	3:07:09 p.m.	9:04:05 a.m.	hour=numeric,minute=2-digit,second=2-digit,hourCycle=h12	
es-MX	E_j_mm	{"weekday":"short","hour":"numeric","minute":"2-digit"}	EEE h:mm\u202fa	s\u00e1b 3:07 p.m.	lun 9:04 a.m.	weekday=short,hour=numeric,minute=2-digit,hourCycle=h12	
es-MX	y_MMMM_d_j_mm	{"year":"numeric","month":"long","day":"numeric","hour":"numeric","minute":"2-digit"}	d 'de' MMMM 'de' y 'a' 'las' h:mm\u202fa	24 de diciembre de 2022 a las 3:07 p.m.	6 de marzo de 2023 a las 9:04 a.m.	year=numeric,month=long,day=numeric,hour=numeric,minute=2-digit,hourCycle=h12	24 de diciembre de 2022 a las 3:07 p.m.|6 de marzo de 2023 a las 9:04 a.m.|year=numeric,month=long,day=numeric,hour=numeric,minute=2-digit,second=numeric,hourCycle=h12
es-MX	MMM_d_j_mm	{"month":"short","day":"numeric","hour":"numeric","minute":"2-digit"}	d MMM, h:mm\u202fa	24 dic, 3:07 p.m.	6 mar, 9:04 a.m.	month=short,day=numeric,hour=numeric,minute=2-digit,hourCycle=h12	
es-MX	y_M_d_j_mm_ss	{"year":"numeric","month":"numeric","day":"numeric","hour":"numeric","minute":"numeric","second":"numeric"}	d/M/y, h:mm:ss\u202fa	24/12/2022, 3:07:09 p.m.	6/3/2023, 9:04:05 a.m.	year=numeric,month=numeric,day=numeric,hour=numeric,minute=2-digit,second=2-digit,hourCycle=h12	
et	E_d_MMMM	{"weekday":"short","day":"numeric","month":"long"}	EEE, d. MMMM	L, 24. detsember	E, 6. m\u00e4rts	weekday=short,month=long,day=numeric	
et	EEEE_d_MMMM	{"weekday":"long","day":"numeric","month":"long"}	EEEE, d. MMMM	laup\u00e4ev, 24. detsember	esmasp\u00e4ev, 6. m\u00e4rts	weekday=long,month=long,day=numeric	
et	E_y_MMM_d	{"weekday":"short","year":"numeric","month":"short","day":"numeric"}	EEE, d. MMMM y	L, 24. detsember 2022	E, 6. m\u00e4rts 2023	weekday=short,year=numeric,month=long,day=numeric	
et	EEEE_y_MMMM_d	{"weekday":"long","year":"numeric","month":"long","day":"numeric"}	EEEE, d. MMMM y	laup\u00e4ev, 24. detsember 2022	esmasp\u00e4ev, 6. m\u00e4rts 2023	weekday=long,year=numeric,month=long,day=numeric	
et	y_MMMM	{"year":"numeric","month":"long"}	MMMM y	detsember 2022	m\u00e4rts 2023	year=numeric,month=long	
et	y_MMM	{"year":"numeric","month":"short"}	MMM y	dets 2022	m\u00e4rts 2023	year=numeric,month=short	
et	y_MM	{"year":"numeric","month":"2-digit"}	MM.y	12.2022	03.2023	year=numeric,month=2-digit	
et	MMMM_d	{"month":"long","day":"numeric"}	d. MMMM	24. detsember	6. m\u00e4rts	month=long,day=numeric	
et	MMM_d	{"month":"short","day":"numeric"}	d. MMM	24. dets	6. m\u00e4rts	month=short,day=numeric	
et	M_d	{"month":"numeric","day":"numeric"}	d.M	24.12	6.3	month=numeric,day=numeric	
et	y_M_d	{"year":"numeric","month":"numeric","day":"numeric"}	d.M.y	24.12.2022	6.3.2023	year=numeric,month=numeric,day=numeric	
et	yy_MM_dd	{"year":"2-digit","month":"2-digit","day":"2-digit"}	dd.MM.yy	24.12.22	06.03.23	year=2-digit,month=2-digit,day=2-digit	
et	MMMM	{"month":"long"}	MMMM	detsember	m\u00e4rts	month=long	
et	EEEE	{"weekday":"long"}	cccc	laup\u00e4ev	esmasp\u00e4ev	weekday=long	
et	d	{"day":"numeric"}	d	24	6	day=numeric	
et	G_y	{"era":"short","year":"numeric"}	y G	2022 pKr	2023 pKr	era=short,year=numeric	
et	GGGG_y_MMMM_d	{"era":"long","year":"numeric","month":"long","day":"numeric"}	d. MMMM y GGGG	24. detsember 2022 p\u00e4rast Kristust	6. m\u00e4rts 2023 p\u00e4rast Kristust	era=long,year=numeric,month=long,day=numeric	
et	j_mm	{"hour":"numeric","minute":"2-digit"}	H:mm	15:07	9:04	hour=numeric,minute=2-digit,hourCycle=h23	
et	H_mm_h23	{"hour":"numeric","minute":"2-digit","hourCycle":"h23"}	H:mm	15:07	9:04	hour=numeric,minute=2-digit,hourCycle=h23	
et	h_mm_h12	{"hour":"numeric","minute":"2-digit","hour12":true}	h:mm\u202fa	3:07 PM	9:04 AM	hour=numeric,minute=2-digit,hourCycle=h12	
et	j_mm_ss	{"hour":"numeric","minute":"numeric","second":"numeric"}	HH:mm:ss	15:07:09	09:04:05	hour=2-digit,minute=2-digit,second=2-digit,hourCycle=h23	
et	E_j_mm	{"weekday":"short","hour":"numeric","minute":"2-digit"}	EEE HH:mm	L 15:07	E 09:04	weekday=short,hour=2-digit,minute=2-digit,hourCycle=h23	
et	y_MMMM_d_j_mm	{"year":"numeric","month":"long","day":"numeric","hour":"numeric","minute":"2-digit"}	d. MMMM y, 'kell' H:mm	24. detsember 2022, kell 15:07	6. m\u00e4rts 2023, kell 9:04	year=numeric,month=long,day=numeric,hour=numeric,minute=2-digit,hourCycle=h23	
et	MMM_d_j_mm	{"month":"short","day":"numeric","hour":"numeric","minute":"2-digit"}	d. MMM, H:mm	24. dets, 15:07	6. m\u00e4rts, 9:04	month=short,day=numeric,hour=numeric,minute=2-digit,hourCycle=h23	
et	y_M_d_j_mm_ss	{"year":"numeric","month":"numeric","day":"numeric","hour":"numeric","minute":"numeric","second":"numeric"}	d.M.y, HH:mm:ss	24.12.2022, 15:07:09	6.3.2023, 09:04:05	year=numeric,month=numeric,day=numeric,hour=2-digit,minute=2-digit,second=2-digit,hourCycle=h23	
fa	E_d_MMMM	{"weekday":"short","day":"numeric","month":"long"}	EEE d LLLL	\u0634\u0646\u0628\u0647 24 \u062f\u0633\u0627\u0645\u0628\u0631	\u062f\u0648\u0634\u0646\u0628\u0647 6 \u0645\u0627\u0631\u0633	weekday=short,month=long,day=numeric	
fa	EEEE_d_MMMM	{"weekday":"long","day":"numeric","month":"long"}	EEEE d LLLL	\u0634\u0646\u0628\u0647 24 \u062f\u0633\u0627\u0645\u0628\u0631	\u062f\u0648\u0634\u0646\u0628\u0647 6 \u0645\u0627\u0631\u0633	weekday=long,month=long,day=numeric	
fa	E_y_MMM_d	{"weekday":"short","year":"numeric","month":"short","day":"numeric"}	EEE d MMM y	\u0634\u0646\u0628\u0647 24 \u062f\u0633\u0627\u0645\u0628\u0631 2022	\u062f\u0648\u0634\u0646\u0628\u0647 6 \u0645\u0627\u0631\u0633 2023	weekday=short,year=numeric,month=short,day=numeric	
fa	EEEE_y_MMMM_d	{"weekday":"long","year":"numeric","month":"long","day":"numeric"}	EEEE d MMMM y	\u0634\u0646\u0628\u0647 24 \u062f\u0633\u0627\u0645\u0628\u0631 2022	\u062f\u0648\u0634\u0646\u0628\u0647 6 \u0645\u0627\u0631\u0633 2023	weekday=long,year=numeric,month=long,day=numeric	
fa	y_MMMM	{"year":"numeric","month":"long"}	MMMM y	\u062f\u0633\u0627\u0645\u0628\u0631 2022	\u0645\u0627\u0631\u0633 2023	year=numeric,month=long	
fa	y_MMM	{"year":"numeric","month":"short"}	MMM y	\u062f\u0633\u0627\u0645\u0628\u0631 2022	\u0645\u0627\u0631\u0633 2023	year=numeric,month=short	
fa	y_MM	{"year":"numeric","month":"2-digit"}	y/MM	2022/12	2023/03	year=numeric,month=2-digit	
fa	MMMM_d	{"month":"long","day":"numeric"}	d LLLL	24 \u062f\u0633\u0627\u0645\u0628\u0631	6 \u0645\u0627\u0631\u0633	month=long,day=numeric	
fa	MMM_d	{"month":"short","day":"numeric"}	d LLL	24 \u062f\u0633\u0627\u0645\u0628\u0631	6 \u0645\u0627\u0631\u0633	month=short,day=numeric	
fa	M_d	{"month":"numeric","day":"numeric"}	M/d	12/24	3/6	month=numeric,day=numeric	
fa	y_M_d	{"year":"numeric","month":"numeric","day":"numeric"}	y/M/d	2022/12/24	2023/3/6	year=numeric,month=numeric,day=numeric	
fa	yy_MM_dd	{"year":"2-digit","month":"2-digit","day":"2-digit"}	yy/MM/dd	22/12/24	23/03/06	year=2-digit,month=2-digit,day=2-digit	
fa	MMMM	{"month":"long"}	LLLL	\u062f\u0633\u0627\u0645\u0628\u0631	\u0645\u0627\u0631\u0633	month=long	
fa	EEEE	{"weekday":"long"}	cccc	\u0634\u0646\u0628\u0647	\u062f\u0648\u0634\u0646\u0628\u0647	weekday=long	
fa	d	{"day":"numeric"}	d	24	6	day=numeric	
fa	G_y	{"era":"short","year":"numeric"}	y G	2022 \u0645.	2023 \u0645.	era=short,year=numeric	
fa	GGGG_y_MMMM_d	{"era":"long","year":"numeric","month":"long","day":"numeric"}	d MMMM y GGGG	24 \u062f\u0633\u0627\u0645\u0628\u0631 2022 \u0645\u06cc\u0644\u0627\u062f\u06cc	6 \u0645\u0627\u0631\u0633 2023 \u0645\u06cc\u0644\u0627\u062f\u06cc	era=long,year=numeric,month=long,day=numeric	
fa	j_mm	{"hour":"numeric","minute":"2-digit"}	H:mm	15:07	9:04	hour=numeric,minute=2-digit,hourCycle=h23	
fa	H_mm_h23	{"hour":"numeric","minute":"2-digit","hourCycle":"h23"}	H:mm	15:07	9:04	hour=numeric,minute=2-digit,hourCycle=h23	
fa	h_mm_h12	{"hour":"numeric","minute":"2-digit","hour12":true}	h:mm a	3:07 \u0628.\u0638.	9:04 \u0642.\u0638.	hour=numeric,minute=2-digit,hourCycle=h12	
fa	j_mm_ss	{"hour":"numeric","minute":"numeric","second":"numeric"}	H:mm:ss	15:07:09	9:04:05	hour=numeric,minute=2-digit,second=2-digit,hourCycle=h23	
fa	E_j_mm	{"weekday":"short","hour":"numeric","minute":"2-digit"}	EEE H:mm	\u0634\u0646\u0628\u0647 15:07	\u062f\u0648\u0634\u0646\u0628\u0647 9:04	weekday=short,hour=numeric,minute=2-digit,hourCycle=h23	
fa	y_MMMM_d_j_mm	{"year":"numeric","month":"long","day":"numeric","hour":"numeric","minute":"2-digit"}	d MMMM y \u0633\u0627\u0639\u062a H:mm	24 \u062f\u0633\u0627\u0645\u0628\u0631 2022 \u0633\u0627\u0639\u062a 15:07	6 \u0645\u0627\u0631\u0633 2023 \u0633\u0627\u0639\u062a 9:04	year=numeric,month=long,day=numeric,hour=numeric,minute=2-digit,hourCycle=h23	
fa	MMM_d_j_mm	{"month":"short","day":"numeric","hour":"numeric","minute":"2-digit"}	d LLL\u060c H:mm	24 \u062f\u0633\u0627\u0645\u0628\u0631\u060c 15:07	6 \u0645\u0627\u0631\u0633\u060c 9:04	month=short,day=numeric,hour=numeric,minute=2-digit,hourCycle=h23	
fa	y_M_d_j_mm_ss	{"year":"numeric","month":"numeric","day":"numeric","hour":"numeric","minute":"numeric","second":"numeric"}	y/M/d, H:mm:ss	2022/12/24, 15:07:09	2023/3/6, 9:04:05	year=numeric,month=numeric,day=numeric,hour=numeric,minute=2-digit,second=2-digit,hourCycle=h23	
fi	E_d_MMMM	{"weekday":"short","day":"numeric","month":"long"}	ccc d. MMMM	la 24. joulukuuta	ma 6. maaliskuuta	weekday=short,month=long,day=numeric	
fi	EEEE_d_MMMM	{"weekday":"long","day":"numeric","month":"long"}	cccc d. MMMM	lauantai 24. joulukuuta	maanantai 6. maaliskuuta	weekday=long,month=long,day=numeric	
fi	E_y_MMM_d	{"weekday":"short","year":"numeric","month":"short","day":"numeric"}	EEE d.M.y	la 24.12.2022	ma 6.3.2023	weekday=short,year=numeric,month=numeric,day=numeric	
fi	EEEE_y_MMMM_d	{"weekday":"long","year":"numeric","month":"long","day":"numeric"}	EEEE d. MMMM y	lauantaina 24. joulukuuta 2022	maanantaina 6. maaliskuuta 2023	weekday=long,year=numeric,month=long,day=numeric	
fi	y_MMMM	{"year":"numeric","month":"long"}	LLLL y	joulukuu 2022	maaliskuu 2023	year=numeric,month=long	
fi	y_MMM	{"year":"numeric","month":"short"}	LLL y	joulu 2022	maalis 2023	year=numeric,month=short	
fi	y_MM	{"year":"numeric","month":"2-digit"}	M.y	12.2022	3.2023	year=numeric,month=numeric	
fi	MMMM_d	{"month":"long","day":"numeric"}	d. MMMM	24. joulukuuta	6. maaliskuuta	month=long,day=numeric	
fi	MMM_d	{"month":"short","day":"numeric"}	d.M.	24.12.	6.3.	month=numeric,day=numeric	
fi	M_d	{"month":"numeric","day":"numeric"}	d.M.	24.12.	6.3.	month=numeric,day=numeric	
fi	y_M_d	{"year":"numeric","month":"numeric","day":"numeric"}	d.M.y	24.12.2022	6.3.2023	year=numeric,month=numeric,day=numeric	
fi	yy_MM_dd	{"year":"2-digit","month":"2-digit","day":"2-digit"}	dd.MM.yy	24.12.22	06.03.23	year=2-digit,month=2-digit,day=2-digit	
fi	MMMM	{"month":"long"}	LLLL	joulukuu	maaliskuu	month=long	
fi	EEEE	{"weekday":"long"}	cccc	lauantai	maanantai	weekday=long	
fi	d	{"day":"numeric"}	d	24	6	day=numeric	
fi	G_y	{"era":"short","year":"numeric"}	y G	2022 jKr.	2023 jKr.	era=short,year=numeric	
fi	GGGG_y_MMMM_d	{"era":"long","year":"numeric","month":"long","day":"numeric"}	d. MMMM y GGGG	24. joulukuuta 2022 j\u00e4lkeen Kristuksen syntym\u00e4n	6. maaliskuuta 2023 j\u00e4lkeen Kristuksen syntym\u00e4n	era=long,year=numeric,month=long,day=numeric	
fi	j_mm	{"hour":"numeric","minute":"2-digit"}	H.mm	15.07	9.04	hour=numeric,minute=2-digit,hourCycle=h23	
fi	H_mm_h23	{"hour":"numeric","minute":"2-digit","hourCycle":"h23"}	H.mm	15.07	9.04	hour=numeric,minute=2-digit,hourCycle=h23	
fi	h_mm_h12	{"hour":"numeric","minute":"2-digit","hour12":true}	h.mm\u202fa	3.07 ip.	9.04 ap.	hour=numeric,minute=2-digit,hourCycle=h12	
fi	j_mm_ss	{"hour":"numeric","minute":"numeric","second":"numeric"}	H.mm.ss	15.07.09	9.04.05	hour=numeric,minute=2-digit,second=2-digit,hourCycle=h23	
fi	E_j_mm	{"weekday":"short","hour":"numeric","minute":"2-digit"}	EEE H.mm	la 15.07	ma 9.04	weekday=short,hour=numeric,minute=2-digit,hourCycle=h23	
fi	y_MMMM_d_j_mm	{"year":"numeric","month":"long","day":"numeric","hour":"numeric","minute":"2-digit"}	d. MMMM y 'klo' H.mm	24. joulukuuta 2022 klo 15.07	6. maaliskuuta 2023 klo 9.04	year=numeric,month=long,day=numeric,hour=numeric,minute=2-digit,hourCycle=h23	
fi	MMM_d_j_mm	{"month":"short","day":"numeric","hour":"numeric","minute":"2-digit"}	d.M. 'klo' H.mm	24.12. klo 15.07	6.3. klo 9.04	month=numeric,day=numeric,hour=numeric,minute=2-digit,hourCycle=h23	
fi	y_M_d_j_mm_ss	{"year":"numeric","month":"numeric","day":"numeric","hour":"numeric","minute":"numeric","second":"numeric"}	d.M.y 'klo' H.mm.ss	24.12.2022 klo 15.07.09	6.3.2023 klo 9.04.05	year=numeric,month=numeric,day=numeric,hour=numeric,minute=2-digit,second=2-digit,hourCycle=h23	
fil	E_d_MMMM	{"weekday":"short","day":"numeric","month":"long"}	EEE, MMMM d	Sab, Disyembre 24	Lun, Marso 6	weekday=short,month=long,day=numeric	
fil	EEEE_d_MMMM	{"weekday":"long","day":"numeric","month":"long"}	EEEE, MMMM d	Sabado, Disyembre 24	Lunes, Marso 6	weekday=long,month=long,day=numeric	
fil	E_y_MMM_d	{"weekday":"short","year":"numeric","month":"short","day":"numeric"}	EEE, MMM d, y	Sab, Dis 24, 2022	Lun, Mar 6, 2023	weekday=short,year=numeric,month=short,day=numeric	
fil	EEEE_y_MMMM_d	{"weekday":"long","year":"numeric","month":"long","day":"numeric"}	EEEE, MMMM d, y	Sabado, Disyembre 24, 2022	Lunes, Marso 6, 2023	weekday=long,year=numeric,month=long,day=numeric	
fil	y_MMMM	{"year":"numeric","month":"long"}	MMMM y	Disyembre 2022	Marso 2023	year=numeric,month=long	
fil	y_MMM	{"year":"numeric","month":"short"}	MMM y	Dis 2022	Mar 2023	year=numeric,month=short	
fil	y_MM	{"year":"numeric","month":"2-digit"}	MM/y	12/2022	03/2023	year=numeric,month=2-digit	
fil	MMMM_d	{"month":"long","day":"numeric"}	MMMM d	Disyembre 24	Marso 6	month=long,day=numeric	
fil	MMM_d	{"month":"short","day":"numeric"}	MMM d	Dis 24	Mar 6	month=short,day=numeric	
fil	M_d	{"month":"numeric","day":"numeric"}	M/d	12/24	3/6	month=numeric,day=numeric	
fil	y_M_d	{"year":"numeric","month":"numeric","day":"numeric"}	M/d/y	12/24/2022	3/6/2023	year=numeric,month=numeric,day=numeric	
fil	yy_MM_dd	{"year":"2-digit","month":"2-digit","day":"2-digit"}	MM/dd/yy	12/24/22	03/06/23	year=2-digit,month=2-digit,day=2-digit	
fil	MMMM	{"month":"long"}	LLLL	Disyembre	Marso	month=long	
fil	EEEE	{"weekday":"long"}	cccc	Sabado	Lunes	weekday=long	
fil	d	{"day":"numeric"}	d	24	6	day=numeric	
fil	G_y	{"era":"short","year":"numeric"}	y G	2022 AD	2023 AD	era=short,year=numeric	
fil	GGGG_y_MMMM_d	{"era":"long","year":"numeric","month":"long","day":"numeric"}	MMMM d, y GGGG	Disyembre 24, 2022 Anno Domini	Marso 6, 2023 Anno Domini	era=long,year=numeric,month=long,day=numeric	
fil	j_mm	{"hour":"numeric","minute":"2-digit"}	h:mm\u202fa	3:07 PM	9:04 AM	hour=numeric,minute=2-digit,hourCycle=h12	
fil	H_mm_h23	{"hour":"numeric","minute":"2-digit","hourCycle":"h23"}	HH:mm	15:07	09:04	hour=2-digit,minute=2-digit,hourCycle=h23	
fil	h_mm_h12	{"hour":"numeric","minute":"2-digit","hour12":true}	h:mm\u202fa	3:07 PM	9:04 AM	hour=numeric,minute=2-digit,hourCycle=h12	
fil	j_mm_ss	{"hour":"numeric","minute":"numeric","second":"numeric"}	h:mm:ss\u202fa	3:07:09 PM	9:04:05 AM	hour=numeric,minute=2-digit,second=2-digit,hourCycle=h12	
fil	E_j_mm	{"weekday":"short","hour":"numeric","minute":"2-digit"}	EEE h:mm\u202fa	Sab 3:07 PM	Lun 9:04 AM	weekday=short,hour=numeric,minute=2-digit,hourCycle=h12	
fil	y_MMMM_d_j_mm	{"year":"numeric","month":"long","day":"numeric","hour":"numeric","minute":"2-digit"}	MMMM d, y 'nang' h:mm\u202fa	Disyembre 24, 2022 nang 3:07 PM	Marso 6, 2023 nang 9:04 AM	year=numeric,month=long,day=numeric,hour=numeric,minute=2-digit,hourCycle=h12	
fil	MMM_d_j_mm	{"month":"short","day":"numeric","hour":"numeric","minute":"2-digit"}	MMM d, h:mm\u202fa	Dis 24, 3:07 PM	Mar 6, 9:04 AM	month=short,day=numeric,hour=numeric,minute=2-digit,hourCycle=h12	
fil	y_M_d_j_mm_ss	{"year":"numeric","month":"numeric","day":"numeric","hour":"numeric","minute":"numeric","second":"numeric"}	M/d/y, h:mm:ss\u202fa	12/24/2022, 3:07:09 PM	3/6/2023, 9:04:05 AM	year=numeric,month=numeric,day=numeric,hour=numeric,minute=2-digit,second=2-digit,hourCycle=h12	
fr	E_d_MMMM	{"weekday":"short","day":"numeric","month":"long"}	EEE d MMMM	sam. 24 d\u00e9cembre	lun. 6 mars	weekday=short,month=long,day=numeric	
fr	EEEE_d_MMMM	{"weekday":"long","day":"numeric","month":"long"}	EEEE d MMMM	samedi 24 d\u00e9cembre	lundi 6 mars	weekday=long,month=long,day=numeric	
fr	E_y_MMM_d	{"weekday":"short","year":"numeric","month":"short","day":"numeric"}	EEE d MMM y	sam. 24 d\u00e9c. 2022	lun. 6 mars 2023	weekday=short,year=numeric,month=short,day=numeric	
fr	EEEE_y_MMMM_d	{"weekday":"long","year":"numeric","month":"long","day":"numeric"}	EEEE d MMMM y	samedi 24 d\u00e9cembre 2022	lundi 6 mars 2023	weekday=long,year=numeric,month=long,day=numeric	
fr	y_MMMM	{"year":"numeric","month":"long"}	MMMM y	d\u00e9cembre 2022	mars 2023	year=numeric,month=long	
fr	y_MMM	{"year":"numeric","month":"short"}	MMM y	d\u00e9c. 2022	mars 2023	year=numeric,month=short	
fr	y_MM	{"year":"numeric","month":"2-digit"}	MM/y	12/2022	03/2023	year=numeric,month=2-digit	
fr	MMMM_d	{"month":"long","day":"numeric"}	d MMMM	24 d\u00e9cembre	6 mars	month=long,day=numeric	
fr	MMM_d	{"month":"short","day":"numeric"}	d MMM	24 d\u00e9c.	6 mars	month=short,day=numeric	
fr	M_d	{"month":"numeric","day":"numeric"}	dd/MM	24/12	06/03	month=2-digit,day=2-digit	
fr	y_M_d	{"year":"numeric","month":"numeric","day":"numeric"}	dd/MM/y	24/12/2022	06/03/2023	year=numeric,month=2-digit,day=2-digit	
fr	yy_MM_dd	{"year":"2-digit","month":"2-digit","day":"2-digit"}	dd/MM/yy	24/12/22	06/03/23	year=2-digit,month=2-digit,day=2-digit	
fr	MMMM	{"month":"long"}	LLLL	d\u00e9cembre	mars	month=long	
fr	EEEE	{"weekday":"long"}	EEEE	samedi	lundi	weekday=long	
fr	d	{"day":"numeric"}	d	24	6	day=numeric	
fr	G_y	{"era":"short","year":"numeric"}	y G	2022 ap. J.-C.	2023 ap. J.-C.	era=short,year=numeric	
fr	GGGG_y_MMMM_d	{"era":"long","year":"numeric","month":"long","day":"numeric"}	d MMMM y GGGG	24 d\u00e9cembre 2022 apr\u00e8s J\u00e9sus-Christ	6 mars 2023 apr\u00e8s J\u00e9sus-Christ	era=long,year=numeric,month=long,day=numeric	
fr	j_mm	{"hour":"numeric","minute":"2-digit"}	H:mm	15:07	9:04	hour=numeric,minute=2-digit,hourCycle=h23	
fr	H_mm_h23	{"hour":"numeric","minute":"2-digit","hourCycle":"h23"}	H:mm	15:07	9:04	hour=numeric,minute=2-digit,hourCycle=h23	
fr	h_mm_h12	{"hour":"numeric","minute":"2-digit","hour12":true}	h:mm\u202fa	3:07 PM	9:04 AM	hour=numeric,minute=2-digit,hourCycle=h12	
fr	j_mm_ss	{"hour":"numeric","minute":"numeric","second":"numeric"}	HH:mm:ss	15:07:09	09:04:05	hour=2-digit,minute=2-digit,second=2-digit,hourCycle=h23	
fr	E_j_mm	{"weekday":"short","hour":"numeric","minute":"2-digit"}	EEE HH:mm	sam. 15:07	lun. 09:04	weekday=short,hour=2-digit,minute=2-digit,hourCycle=h23	
fr	y_MMMM_d_j_mm	{"year":"numeric","month":"long","day":"numeric","hour":"numeric","minute":"2-digit"}	d MMMM y '\u00e0' H:mm	24 d\u00e9cembre 2022 \u00e0 15:07	6 mars 2023 \u00e0 9:04	year=numeric,month=long,day=numeric,hour=numeric,minute=2-digit,hourCycle=h23	
fr	MMM_d_j_mm	{"month":"short","day":"numeric","hour":"numeric","minute":"2-digit"}	d MMM, H:mm	24 d\u00e9c., 15:07	6 mars, 9:04	month=short,day=numeric,hour=numeric,minute=2-digit,hourCycle=h23	
fr	y_M_d_j_mm_ss	{"year":"numeric","month":"numeric","day":"numeric","hour":"numeric","minute":"numeric","second":"numeric"}	dd/MM/y HH:mm:ss	24/12/2022 15:07:09	06/03/2023 09:04:05	year=numeric,month=2-digit,day=2-digit,hour=2-digit,minute=2-digit,second=2-digit,hourCycle=h23	
fr-CA	E_d_MMMM	{"weekday":"short","day":"numeric","month":"long"}	EEE d MMMM	sam. 24 d\u00e9cembre	lun. 6 mars	weekday=short,month=long,day=numeric	
fr-CA	EEEE_d_MMMM	{"weekday":"long","day":"numeric","month":"long"}	EEEE d MMMM	samedi 24 d\u00e9cembre	lundi 6 mars	weekday=long,month=long,day=numeric	
fr-CA	E_y_MMM_d	{"weekday":"short","year":"numeric","month":"short","day":"numeric"}	EEE d MMM y	sam. 24 d\u00e9c. 2022	lun. 6 mars 2023	weekday=short,year=numeric,month=short,day=numeric	
fr-CA	EEEE_y_MMMM_d	{"weekday":"long","year":"numeric","month":"long","day":"numeric"}	EEEE d MMMM y	samedi 24 d\u00e9cembre 2022	lundi 6 mars 2023	weekday=long,year=numeric,month=long,day=numeric	
fr-CA	y_MMMM	{"year":"numeric","month":"long"}	MMMM y	d\u00e9cembre 2022	mars 2023	year=numeric,month=long	
fr-CA	y_MMM	{"year":"numeric","month":"short"}	MMM y	d\u00e9c. 2022	mars 2023	year=numeric,month=short	
fr-CA	y_MM	{"year":"numeric","month":"2-digit"}	y-MM	2022-12	2023-03	year=numeric,month=2-digit	
fr-CA	MMMM_d	{"month":"long","day":"numeric"}	d MMMM	24 d\u00e9cembre	6 mars	month=long,day=numeric	
fr-CA	MMM_d	{"month":"short","day":"numeric"}	d MMM	24 d\u00e9c.	6 mars	month=short,day=numeric	
fr-CA	M_d	{"month":"numeric","day":"numeric"}	MM-dd	12-24	03-06	month=2-digit,day=2-digit	
fr-CA	y_M_d	{"year":"numeric","month":"numeric","day":"numeric"}	y-MM-dd	2022-12-24	2023-03-06	year=numeric,month=2-digit,day=2-digit	
fr-CA	yy_MM_dd	{"year":"2-digit","month":"2-digit","day":"2-digit"}	yy-MM-dd	22-12-24	23-03-06	year=2-digit,month=2-digit,day=2-digit	
fr-CA	MMMM	{"month":"long"}	LLLL	d\u00e9cembre	mars	month=long	
fr-CA	EEEE	{"weekday":"long"}	EEEE	samedi	lundi	weekday=long	
fr-CA	d	{"day":"numeric"}	d	24	6	day=numeric	
fr-CA	G_y	{"era":"short","year":"numeric"}	y G	2022 ap. J.-C.	2023 ap. J.-C.	era=short,year=numeric	
fr-CA	GGGG_y_MMMM_d	{"era":"long","year":"numeric","month":"long","day":"numeric"}	d MMMM y GGGG	24 d\u00e9cembre 2022 apr\u00e8s J\u00e9sus-Christ	6 mars 2023 apr\u00e8s J\u00e9sus-Christ	era=long,year=numeric,month=long,day=numeric	
fr-CA	j_mm	{"hour":"numeric","minute":"2-digit"}	H 'h' mm	15 h 07	9 h 04	hour=numeric,minute=2-digit,hourCycle=h23	
fr-CA	H_mm_h23	{"hour":"numeric","minute":"2-digit","hourCycle":"h23"}	H 'h' mm	15 h 07	9 h 04	hour=numeric,minute=2-digit,hourCycle=h23	
fr-CA	h_mm_h12	{"hour":"numeric","minute":"2-digit","hour12":true}	h 'h' mm\u202fa	3 h 07 p.m.	9 h 04 a.m.	hour=numeric,minute=2-digit,hourCycle=h12	
fr-CA	j_mm_ss	{"hour":"numeric","minute":"numeric","second":"numeric"}	HH 'h' mm 'min' ss 's'	15 h 07 min 09 s	09 h 04 min 05 s	hour=2-digit,minute=2-digit,second=2-digit,hourCycle=h23	
fr-CA	E_j_mm	{"weekday":"short","hour":"numeric","minute":"2-digit"}	EEE HH 'h' mm	sam. 15 h 07	lun. 09 h 04	weekday=short,hour=2-digit,minute=2-digit,hourCycle=h23	
fr-CA	y_MMMM_d_j_mm	{"year":"numeric","month":"long","day":"numeric","hour":"numeric","minute":"2-digit"}	d MMMM y '\u00e0' H 'h' mm	24 d\u00e9cembre 2022 \u00e0 15 h 07	6 mars 2023 \u00e0 9 h 04	year=numeric,month=long,day=numeric,hour=numeric,minute=2-digit,hourCycle=h23	
fr-CA	MMM_d_j_mm	{"month":"short","day":"numeric","hour":"numeric","minute":"2-digit"}	d MMM, H 'h' mm	24 d\u00e9c., 15 h 07	6 mars, 9 h 04	month=short,day=numeric,hour=numeric,minute=2-digit,hourCycle=h23	
fr-CA	y_M_d_j_mm_ss	{"year":"numeric","month":"numeric","day":"numeric","hour":"numeric","minute":"numeric","second":"numeric"}	y-MM-dd HH 'h' mm 'min' ss 's'	2022-12-24 15 h 07 min 09 s	2023-03-06 09 h 04 min 05 s	year=numeric,month=2-digit,day=2-digit,hour=2-digit,minute=2-digit,second=2-digit,hourCycle=h23	
he	E_d_MMMM	{"weekday":"short","day":"numeric","month":"long"}	EEE, d \u05d1MMMM	\u05e9\u05d1\u05ea, 24 \u05d1\u05d3\u05e6\u05de\u05d1\u05e8	\u05d9\u05d5\u05dd \u05d1\u05f3, 6 \u05d1\u05de\u05e8\u05e5	weekday=short,month=long,day=numeric	
he	EEEE_d_MMMM	{"weekday":"long","day":"numeric","month":"long"}	EEEE, d \u05d1MMMM	\u05d9\u05d5\u05dd \u05e9\u05d1\u05ea, 24 \u05d1\u05d3\u05e6\u05de\u05d1\u05e8	\u05d9\u05d5\u05dd \u05e9\u05e0\u05d9, 6 \u05d1\u05de\u05e8\u05e5	weekday=long,month=long,day=numeric	
he	E_y_MMM_d	{"weekday":"short","year":"numeric","month":"short","day":"numeric"}	EEE, d \u05d1MMM y	\u05e9\u05d1\u05ea, 24 \u05d1\u05d3\u05e6\u05de\u05f3 2022	\u05d9\u05d5\u05dd \u05d1\u05f3, 6 \u05d1\u05de\u05e8\u05e5 2023	weekday=short,year=numeric,month=short,day=numeric	
he	EEEE_y_MMMM_d	{"weekday":"long","year":"numeric","month":"long","day":"numeric"}	EEEE, d \u05d1MMMM y	\u05d9\u05d5\u05dd \u05e9\u05d1\u05ea, 24 \u05d1\u05d3\u05e6\u05de\u05d1\u05e8 2022	\u05d9\u05d5\u05dd \u05e9\u05e0\u05d9, 6 \u05d1\u05de\u05e8\u05e5 2023	weekday=long,year=numeric,month=long,day=numeric	
he	y_MMMM	{"year":"numeric","month":"long"}	MMMM y	\u05d3\u05e6\u05de\u05d1\u05e8 2022	\u05de\u05e8\u05e5 2023	year=numeric,month=long	
he	y_MMM	{"year":"numeric","month":"short"}	MMM y	\u05d3\u05e6\u05de\u05f3 2022	\u05de\u05e8\u05e5 2023	year=numeric,month=short	
he	y_MM	{"year":"numeric","month":"2-digit"}	M.y	12.2022	3.2023	year=numeric,month=numeric	
he	MMMM_d	{"month":"long","day":"numeric"}	d \u05d1MMMM	24 \u05d1\u05d3\u05e6\u05de\u05d1\u05e8	6 \u05d1\u05de\u05e8\u05e5	month=long,day=numeric	
he	MMM_d	{"month":"short","day":"numeric"}	d \u05d1MMM	24 \u05d1\u05d3\u05e6\u05de\u05f3	6 \u05d1\u05de\u05e8\u05e5	month=short,day=numeric	
he	M_d	{"month":"numeric","day":"numeric"}	d.M	24.12	6.3	month=numeric,day=numeric	
he	y_M_d	{"year":"numeric","month":"numeric","day":"numeric"}	d.M.y	24.12.2022	6.3.2023	year=numeric,month=numeric,day=numeric	
he	yy_MM_dd	{"year":"2-digit","month":"2-digit","day":"2-digit"}	dd.MM.yy	24.12.22	06.03.23	year=2-digit,month=2-digit,day=2-digit	
he	MMMM	{"month":"long"}	LLLL	\u05d3\u05e6\u05de\u05d1\u05e8	\u05de\u05e8\u05e5	month=long	
he	EEEE	{"weekday":"long"}	cccc	\u05d9\u05d5\u05dd \u05e9\u05d1\u05ea	\u05d9\u05d5\u05dd \u05e9\u05e0\u05d9	weekday=long	
he	d	{"day":"numeric"}	d	24	6	day=numeric	
he	G_y	{"era":"short","year":"numeric"}	y G	2022 \u05dc\u05e1\u05e4\u05d9\u05e8\u05d4	2023 \u05dc\u05e1\u05e4\u05d9\u05e8\u05d4	era=short,year=numeric	
he	GGGG_y_MMMM_d	{"era":"long","year":"numeric","month":"long","day":"numeric"}	d \u05d1MMMM y GGGG	24 \u05d1\u05d3\u05e6\u05de\u05d1\u05e8 2022 \u05dc\u05e1\u05e4\u05d9\u05e8\u05d4	6 \u05d1\u05de\u05e8\u05e5 2023 \u05dc\u05e1\u05e4\u05d9\u05e8\u05d4	era=long,year=numeric,month=long,day=numeric	
he	j_mm	{"hour":"numeric","minute":"2-digit"}	H:mm	15:07	9:04	hour=numeric,minute=2-digit,hourCycle=h23	
he	H_mm_h23	{"hour":"numeric","minute":"2-digit","hourCycle":"h23"}	H:mm	15:07	9:04	hour=numeric,minute=2-digit,hourCycle=h23	
he	h_mm_h12	{"hour":"numeric","minute":"2-digit","hour12":true}	h:mm a	3:07 PM	9:04 AM	hour=numeric,minute=2-digit,hourCycle=h12	
he	j_mm_ss	{"hour":"numeric","minute":"numeric","second":"numeric"}	H:mm:ss	15:07:09	9:04:05	hour=numeric,minute=2-digit,second=2-digit,hourCycle=h23	
he	E_j_mm	{"weekday":"short","hour":"numeric","minute":"2-digit"}	EEE H:mm	\u05e9\u05d1\u05ea 15:07	\u05d9\u05d5\u05dd \u05d1\u05f3 9:04	weekday=short,hour=numeric,minute=2-digit,hourCycle=h23	
he	y_MMMM_d_j_mm	{"year":"numeric","month":"long","day":"numeric","hour":"numeric","minute":"2-digit"}	d \u05d1MMMM y \u05d1\u05e9\u05e2\u05d4 H:mm	24 \u05d1\u05d3\u05e6\u05de\u05d1\u05e8 2022 \u05d1\u05e9\u05e2\u05d4 15:07	6 \u05d1\u05de\u05e8\u05e5 2023 \u05d1\u05e9\u05e2\u05d4 9:04	year=numeric,month=long,day=numeric,hour=numeric,minute=2-digit,hourCycle=h23	
he	MMM_d_j_mm	{"month":"short","day":"numeric","hour":"numeric","minute":"2-digit"}	d \u05d1MMM, H:mm	24 \u05d1\u05d3\u05e6\u05de\u05f3, 15:07	6 \u05d1\u05de\u05e8\u05e5, 9:04	month=short,day=numeric,hour=numeric,minute=2-digit,hourCycle=h23	
he	y_M_d_j_mm_ss	{"year":"numeric","month":"numeric","day":"numeric","hour":"numeric","minute":"numeric","second":"numeric"}	d.M.y, H:mm:ss	24.12.2022, 15:07:09	6.3.2023, 9:04:05	year=numeric,month=numeric,day=numeric,hour=numeric,minute=2-digit,second=2-digit,hourCycle=h23	
hi	E_d_MMMM	{"weekday":"short","day":"numeric","month":"long"}	EEE, d MMMM	\u0936\u0928\u093f, 24 \u0926\u093f\u0938\u0902\u092c\u0930	\u0938\u094b\u092e, 6 \u092e\u093e\u0930\u094d\u091a	weekday=short,month=long,day=numeric	
hi	EEEE_d_MMMM	{"weekday":"long","day":"numeric","month":"long"}	EEEE, d MMMM	\u0936\u0928\u093f\u0935\u093e\u0930, 24 \u0926\u093f\u0938\u0902\u092c\u0930	\u0938\u094b\u092e\u0935\u093e\u0930, 6 \u092e\u093e\u0930\u094d\u091a	weekday=long,month=long,day=numeric	
hi	E_y_MMM_d	{"weekday":"short","year":"numeric","month":"short","day":"numeric"}	EEE, d MMM y	\u0936\u0928\u093f, 24 \u0926\u093f\u0938\u0970 2022	\u0938\u094b\u092e, 6 \u092e\u093e\u0930\u094d\u091a 2023	weekday=short,year=numeric,month=short,day=numeric	
hi	EEEE_y_MMMM_d	{"weekday":"long","year":"numeric","month":"long","day":"numeric"}	EEEE, d MMMM y	\u0936\u0928\u093f\u0935\u093e\u0930, 24 \u0926\u093f\u0938\u0902\u092c\u0930 2022	\u0938\u094b\u092e\u0935\u093e\u0930, 6 \u092e\u093e\u0930\u094d\u091a 2023	weekday=long,year=numeric,month=long,day=numeric	
hi	y_MMMM	{"year":"numeric","month":"long"}	MMMM y	\u0926\u093f\u0938\u0902\u092c\u0930 2022	\u092e\u093e\u0930\u094d\u091a 2023	year=numeric,month=long	
hi	y_MMM	{"year":"numeric","month":"short"}	MMM y	\u0926\u093f\u0938\u0970 2022	\u092e\u093e\u0930\u094d\u091a 2023	year=numeric,month=short	
hi	y_MM	{"year":"numeric","month":"2-digit"}	MM/y	12/2022	03/2023	year=numeric,month=2-digit	
hi	MMMM_d	{"month":"long","day":"numeric"}	d MMMM	24 \u0926\u093f\u0938\u0902\u092c\u0930	6 \u092e\u093e\u0930\u094d\u091a	month=long,day=numeric	
hi	MMM_d	{"month":"short","day":"numeric"}	d MMM	24 \u0926\u093f\u0938\u0970	6 \u092e\u093e\u0930\u094d\u091a	month=short,day=numeric	
hi	M_d	{"month":"numeric","day":"numeric"}	d/M	24/12	6/3	month=numeric,day=numeric	
hi	y_M_d	{"year":"numeric","month":"numeric","day":"numeric"}	d/M/y	24/12/2022	6/3/2023	year=numeric,month=numeric,day=numeric	
hi	yy_MM_dd	{"year":"2-digit","month":"2-digit","day":"2-digit"}	dd/MM/yy	24/12/22	06/03/23	year=2-digit,month=2-digit,day=2-digit	
hi	MMMM	{"month":"long"}	LLLL	\u0926\u093f\u0938\u0902\u092c\u0930	\u092e\u093e\u0930\u094d\u091a	month=long	
hi	EEEE	{"weekday":"long"}	cccc	\u0936\u0928\u093f\u0935\u093e\u0930	\u0938\u094b\u092e\u0935\u093e\u0930	weekday=long	
hi	d	{"day":"numeric"}	d	24	6	day=numeric	
hi	G_y	{"era":"short","year":"numeric"}	y G	2022 \u0908\u0938\u094d\u0935\u0940	2023 \u0908\u0938\u094d\u0935\u0940	era=short,year=numeric	
hi	GGGG_y_MMMM_d	{"era":"long","year":"numeric","month":"long","day":"numeric"}	d MMMM y GGGG	24 \u0926\u093f\u0938\u0902\u092c\u0930 2022 \u0908\u0938\u0935\u0940 \u0938\u0928	6 \u092e\u093e\u0930\u094d\u091a 2023 \u0908\u0938\u0935\u0940 \u0938\u0928	era=long,year=numeric,month=long,day=numeric	
hi	j_mm	{"hour":"numeric","minute":"2-digit"}	h:mm a	3:07 pm	9:04 am	hour=numeric,minute=2-digit,hourCycle=h12	
hi	H_mm_h23	{"hour":"numeric","minute":"2-digit","hourCycle":"h23"}	HH:mm	15:07	09:04	hour=2-digit,minute=2-digit,hourCycle=h23	
hi	h_mm_h12	{"hour":"numeric","minute":"2-digit","hour12":true}	h:mm a	3:07 pm	9:04 am	hour=numeric,minute=2-digit,hourCycle=h12	
hi	j_mm_ss	{"hour":"numeric","minute":"numeric","second":"numeric"}	h:mm:ss a	3:07:09 pm	9:04:05 am	hour=numeric,minute=2-digit,second=2-digit,hourCycle=h12	
hi	E_j_mm	{"weekday":"short","hour":"numeric","minute":"2-digit"}	EEE h:mm a	\u0936\u0928\u093f 3:07 pm	\u0938\u094b\u092e 9:04 am	weekday=short,hour=numeric,minute=2-digit,hourCycle=h12	
hi	y_MMMM_d_j_mm	{"year":"numeric","month":"long","day":"numeric","hour":"numeric","minute":"2-digit"}	d MMMM y \u0915\u094b h:mm a \u092c\u091c\u0947	24 \u0926\u093f\u0938\u0902\u092c\u0930 2022 \u0915\u094b 3:07 pm \u092c\u091c\u0947	6 \u092e\u093e\u0930\u094d\u091a 2023 \u0915\u094b 9:04 am \u092c\u091c\u0947	year=numeric,month=long,day=numeric,hour=numeric,minute=2-digit,hourCycle=h12	
hi	MMM_d_j_mm	{"month":"short","day":"numeric","hour":"numeric","minute":"2-digit"}	d MMM, h:mm a	24 \u0926\u093f\u0938\u0970, 3:07 pm	6 \u092e\u093e\u0930\u094d\u091a, 9:04 am	month=short,day=numeric,hour=numeric,minute=2-digit,hourCycle=h12	
hi	y_M_d_j_mm_ss	{"year":"numeric","month":"numeric","day":"numeric","hour":"numeric","minute":"numeric","second":"numeric"}	d/M/y, h:mm:ss a	24/12/2022, 3:07:09 pm	6/3/2023, 9:04:05 am	year=numeric,month=numeric,day=numeric,hour=numeric,minute=2-digit,second=2-digit,hourCycle=h12	
hr	E_d_MMMM	{"weekday":"short","day":"numeric","month":"long"}	EEE, d. MMMM	sub, 24. prosinca	pon, 6. o\u017eujka	weekday=short,month=long,day=numeric	
hr	EEEE_d_MMMM	{"weekday":"long","day":"numeric","month":"long"}	EEEE, d. MMMM	subota, 24. prosinca	ponedjeljak, 6. o\u017eujka	weekday=long,month=long,day=numeric	
hr	E_y_MMM_d	{"weekday":"short","year":"numeric","month":"short","day":"numeric"}	EEE, d. MMM y.	sub, 24. pro 2022.	pon, 6. o\u017eu 2023.	weekday=short,year=numeric,month=short,day=numeric	
hr	EEEE_y_MMMM_d	{"weekday":"long","year":"numeric","month":"long","day":"numeric"}	EEEE, d. MMMM y.	subota, 24. prosinca 2022.	ponedjeljak, 6. o\u017eujka 2023.	weekday=long,year=numeric,month=long,day=numeric	
hr	y_MMMM	{"year":"numeric","month":"long"}	LLLL y.	prosinac 2022.	o\u017eujak 2023.	year=numeric,month=long	
hr	y_MMM	{"year":"numeric","month":"short"}	LLL y.	pro 2022.	o\u017eu 2023.	year=numeric,month=short	
hr	y_MM	{"year":"numeric","month":"2-digit"}	MM. y.	12. 2022.	03. 2023.	year=numeric,month=2-digit	
hr	MMMM_d	{"month":"long","day":"numeric"}	d. MMMM	24. prosinca	6. o\u017eujka	month=long,day=numeric	
hr	MMM_d	{"month":"short","day":"numeric"}	d. MMM	24. pro	6. o\u017eu	month=short,day=numeric	
hr	M_d	{"month":"numeric","day":"numeric"}	dd. MM.	24. 12.	06. 03.	month=2-digit,day=2-digit	
hr	y_M_d	{"year":"numeric","month":"numeric","day":"numeric"}	dd. MM. y.	24. 12. 2022.	06. 03. 2023.	year=numeric,month=2-digit,day=2-digit	
hr	yy_MM_dd	{"year":"2-digit","month":"2-digit","day":"2-digit"}	dd. MM. yy.	24. 12. 22.	06. 03. 23.	year=2-digit,month=2-digit,day=2-digit	
hr	MMMM	{"month":"long"}	LLLL	prosinac	o\u017eujak	month=long	
hr	EEEE	{"weekday":"long"}	cccc	subota	ponedjeljak	weekday=long	
hr	d	{"day":"numeric"}	d.	24.	6.	day=numeric	
hr	G_y	{"era":"short","year":"numeric"}	y. G	2022. po. Kr.	2023. po. Kr.	era=short,year=numeric	
hr	GGGG_y_MMMM_d	{"era":"long","year":"numeric","month":"long","day":"numeric"}	d. MMMM y. GGGG	24. prosinca 2022. poslije Krista	6. o\u017eujka 2023. poslije Krista	era=long,year=numeric,month=long,day=numeric	
hr	j_mm	{"hour":"numeric","minute":"2-digit"}	H:mm	15:07	9:04	hour=numeric,minute=2-digit,hourCycle=h23	
hr	H_mm_h23	{"hour":"numeric","minute":"2-digit","hourCycle":"h23"}	H:mm	15:07	9:04	hour=numeric,minute=2-digit,hourCycle=h23	
hr	h_mm_h12	{"hour":"numeric","minute":"2-digit","hour12":true}	hh:mm\u202fa	03:07 PM	09:04 AM	hour=2-digit,minute=2-digit,hourCycle=h12	
hr	j_mm_ss	{"hour":"numeric","minute":"numeric","second":"numeric"}	HH:mm:ss	15:07:09	09:04:05	hour=2-digit,minute=2-digit,second=2-digit,hourCycle=h23	
hr	E_j_mm	{"weekday":"short","hour":"numeric","minute":"2-digit"}	EEE HH:mm	sub 15:07	pon 09:04	weekday=short,hour=2-digit,minute=2-digit,hourCycle=h23	
hr	y_MMMM_d_j_mm	{"year":"numeric","month":"long","day":"numeric","hour":"numeric","minute":"2-digit"}	d. MMMM y. 'u' H:mm	24. prosinca 2022. u 15:07	6. o\u017eujka 2023. u 9:04	year=numeric,month=long,day=numeric,hour=numeric,minute=2-digit,hourCycle=h23	
hr	MMM_d_j_mm	{"month":"short","day":"numeric","hour":"numeric","minute":"2-digit"}	d. MMM H:mm	24. pro 15:07	6. o\u017eu 9:04	month=short,day=numeric,hour=numeric,minute=2-digit,hourCycle=h23	
hr	y_M_d_j_mm_ss	{"year":"numeric","month":"numeric","day":"numeric","hour":"numeric","minute":"numeric","second":"numeric"}	dd. MM. y. HH:mm:ss	24. 12. 2022. 15:07:09	06. 03. 2023. 09:04:05	year=numeric,month=2-digit,day=2-digit,hour=2-digit,minute=2-digit,second=2-digit,hourCycle=h23	
hu	E_d_MMMM	{"weekday":"short","day":"numeric","month":"long"}	MMMM d., EEE	december 24., Szo	m\u00e1rcius 6., H	weekday=short,month=long,day=numeric	
hu	EEEE_d_MMMM	{"weekday":"long","day":"numeric","month":"long"}	MMMM d., EEEE	december 24., szombat	m\u00e1rcius 6., h\u00e9tf\u0151	weekday=long,month=long,day=numeric	
hu	E_y_MMM_d	{"weekday":"short","year":"numeric","month":"short","day":"numeric"}	y. MMM d., EEE	2022. dec. 24., Szo	2023. m\u00e1rc. 6., H	weekday=short,year=numeric,month=short,day=numeric	
hu	EEEE_y_MMMM_d	{"weekday":"long","year":"numeric","month":"long","day":"numeric"}	y. MMMM d., EEEE	2022. december 24., szombat	2023. m\u00e1rcius 6., h\u00e9tf\u0151	weekday=long,year=numeric,month=long,day=numeric	
hu	y_MMMM	{"year":"numeric","month":"long"}	y. MMMM	2022. december	2023. m\u00e1rcius	year=numeric,month=long	
hu	y_MMM	{"year":"numeric","month":"short"}	y. MMM	2022. dec.	2023. m\u00e1rc.	year=numeric,month=short	
hu	y_MM	{"year":"numeric","month":"2-digit"}	y. MM.	2022. 12.	2023. 03.	year=numeric,month=2-digit	
hu	MMMM_d	{"month":"long","day":"numeric"}	MMMM d.	december 24.	m\u00e1rcius 6.	month=long,day=numeric	
hu	MMM_d	{"month":"short","day":"numeric"}	MMM d.	dec. 24.	m\u00e1rc. 6.	month=short,day=numeric	
hu	M_d	{"month":"numeric","day":"numeric"}	M. d.	12. 24.	3. 6.	month=numeric,day=numeric	
hu	y_M_d	{"year":"numeric","month":"numeric","day":"numeric"}	y. MM. dd.	2022. 12. 24.	2023. 03. 06.	year=numeric,month=2-digit,day=2-digit	
hu	yy_MM_dd	{"year":"2-digit","month":"2-digit","day":"2-digit"}	yy. MM. dd.	22. 12. 24.	23. 03. 06.	year=2-digit,month=2-digit,day=2-digit	
hu	MMMM	{"month":"long"}	LLLL	december	m\u00e1rcius	month=long	
hu	EEEE	{"weekday":"long"}	cccc	szombat	h\u00e9tf\u0151	weekday=long	
hu	d	{"day":"numeric"}	d	24	6	day=numeric	
hu	G_y	{"era":"short","year":"numeric"}	G y.	i. sz. 2022.	i. sz. 2023.	era=short,year=numeric	
hu	GGGG_y_MMMM_d	{"era":"long","year":"numeric","month":"long","day":"numeric"}	GGGG y. MMMM d.	id\u0151sz\u00e1m\u00edt\u00e1sunk szerint 2022. december 24.	id\u0151sz\u00e1m\u00edt\u00e1sunk szerint 2023. m\u00e1rcius 6.	era=long,year=numeric,month=long,day=numeric	
hu	j_mm	{"hour":"numeric","minute":"2-digit"}	H:mm	15:07	9:04	hour=numeric,minute=2-digit,hourCycle=h23	
hu	H_mm_h23	{"hour":"numeric","minute":"2-digit","hourCycle":"h23"}	H:mm	15:07	9:04	hour=numeric,minute=2-digit,hourCycle=h23	
hu	h_mm_h12	{"hour":"numeric","minute":"2-digit","hour12":true}	a\u202fh:mm	du. 3:07	de. 9:04	hour=numeric,minute=2-digit,hourCycle=h12	
hu	j_mm_ss	{"hour":"numeric","minute":"numeric","second":"numeric"}	H:mm:ss	15:07:09	9:04:05	hour=numeric,minute=2-digit,second=2-digit,hourCycle=h23	
hu	E_j_mm	{"weekday":"short","hour":"numeric","minute":"2-digit"}	EEE HH:mm	Szo 15:07	H 09:04	weekday=short,hour=2-digit,minute=2-digit,hourCycle=h23	
hu	y_MMMM_d_j_mm	{"year":"numeric","month":"long","day":"numeric","hour":"numeric","minute":"2-digit"}	y. MMMM d. H:mm	2022. december 24. 15:07	2023. m\u00e1rcius 6. 9:04	year=numeric,month=long,day=numeric,hour=numeric,minute=2-digit,hourCycle=h23	
hu	MMM_d_j_mm	{"month":"short","day":"numeric","hour":"numeric","minute":"2-digit"}	MMM d. H:mm	dec. 24. 15:07	m\u00e1rc. 6. 9:04	month=short,day=numeric,hour=numeric,minute=2-digit,hourCycle=h23	
hu	y_M_d_j_mm_ss	{"year":"numeric","month":"numeric","day":"numeric","hour":"numeric","minute":"numeric","second":"numeric"}	y. MM. dd. H:mm:ss	2022. 12. 24. 15:07:09	2023. 03. 06. 9:04:05	year=numeric,month=2-digit,day=2-digit,hour=numeric,minute=2-digit,second=2-digit,hourCycle=h23	
id	E_d_MMMM	{"weekday":"short","day":"numeric","month":"long"}	EEE, d MMMM	Sab, 24 Desember	Sen, 6 Maret	weekday=short,month=long,day=numeric	
id	EEEE_d_MMMM	{"weekday":"long","day":"numeric","month":"long"}	EEEE, d MMMM	Sabtu, 24 Desember	Senin, 6 Maret	weekday=long,month=long,day=numeric	
id	E_y_MMM_d	{"weekday":"short","year":"numeric","month":"short","day":"numeric"}	EEE, d MMM y	Sab, 24 Des 2022	Sen, 6 Mar 2023	weekday=short,year=numeric,month=short,day=numeric	
id	EEEE_y_MMMM_d	{"weekday":"long","year":"numeric","month":"long","day":"numeric"}	EEEE, d MMMM y	Sabtu, 24 Desember 2022	Senin, 6 Maret 2023	weekday=long,year=numeric,month=long,day=numeric	
id	y_MMMM	{"year":"numeric","month":"long"}	MMMM y	Desember 2022	Maret 2023	year=numeric,month=long	
id	y_MMM	{"year":"numeric","month":"short"}	MMM y	Des 2022	Mar 2023	year=numeric,month=short	
id	y_MM	{"year":"numeric","month":"2-digit"}	MM/y	12/2022	03/2023	year=numeric,month=2-digit	
id	MMMM_d	{"month":"long","day":"numeric"}	d MMMM	24 Desember	6 Maret	month=long,day=numeric	
id	MMM_d	{"month":"short","day":"numeric"}	d MMM	24 Des	6 Mar	month=short,day=numeric	
id	M_d	{"month":"numeric","day":"numeric"}	d/M	24/12	6/3	month=numeric,day=numeric	
id	y_M_d	{"year":"numeric","month":"numeric","day":"numeric"}	d/M/y	24/12/2022	6/3/2023	year=numeric,month=numeric,day=numeric	
id	yy_MM_dd	{"year":"2-digit","month":"2-digit","day":"2-digit"}	dd/MM/yy	24/12/22	06/03/23	year=2-digit,month=2-digit,day=2-digit	
id	MMMM	{"month":"long"}	LLLL	Desember	Maret	month=long	
id	EEEE	{"weekday":"long"}	cccc	Sabtu	Senin	weekday=long	
id	d	{"day":"numeric"}	d	24	6	day=numeric	
id	G_y	{"era":"short","year":"numeric"}	y G	2022 M	2023 M	era=short,year=numeric	
id	GGGG_y_MMMM_d	{"era":"long","year":"numeric","month":"long","day":"numeric"}	d MMMM y GGGG	24 Desember 2022 Masehi	6 Maret 2023 Masehi	era=long,year=numeric,month=long,day=numeric	
id	j_mm	{"hour":"numeric","minute":"2-digit"}	H.mm	15.07	9.04	hour=numeric,minute=2-digit,hourCycle=h23	
id	H_mm_h23	{"hour":"numeric","minute":"2-digit","hourCycle":"h23"}	H.mm	15.07	9.04	hour=numeric,minute=2-digit,hourCycle=h23	
id	h_mm_h12	{"hour":"numeric","minute":"2-digit","hour12":true}	h.mm\u202fa	3.07 PM	9.04 AM	hour=numeric,minute=2-digit,hourCycle=h12	
id	j_mm_ss	{"hour":"numeric","minute":"numeric","second":"numeric"}	HH.mm.ss	15.07.09	09.04.05	hour=2-digit,minute=2-digit,second=2-digit,hourCycle=h23	
id	E_j_mm	{"weekday":"short","hour":"numeric","minute":"2-digit"}	EEE HH.mm	Sab 15.07	Sen 09.04	weekday=short,hour=2-digit,minute=2-digit,hourCycle=h23	
id	y_MMMM_d_j_mm	{"year":"numeric","month":"long","day":"numeric","hour":"numeric","minute":"2-digit"}	d MMMM y 'pukul' H.mm	24 Desember 2022 pukul 15.07	6 Maret 2023 pukul 9.04	year=numeric,month=long,day=numeric,hour=numeric,minute=2-digit,hourCycle=h23	
id	MMM_d_j_mm	{"month":"short","day":"numeric","hour":"numeric","minute":"2-digit"}	d MMM, H.mm	24 Des, 15.07	6 Mar, 9.04	month=short,day=numeric,hour=numeric,minute=2-digit,hourCycle=h23	
id	y_M_d_j_mm_ss	{"year":"numeric","month":"numeric","day":"numeric","hour":"numeric","minute":"numeric","second":"numeric"}	d/M/y, HH.mm.ss	24/12/2022, 15.07.09	6/3/2023, 09.04.05	year=numeric,month=numeric,day=numeric,hour=2-digit,minute=2-digit,second=2-digit,hourCycle=h23	
it	E_d_MMMM	{"weekday":"short","day":"numeric","month":"long"}	EEE d MMMM	sab 24 dicembre	lun 6 marzo	weekday=short,month=long,day=numeric	
it	EEEE_d_MMMM	{"weekday":"long","day":"numeric","month":"long"}	EEEE d MMMM	sabato 24 dicembre	luned\u00ec 6 marzo	weekday=long,month=long,day=numeric	
it	E_y_MMM_d	{"weekday":"short","year":"numeric","month":"short","day":"numeric"}	EEE d MMM y	sab 24 dic 2022	lun 6 mar 2023	weekday=short,year=numeric,month=short,day=numeric	
it	EEEE_y_MMMM_d	{"weekday":"long","year":"numeric","month":"long","day":"numeric"}	EEEE d MMMM y	sabato 24 dicembre 2022	luned\u00ec 6 marzo 2023	weekday=long,year=numeric,month=long,day=numeric	
it	y_MMMM	{"year":"numeric","month":"long"}	MMMM y	dicembre 2022	marzo 2023	year=numeric,month=long	
it	y_MMM	{"year":"numeric","month":"short"}	MMM y	dic 2022	mar 2023	year=numeric,month=short	
it	y_MM	{"year":"numeric","month":"2-digit"}	MM/y	12/2022	03/2023	year=numeric,month=2-digit	
it	MMMM_d	{"month":"long","day":"numeric"}	d MMMM	24 dicembre	6 marzo	month=long,day=numeric	
it	MMM_d	{"month":"short","day":"numeric"}	d MMM	24 dic	6 mar	month=short,day=numeric	
it	M_d	{"month":"numeric","day":"numeric"}	dd/MM	24/12	06/03	month=2-digit,day=2-digit	
it	y_M_d	{"year":"numeric","month":"numeric","day":"numeric"}	dd/MM/y	24/12/2022	06/03/2023	year=numeric,month=2-digit,day=2-digit	
it	yy_MM_dd	{"year":"2-digit","month":"2-digit","day":"2-digit"}	dd/MM/yy	24/12/22	06/03/23	year=2-digit,month=2-digit,day=2-digit	
it	MMMM	{"month":"long"}	LLLL	dicembre	marzo	month=long	
it	EEEE	{"weekday":"long"}	cccc	sabato	luned\u00ec	weekday=long	
it	d	{"day":"numeric"}	d	24	6	day=numeric	
it	G_y	{"era":"short","year":"numeric"}	y G	2022 d.C.	2023 d.C.	era=short,year=numeric	
it	GGGG_y_MMMM_d	{"era":"long","year":"numeric","month":"long","day":"numeric"}	d MMMM y GGGG	24 dicembre 2022 dopo Cristo	6 marzo 2023 dopo Cristo	era=long,year=numeric,month=long,day=numeric	
it	j_mm	{"hour":"numeric","minute":"2-digit"}	H:mm	15:07	9:04	hour=numeric,minute=2-digit,hourCycle=h23	
it	H_mm_h23	{"hour":"numeric","minute":"2-digit","hourCycle":"h23"}	H:mm	15:07	9:04	hour=numeric,minute=2-digit,hourCycle=h23	
it	h_mm_h12	{"hour":"numeric","minute":"2-digit","hour12":true}	h:mm\u202fa	3:07 PM	9:04 AM	hour=numeric,minute=2-digit,hourCycle=h12	
it	j_mm_ss	{"hour":"numeric","minute":"numeric","second":"numeric"}	HH:mm:ss	15:07:09	09:04:05	hour=2-digit,minute=2-digit,second=2-digit,hourCycle=h23	
it	E_j_mm	{"weekday":"short","hour":"numeric","minute":"2-digit"}	EEE HH:mm	sab 15:07	lun 09:04	weekday=short,hour=2-digit,minute=2-digit,hourCycle=h23	
it	y_MMMM_d_j_mm	{"year":"numeric","month":"long","day":"numeric","hour":"numeric","minute":"2-digit"}	d MMMM y 'alle' 'ore' H:mm	24 dicembre 2022 alle ore 15:07	6 marzo 2023 alle ore 9:04	year=numeric,month=long,day=numeric,hour=numeric,minute=2-digit,hourCycle=h23	
it	MMM_d_j_mm	{"month":"short","day":"numeric","hour":"numeric","minute":"2-digit"}	d MMM, H:mm	24 dic, 15:07	6 mar, 9:04	month=short,day=numeric,hour=numeric,minute=2-digit,hourCycle=h23	
it	y_M_d_j_mm_ss	{"year":"numeric","month":"numeric","day":"numeric","hour":"numeric","minute":"numeric","second":"numeric"}	dd/MM/y, HH:mm:ss	24/12/2022, 15:07:09	06/03/2023, 09:04:05	year=numeric,month=2-digit,day=2-digit,hour=2-digit,minute=2-digit,second=2-digit,hourCycle=h23	
ja	E_d_MMMM	{"weekday":"short","day":"numeric","month":"long"}	M\u6708d\u65e5(EEE)	12\u670824\u65e5(\u571f)	3\u67086\u65e5(\u6708)	weekday=short,month=numeric,day=numeric	
ja	EEEE_d_MMMM	{"weekday":"long","day":"numeric","month":"long"}	M\u6708d\u65e5EEEE	12\u670824\u65e5\u571f\u66dc\u65e5	3\u67086\u65e5\u6708\u66dc\u65e5	weekday=long,month=numeric,day=numeric	
ja	E_y_MMM_d	{"weekday":"short","year":"numeric","month":"short","day":"numeric"}	y\u5e74M\u6708d\u65e5(EEE)	2022\u5e7412\u670824\u65e5(\u571f)	2023\u5e743\u67086\u65e5(\u6708)	weekday=short,year=numeric,month=numeric,day=numeric	
ja	EEEE_y_MMMM_d	{"weekday":"long","year":"numeric","month":"long","day":"numeric"}	y\u5e74M\u6708d\u65e5EEEE	2022\u5e7412\u670824\u65e5\u571f\u66dc\u65e5	2023\u5e743\u67086\u65e5\u6708\u66dc\u65e5	weekday=long,year=numeric,month=numeric,day=numeric	
ja	y_MMMM	{"year":"numeric","month":"long"}	y\u5e74M\u6708	2022\u5e7412\u6708	2023\u5e743\u6708	year=numeric,month=numeric	
ja	y_MMM	{"year":"numeric","month":"short"}	y\u5e74M\u6708	2022\u5e7412\u6708	2023\u5e743\u6708	year=numeric,month=numeric	
ja	y_MM	{"year":"numeric","month":"2-digit"}	y/MM	2022/12	2023/03	year=numeric,month=2-digit	
ja	MMMM_d	{"month":"long","day":"numeric"}	M\u6708d\u65e5	12\u670824\u65e5	3\u67086\u65e5	month=numeric,day=numeric	
ja	MMM_d	{"month":"short","day":"numeric"}	M\u6708d\u65e5	12\u670824\u65e5	3\u67086\u65e5	month=numeric,day=numeric	
ja	M_d	{"month":"numeric","day":"numeric"}	M/d	12/24	3/6	month=numeric,day=numeric	
ja	y_M_d	{"year":"numeric","month":"numeric","day":"numeric"}	y/M/d	2022/12/24	2023/3/6	year=numeric,month=numeric,day=numeric	
ja	yy_MM_dd	{"year":"2-digit","month":"2-digit","day":"2-digit"}	yy/MM/dd	22/12/24	23/03/06	year=2-digit,month=2-digit,day=2-digit	
ja	MMMM	{"month":"long"}	M\u6708	12\u6708	3\u6708	month=numeric	
ja	EEEE	{"weekday":"long"}	cccc	\u571f\u66dc\u65e5	\u6708\u66dc\u65e5	weekday=long	
ja	d	{"day":"numeric"}	d\u65e5	24\u65e5	6\u65e5	day=numeric	
ja	G_y	{"era":"short","year":"numeric"}	Gy\u5e74	\u897f\u66a62022\u5e74	\u897f\u66a62023\u5e74	era=short,year=numeric	
ja	GGGG_y_MMMM_d	{"era":"long","year":"numeric","month":"long","day":"numeric"}	GGGGy\u5e74M\u6708d\u65e5	\u897f\u66a62022\u5e7412\u670824\u65e5	\u897f\u66a62023\u5e743\u67086\u65e5	era=long,year=numeric,month=numeric,day=numeric	
ja	j_mm	{"hour":"numeric","minute":"2-digit"}	H:mm	15:07	9:04	hour=numeric,minute=2-digit,hourCycle=h23	
ja	H_mm_h23	{"hour":"numeric","minute":"2-digit","hourCycle":"h23"}	H:mm	15:07	9:04	hour=numeric,minute=2-digit,hourCycle=h23	
ja	h_mm_h12	{"hour":"numeric","minute":"2-digit","hour12":true}	aK:mm	\u5348\u5f8c3:07	\u5348\u524d9:04	hour=numeric,minute=2-digit,hourCycle=h11	\u5348\u5f8c3:07|\u5348\u524d9:04|hour=numeric,minute=2-digit,hourCycle=h12
ja	j_mm_ss	{"hour":"numeric","minute":"numeric","second":"numeric"}	H:mm:ss	15:07:09	9:04:05	hour=numeric,minute=2-digit,second=2-digit,hourCycle=h23	
ja	E_j_mm	{"weekday":"short","hour":"numeric","minute":"2-digit"}	H:mm (EEE)	15:07 (\u571f)	9:04 (\u6708)	weekday=short,hour=numeric,minute=2-digit,hourCycle=h23	
ja	y_MMMM_d_j_mm	{"year":"numeric","month":"long","day":"numeric","hour":"numeric","minute":"2-digit"}	y\u5e74M\u6708d\u65e5 H:mm	2022\u5e7412\u670824\u65e5 15:07	2023\u5e743\u67086\u65e5 9:04	year=numeric,month=numeric,day=numeric,hour=numeric,minute=2-digit,hourCycle=h23	
ja	MMM_d_j_mm	{"month":"short","day":"numeric","hour":"numeric","minute":"2-digit"}	M\u6708d\u65e5 H:mm	12\u670824\u65e5 15:07	3\u67086\u65e5 9:04	month=numeric,day=numeric,hour=numeric,minute=2-digit,hourCycle=h23	
ja	y_M_d_j_mm_ss	{"year":"numeric","month":"numeric","day":"numeric","hour":"numeric","minute":"numeric","second":"numeric"}	y/M/d H:mm:ss	2022/12/24 15:07:09	2023/3/6 9:04:05	year=numeric,month=numeric,day=numeric,hour=numeric,minute=2-digit,second=2-digit,hourCycle=h23	
ko	E_d_MMMM	{"weekday":"short","day":"numeric","month":"long"}	MMMM d\uc77c (EEE)	12\uc6d4 24\uc77c (\ud1a0)	3\uc6d4 6\uc77c (\uc6d4)	weekday=short,month=long,day=numeric	
ko	EEEE_d_MMMM	{"weekday":"long","day":"numeric","month":"long"}	MMMM d\uc77c EEEE	12\uc6d4 24\uc77c \ud1a0\uc694\uc77c	3\uc6d4 6\uc77c \uc6d4\uc694\uc77c	weekday=long,month=long,day=numeric	
ko	E_y_MMM_d	{"weekday":"short","year":"numeric","month":"short","day":"numeric"}	y\ub144 MMM d\uc77c (EEE)	2022\ub144 12\uc6d4 24\uc77c (\ud1a0)	2023\ub144 3\uc6d4 6\uc77c (\uc6d4)	weekday=short,year=numeric,month=short,day=numeric	
ko	EEEE_y_MMMM_d	{"weekday":"long","year":"numeric","month":"long","day":"numeric"}	y\ub144 MMMM d\uc77c EEEE	2022\ub144 12\uc6d4 24\uc77c \ud1a0\uc694\uc77c	2023\ub144 3\uc6d4 6\uc77c \uc6d4\uc694\uc77c	weekday=long,year=numeric,month=long,day=numeric	
ko	y_MMMM	{"year":"numeric","month":"long"}	y\ub144 MMMM	2022\ub144 12\uc6d4	2023\ub144 3\uc6d4	year=numeric,month=long	
ko	y_MMM	{"year":"numeric","month":"short"}	y\ub144 MMM	2022\ub144 12\uc6d4	2023\ub144 3\uc6d4	year=numeric,month=short	
ko	y_MM	{"year":"numeric","month":"2-digit"}	y. M.	2022. 12.	2023. 3.	year=numeric,month=numeric	
ko	MMMM_d	{"month":"long","day":"numeric"}	MMMM d\uc77c	12\uc6d4 24\uc77c	3\uc6d4 6\uc77c	month=long,day=numeric	
ko	MMM_d	{"month":"short","day":"numeric"}	MMM d\uc77c	12\uc6d4 24\uc77c	3\uc6d4 6\uc77c	month=short,day=numeric	
ko	M_d	{"month":"numeric","day":"numeric"}	M. d.	12. 24.	3. 6.	month=numeric,day=numeric	
ko	y_M_d	{"year":"numeric","month":"numeric","day":"numeric"}	y. M. d.	2022. 12. 24.	2023. 3. 6.	year=numeric,month=numeric,day=numeric	
ko	yy_MM_dd	{"year":"2-digit","month":"2-digit","day":"2-digit"}	yy. MM. dd.	22. 12. 24.	23. 03. 06.	year=2-digit,month=2-digit,day=2-digit	
ko	MMMM	{"month":"long"}	LLLL	12\uc6d4	3\uc6d4	month=long	
ko	EEEE	{"weekday":"long"}	cccc	\ud1a0\uc694\uc77c	\uc6d4\uc694\uc77c	weekday=long	
ko	d	{"day":"numeric"}	d\uc77c	24\uc77c	6\uc77c	day=numeric	
ko	G_y	{"era":"short","year":"numeric"}	G y\ub144	AD 2022\ub144	AD 2023\ub144	era=short,year=numeric	
ko	GGGG_y_MMMM_d	{"era":"long","year":"numeric","month":"long","day":"numeric"}	GGGG y\ub144 MMMM d\uc77c	\uc11c\uae30 2022\ub144 12\uc6d4 24\uc77c	\uc11c\uae30 2023\ub144 3\uc6d4 6\uc77c	era=long,year=numeric,month=long,day=numeric	
ko	j_mm	{"hour":"numeric","minute":"2-digit"}	a h:mm	\uc624\ud6c4 3:07	\uc624\uc804 9:04	hour=numeric,minute=2-digit,hourCycle=h12	
ko	H_mm_h23	{"hour":"numeric","minute":"2-digit","hourCycle":"h23"}	HH:mm	15:07	09:04	hour=2-digit,minute=2-digit,hourCycle=h23	
ko	h_mm_h12	{"hour":"numeric","minute":"2-digit","hour12":true}	a h:mm	\uc624\ud6c4 3:07	\uc624\uc804 9:04	hour=numeric,minute=2-digit,hourCycle=h12	
ko	j_mm_ss	{"hour":"numeric","minute":"numeric","second":"numeric"}	a h:mm:ss	\uc624\ud6c4 3:07:09	\uc624\uc804 9:04:05	hour=numeric,minute=2-digit,second=2-digit,hourCycle=h12	
ko	E_j_mm	{"weekday":"short","hour":"numeric","minute":"2-digit"}	(EEE) a h:mm	(\ud1a0) \uc624\ud6c4 3:07	(\uc6d4) \uc624\uc804 9:04	weekday=short,hour=numeric,minute=2-digit,hourCycle=h12	
ko	y_MMMM_d_j_mm	{"year":"numeric","month":"long","day":"numeric","hour":"numeric","minute":"2-digit"}	y\ub144 MMMM d\uc77c a h:mm	2022\ub144 12\uc6d4 24\uc77c \uc624\ud6c4 3:07	2023\ub144 3\uc6d4 6\uc77c \uc624\uc804 9:04	year=numeric,month=long,day=numeric,hour=numeric,minute=2-digit,hourCycle=h12	
ko	MMM_d_j_mm	{"month":"short","day":"numeric","hour":"numeric","minute":"2-digit"}	MMM d\uc77c a h:mm	12\uc6d4 24\uc77c \uc624\ud6c4 3:07	3\uc6d4 6\uc77c \uc624\uc804 9:04	month=short,day=numeric,hour=numeric,minute=2-digit,hourCycle=h12	
ko	y_M_d_j_mm_ss	{"year":"numeric","month":"numeric","day":"numeric","hour":"numeric","minute":"numeric","second":"numeric"}	y. M. d. a h:mm:ss	2022. 12. 24. \uc624\ud6c4 3:07:09	2023. 3. 6. \uc624\uc804 9:04:05	year=numeric,month=numeric,day=numeric,hour=numeric,minute=2-digit,second=2-digit,hourCycle=h12	
lt	E_d_MMMM	{"weekday":"short","day":"numeric","month":"long"}	MMMM d 'd'., EEE	gruod\u017eio 24 d., \u0161t	kovo 6 d., pr	weekday=short,month=long,day=numeric	
lt	EEEE_d_MMMM	{"weekday":"long","day":"numeric","month":"long"}	MMMM d 'd'., EEEE	gruod\u017eio 24 d., \u0161e\u0161tadienis	kovo 6 d., pirmadienis	weekday=long,month=long,day=numeric	
lt	E_y_MMM_d	{"weekday":"short","year":"numeric","month":"short","day":"numeric"}	y-MM-dd, EEE	2022-12-24, \u0161t	2023-03-06, pr	weekday=short,year=numeric,month=2-digit,day=2-digit	
lt	EEEE_y_MMMM_d	{"weekday":"long","year":"numeric","month":"long","day":"numeric"}	y 'm'. MMMM d 'd'., EEEE	2022 m. gruod\u017eio 24 d., \u0161e\u0161tadienis	2023 m. kovo 6 d., pirmadienis	weekday=long,year=numeric,month=long,day=numeric	2022 m. gruod\u017eio 24 d., \u0161e\u0161tadienis|2023 m. kovo 6 d., pirmadienis|weekday=long,year=numeric,month=long,day=numeric,minute=numeric
lt	y_MMMM	{"year":"numeric","month":"long"}	y 'm'. LLLL	2022 m. gruodis	2023 m. kovas	year=numeric,month=long	2022 m. gruodis|2023 m. kovas|year=numeric,month=long,minute=numeric
lt	y_MMM	{"year":"numeric","month":"short"}	y-MM	2022-12	2023-03	year=numeric,month=2-digit	
lt	y_MM	{"year":"numeric","month":"2-digit"}	y-MM	2022-12	2023-03	year=numeric,month=2-digit	
lt	MMMM_d	{"month":"long","day":"numeric"}	MMMM d 'd'.	gruod\u017eio 24 d.	kovo 6 d.	month=long,day=numeric	
lt	MMM_d	{"month":"short","day":"numeric"}	MM-dd	12-24	03-06	month=2-digit,day=2-digit	
lt	M_d	{"month":"numeric","day":"numeric"}	MM-d	12-24	03-6	month=2-digit,day=numeric	
lt	y_M_d	{"year":"numeric","month":"numeric","day":"numeric"}	y-MM-dd	2022-12-24	2023-03-06	year=numeric,month=2-digit,day=2-digit	
lt	yy_MM_dd	{"year":"2-digit","month":"2-digit","day":"2-digit"}	yy-MM-dd	22-12-24	23-03-06	year=2-digit,month=2-digit,day=2-digit	
lt	MMMM	{"month":"long"}	LLLL	gruodis	kovas	month=long	
lt	EEEE	{"weekday":"long"}	cccc	\u0161e\u0161tadienis	pirmadienis	weekday=long	
lt	d	{"day":"numeric"}	dd	24	06	day=2-digit	
lt	G_y	{"era":"short","year":"numeric"}	y 'm'. G	2022 m. po Kr.	2023 m. po Kr.	era=short,year=numeric	2022 m. po Kr.|2023 m. po Kr.|era=short,year=numeric,minute=numeric
lt	GGGG_y_MMMM_d	{"era":"long","year":"numeric","month":"long","day":"numeric"}	y 'm'. GGGG MMMM d 'd'.	2022 m. po Kristaus gruod\u017eio 24 d.	2023 m. po Kristaus kovo 6 d.	era=long,year=numeric,month=long,day=numeric	2022 m. po Kristaus gruod\u017eio 24 d.|2023 m. po Kristaus kovo 6 d.|era=long,year=numeric,month=long,day=numeric,minute=numeric
lt	j_mm	{"hour":"numeric","minute":"2-digit"}	H:mm	15:07	9:04	hour=numeric,minute=2-digit,hourCycle=h23	
lt	H_mm_h23	{"hour":"numeric","minute":"2-digit","hourCycle":"h23"}	H:mm	15:07	9:04	hour=numeric,minute=2-digit,hourCycle=h23	
lt	h_mm_h12	{"hour":"numeric","minute":"2-digit","hour12":true}	hh:mm\u202fa	03:07 popiet	09:04 prie\u0161piet	hour=2-digit,minute=2-digit,hourCycle=h12	
lt	j_mm_ss	{"hour":"numeric","minute":"numeric","second":"numeric"}	HH:mm:ss	15:07:09	09:04:05	hour=2-digit,minute=2-digit,second=2-digit,hourCycle=h23	
lt	E_j_mm	{"weekday":"short","hour":"numeric","minute":"2-digit"}	HH:mm, EEE	15:07, \u0161t	09:04, pr	weekday=short,hour=2-digit,minute=2-digit,hourCycle=h23	
lt	y_MMMM_d_j_mm	{"year":"numeric","month":"long","day":"numeric","hour":"numeric","minute":"2-digit"}	y 'm'. MMMM d 'd'. H:mm	2022 m. gruod\u017eio 24 d. 15:07	2023 m. kovo 6 d. 9:04	year=numeric,month=long,day=numeric,hour=numeric,minute=2-digit,hourCycle=h23	
lt	MMM_d_j_mm	{"month":"short","day":"numeric","hour":"numeric","minute":"2-digit"}	MM-dd H:mm	12-24 15:07	03-06 9:04	month=2-digit,day=2-digit,hour=numeric,minute=2-digit,hourCycle=h23	
lt	y_M_d_j_mm_ss	{"year":"numeric","month":"numeric","day":"numeric","hour":"numeric","minute":"numeric","second":"numeric"}	y-MM-dd HH:mm:ss	2022-12-24 15:07:09	2023-03-06 09:04:05	year=numeric,month=2-digit,day=2-digit,hour=2-digit,minute=2-digit,second=2-digit,hourCycle=h23	
lv	E_d_MMMM	{"weekday":"short","day":"numeric","month":"long"}	EEE, d. MMMM	sestd., 24. decembris	pirmd., 6. marts	weekday=short,month=long,day=numeric	
lv	EEEE_d_MMMM	{"weekday":"long","day":"numeric","month":"long"}	EEEE, d. MMMM	sestdiena, 24. decembris	pirmdiena, 6. marts	weekday=long,month=long,day=numeric	
lv	E_y_MMM_d	{"weekday":"short","year":"numeric","month":"short","day":"numeric"}	EEE, y. 'g'. d. MMM	sestd., 2022. g. 24. dec.	pirmd., 2023. g. 6. marts	weekday=short,year=numeric,month=short,day=numeric	
lv	EEEE_y_MMMM_d	{"weekday":"long","year":"numeric","month":"long","day":"numeric"}	EEEE, y. 'gada' d. MMMM	sestdiena, 2022. gada 24. decembris	pirmdiena, 2023. gada 6. marts	weekday=long,year=numeric,month=long,day=numeric	
lv	y_MMMM	{"year":"numeric","month":"long"}	y. 'g'. MMMM	2022. g. decembris	2023. g. marts	year=numeric,month=long	
lv	y_MMM	{"year":"numeric","month":"short"}	y. 'g'. MMM	2022. g. dec.	2023. g. marts	year=numeric,month=short	
lv	y_MM	{"year":"numeric","month":"2-digit"}	MM.y.	12.2022.	03.2023.	year=numeric,month=2-digit	
lv	MMMM_d	{"month":"long","day":"numeric"}	d. MMMM	24. decembris	6. marts	month=long,day=numeric	
lv	MMM_d	{"month":"short","day":"numeric"}	d. MMM	24. dec.	6. marts	month=short,day=numeric	
lv	M_d	{"month":"numeric","day":"numeric"}	dd.MM.	24.12.	06.03.	month=2-digit,day=2-digit	
lv	y_M_d	{"year":"numeric","month":"numeric","day":"numeric"}	d.MM.y.	24.12.2022.	6.03.2023.	year=numeric,month=2-digit,day=numeric	
lv	yy_MM_dd	{"year":"2-digit","month":"2-digit","day":"2-digit"}	dd.MM.yy	24.12.22	06.03.23	year=2-digit,month=2-digit,day=2-digit	
lv	MMMM	{"month":"long"}	LLLL	decembris	marts	month=long	
lv	EEEE	{"weekday":"long"}	cccc	Sestdiena	Pirmdiena	weekday=long	
lv	d	{"day":"numeric"}	d	24	6	day=numeric	
lv	G_y	{"era":"short","year":"numeric"}	G y. 'g'.	m.\u0113. 2022. g.	m.\u0113. 2023. g.	era=short,year=numeric	
lv	GGGG_y_MMMM_d	{"era":"long","year":"numeric","month":"long","day":"numeric"}	GGGG y. 'g'. d. MMMM	m\u016bsu \u0113r\u0101 2022. g. 24. decembris	m\u016bsu \u0113r\u0101 2023. g. 6. marts	era=long,year=numeric,month=long,day=numeric	
lv	j_mm	{"hour":"numeric","minute":"2-digit"}	H:mm	15:07	9:04	hour=numeric,minute=2-digit,hourCycle=h23	
lv	H_mm_h23	{"hour":"numeric","minute":"2-digit","hourCycle":"h23"}	H:mm	15:07	9:04	hour=numeric,minute=2-digit,hourCycle=h23	
lv	h_mm_h12	{"hour":"numeric","minute":"2-digit","hour12":true}	h:mm\u202fa	3:07 p\u0113cp.	9:04 priek\u0161p.	hour=numeric,minute=2-digit,hourCycle=h12	
lv	j_mm_ss	{"hour":"numeric","minute":"numeric","second":"numeric"}	HH:mm:ss	15:07:09	09:04:05	hour=2-digit,minute=2-digit,second=2-digit,hourCycle=h23	
lv	E_j_mm	{"weekday":"short","hour":"numeric","minute":"2-digit"}	EEE, HH:mm	sestd., 15:07	pirmd., 09:04	weekday=short,hour=2-digit,minute=2-digit,hourCycle=h23	
lv	y_MMMM_d_j_mm	{"year":"numeric","month":"long","day":"numeric","hour":"numeric","minute":"2-digit"}	y. 'gada' d. MMMM H:mm	2022. gada 24. decembris 15:07	2023. gada 6. marts 9:04	year=numeric,month=long,day=numeric,hour=numeric,minute=2-digit,hourCycle=h23	
lv	MMM_d_j_mm	{"month":"short","day":"numeric","hour":"numeric","minute":"2-digit"}	d. MMM H:mm	24. dec. 15:07	6. marts 9:04	month=short,day=numeric,hour=numeric,minute=2-digit,hourCycle=h23	
lv	y_M_d_j_mm_ss	{"year":"numeric","month":"numeric","day":"numeric","hour":"numeric","minute":"numeric","second":"numeric"}	d.MM.y. HH:mm:ss	24.12.2022. 15:07:09	6.03.2023. 09:04:05	year=numeric,month=2-digit,day=numeric,hour=2-digit,minute=2-digit,second=2-digit,hourCycle=h23	
ms	E_d_MMMM	{"weekday":"short","day":"numeric","month":"long"}	EEE, d MMMM	Sab, 24 Disember	Isn, 6 Mac	weekday=short,month=long,day=numeric	
ms	EEEE_d_MMMM	{"weekday":"long","day":"numeric","month":"long"}	EEEE, d MMMM	Sabtu, 24 Disember	Isnin, 6 Mac	weekday=long,month=long,day=numeric	
ms	E_y_MMM_d	{"weekday":"short","year":"numeric","month":"short","day":"numeric"}	EEE, d MMM y	Sab, 24 Dis 2022	Isn, 6 Mac 2023	weekday=short,year=numeric,month=short,day=numeric	
ms	EEEE_y_MMMM_d	{"weekday":"long","year":"numeric","month":"long","day":"numeric"}	EEEE, d MMMM y	Sabtu, 24 Disember 2022	Isnin, 6 Mac 2023	weekday=long,year=numeric,month=long,day=numeric	
ms	y_MMMM	{"year":"numeric","month":"long"}	MMMM y	Disember 2022	Mac 2023	year=numeric,month=long	
ms	y_MMM	{"year":"numeric","month":"short"}	MMM y	Dis 2022	Mac 2023	year=numeric,month=short	
ms	y_MM	{"year":"numeric","month":"2-digit"}	MM-y	12-2022	03-2023	year=numeric,month=2-digit	
ms	MMMM_d	{"month":"long","day":"numeric"}	d MMMM	24 Disember	6 Mac	month=long,day=numeric	
ms	MMM_d	{"month":"short","day":"numeric"}	d MMM	24 Dis	6 Mac	month=short,day=numeric	
ms	M_d	{"month":"numeric","day":"numeric"}	d-M	24-12	6-3	month=numeric,day=numeric	
ms	y_M_d	{"year":"numeric","month":"numeric","day":"numeric"}	d/M/y	24/12/2022	6/3/2023	year=numeric,month=numeric,day=numeric	
ms	yy_MM_dd	{"year":"2-digit","month":"2-digit","day":"2-digit"}	dd/MM/yy	24/12/22	06/03/23	year=2-digit,month=2-digit,day=2-digit	
ms	MMMM	{"month":"long"}	LLLL	Disember	Mac	month=long	
ms	EEEE	{"weekday":"long"}	cccc	Sabtu	Isnin	weekday=long	
ms	d	{"day":"numeric"}	d	24	6	day=numeric	
ms	G_y	{"era":"short","year":"numeric"}	y G	2022 TM	2023 TM	era=short,year=numeric	
ms	GGGG_y_MMMM_d	{"era":"long","year":"numeric","month":"long","day":"numeric"}	d MMMM y GGGG	24 Disember 2022 TM	6 Mac 2023 TM	era=long,year=numeric,month=long,day=numeric	
ms	j_mm	{"hour":"numeric","minute":"2-digit"}	h:mm\u202fa	3:07 PTG	9:04 PG	hour=numeric,minute=2-digit,hourCycle=h12	
ms	H_mm_h23	{"hour":"numeric","minute":"2-digit","hourCycle":"h23"}	HH:mm	15:07	09:04	hour=2-digit,minute=2-digit,hourCycle=h23	
ms	h_mm_h12	{"hour":"numeric","minute":"2-digit","hour12":true}	h:mm\u202fa	3:07 PTG	9:04 PG	hour=numeric,minute=2-digit,hourCycle=h12	
ms	j_mm_ss	{"hour":"numeric","minute":"numeric","second":"numeric"}	h:mm:ss\u202fa	3:07:09 PTG	9:04:05 PG	hour=numeric,minute=2-digit,second=2-digit,hourCycle=h12	
ms	E_j_mm	{"weekday":"short","hour":"numeric","minute":"2-digit"}	EEE h:mm\u202fa	Sab 3:07 PTG	Isn 9:04 PG	weekday=short,hour=numeric,minute=2-digit,hourCycle=h12	
ms	y_MMMM_d_j_mm	{"year":"numeric","month":"long","day":"numeric","hour":"numeric","minute":"2-digit"}	d MMMM y 'pada' h:mm\u202fa	24 Disember 2022 pada 3:07 PTG	6 Mac 2023 pada 9:04 PG	year=numeric,month=long,day=numeric,hour=numeric,minute=2-digit,hourCycle=h12	
ms	MMM_d_j_mm	{"month":"short","day":"numeric","hour":"numeric","minute":"2-digit"}	d MMM, h:mm\u202fa	24 Dis, 3:07 PTG	6 Mac, 9:04 PG	month=short,day=numeric,hour=numeric,minute=2-digit,hourCycle=h12	
ms	y_M_d_j_mm_ss	{"year":"numeric","month":"numeric","day":"numeric","hour":"numeric","minute":"numeric","second":"numeric"}	d/M/y, h:mm:ss\u202fa	24/12/2022, 3:07:09 PTG	6/3/2023, 9:04:05 PG	year=numeric,month=numeric,day=numeric,hour=numeric,minute=2-digit,second=2-digit,hourCycle=h12	
nb	E_d_MMMM	{"weekday":"short","day":"numeric","month":"long"}	EEE d. MMMM	l\u00f8r. 24. desember	man. 6. mars	weekday=short,month=long,day=numeric	
nb	EEEE_d_MMMM	{"weekday":"long","day":"numeric","month":"long"}	EEEE d. MMMM	l\u00f8rdag 24. desember	mandag 6. mars	weekday=long,month=long,day=numeric	
nb	E_y_MMM_d	{"weekday":"short","year":"numeric","month":"short","day":"numeric"}	EEE d. MMM y	l\u00f8r. 24. des. 2022	man. 6. mars 2023	weekday=short,year=numeric,month=short,day=numeric	
nb	EEEE_y_MMMM_d	{"weekday":"long","year":"numeric","month":"long","day":"numeric"}	EEEE d. MMMM y	l\u00f8rdag 24. desember 2022	mandag 6. mars 2023	weekday=long,year=numeric,month=long,day=numeric	
nb	y_MMMM	{"year":"numeric","month":"long"}	MMMM y	desember 2022	mars 2023	year=numeric,month=long	
nb	y_MMM	{"year":"numeric","month":"short"}	MMM y	des. 2022	mars 2023	year=numeric,month=short	
nb	y_MM	{"year":"numeric","month":"2-digit"}	MM.y	12.2022	03.2023	year=numeric,month=2-digit	
nb	MMMM_d	{"month":"long","day":"numeric"}	d. MMMM	24. desember	6. mars	month=long,day=numeric	
nb	MMM_d	{"month":"short","day":"numeric"}	d. MMM	24. des.	6. mars	month=short,day=numeric	
nb	M_d	{"month":"numeric","day":"numeric"}	d.M.	24.12.	6.3.	month=numeric,day=numeric	
nb	y_M_d	{"year":"numeric","month":"numeric","day":"numeric"}	d.M.y	24.12.2022	6.3.2023	year=numeric,month=numeric,day=numeric	
nb	yy_MM_dd	{"year":"2-digit","month":"2-digit","day":"2-digit"}	dd.MM.yy	24.12.22	06.03.23	year=2-digit,month=2-digit,day=2-digit	
nb	MMMM	{"month":"long"}	LLLL	desember	mars	month=long	
nb	EEEE	{"weekday":"long"}	cccc	l\u00f8rdag	mandag	weekday=long	
nb	d	{"day":"numeric"}	d.	24.	6.	day=numeric	
nb	G_y	{"era":"short","year":"numeric"}	y G	2022 e.Kr.	2023 e.Kr.	era=short,year=numeric	
nb	GGGG_y_MMMM_d	{"era":"long","year":"numeric","month":"long","day":"numeric"}	d. MMMM y GGGG	24. desember 2022 etter Kristus	6. mars 2023 etter Kristus	era=long,year=numeric,month=long,day=numeric	
nb	j_mm	{"hour":"numeric","minute":"2-digit"}	H:mm	15:07	9:04	hour=numeric,minute=2-digit,hourCycle=h23	
nb	H_mm_h23	{"hour":"numeric","minute":"2-digit","hourCycle":"h23"}	H:mm	15:07	9:04	hour=numeric,minute=2-digit,hourCycle=h23	
nb	h_mm_h12	{"hour":"numeric","minute":"2-digit","hour12":true}	h:mm\u202fa	3:07 p.m.	9:04 a.m.	hour=numeric,minute=2-digit,hourCycle=h12	
nb	j_mm_ss	{"hour":"numeric","minute":"numeric","second":"numeric"}	HH:mm:ss	15:07:09	09:04:05	hour=2-digit,minute=2-digit,second=2-digit,hourCycle=h23	
nb	E_j_mm	{"weekday":"short","hour":"numeric","minute":"2-digit"}	EEE 'kl'. HH:mm	l\u00f8r. kl. 15:07	man. kl. 09:04	weekday=short,hour=2-digit,minute=2-digit,hourCycle=h23	
nb	y_MMMM_d_j_mm	{"year":"numeric","month":"long","day":"numeric","hour":"numeric","minute":"2-digit"}	d. MMMM y 'kl'. H:mm	24. desember 2022 kl. 15:07	6. mars 2023 kl. 9:04	year=numeric,month=long,day=numeric,hour=numeric,minute=2-digit,hourCycle=h23	
nb	MMM_d_j_mm	{"month":"short","day":"numeric","hour":"numeric","minute":"2-digit"}	d. MMM, H:mm	24. des., 15:07	6. mars, 9:04	month=short,day=numeric,hour=numeric,minute=2-digit,hourCycle=h23	
nb	y_M_d_j_mm_ss	{"year":"numeric","month":"numeric","day":"numeric","hour":"numeric","minute":"numeric","second":"numeric"}	d.M.y, HH:mm:ss	24.12.2022, 15:07:09	6.3.2023, 09:04:05	year=numeric,month=numeric,day=numeric,hour=2-digit,minute=2-digit,second=2-digit,hourCycle=h23	
nl	E_d_MMMM	{"weekday":"short","day":"numeric","month":"long"}	EEE d MMMM	za 24 december	ma 6 maart	weekday=short,month=long,day=numeric	
nl	EEEE_d_MMMM	{"weekday":"long","day":"numeric","month":"long"}	EEEE d MMMM	zaterdag 24 december	maandag 6 maart	weekday=long,month=long,day=numeric	
nl	E_y_MMM_d	{"weekday":"short","year":"numeric","month":"short","day":"numeric"}	EEE d MMM y	za 24 dec 2022	ma 6 mrt 2023	weekday=short,year=numeric,month=short,day=numeric	
nl	EEEE_y_MMMM_d	{"weekday":"long","year":"numeric","month":"long","day":"numeric"}	EEEE d MMMM y	zaterdag 24 december 2022	maandag 6 maart 2023	weekday=long,year=numeric,month=long,day=numeric	
nl	y_MMMM	{"year":"numeric","month":"long"}	MMMM y	december 2022	maart 2023	year=numeric,month=long	
nl	y_MMM	{"year":"numeric","month":"short"}	MMM y	dec 2022	mrt 2023	year=numeric,month=short	
nl	y_MM	{"year":"numeric","month":"2-digit"}	MM-y	12-2022	03-2023	year=numeric,month=2-digit	
nl	MMMM_d	{"month":"long","day":"numeric"}	d MMMM	24 december	6 maart	month=long,day=numeric	
nl	MMM_d	{"month":"short","day":"numeric"}	d MMM	24 dec	6 mrt	month=short,day=numeric	
nl	M_d	{"month":"numeric","day":"numeric"}	d-M	24-12	6-3	month=numeric,day=numeric	
nl	y_M_d	{"year":"numeric","month":"numeric","day":"numeric"}	d-M-y	24-12-2022	6-3-2023	year=numeric,month=numeric,day=numeric	
nl	yy_MM_dd	{"year":"2-digit","month":"2-digit","day":"2-digit"}	dd-MM-yy	24-12-22	06-03-23	year=2-digit,month=2-digit,day=2-digit	
nl	MMMM	{"month":"long"}	LLLL	december	maart	month=long	
nl	EEEE	{"weekday":"long"}	cccc	zaterdag	maandag	weekday=long	
nl	d	{"day":"numeric"}	d	24	6	day=numeric	
nl	G_y	{"era":"short","year":"numeric"}	y G	2022 n.Chr.	2023 n.Chr.	era=short,year=numeric	
nl	GGGG_y_MMMM_d	{"era":"long","year":"numeric","month":"long","day":"numeric"}	d MMMM y GGGG	24 december 2022 na Christus	6 maart 2023 na Christus	era=long,year=numeric,month=long,day=numeric	
nl	j_mm	{"hour":"numeric","minute":"2-digit"}	H:mm	15:07	9:04	hour=numeric,minute=2-digit,hourCycle=h23	
nl	H_mm_h23	{"hour":"numeric","minute":"2-digit","hourCycle":"h23"}	H:mm	15:07	9:04	hour=numeric,minute=2-digit,hourCycle=h23	
nl	h_mm_h12	{"hour":"numeric","minute":"2-digit","hour12":true}	h:mm a	3:07 p.m.	9:04 a.m.	hour=numeric,minute=2-digit,hourCycle=h12	
nl	j_mm_ss	{"hour":"numeric","minute":"numeric","second":"numeric"}	HH:mm:ss	15:07:09	09:04:05	hour=2-digit,minute=2-digit,second=2-digit,hourCycle=h23	
nl	E_j_mm	{"weekday":"short","hour":"numeric","minute":"2-digit"}	EEE HH:mm	za 15:07	ma 09:04	weekday=short,hour=2-digit,minute=2-digit,hourCycle=h23	
nl	y_MMMM_d_j_mm	{"year":"numeric","month":"long","day":"numeric","hour":"numeric","minute":"2-digit"}	d MMMM y 'om' H:mm	24 december 2022 om 15:07	6 maart 2023 om 9:04	year=numeric,month=long,day=numeric,hour=numeric,minute=2-digit,hourCycle=h23	
nl	MMM_d_j_mm	{"month":"short","day":"numeric","hour":"numeric","minute":"2-digit"}	d MMM, H:mm	24 dec, 15:07	6 mrt, 9:04	month=short,day=numeric,hour=numeric,minute=2-digit,hourCycle=h23	
nl	y_M_d_j_mm_ss	{"year":"numeric","month":"numeric","day":"numeric","hour":"numeric","minute":"numeric","second":"numeric"}	d-M-y, HH:mm:ss	24-12-2022, 15:07:09	6-3-2023, 09:04:05	year=numeric,month=numeric,day=numeric,hour=2-digit,minute=2-digit,second=2-digit,hourCycle=h23	
pl	E_d_MMMM	{"weekday":"short","day":"numeric","month":"long"}	EEE, d MMMM	sob., 24 grudnia	pon., 6 marca	weekday=short,month=long,day=numeric	
pl	EEEE_d_MMMM	{"weekday":"long","day":"numeric","month":"long"}	EEEE, d MMMM	sobota, 24 grudnia	poniedzia\u0142ek, 6 marca	weekday=long,month=long,day=numeric	
pl	E_y_MMM_d	{"weekday":"short","year":"numeric","month":"short","day":"numeric"}	EEE, d MMM y	sob., 24 gru 2022	pon., 6 mar 2023	weekday=short,year=numeric,month=short,day=numeric	
pl	EEEE_y_MMMM_d	{"weekday":"long","year":"numeric","month":"long","day":"numeric"}	EEEE, d MMMM y	sobota, 24 grudnia 2022	poniedzia\u0142ek, 6 marca 2023	weekday=long,year=numeric,month=long,day=numeric	
pl	y_MMMM	{"year":"numeric","month":"long"}	LLLL y	grudzie\u0144 2022	marzec 2023	year=numeric,month=long	
pl	y_MMM	{"year":"numeric","month":"short"}	LLL y	gru 2022	mar 2023	year=numeric,month=short	
pl	y_MM	{"year":"numeric","month":"2-digit"}	MM.y	12.2022	03.2023	year=numeric,month=2-digit	
pl	MMMM_d	{"month":"long","day":"numeric"}	d MMMM	24 grudnia	6 marca	month=long,day=numeric	
pl	MMM_d	{"month":"short","day":"numeric"}	d MMM	24 gru	6 mar	month=short,day=numeric	
pl	M_d	{"month":"numeric","day":"numeric"}	d.MM	24.12	6.03	month=2-digit,day=numeric	
pl	y_M_d	{"year":"numeric","month":"numeric","day":"numeric"}	d.MM.y	24.12.2022	6.03.2023	year=numeric,month=2-digit,day=numeric	
pl	yy_MM_dd	{"year":"2-digit","month":"2-digit","day":"2-digit"}	dd.MM.yy	24.12.22	06.03.23	year=2-digit,month=2-digit,day=2-digit	
pl	MMMM	{"month":"long"}	LLLL	grudzie\u0144	marzec	month=long	
pl	EEEE	{"weekday":"long"}	cccc	sobota	poniedzia\u0142ek	weekday=long	
pl	d	{"day":"numeric"}	d	24	6	day=numeric	
pl	G_y	{"era":"short","year":"numeric"}	y G	2022 n.e.	2023 n.e.	era=short,year=numeric	
pl	GGGG_y_MMMM_d	{"era":"long","year":"numeric","month":"long","day":"numeric"}	d MMMM y GGGG	24 grudnia 2022 naszej ery	6 marca 2023 naszej ery	era=long,year=numeric,month=long,day=numeric	
pl	j_mm	{"hour":"numeric","minute":"2-digit"}	H:mm	15:07	9:04	hour=numeric,minute=2-digit,hourCycle=h23	
pl	H_mm_h23	{"hour":"numeric","minute":"2-digit","hourCycle":"h23"}	H:mm	15:07	9:04	hour=numeric,minute=2-digit,hourCycle=h23	
pl	h_mm_h12	{"hour":"numeric","minute":"2-digit","hour12":true}	h:mm\u202fa	3:07 PM	9:04 AM	hour=numeric,minute=2-digit,hourCycle=h12	
pl	j_mm_ss	{"hour":"numeric","minute":"numeric","second":"numeric"}	HH:mm:ss	15:07:09	09:04:05	hour=2-digit,minute=2-digit,second=2-digit,hourCycle=h23	
pl	E_j_mm	{"weekday":"short","hour":"numeric","minute":"2-digit"}	EEE, HH:mm	sob., 15:07	pon., 09:04	weekday=short,hour=2-digit,minute=2-digit,hourCycle=h23	
pl	y_MMMM_d_j_mm	{"year":"numeric","month":"long","day":"numeric","hour":"numeric","minute":"2-digit"}	d MMMM y H:mm	24 grudnia 2022 15:07	6 marca 2023 9:04	year=numeric,month=long,day=numeric,hour=numeric,minute=2-digit,hourCycle=h23	
pl	MMM_d_j_mm	{"month":"short","day":"numeric","hour":"numeric","minute":"2-digit"}	d MMM, H:mm	24 gru, 15:07	6 mar, 9:04	month=short,day=numeric,hour=numeric,minute=2-digit,hourCycle=h23	
pl	y_M_d_j_mm_ss	{"year":"numeric","month":"numeric","day":"numeric","hour":"numeric","minute":"numeric","second":"numeric"}	d.MM.y, HH:mm:ss	24.12.2022, 15:07:09	6.03.2023, 09:04:05	year=numeric,month=2-digit,day=numeric,hour=2-digit,minute=2-digit,second=2-digit,hourCycle=h23	
pt	E_d_MMMM	{"weekday":"short","day":"numeric","month":"long"}	EEE, d 'de' MMMM	s\u00e1b., 24 de dezembro	seg., 6 de mar\u00e7o	weekday=short,month=long,day=numeric	
pt	EEEE_d_MMMM	{"weekday":"long","day":"numeric","month":"long"}	EEEE, d 'de' MMMM	s\u00e1bado, 24 de dezembro	segunda-feira, 6 de mar\u00e7o	weekday=long,month=long,day=numeric	
pt	E_y_MMM_d	{"weekday":"short","year":"numeric","month":"short","day":"numeric"}	EEE, d 'de' MMM 'de' y	s\u00e1b., 24 de dez. de 2022	seg., 6 de mar. de 2023	weekday=short,year=numeric,month=short,day=numeric	
pt	EEEE_y_MMMM_d	{"weekday":"long","year":"numeric","month":"long","day":"numeric"}	EEEE, d 'de' MMMM 'de' y	s\u00e1bado, 24 de dezembro de 2022	segunda-feira, 6 de mar\u00e7o de 2023	weekday=long,year=numeric,month=long,day=numeric	
pt	y_MMMM	{"year":"numeric","month":"long"}	MMMM 'de' y	dezembro de 2022	mar\u00e7o de 2023	year=numeric,month=long	dezembro de 2022|mar\u00e7o de 2023|year=numeric,month=long,day=numeric
pt	y_MMM	{"year":"numeric","month":"short"}	MMM 'de' y	dez. de 2022	mar. de 2023	year=numeric,month=short	dez. de 2022|mar. de 2023|year=numeric,month=short,day=numeric
pt	y_MM	{"year":"numeric","month":"2-digit"}	MM/y	12/2022	03/2023	year=numeric,month=2-digit	
pt	MMMM_d	{"month":"long","day":"numeric"}	d 'de' MMMM	24 de dezembro	6 de mar\u00e7o	month=long,day=numeric	
pt	MMM_d	{"month":"short","day":"numeric"}	d 'de' MMM	24 de dez.	6 de mar.	month=short,day=numeric	
pt	M_d	{"month":"numeric","day":"numeric"}	dd/MM	24/12	06/03	month=2-digit,day=2-digit	
pt	y_M_d	{"year":"numeric","month":"numeric","day":"numeric"}	dd/MM/y	24/12/2022	06/03/2023	year=numeric,month=2-digit,day=2-digit	
pt	yy_MM_dd	{"year":"2-digit","month":"2-digit","day":"2-digit"}	dd/MM/yy	24/12/22	06/03/23	year=2-digit,month=2-digit,day=2-digit	
pt	MMMM	{"month":"long"}	LLLL	dezembro	mar\u00e7o	month=long	
pt	EEEE	{"weekday":"long"}	cccc	s\u00e1bado	segunda-feira	weekday=long	
pt	d	{"day":"numeric"}	d	24	6	day=numeric	
pt	G_y	{"era":"short","year":"numeric"}	y G	2022 d.C.	2023 d.C.	era=short,year=numeric	
pt	GGGG_y_MMMM_d	{"era":"long","year":"numeric","month":"long","day":"numeric"}	d 'de' MMMM 'de' y GGGG	24 de dezembro de 2022 depois de Cristo	6 de mar\u00e7o de 2023 depois de Cristo	era=long,year=numeric,month=long,day=numeric	
pt	j_mm	{"hour":"numeric","minute":"2-digit"}	H:mm	15:07	9:04	hour=numeric,minute=2-digit,hourCycle=h23	
pt	H_mm_h23	{"hour":"numeric","minute":"2-digit","hourCycle":"h23"}	H:mm	15:07	9:04	hour=numeric,minute=2-digit,hourCycle=h23	
pt	h_mm_h12	{"hour":"numeric","minute":"2-digit","hour12":true}	h:mm\u202fa	3:07 PM	9:04 AM	hour=numeric,minute=2-digit,hourCycle=h12	
pt	j_mm_ss	{"hour":"numeric","minute":"numeric","second":"numeric"}	HH:mm:ss	15:07:09	09:04:05	hour=2-digit,minute=2-digit,second=2-digit,hourCycle=h23	
pt	E_j_mm	{"weekday":"short","hour":"numeric","minute":"2-digit"}	EEE, HH:mm	s\u00e1b., 15:07	seg., 09:04	weekday=short,hour=2-digit,minute=2-digit,hourCycle=h23	
pt	y_MMMM_d_j_mm	{"year":"numeric","month":"long","day":"numeric","hour":"numeric","minute":"2-digit"}	d 'de' MMMM 'de' y '\u00e0s' H:mm	24 de dezembro de 2022 \u00e0s 15:07	6 de mar\u00e7o de 2023 \u00e0s 9:04	year=numeric,month=long,day=numeric,hour=numeric,minute=2-digit,hourCycle=h23	24 de dezembro de 2022 \u00e0s 15:07|6 de mar\u00e7o de 2023 \u00e0s 9:04|year=numeric,month=long,day=numeric,hour=numeric,minute=2-digit,second=numeric,hourCycle=h23
pt	MMM_d_j_mm	{"month":"short","day":"numeric","hour":"numeric","minute":"2-digit"}	d 'de' MMM, H:mm	24 de dez., 15:07	6 de mar., 9:04	month=short,day=numeric,hour=numeric,minute=2-digit,hourCycle=h23	
pt	y_M_d_j_mm_ss	{"year":"numeric","month":"numeric","day":"numeric","hour":"numeric","minute":"numeric","second":"numeric"}	dd/MM/y, HH:mm:ss	24/12/2022, 15:07:09	06/03/2023, 09:04:05	year=numeric,month=2-digit,day=2-digit,hour=2-digit,minute=2-digit,second=2-digit,hourCycle=h23	
pt-PT	E_d_MMMM	{"weekday":"short","day":"numeric","month":"long"}	ccc, d 'de' MMMM	s\u00e1bado, 24 de dezembro	segunda, 6 de mar\u00e7o	weekday=short,month=long,day=numeric	
pt-PT	EEEE_d_MMMM	{"weekday":"long","day":"numeric","month":"long"}	cccc, d 'de' MMMM	s\u00e1bado, 24 de dezembro	segunda-feira, 6 de mar\u00e7o	weekday=long,month=long,day=numeric	
pt-PT	E_y_MMM_d	{"weekday":"short","year":"numeric","month":"short","day":"numeric"}	EEE, d/MM/y	s\u00e1bado, 24/12/2022	segunda, 6/03/2023	weekday=short,year=numeric,month=2-digit,day=numeric	
pt-PT	EEEE_y_MMMM_d	{"weekday":"long","year":"numeric","month":"long","day":"numeric"}	EEEE, d 'de' MMMM 'de' y	s\u00e1bado, 24 de dezembro de 2022	segunda-feira, 6 de mar\u00e7o de 2023	weekday=long,year=numeric,month=long,day=numeric	
pt-PT	y_MMMM	{"year":"numeric","month":"long"}	MMMM 'de' y	dezembro de 2022	mar\u00e7o de 2023	year=numeric,month=long	dezembro de 2022|mar\u00e7o de 2023|year=numeric,month=long,day=numeric
pt-PT	y_MMM	{"year":"numeric","month":"short"}	MM/y	12/2022	03/2023	year=numeric,month=2-digit	
pt-PT	y_MM	{"year":"numeric","month":"2-digit"}	MM/y	12/2022	03/2023	year=numeric,month=2-digit	
pt-PT	MMMM_d	{"month":"long","day":"numeric"}	d 'de' MMMM	24 de dezembro	6 de mar\u00e7o	month=long,day=numeric	
pt-PT	MMM_d	{"month":"short","day":"numeric"}	d/MM	24/12	6/03	month=2-digit,day=numeric	
pt-PT	M_d	{"month":"numeric","day":"numeric"}	dd/MM	24/12	06/03	month=2-digit,day=2-digit	
pt-PT	y_M_d	{"year":"numeric","month":"numeric","day":"numeric"}	dd/MM/y	24/12/2022	06/03/2023	year=numeric,month=2-digit,day=2-digit	
pt-PT	yy_MM_dd	{"year":"2-digit","month":"2-digit","day":"2-digit"}	dd/MM/yy	24/12/22	06/03/23	year=2-digit,month=2-digit,day=2-digit	
pt-PT	MMMM	{"month":"long"}	LLLL	dezembro	mar\u00e7o	month=long	
pt-PT	EEEE	{"weekday":"long"}	cccc	s\u00e1bado	segunda-feira	weekday=long	
pt-PT	d	{"day":"numeric"}	d	24	6	day=numeric	
pt-PT	G_y	{"era":"short","year":"numeric"}	y G	2022 d.C.	2023 d.C.	era=short,year=numeric	
pt-PT	GGGG_y_MMMM_d	{"era":"long","year":"numeric","month":"long","day":"numeric"}	d 'de' MMMM 'de' y GGGG	24 de dezembro de 2022 depois de Cristo	6 de mar\u00e7o de 2023 depois de Cristo	era=long,year=numeric,month=long,day=numeric	
pt-PT	j_mm	{"hour":"numeric","minute":"2-digit"}	H:mm	15:07	9:04	hour=numeric,minute=2-digit,hourCycle=h23	
pt-PT	H_mm_h23	{"hour":"numeric","minute":"2-digit","hourCycle":"h23"}	H:mm	15:07	9:04	hour=numeric,minute=2-digit,hourCycle=h23	
pt-PT	h_mm_h12	{"hour":"numeric","minute":"2-digit","hour12":true}	h:mm\u202fa	3:07 p.m.	9:04 a.m.	hour=numeric,minute=2-digit,hourCycle=h12	
pt-PT	j_mm_ss	{"hour":"numeric","minute":"numeric","second":"numeric"}	HH:mm:ss	15:07:09	09:04:05	hour=2-digit,minute=2-digit,second=2-digit,hourCycle=h23	
pt-PT	E_j_mm	{"weekday":"short","hour":"numeric","minute":"2-digit"}	EEE, HH:mm	s\u00e1bado, 15:07	segunda, 09:04	weekday=short,hour=2-digit,minute=2-digit,hourCycle=h23	
pt-PT	y_MMMM_d_j_mm	{"year":"numeric","month":"long","day":"numeric","hour":"numeric","minute":"2-digit"}	d 'de' MMMM 'de' y '\u00e0s' H:mm	24 de dezembro de 2022 \u00e0s 15:07	6 de mar\u00e7o de 2023 \u00e0s 9:04	year=numeric,month=long,day=numeric,hour=numeric,minute=2-digit,hourCycle=h23	24 de dezembro de 2022 \u00e0s 15:07|6 de mar\u00e7o de 2023 \u00e0s 9:04|year=numeric,month=long,day=numeric,hour=numeric,minute=2-digit,second=numeric,hourCycle=h23
pt-PT	MMM_d_j_mm	{"month":"short","day":"numeric","hour":"numeric","minute":"2-digit"}	d/MM, H:mm	24/12, 15:07	6/03, 9:04	month=2-digit,day=numeric,hour=numeric,minute=2-digit,hourCycle=h23	
pt-PT	y_M_d_j_mm_ss	{"year":"numeric","month":"numeric","day":"numeric","hour":"numeric","minute":"numeric","second":"numeric"}	dd/MM/y, HH:mm:ss	24/12/2022, 15:07:09	06/03/2023, 09:04:05	year=numeric,month=2-digit,day=2-digit,hour=2-digit,minute=2-digit,second=2-digit,hourCycle=h23	
ro	E_d_MMMM	{"weekday":"short","day":"numeric","month":"long"}	EEE, d MMMM	s\u00e2m., 24 decembrie	lun., 6 martie	weekday=short,month=long,day=numeric	
ro	EEEE_d_MMMM	{"weekday":"long","day":"numeric","month":"long"}	EEEE, d MMMM	s\u00e2mb\u0103t\u0103, 24 decembrie	luni, 6 martie	weekday=long,month=long,day=numeric	
ro	E_y_MMM_d	{"weekday":"short","year":"numeric","month":"short","day":"numeric"}	EEE, d MMM y	s\u00e2m., 24 dec. 2022	lun., 6 mar. 2023	weekday=short,year=numeric,month=short,day=numeric	
ro	EEEE_y_MMMM_d	{"weekday":"long","year":"numeric","month":"long","day":"numeric"}	EEEE, d MMMM y	s\u00e2mb\u0103t\u0103, 24 decembrie 2022	luni, 6 martie 2023	weekday=long,year=numeric,month=long,day=numeric	
ro	y_MMMM	{"year":"numeric","month":"long"}	MMMM y	decembrie 2022	martie 2023	year=numeric,month=long	
ro	y_MMM	{"year":"numeric","month":"short"}	MMM y	dec. 2022	mar. 2023	year=numeric,month=short	
ro	y_MM	{"year":"numeric","month":"2-digit"}	MM.y	12.2022	03.2023	year=numeric,month=2-digit	
ro	MMMM_d	{"month":"long","day":"numeric"}	d MMMM	24 decembrie	6 martie	month=long,day=numeric	
ro	MMM_d	{"month":"short","day":"numeric"}	d MMM	24 dec.	6 mar.	month=short,day=numeric	
ro	M_d	{"month":"numeric","day":"numeric"}	dd.MM	24.12	06.03	month=2-digit,day=2-digit	
ro	y_M_d	{"year":"numeric","month":"numeric","day":"numeric"}	dd.MM.y	24.12.2022	06.03.2023	year=numeric,month=2-digit,day=2-digit	
ro	yy_MM_dd	{"year":"2-digit","month":"2-digit","day":"2-digit"}	dd.MM.yy	24.12.22	06.03.23	year=2-digit,month=2-digit,day=2-digit	
ro	MMMM	{"month":"long"}	LLLL	decembrie	martie	month=long	
ro	EEEE	{"weekday":"long"}	cccc	s\u00e2mb\u0103t\u0103	luni	weekday=long	
ro	d	{"day":"numeric"}	d	24	6	day=numeric	
ro	G_y	{"era":"short","year":"numeric"}	y G	2022 d.Hr.	2023 d.Hr.	era=short,year=numeric	
ro	GGGG_y_MMMM_d	{"era":"long","year":"numeric","month":"long","day":"numeric"}	d MMMM y GGGG	24 decembrie 2022 dup\u0103 Hristos	6 martie 2023 dup\u0103 Hristos	era=long,year=numeric,month=long,day=numeric	
ro	j_mm	{"hour":"numeric","minute":"2-digit"}	H:mm	15:07	9:04	hour=numeric,minute=2-digit,hourCycle=h23	
ro	H_mm_h23	{"hour":"numeric","minute":"2-digit","hourCycle":"h23"}	H:mm	15:07	9:04	hour=numeric,minute=2-digit,hourCycle=h23	
ro	h_mm_h12	{"hour":"numeric","minute":"2-digit","hour12":true}	h:mm\u202fa	3:07 p.m.	9:04 a.m.	hour=numeric,minute=2-digit,hourCycle=h12	
ro	j_mm_ss	{"hour":"numeric","minute":"numeric","second":"numeric"}	HH:mm:ss	15:07:09	09:04:05	hour=2-digit,minute=2-digit,second=2-digit,hourCycle=h23	
ro	E_j_mm	{"weekday":"short","hour":"numeric","minute":"2-digit"}	EEE HH:mm	s\u00e2m. 15:07	lun. 09:04	weekday=short,hour=2-digit,minute=2-digit,hourCycle=h23	
ro	y_MMMM_d_j_mm	{"year":"numeric","month":"long","day":"numeric","hour":"numeric","minute":"2-digit"}	d MMMM y 'la' H:mm	24 decembrie 2022 la 15:07	6 martie 2023 la 9:04	year=numeric,month=long,day=numeric,hour=numeric,minute=2-digit,hourCycle=h23	
ro	MMM_d_j_mm	{"month":"short","day":"numeric","hour":"numeric","minute":"2-digit"}	d MMM, H:mm	24 dec., 15:07	6 mar., 9:04	month=short,day=numeric,hour=numeric,minute=2-digit,hourCycle=h23	
ro	y_M_d_j_mm_ss	{"year":"numeric","month":"numeric","day":"numeric","hour":"numeric","minute":"numeric","second":"numeric"}	dd.MM.y, HH:mm:ss	24.12.2022, 15:07:09	06.03.2023, 09:04:05	year=numeric,month=2-digit,day=2-digit,hour=2-digit,minute=2-digit,second=2-digit,hourCycle=h23	
ru	E_d_MMMM	{"weekday":"short","day":"numeric","month":"long"}	ccc, d MMMM	\u0441\u0431, 24 \u0434\u0435\u043a\u0430\u0431\u0440\u044f	\u043f\u043d, 6 \u043c\u0430\u0440\u0442\u0430	weekday=short,month=long,day=numeric	
ru	EEEE_d_MMMM	{"weekday":"long","day":"numeric","month":"long"}	cccc, d MMMM	\u0441\u0443\u0431\u0431\u043e\u0442\u0430, 24 \u0434\u0435\u043a\u0430\u0431\u0440\u044f	\u043f\u043e\u043d\u0435\u0434\u0435\u043b\u044c\u043d\u0438\u043a, 6 \u043c\u0430\u0440\u0442\u0430	weekday=long,month=long,day=numeric	
ru	E_y_MMM_d	{"weekday":"short","year":"numeric","month":"short","day":"numeric"}	EEE, d MMM y\u202f'\u0433'.	\u0441\u0431, 24 \u0434\u0435\u043a. 2022 \u0433.	\u043f\u043d, 6 \u043c\u0430\u0440. 2023 \u0433.	weekday=short,year=numeric,month=short,day=numeric	
ru	EEEE_y_MMMM_d	{"weekday":"long","year":"numeric","month":"long","day":"numeric"}	EEEE, d MMMM y\u202f'\u0433'.	\u0441\u0443\u0431\u0431\u043e\u0442\u0430, 24 \u0434\u0435\u043a\u0430\u0431\u0440\u044f 2022 \u0433.	\u043f\u043e\u043d\u0435\u0434\u0435\u043b\u044c\u043d\u0438\u043a, 6 \u043c\u0430\u0440\u0442\u0430 2023 \u0433.	weekday=long,year=numeric,month=long,day=numeric	
ru	y_MMMM	{"year":"numeric","month":"long"}	LLLL y\u202f'\u0433'.	\u0434\u0435\u043a\u0430\u0431\u0440\u044c 2022 \u0433.	\u043c\u0430\u0440\u0442 2023 \u0433.	year=numeric,month=long	
ru	y_MMM	{"year":"numeric","month":"short"}	LLL y\u202f'\u0433'.	\u0434\u0435\u043a. 2022 \u0433.	\u043c\u0430\u0440\u0442 2023 \u0433.	year=numeric,month=short	
ru	y_MM	{"year":"numeric","month":"2-digit"}	MM.y	12.2022	03.2023	year=numeric,month=2-digit	
ru	MMMM_d	{"month":"long","day":"numeric"}	d MMMM	24 \u0434\u0435\u043a\u0430\u0431\u0440\u044f	6 \u043c\u0430\u0440\u0442\u0430	month=long,day=numeric	
ru	MMM_d	{"month":"short","day":"numeric"}	d MMM	24 \u0434\u0435\u043a.	6 \u043c\u0430\u0440.	month=short,day=numeric	
ru	M_d	{"month":"numeric","day":"numeric"}	dd.MM	24.12	06.03	month=2-digit,day=2-digit	
ru	y_M_d	{"year":"numeric","month":"numeric","day":"numeric"}	dd.MM.y	24.12.2022	06.03.2023	year=numeric,month=2-digit,day=2-digit	
ru	yy_MM_dd	{"year":"2-digit","month":"2-digit","day":"2-digit"}	dd.MM.yy	24.12.22	06.03.23	year=2-digit,month=2-digit,day=2-digit	
ru	MMMM	{"month":"long"}	LLLL	\u0434\u0435\u043a\u0430\u0431\u0440\u044c	\u043c\u0430\u0440\u0442	month=long	
ru	EEEE	{"weekday":"long"}	cccc	\u0441\u0443\u0431\u0431\u043e\u0442\u0430	\u043f\u043e\u043d\u0435\u0434\u0435\u043b\u044c\u043d\u0438\u043a	weekday=long	
ru	d	{"day":"numeric"}	d	24	6	day=numeric	
ru	G_y	{"era":"short","year":"numeric"}	y\u202f'\u0433'. G	2022 \u0433. \u043d. \u044d.	2023 \u0433. \u043d. \u044d.	era=short,year=numeric	
ru	GGGG_y_MMMM_d	{"era":"long","year":"numeric","month":"long","day":"numeric"}	d MMMM y\u202f'\u0433'. GGGG	24 \u0434\u0435\u043a\u0430\u0431\u0440\u044f 2022 \u0433. \u043e\u0442 \u0420\u043e\u0436\u0434\u0435\u0441\u0442\u0432\u0430 \u0425\u0440\u0438\u0441\u0442\u043e\u0432\u0430	6 \u043c\u0430\u0440\u0442\u0430 2023 \u0433. \u043e\u0442 \u0420\u043e\u0436\u0434\u0435\u0441\u0442\u0432\u0430 \u0425\u0440\u0438\u0441\u0442\u043e\u0432\u0430	era=long,year=numeric,month=long,day=numeric	
ru	j_mm	{"hour":"numeric","minute":"2-digit"}	H:mm	15:07	9:04	hour=numeric,minute=2-digit,hourCycle=h23	
ru	H_mm_h23	{"hour":"numeric","minute":"2-digit","hourCycle":"h23"}	H:mm	15:07	9:04	hour=numeric,minute=2-digit,hourCycle=h23	
ru	h_mm_h12	{"hour":"numeric","minute":"2-digit","hour12":true}	h:mm\u202fa	3:07 PM	9:04 AM	hour=numeric,minute=2-digit,hourCycle=h12	
ru	j_mm_ss	{"hour":"numeric","minute":"numeric","second":"numeric"}	HH:mm:ss	15:07:09	09:04:05	hour=2-digit,minute=2-digit,second=2-digit,hourCycle=h23	
ru	E_j_mm	{"weekday":"short","hour":"numeric","minute":"2-digit"}	EEE HH:mm	\u0441\u0431 15:07	\u043f\u043d 09:04	weekday=short,hour=2-digit,minute=2-digit,hourCycle=h23	
ru	y_MMMM_d_j_mm	{"year":"numeric","month":"long","day":"numeric","hour":"numeric","minute":"2-digit"}	d MMMM y\u202f'\u0433'. '\u0432' H:mm	24 \u0434\u0435\u043a\u0430\u0431\u0440\u044f 2022 \u0433. \u0432 15:07	6 \u043c\u0430\u0440\u0442\u0430 2023 \u0433. \u0432 9:04	year=numeric,month=long,day=numeric,hour=numeric,minute=2-digit,hourCycle=h23	
ru	MMM_d_j_mm	{"month":"short","day":"numeric","hour":"numeric","minute":"2-digit"}	d MMM, H:mm	24 \u0434\u0435\u043a., 15:07	6 \u043c\u0430\u0440., 9:04	month=short,day=numeric,hour=numeric,minute=2-digit,hourCycle=h23	
ru	y_M_d_j_mm_ss	{"year":"numeric","month":"numeric","day":"numeric","hour":"numeric","minute":"numeric","second":"numeric"}	dd.MM.y, HH:mm:ss	24.12.2022, 15:07:09	06.03.2023, 09:04:05	year=numeric,month=2-digit,day=2-digit,hour=2-digit,minute=2-digit,second=2-digit,hourCycle=h23	
sk	E_d_MMMM	{"weekday":"short","day":"numeric","month":"long"}	EEE d. MMMM	so 24. decembra	po 6. marca	weekday=short,month=long,day=numeric	
sk	EEEE_d_MMMM	{"weekday":"long","day":"numeric","month":"long"}	EEEE d. MMMM	sobota 24. decembra	pondelok 6. marca	weekday=long,month=long,day=numeric	
sk	E_y_MMM_d	{"weekday":"short","year":"numeric","month":"short","day":"numeric"}	EEE d. M. y	so 24. 12. 2022	po 6. 3. 2023	weekday=short,year=numeric,month=numeric,day=numeric	
sk	EEEE_y_MMMM_d	{"weekday":"long","year":"numeric","month":"long","day":"numeric"}	EEEE d. MMMM y	sobota 24. decembra 2022	pondelok 6. marca 2023	weekday=long,year=numeric,month=long,day=numeric	
sk	y_MMMM	{"year":"numeric","month":"long"}	LLLL y	december 2022	marec 2023	year=numeric,month=long	
sk	y_MMM	{"year":"numeric","month":"short"}	M/y	12/2022	3/2023	year=numeric,month=numeric	
sk	y_MM	{"year":"numeric","month":"2-digit"}	MM/y	12/2022	03/2023	year=numeric,month=2-digit	
sk	MMMM_d	{"month":"long","day":"numeric"}	d. MMMM	24. decembra	6. marca	month=long,day=numeric	
sk	MMM_d	{"month":"short","day":"numeric"}	d. M.	24. 12.	6. 3.	month=numeric,day=numeric	
sk	M_d	{"month":"numeric","day":"numeric"}	d. M.	24. 12.	6. 3.	month=numeric,day=numeric	
sk	y_M_d	{"year":"numeric","month":"numeric","day":"numeric"}	d. M. y	24. 12. 2022	6. 3. 2023	year=numeric,month=numeric,day=numeric	
sk	yy_MM_dd	{"year":"2-digit","month":"2-digit","day":"2-digit"}	dd. MM. yy	24. 12. 22	06. 03. 23	year=2-digit,month=2-digit,day=2-digit	
sk	MMMM	{"month":"long"}	LLLL	december	marec	month=long	
sk	EEEE	{"weekday":"long"}	cccc	sobota	pondelok	weekday=long	
sk	d	{"day":"numeric"}	d.	24.	6.	day=numeric	
sk	G_y	{"era":"short","year":"numeric"}	y G	2022 po Kr.	2023 po Kr.	era=short,year=numeric	
sk	GGGG_y_MMMM_d	{"era":"long","year":"numeric","month":"long","day":"numeric"}	d. M. y GGGG	24. 12. 2022 po Kristovi	6. 3. 2023 po Kristovi	era=long,year=numeric,month=numeric,day=numeric	
sk	j_mm	{"hour":"numeric","minute":"2-digit"}	H:mm	15:07	9:04	hour=numeric,minute=2-digit,hourCycle=h23	
sk	H_mm_h23	{"hour":"numeric","minute":"2-digit","hourCycle":"h23"}	H:mm	15:07	9:04	hour=numeric,minute=2-digit,hourCycle=h23	
sk	h_mm_h12	{"hour":"numeric","minute":"2-digit","hour12":true}	h:mm\u202fa	3:07 PM	9:04 AM	hour=numeric,minute=2-digit,hourCycle=h12	
sk	j_mm_ss	{"hour":"numeric","minute":"numeric","second":"numeric"}	H:mm:ss	15:07:09	9:04:05	hour=numeric,minute=2-digit,second=2-digit,hourCycle=h23	
sk	E_j_mm	{"weekday":"short","hour":"numeric","minute":"2-digit"}	EEE HH:mm	so 15:07	po 09:04	weekday=short,hour=2-digit,minute=2-digit,hourCycle=h23	
sk	y_MMMM_d_j_mm	{"year":"numeric","month":"long","day":"numeric","hour":"numeric","minute":"2-digit"}	d. MMMM y 'o' H:mm	24. decembra 2022 o 15:07	6. marca 2023 o 9:04	year=numeric,month=long,day=numeric,hour=numeric,minute=2-digit,hourCycle=h23	
sk	MMM_d_j_mm	{"month":"short","day":"numeric","hour":"numeric","minute":"2-digit"}	d. M., H:mm	24. 12., 15:07	6. 3., 9:04	month=numeric,day=numeric,hour=numeric,minute=2-digit,hourCycle=h23	
sk	y_M_d_j_mm_ss	{"year":"numeric","month":"numeric","day":"numeric","hour":"numeric","minute":"numeric","second":"numeric"}	d. M. y H:mm:ss	24. 12. 2022 15:07:09	6. 3. 2023 9:04:05	year=numeric,month=numeric,day=numeric,hour=numeric,minute=2-digit,second=2-digit,hourCycle=h23	
sl	E_d_MMMM	{"weekday":"short","day":"numeric","month":"long"}	EEE, d. MMMM	sob., 24. december	pon., 6. marec	weekday=short,month=long,day=numeric	
sl	EEEE_d_MMMM	{"weekday":"long","day":"numeric","month":"long"}	EEEE, d. MMMM	sobota, 24. december	ponedeljek, 6. marec	weekday=long,month=long,day=numeric	
sl	E_y_MMM_d	{"weekday":"short","year":"numeric","month":"short","day":"numeric"}	EEE, d. MMM y	sob., 24. dec. 2022	pon., 6. mar. 2023	weekday=short,year=numeric,month=short,day=numeric	
sl	EEEE_y_MMMM_d	{"weekday":"long","year":"numeric","month":"long","day":"numeric"}	EEEE, d. MMMM y	sobota, 24. december 2022	ponedeljek, 6. marec 2023	weekday=long,year=numeric,month=long,day=numeric	
sl	y_MMMM	{"year":"numeric","month":"long"}	MMMM y	december 2022	marec 2023	year=numeric,month=long	
sl	y_MMM	{"year":"numeric","month":"short"}	MMM y	dec. 2022	mar. 2023	year=numeric,month=short	
sl	y_MM	{"year":"numeric","month":"2-digit"}	MM/y	12/2022	03/2023	year=numeric,month=2-digit	
sl	MMMM_d	{"month":"long","day":"numeric"}	d. MMMM	24. december	6. marec	month=long,day=numeric	
sl	MMM_d	{"month":"short","day":"numeric"}	d. MMM	24. dec.	6. mar.	month=short,day=numeric	
sl	M_d	{"month":"numeric","day":"numeric"}	d. M.	24. 12.	6. 3.	month=numeric,day=numeric	
sl	y_M_d	{"year":"numeric","month":"numeric","day":"numeric"}	d. M. y	24. 12. 2022	6. 3. 2023	year=numeric,month=numeric,day=numeric	
sl	yy_MM_dd	{"year":"2-digit","month":"2-digit","day":"2-digit"}	dd. MM. yy	24. 12. 22	06. 03. 23	year=2-digit,month=2-digit,day=2-digit	
sl	MMMM	{"month":"long"}	LLLL	december	marec	month=long	
sl	EEEE	{"weekday":"long"}	cccc	sobota	ponedeljek	weekday=long	
sl	d	{"day":"numeric"}	d.	24.	6.	day=numeric	
sl	G_y	{"era":"short","year":"numeric"}	y G	2022 po Kr.	2023 po Kr.	era=short,year=numeric	
sl	GGGG_y_MMMM_d	{"era":"long","year":"numeric","month":"long","day":"numeric"}	d. MMMM y GGGG	24. december 2022 po Kristusu	6. marec 2023 po Kristusu	era=long,year=numeric,month=long,day=numeric	
sl	j_mm	{"hour":"numeric","minute":"2-digit"}	H:mm	15:07	9:04	hour=numeric,minute=2-digit,hourCycle=h23	
sl	H_mm_h23	{"hour":"numeric","minute":"2-digit","hourCycle":"h23"}	H:mm	15:07	9:04	hour=numeric,minute=2-digit,hourCycle=h23	
sl	h_mm_h12	{"hour":"numeric","minute":"2-digit","hour12":true}	h:mm\u202fa	3:07 pop.	9:04 dop.	hour=numeric,minute=2-digit,hourCycle=h12	
sl	j_mm_ss	{"hour":"numeric","minute":"numeric","second":"numeric"}	HH:mm:ss	15:07:09	09:04:05	hour=2-digit,minute=2-digit,second=2-digit,hourCycle=h23	
sl	E_j_mm	{"weekday":"short","hour":"numeric","minute":"2-digit"}	EEE, HH:mm	sob., 15:07	pon., 09:04	weekday=short,hour=2-digit,minute=2-digit,hourCycle=h23	
sl	y_MMMM_d_j_mm	{"year":"numeric","month":"long","day":"numeric","hour":"numeric","minute":"2-digit"}	d. MMMM y 'ob' H:mm	24. december 2022 ob 15:07	6. marec 2023 ob 9:04	year=numeric,month=long,day=numeric,hour=numeric,minute=2-digit,hourCycle=h23	24. december 2022 ob 15:07|6. marec 2023 ob 9:04|year=numeric,month=long,day=numeric,dayPeriod=short,hour=numeric,minute=2-digit,hourCycle=h23
sl	MMM_d_j_mm	{"month":"short","day":"numeric","hour":"numeric","minute":"2-digit"}	d. MMM, H:mm	24. dec., 15:07	6. mar., 9:04	month=short,day=numeric,hour=numeric,minute=2-digit,hourCycle=h23	
sl	y_M_d_j_mm_ss	{"year":"numeric","month":"numeric","day":"numeric","hour":"numeric","minute":"numeric","second":"numeric"}	d. M. y, HH:mm:ss	24. 12. 2022, 15:07:09	6. 3. 2023, 09:04:05	year=numeric,month=numeric,day=numeric,hour=2-digit,minute=2-digit,second=2-digit,hourCycle=h23	
sr	E_d_MMMM	{"weekday":"short","day":"numeric","month":"long"}	EEE, d. MMMM	\u0441\u0443\u0431, 24. \u0434\u0435\u0446\u0435\u043c\u0431\u0430\u0440	\u043f\u043e\u043d, 6. \u043c\u0430\u0440\u0442	weekday=short,month=long,day=numeric	
sr	EEEE_d_MMMM	{"weekday":"long","day":"numeric","month":"long"}	EEEE, d. MMMM	\u0441\u0443\u0431\u043e\u0442\u0430, 24. \u0434\u0435\u0446\u0435\u043c\u0431\u0430\u0440	\u043f\u043e\u043d\u0435\u0434\u0435\u0459\u0430\u043a, 6. \u043c\u0430\u0440\u0442	weekday=long,month=long,day=numeric	
sr	E_y_MMM_d	{"weekday":"short","year":"numeric","month":"short","day":"numeric"}	EEE, d. MMM y.	\u0441\u0443\u0431, 24. \u0434\u0435\u0446 2022.	\u043f\u043e\u043d, 6. \u043c\u0430\u0440 2023.	weekday=short,year=numeric,month=short,day=numeric	
sr	EEEE_y_MMMM_d	{"weekday":"long","year":"numeric","month":"long","day":"numeric"}	EEEE, d. MMMM y.	\u0441\u0443\u0431\u043e\u0442\u0430, 24. \u0434\u0435\u0446\u0435\u043c\u0431\u0430\u0440 2022.	\u043f\u043e\u043d\u0435\u0434\u0435\u0459\u0430\u043a, 6. \u043c\u0430\u0440\u0442 2023.	weekday=long,year=numeric,month=long,day=numeric	
sr	y_MMMM	{"year":"numeric","month":"long"}	MMMM y.	\u0434\u0435\u0446\u0435\u043c\u0431\u0430\u0440 2022.	\u043c\u0430\u0440\u0442 2023.	year=numeric,month=long	
sr	y_MMM	{"year":"numeric","month":"short"}	MMM y.	\u0434\u0435\u0446 2022.	\u043c\u0430\u0440 2023.	year=numeric,month=short	
sr	y_MM	{"year":"numeric","month":"2-digit"}	MM.y.	12.2022.	03.2023.	year=numeric,month=2-digit	
sr	MMMM_d	{"month":"long","day":"numeric"}	d. MMMM	24. \u0434\u0435\u0446\u0435\u043c\u0431\u0430\u0440	6. \u043c\u0430\u0440\u0442	month=long,day=numeric	
sr	MMM_d	{"month":"short","day":"numeric"}	d. MMM	24. \u0434\u0435\u0446	6. \u043c\u0430\u0440	month=short,day=numeric	
sr	M_d	{"month":"numeric","day":"numeric"}	d. M.	24. 12.	6. 3.	month=numeric,day=numeric	
sr	y_M_d	{"year":"numeric","month":"numeric","day":"numeric"}	d. M. y.	24. 12. 2022.	6. 3. 2023.	year=numeric,month=numeric,day=numeric	
sr	yy_MM_dd	{"year":"2-digit","month":"2-digit","day":"2-digit"}	dd.MM.yy.	24.12.22.	06.03.23.	year=2-digit,month=2-digit,day=2-digit	
sr	MMMM	{"month":"long"}	LLLL	\u0434\u0435\u0446\u0435\u043c\u0431\u0430\u0440	\u043c\u0430\u0440\u0442	month=long	
sr	EEEE	{"weekday":"long"}	EEEE	\u0441\u0443\u0431\u043e\u0442\u0430	\u043f\u043e\u043d\u0435\u0434\u0435\u0459\u0430\u043a	weekday=long	
sr	d	{"day":"numeric"}	d	24	6	day=numeric	
sr	G_y	{"era":"short","year":"numeric"}	y. G	2022. \u043d. \u0435.	2023. \u043d. \u0435.	era=short,year=numeric	
sr	GGGG_y_MMMM_d	{"era":"long","year":"numeric","month":"long","day":"numeric"}	d. MMMM y. GGGG	24. \u0434\u0435\u0446\u0435\u043c\u0431\u0430\u0440 2022. \u043d\u043e\u0432\u0435 \u0435\u0440\u0435	6. \u043c\u0430\u0440\u0442 2023. \u043d\u043e\u0432\u0435 \u0435\u0440\u0435	era=long,year=numeric,month=long,day=numeric	
sr	j_mm	{"hour":"numeric","minute":"2-digit"}	H:mm	15:07	9:04	hour=numeric,minute=2-digit,hourCycle=h23	
sr	H_mm_h23	{"hour":"numeric","minute":"2-digit","hourCycle":"h23"}	H:mm	15:07	9:04	hour=numeric,minute=2-digit,hourCycle=h23	
sr	h_mm_h12	{"hour":"numeric","minute":"2-digit","hour12":true}	h:mm\u202fa	3:07 PM	9:04 AM	hour=numeric,minute=2-digit,hourCycle=h12	
sr	j_mm_ss	{"hour":"numeric","minute":"numeric","second":"numeric"}	HH:mm:ss	15:07:09	09:04:05	hour=2-digit,minute=2-digit,second=2-digit,hourCycle=h23	
sr	E_j_mm	{"weekday":"short","hour":"numeric","minute":"2-digit"}	EEE HH:mm	\u0441\u0443\u0431 15:07	\u043f\u043e\u043d 09:04	weekday=short,hour=2-digit,minute=2-digit,hourCycle=h23	
sr	y_MMMM_d_j_mm	{"year":"numeric","month":"long","day":"numeric","hour":"numeric","minute":"2-digit"}	d. MMMM y. H:mm	24. \u0434\u0435\u0446\u0435\u043c\u0431\u0430\u0440 2022. 15:07	6. \u043c\u0430\u0440\u0442 2023. 9:04	year=numeric,month=long,day=numeric,hour=numeric,minute=2-digit,hourCycle=h23	
sr	MMM_d_j_mm	{"month":"short","day":"numeric","hour":"numeric","minute":"2-digit"}	d. MMM H:mm	24. \u0434\u0435\u0446 15:07	6. \u043c\u0430\u0440 9:04	month=short,day=numeric,hour=numeric,minute=2-digit,hourCycle=h23	
sr	y_M_d_j_mm_ss	{"year":"numeric","month":"numeric","day":"numeric","hour":"numeric","minute":"numeric","second":"numeric"}	d. M. y. HH:mm:ss	24. 12. 2022. 15:07:09	6. 3. 2023. 09:04:05	year=numeric,month=numeric,day=numeric,hour=2-digit,minute=2-digit,second=2-digit,hourCycle=h23	
sv	E_d_MMMM	{"weekday":"short","day":"numeric","month":"long"}	EEE d MMMM	l\u00f6r 24 december	m\u00e5n 6 mars	weekday=short,month=long,day=numeric	
sv	EEEE_d_MMMM	{"weekday":"long","day":"numeric","month":"long"}	EEEE d MMMM	l\u00f6rdag 24 december	m\u00e5ndag 6 mars	weekday=long,month=long,day=numeric	
sv	E_y_MMM_d	{"weekday":"short","year":"numeric","month":"short","day":"numeric"}	EEE d MMM y	l\u00f6r 24 dec. 2022	m\u00e5n 6 mars 2023	weekday=short,year=numeric,month=short,day=numeric	
sv	EEEE_y_MMMM_d	{"weekday":"long","year":"numeric","month":"long","day":"numeric"}	EEEE d MMMM y	l\u00f6rdag 24 december 2022	m\u00e5ndag 6 mars 2023	weekday=long,year=numeric,month=long,day=numeric	
sv	y_MMMM	{"year":"numeric","month":"long"}	MMMM y	december 2022	mars 2023	year=numeric,month=long	
sv	y_MMM	{"year":"numeric","month":"short"}	MMM y	dec. 2022	mars 2023	year=numeric,month=short	
sv	y_MM	{"year":"numeric","month":"2-digit"}	y-MM	2022-12	2023-03	year=numeric,month=2-digit	
sv	MMMM_d	{"month":"long","day":"numeric"}	d MMMM	24 december	6 mars	month=long,day=numeric	
sv	MMM_d	{"month":"short","day":"numeric"}	d MMM	24 dec.	6 mars	month=short,day=numeric	
sv	M_d	{"month":"numeric","day":"numeric"}	d/M	24/12	6/3	month=numeric,day=numeric	
sv	y_M_d	{"year":"numeric","month":"numeric","day":"numeric"}	y-MM-dd	2022-12-24	2023-03-06	year=numeric,month=2-digit,day=2-digit	
sv	yy_MM_dd	{"year":"2-digit","month":"2-digit","day":"2-digit"}	yy-MM-dd	22-12-24	23-03-06	year=2-digit,month=2-digit,day=2-digit	
sv	MMMM	{"month":"long"}	LLLL	december	mars	month=long	
sv	EEEE	{"weekday":"long"}	cccc	l\u00f6rdag	m\u00e5ndag	weekday=long	
sv	d	{"day":"numeric"}	d	24	6	day=numeric	
sv	G_y	{"era":"short","year":"numeric"}	y G	2022 e.Kr.	2023 e.Kr.	era=short,year=numeric	
sv	GGGG_y_MMMM_d	{"era":"long","year":"numeric","month":"long","day":"numeric"}	d MMMM y GGGG	24 december 2022 efter Kristus	6 mars 2023 efter Kristus	era=long,year=numeric,month=long,day=numeric	
sv	j_mm	{"hour":"numeric","minute":"2-digit"}	H:mm	15:07	9:04	hour=numeric,minute=2-digit,hourCycle=h23	
sv	H_mm_h23	{"hour":"numeric","minute":"2-digit","hourCycle":"h23"}	H:mm	15:07	9:04	hour=numeric,minute=2-digit,hourCycle=h23	
sv	h_mm_h12	{"hour":"numeric","minute":"2-digit","hour12":true}	h:mm\u202fa	3:07 em	9:04 fm	hour=numeric,minute=2-digit,hourCycle=h12	
sv	j_mm_ss	{"hour":"numeric","minute":"numeric","second":"numeric"}	HH:mm:ss	15:07:09	09:04:05	hour=2-digit,minute=2-digit,second=2-digit,hourCycle=h23	
sv	E_j_mm	{"weekday":"short","hour":"numeric","minute":"2-digit"}	EEE HH:mm	l\u00f6r 15:07	m\u00e5n 09:04	weekday=short,hour=2-digit,minute=2-digit,hourCycle=h23	
sv	y_MMMM_d_j_mm	{"year":"numeric","month":"long","day":"numeric","hour":"numeric","minute":"2-digit"}	d MMMM y 'kl'. H:mm	24 december 2022 kl. 15:07	6 mars 2023 kl. 9:04	year=numeric,month=long,day=numeric,hour=numeric,minute=2-digit,hourCycle=h23	
sv	MMM_d_j_mm	{"month":"short","day":"numeric","hour":"numeric","minute":"2-digit"}	d MMM H:mm	24 dec. 15:07	6 mars 9:04	month=short,day=numeric,hour=numeric,minute=2-digit,hourCycle=h23	
sv	y_M_d_j_mm_ss	{"year":"numeric","month":"numeric","day":"numeric","hour":"numeric","minute":"numeric","second":"numeric"}	y-MM-dd HH:mm:ss	2022-12-24 15:07:09	2023-03-06 09:04:05	year=numeric,month=2-digit,day=2-digit,hour=2-digit,minute=2-digit,second=2-digit,hourCycle=h23	
sw	E_d_MMMM	{"weekday":"short","day":"numeric","month":"long"}	EEE, d MMMM	Jumamosi, 24 Desemba	Jumatatu, 6 Machi	weekday=short,month=long,day=numeric	
sw	EEEE_d_MMMM	{"weekday":"long","day":"numeric","month":"long"}	EEEE, d MMMM	Jumamosi, 24 Desemba	Jumatatu, 6 Machi	weekday=long,month=long,day=numeric	
sw	E_y_MMM_d	{"weekday":"short","year":"numeric","month":"short","day":"numeric"}	EEE, d MMM y	Jumamosi, 24 Des 2022	Jumatatu, 6 Mac 2023	weekday=short,year=numeric,month=short,day=numeric	
sw	EEEE_y_MMMM_d	{"weekday":"long","year":"numeric","month":"long","day":"numeric"}	EEEE, d MMMM y	Jumamosi, 24 Desemba 2022	Jumatatu, 6 Machi 2023	weekday=long,year=numeric,month=long,day=numeric	
sw	y_MMMM	{"year":"numeric","month":"long"}	MMMM y	Desemba 2022	Machi 2023	year=numeric,month=long	
sw	y_MMM	{"year":"numeric","month":"short"}	MMM y	Des 2022	Mac 2023	year=numeric,month=short	
sw	y_MM	{"year":"numeric","month":"2-digit"}	MM/y	12/2022	03/2023	year=numeric,month=2-digit	
sw	MMMM_d	{"month":"long","day":"numeric"}	d MMMM	24 Desemba	6 Machi	month=long,day=numeric	
sw	MMM_d	{"month":"short","day":"numeric"}	d MMM	24 Des	6 Mac	month=short,day=numeric	
sw	M_d	{"month":"numeric","day":"numeric"}	d/M	24/12	6/3	month=numeric,day=numeric	
sw	y_M_d	{"year":"numeric","month":"numeric","day":"numeric"}	d/M/y	24/12/2022	6/3/2023	year=numeric,month=numeric,day=numeric	
sw	yy_MM_dd	{"year":"2-digit","month":"2-digit","day":"2-digit"}	dd/MM/yy	24/12/22	06/03/23	year=2-digit,month=2-digit,day=2-digit	
sw	MMMM	{"month":"long"}	LLLL	Desemba	Machi	month=long	
sw	EEEE	{"weekday":"long"}	cccc	Jumamosi	Jumatatu	weekday=long	
sw	d	{"day":"numeric"}	d	24	6	day=numeric	
sw	G_y	{"era":"short","year":"numeric"}	y G	2022 BK	2023 BK	era=short,year=numeric	
sw	GGGG_y_MMMM_d	{"era":"long","year":"numeric","month":"long","day":"numeric"}	d MMMM y GGGG	24 Desemba 2022 Baada ya Kristo	6 Machi 2023 Baada ya Kristo	era=long,year=numeric,month=long,day=numeric	
sw	j_mm	{"hour":"numeric","minute":"2-digit"}	H:mm	15:07	9:04	hour=numeric,minute=2-digit,hourCycle=h23	
sw	H_mm_h23	{"hour":"numeric","minute":"2-digit","hourCycle":"h23"}	H:mm	15:07	9:04	hour=numeric,minute=2-digit,hourCycle=h23	
sw	h_mm_h12	{"hour":"numeric","minute":"2-digit","hour12":true}	h:mm\u202fa	3:07 PM	9:04 AM	hour=numeric,minute=2-digit,hourCycle=h12	
sw	j_mm_ss	{"hour":"numeric","minute":"numeric","second":"numeric"}	HH:mm:ss	15:07:09	09:04:05	hour=2-digit,minute=2-digit,second=2-digit,hourCycle=h23	
sw	E_j_mm	{"weekday":"short","hour":"numeric","minute":"2-digit"}	EEE HH:mm	Jumamosi 15:07	Jumatatu 09:04	weekday=short,hour=2-digit,minute=2-digit,hourCycle=h23	
sw	y_MMMM_d_j_mm	{"year":"numeric","month":"long","day":"numeric","hour":"numeric","minute":"2-digit"}	d MMMM y, H:mm	24 Desemba 2022, 15:07	6 Machi 2023, 9:04	year=numeric,month=long,day=numeric,hour=numeric,minute=2-digit,hourCycle=h23	
sw	MMM_d_j_mm	{"month":"short","day":"numeric","hour":"numeric","minute":"2-digit"}	d MMM, H:mm	24 Des, 15:07	6 Mac, 9:04	month=short,day=numeric,hour=numeric,minute=2-digit,hourCycle=h23	
sw	y_M_d_j_mm_ss	{"year":"numeric","month":"numeric","day":"numeric","hour":"numeric","minute":"numeric","second":"numeric"}	d/M/y, HH:mm:ss	24/12/2022, 15:07:09	6/3/2023, 09:04:05	year=numeric,month=numeric,day=numeric,hour=2-digit,minute=2-digit,second=2-digit,hourCycle=h23	
ta	E_d_MMMM	{"weekday":"short","day":"numeric","month":"long"}	MMMM d, EEE	\u0b9f\u0bbf\u0b9a\u0bae\u0bcd\u0baa\u0bb0\u0bcd 24, \u0b9a\u0ba9\u0bbf	\u0bae\u0bbe\u0bb0\u0bcd\u0b9a\u0bcd 6, \u0ba4\u0bbf\u0b99\u0bcd.	weekday=short,month=long,day=numeric	
ta	EEEE_d_MMMM	{"weekday":"long","day":"numeric","month":"long"}	MMMM d, EEEE	\u0b9f\u0bbf\u0b9a\u0bae\u0bcd\u0baa\u0bb0\u0bcd 24, \u0b9a\u0ba9\u0bbf	\u0bae\u0bbe\u0bb0\u0bcd\u0b9a\u0bcd 6, \u0ba4\u0bbf\u0b99\u0bcd\u0b95\u0bb3\u0bcd	weekday=long,month=long,day=numeric	
ta	E_y_MMM_d	{"weekday":"short","year":"numeric","month":"short","day":"numeric"}	EEE, d MMM, y	\u0b9a\u0ba9\u0bbf, 24 \u0b9f\u0bbf\u0b9a., 2022	\u0ba4\u0bbf\u0b99\u0bcd., 6 \u0bae\u0bbe\u0bb0\u0bcd., 2023	weekday=short,year=numeric,month=short,day=numeric	
ta	EEEE_y_MMMM_d	{"weekday":"long","year":"numeric","month":"long","day":"numeric"}	EEEE, d MMMM, y	\u0b9a\u0ba9\u0bbf, 24 \u0b9f\u0bbf\u0b9a\u0bae\u0bcd\u0baa\u0bb0\u0bcd, 2022	\u0ba4\u0bbf\u0b99\u0bcd\u0b95\u0bb3\u0bcd, 6 \u0bae\u0bbe\u0bb0\u0bcd\u0b9a\u0bcd, 2023	weekday=long,year=numeric,month=long,day=numeric	
ta	y_MMMM	{"year":"numeric","month":"long"}	MMMM y	\u0b9f\u0bbf\u0b9a\u0bae\u0bcd\u0baa\u0bb0\u0bcd 2022	\u0bae\u0bbe\u0bb0\u0bcd\u0b9a\u0bcd 2023	year=numeric,month=long	
ta	y_MMM	{"year":"numeric","month":"short"}	MMM y	\u0b9f\u0bbf\u0b9a. 2022	\u0bae\u0bbe\u0bb0\u0bcd. 2023	year=numeric,month=short	
ta	y_MM	{"year":"numeric","month":"2-digit"}	MM-y	12-2022	03-2023	year=numeric,month=2-digit	
ta	MMMM_d	{"month":"long","day":"numeric"}	d MMMM	24 \u0b9f\u0bbf\u0b9a\u0bae\u0bcd\u0baa\u0bb0\u0bcd	6 \u0bae\u0bbe\u0bb0\u0bcd\u0b9a\u0bcd	month=long,day=numeric	
ta	MMM_d	{"month":"short","day":"numeric"}	MMM d	\u0b9f\u0bbf\u0b9a. 24	\u0bae\u0bbe\u0bb0\u0bcd. 6	month=short,day=numeric	
ta	M_d	{"month":"numeric","day":"numeric"}	d/M	24/12	6/3	month=numeric,day=numeric	
ta	y_M_d	{"year":"numeric","month":"numeric","day":"numeric"}	d/M/y	24/12/2022	6/3/2023	year=numeric,month=numeric,day=numeric	
ta	yy_MM_dd	{"year":"2-digit","month":"2-digit","day":"2-digit"}	dd/MM/yy	24/12/22	06/03/23	year=2-digit,month=2-digit,day=2-digit	
ta	MMMM	{"month":"long"}	LLLL	\u0b9f\u0bbf\u0b9a\u0bae\u0bcd\u0baa\u0bb0\u0bcd	\u0bae\u0bbe\u0bb0\u0bcd\u0b9a\u0bcd	month=long	
ta	EEEE	{"weekday":"long"}	cccc	\u0b9a\u0ba9\u0bbf	\u0ba4\u0bbf\u0b99\u0bcd\u0b95\u0bb3\u0bcd	weekday=long	
ta	d	{"day":"numeric"}	d	24	6	day=numeric	
ta	G_y	{"era":"short","year":"numeric"}	G y	\u0b95\u0bbf.\u0baa\u0bbf. 2022	\u0b95\u0bbf.\u0baa\u0bbf. 2023	era=short,year=numeric	
ta	GGGG_y_MMMM_d	{"era":"long","year":"numeric","month":"long","day":"numeric"}	GGGG y MMMM d	\u0b85\u0ba9\u0bcd\u0ba9\u0bcb \u0b9f\u0bcb\u0bae\u0bbf\u0ba9\u0bbf 2022 \u0b9f\u0bbf\u0b9a\u0bae\u0bcd\u0baa\u0bb0\u0bcd 24	\u0b85\u0ba9\u0bcd\u0ba9\u0bcb \u0b9f\u0bcb\u0bae\u0bbf\u0ba9\u0bbf 2023 \u0bae\u0bbe\u0bb0\u0bcd\u0b9a\u0bcd 6	era=long,year=numeric,month=long,day=numeric	
ta	j_mm	{"hour":"numeric","minute":"2-digit"}	h:mm a	3:07 PM	9:04 AM	hour=numeric,minute=2-digit,hourCycle=h12	
ta	H_mm_h23	{"hour":"numeric","minute":"2-digit","hourCycle":"h23"}	HH:mm	15:07	09:04	hour=2-digit,minute=2-digit,hourCycle=h23	
ta	h_mm_h12	{"hour":"numeric","minute":"2-digit","hour12":true}	h:mm a	3:07 PM	9:04 AM	hour=numeric,minute=2-digit,hourCycle=h12	
ta	j_mm_ss	{"hour":"numeric","minute":"numeric","second":"numeric"}	h:mm:ss a	3:07:09 PM	9:04:05 AM	hour=numeric,minute=2-digit,second=2-digit,hourCycle=h12	
ta	E_j_mm	{"weekday":"short","hour":"numeric","minute":"2-digit"}	EEE h:mm a	\u0b9a\u0ba9\u0bbf 3:07 PM	\u0ba4\u0bbf\u0b99\u0bcd. 9:04 AM	weekday=short,hour=numeric,minute=2-digit,hourCycle=h12	
ta	y_MMMM_d_j_mm	{"year":"numeric","month":"long","day":"numeric","hour":"numeric","minute":"2-digit"}	d MMMM, y \u0b85\u0ba9\u0bcd\u0bb1\u0bc1 h:mm a	24 \u0b9f\u0bbf\u0b9a\u0bae\u0bcd\u0baa\u0bb0\u0bcd, 2022 \u0b85\u0ba9\u0bcd\u0bb1\u0bc1 3:07 PM	6 \u0bae\u0bbe\u0bb0\u0bcd\u0b9a\u0bcd, 2023 \u0b85\u0ba9\u0bcd\u0bb1\u0bc1 9:04 AM	year=numeric,month=long,day=numeric,hour=numeric,minute=2-digit,hourCycle=h12	
ta	MMM_d_j_mm	{"month":"short","day":"numeric","hour":"numeric","minute":"2-digit"}	MMM d, h:mm a	\u0b9f\u0bbf\u0b9a. 24, 3:07 PM	\u0bae\u0bbe\u0bb0\u0bcd. 6, 9:04 AM	month=short,day=numeric,hour=numeric,minute=2-digit,hourCycle=h12	
ta	y_M_d_j_mm_ss	{"year":"numeric","month":"numeric","day":"numeric","hour":"numeric","minute":"numeric","second":"numeric"}	d/M/y, h:mm:ss a	24/12/2022, 3:07:09 PM	6/3/2023, 9:04:05 AM	year=numeric,month=numeric,day=numeric,hour=numeric,minute=2-digit,second=2-digit,hourCycle=h12	
th	E_d_MMMM	{"weekday":"short","day":"numeric","month":"long"}	EEE d MMMM	\u0e40\u0e2a\u0e32\u0e23\u0e4c 24 \u0e18\u0e31\u0e19\u0e27\u0e32\u0e04\u0e21	\u0e08\u0e31\u0e19\u0e17\u0e23\u0e4c 6 \u0e21\u0e35\u0e19\u0e32\u0e04\u0e21	weekday=short,month=long,day=numeric	
th	EEEE_d_MMMM	{"weekday":"long","day":"numeric","month":"long"}	EEEE\u0e17\u0e35\u0e48 d MMMM	\u0e27\u0e31\u0e19\u0e40\u0e2a\u0e32\u0e23\u0e4c\u0e17\u0e35\u0e48 24 \u0e18\u0e31\u0e19\u0e27\u0e32\u0e04\u0e21	\u0e27\u0e31\u0e19\u0e08\u0e31\u0e19\u0e17\u0e23\u0e4c\u0e17\u0e35\u0e48 6 \u0e21\u0e35\u0e19\u0e32\u0e04\u0e21	weekday=long,month=long,day=numeric	
th	E_y_MMM_d	{"weekday":"short","year":"numeric","month":"short","day":"numeric"}	EEE d MMM y	\u0e40\u0e2a\u0e32\u0e23\u0e4c 24 \u0e18.\u0e04. 2022	\u0e08\u0e31\u0e19\u0e17\u0e23\u0e4c 6 \u0e21\u0e35.\u0e04. 2023	weekday=short,year=numeric,month=short,day=numeric	
th	EEEE_y_MMMM_d	{"weekday":"long","year":"numeric","month":"long","day":"numeric"}	EEEE\u0e17\u0e35\u0e48 d MMMM y	\u0e27\u0e31\u0e19\u0e40\u0e2a\u0e32\u0e23\u0e4c\u0e17\u0e35\u0e48 24 \u0e18\u0e31\u0e19\u0e27\u0e32\u0e04\u0e21 2022	\u0e27\u0e31\u0e19\u0e08\u0e31\u0e19\u0e17\u0e23\u0e4c\u0e17\u0e35\u0e48 6 \u0e21\u0e35\u0e19\u0e32\u0e04\u0e21 2023	weekday=long,year=numeric,month=long,day=numeric	
th	y_MMMM	{"year":"numeric","month":"long"}	MMMM y	\u0e18\u0e31\u0e19\u0e27\u0e32\u0e04\u0e21 2022	\u0e21\u0e35\u0e19\u0e32\u0e04\u0e21 2023	year=numeric,month=long	
th	y_MMM	{"year":"numeric","month":"short"}	MMM y	\u0e18.\u0e04. 2022	\u0e21\u0e35.\u0e04. 2023	year=numeric,month=short	
th	y_MM	{"year":"numeric","month":"2-digit"}	MM/y	12/2022	03/2023	year=numeric,month=2-digit	
th	MMMM_d	{"month":"long","day":"numeric"}	d MMMM	24 \u0e18\u0e31\u0e19\u0e27\u0e32\u0e04\u0e21	6 \u0e21\u0e35\u0e19\u0e32\u0e04\u0e21	month=long,day=numeric	
th	MMM_d	{"month":"short","day":"numeric"}	d MMM	24 \u0e18.\u0e04.	6 \u0e21\u0e35.\u0e04.	month=short,day=numeric	
th	M_d	{"month":"numeric","day":"numeric"}	d/M	24/12	6/3	month=numeric,day=numeric	
th	y_M_d	{"year":"numeric","month":"numeric","day":"numeric"}	d/M/y	24/12/2022	6/3/2023	year=numeric,month=numeric,day=numeric	
th	yy_MM_dd	{"year":"2-digit","month":"2-digit","day":"2-digit"}	dd/MM/yy	24/12/22	06/03/23	year=2-digit,month=2-digit,day=2-digit	
th	MMMM	{"month":"long"}	LLLL	\u0e18\u0e31\u0e19\u0e27\u0e32\u0e04\u0e21	\u0e21\u0e35\u0e19\u0e32\u0e04\u0e21	month=long	
th	EEEE	{"weekday":"long"}	cccc	\u0e27\u0e31\u0e19\u0e40\u0e2a\u0e32\u0e23\u0e4c	\u0e27\u0e31\u0e19\u0e08\u0e31\u0e19\u0e17\u0e23\u0e4c	weekday=long	
th	d	{"day":"numeric"}	d	24	6	day=numeric	
th	G_y	{"era":"short","year":"numeric"}	G y	\u0e04.\u0e28. 2022	\u0e04.\u0e28. 2023	era=short,year=numeric	
th	GGGG_y_MMMM_d	{"era":"long","year":"numeric","month":"long","day":"numeric"}	d MMMM GGGG y	24 \u0e18\u0e31\u0e19\u0e27\u0e32\u0e04\u0e21 \u0e04\u0e23\u0e34\u0e2a\u0e15\u0e4c\u0e28\u0e31\u0e01\u0e23\u0e32\u0e0a 2022	6 \u0e21\u0e35\u0e19\u0e32\u0e04\u0e21 \u0e04\u0e23\u0e34\u0e2a\u0e15\u0e4c\u0e28\u0e31\u0e01\u0e23\u0e32\u0e0a 2023	era=long,year=numeric,month=long,day=numeric	
th	j_mm	{"hour":"numeric","minute":"2-digit"}	H:mm	15:07	9:04	hour=numeric,minute=2-digit,hourCycle=h23	
th	H_mm_h23	{"hour":"numeric","minute":"2-digit","hourCycle":"h23"}	H:mm	15:07	9:04	hour=numeric,minute=2-digit,hourCycle=h23	
th	h_mm_h12	{"hour":"numeric","minute":"2-digit","hour12":true}	h:mm a	3:07 PM	9:04 AM	hour=numeric,minute=2-digit,hourCycle=h12	
th	j_mm_ss	{"hour":"numeric","minute":"numeric","second":"numeric"}	HH:mm:ss	15:07:09	09:04:05	hour=2-digit,minute=2-digit,second=2-digit,hourCycle=h23	
th	E_j_mm	{"weekday":"short","hour":"numeric","minute":"2-digit"}	EEE HH:mm \u0e19.	\u0e40\u0e2a\u0e32\u0e23\u0e4c 15:07 \u0e19.	\u0e08\u0e31\u0e19\u0e17\u0e23\u0e4c 09:04 \u0e19.	weekday=short,hour=2-digit,minute=2-digit,hourCycle=h23	
th	y_MMMM_d_j_mm	{"year":"numeric","month":"long","day":"numeric","hour":"numeric","minute":"2-digit"}	d MMMM y \u0e40\u0e27\u0e25\u0e32 H:mm	24 \u0e18\u0e31\u0e19\u0e27\u0e32\u0e04\u0e21 2022 \u0e40\u0e27\u0e25\u0e32 15:07	6 \u0e21\u0e35\u0e19\u0e32\u0e04\u0e21 2023 \u0e40\u0e27\u0e25\u0e32 9:04	year=numeric,month=long,day=numeric,hour=numeric,minute=2-digit,hourCycle=h23	
th	MMM_d_j_mm	{"month":"short","day":"numeric","hour":"numeric","minute":"2-digit"}	d MMM H:mm	24 \u0e18.\u0e04. 15:07	6 \u0e21\u0e35.\u0e04. 9:04	month=short,day=numeric,hour=numeric,minute=2-digit,hourCycle=h23	
th	y_M_d_j_mm_ss	{"year":"numeric","month":"numeric","day":"numeric","hour":"numeric","minute":"numeric","second":"numeric"}	d/M/y HH:mm:ss	24/12/2022 15:07:09	6/3/2023 09:04:05	year=numeric,month=numeric,day=numeric,hour=2-digit,minute=2-digit,second=2-digit,hourCycle=h23	
tr	E_d_MMMM	{"weekday":"short","day":"numeric","month":"long"}	d MMMM EEE	24 Aral\u0131k Cmt	6 Mart Pzt	weekday=short,month=long,day=numeric	
tr	EEEE_d_MMMM	{"weekday":"long","day":"numeric","month":"long"}	d MMMM EEEE	24 Aral\u0131k Cumartesi	6 Mart Pazartesi	weekday=long,month=long,day=numeric	
tr	E_y_MMM_d	{"weekday":"short","year":"numeric","month":"short","day":"numeric"}	d MMM y EEE	24 Ara 2022 Cmt	6 Mar 2023 Pzt	weekday=short,year=numeric,month=short,day=numeric	
tr	EEEE_y_MMMM_d	{"weekday":"long","year":"numeric","month":"long","day":"numeric"}	d MMMM y EEEE	24 Aral\u0131k 2022 Cumartesi	6 Mart 2023 Pazartesi	weekday=long,year=numeric,month=long,day=numeric	
tr	y_MMMM	{"year":"numeric","month":"long"}	MMMM y	Aral\u0131k 2022	Mart 2023	year=numeric,month=long	
tr	y_MMM	{"year":"numeric","month":"short"}	MMM y	Ara 2022	Mar 2023	year=numeric,month=short	
tr	y_MM	{"year":"numeric","month":"2-digit"}	MM.y	12.2022	03.2023	year=numeric,month=2-digit	
tr	MMMM_d	{"month":"long","day":"numeric"}	d MMMM	24 Aral\u0131k	6 Mart	month=long,day=numeric	
tr	MMM_d	{"month":"short","day":"numeric"}	d MMM	24 Ara	6 Mar	month=short,day=numeric	
tr	M_d	{"month":"numeric","day":"numeric"}	d/M	24/12	6/3	month=numeric,day=numeric	
tr	y_M_d	{"year":"numeric","month":"numeric","day":"numeric"}	dd.MM.y	24.12.2022	06.03.2023	year=numeric,month=2-digit,day=2-digit	
tr	yy_MM_dd	{"year":"2-digit","month":"2-digit","day":"2-digit"}	dd.MM.yy	24.12.22	06.03.23	year=2-digit,month=2-digit,day=2-digit	
tr	MMMM	{"month":"long"}	LLLL	Aral\u0131k	Mart	month=long	
tr	EEEE	{"weekday":"long"}	cccc	Cumartesi	Pazartesi	weekday=long	
tr	d	{"day":"numeric"}	d	24	6	day=numeric	
tr	G_y	{"era":"short","year":"numeric"}	G y	MS 2022	MS 2023	era=short,year=numeric	
tr	GGGG_y_MMMM_d	{"era":"long","year":"numeric","month":"long","day":"numeric"}	GGGG d MMMM y	Milattan Sonra 24 Aral\u0131k 2022	Milattan Sonra 6 Mart 2023	era=long,year=numeric,month=long,day=numeric	
tr	j_mm	{"hour":"numeric","minute":"2-digit"}	H:mm	15:07	9:04	hour=numeric,minute=2-digit,hourCycle=h23	
tr	H_mm_h23	{"hour":"numeric","minute":"2-digit","hourCycle":"h23"}	H:mm	15:07	9:04	hour=numeric,minute=2-digit,hourCycle=h23	
tr	h_mm_h12	{"hour":"numeric","minute":"2-digit","hour12":true}	a\u202fh:mm	\u00d6S 3:07	\u00d6\u00d6 9:04	hour=numeric,minute=2-digit,hourCycle=h12	
tr	j_mm_ss	{"hour":"numeric","minute":"numeric","second":"numeric"}	HH:mm:ss	15:07:09	09:04:05	hour=2-digit,minute=2-digit,second=2-digit,hourCycle=h23	
tr	E_j_mm	{"weekday":"short","hour":"numeric","minute":"2-digit"}	EEE HH:mm	Cmt 15:07	Pzt 09:04	weekday=short,hour=2-digit,minute=2-digit,hourCycle=h23	
tr	y_MMMM_d_j_mm	{"year":"numeric","month":"long","day":"numeric","hour":"numeric","minute":"2-digit"}	d MMMM y H:mm	24 Aral\u0131k 2022 15:07	6 Mart 2023 9:04	year=numeric,month=long,day=numeric,hour=numeric,minute=2-digit,hourCycle=h23	
tr	MMM_d_j_mm	{"month":"short","day":"numeric","hour":"numeric","minute":"2-digit"}	d MMM H:mm	24 Ara 15:07	6 Mar 9:04	month=short,day=numeric,hour=numeric,minute=2-digit,hourCycle=h23	
tr	y_M_d_j_mm_ss	{"year":"numeric","month":"numeric","day":"numeric","hour":"numeric","minute":"numeric","second":"numeric"}	dd.MM.y HH:mm:ss	24.12.2022 15:07:09	06.03.2023 09:04:05	year=numeric,month=2-digit,day=2-digit,hour=2-digit,minute=2-digit,second=2-digit,hourCycle=h23	
uk	E_d_MMMM	{"weekday":"short","day":"numeric","month":"long"}	EEE, d MMMM	\u0441\u0431, 24 \u0433\u0440\u0443\u0434\u043d\u044f	\u043f\u043d, 6 \u0431\u0435\u0440\u0435\u0437\u043d\u044f	weekday=short,month=long,day=numeric	
uk	EEEE_d_MMMM	{"weekday":"long","day":"numeric","month":"long"}	EEEE, d MMMM	\u0441\u0443\u0431\u043e\u0442\u0430, 24 \u0433\u0440\u0443\u0434\u043d\u044f	\u043f\u043e\u043d\u0435\u0434\u0456\u043b\u043e\u043a, 6 \u0431\u0435\u0440\u0435\u0437\u043d\u044f	weekday=long,month=long,day=numeric	
uk	E_y_MMM_d	{"weekday":"short","year":"numeric","month":"short","day":"numeric"}	EEE, d MMM y\u202f'\u0440'.	\u0441\u0431, 24 \u0433\u0440\u0443\u0434. 2022 \u0440.	\u043f\u043d, 6 \u0431\u0435\u0440. 2023 \u0440.	weekday=short,year=numeric,month=short,day=numeric	
uk	EEEE_y_MMMM_d	{"weekday":"long","year":"numeric","month":"long","day":"numeric"}	EEEE, d MMMM y\u202f'\u0440'.	\u0441\u0443\u0431\u043e\u0442\u0430, 24 \u0433\u0440\u0443\u0434\u043d\u044f 2022 \u0440.	\u043f\u043e\u043d\u0435\u0434\u0456\u043b\u043e\u043a, 6 \u0431\u0435\u0440\u0435\u0437\u043d\u044f 2023 \u0440.	weekday=long,year=numeric,month=long,day=numeric	
uk	y_MMMM	{"year":"numeric","month":"long"}	LLLL y\u202f'\u0440'.	\u0433\u0440\u0443\u0434\u0435\u043d\u044c 2022 \u0440.	\u0431\u0435\u0440\u0435\u0437\u0435\u043d\u044c 2023 \u0440.	year=numeric,month=long	
uk	y_MMM	{"year":"numeric","month":"short"}	LLL y\u202f'\u0440'.	\u0433\u0440\u0443\u0434. 2022 \u0440.	\u0431\u0435\u0440. 2023 \u0440.	year=numeric,month=short	
uk	y_MM	{"year":"numeric","month":"2-digit"}	MM.y	12.2022	03.2023	year=numeric,month=2-digit	
uk	MMMM_d	{"month":"long","day":"numeric"}	d MMMM	24 \u0433\u0440\u0443\u0434\u043d\u044f	6 \u0431\u0435\u0440\u0435\u0437\u043d\u044f	month=long,day=numeric	
uk	MMM_d	{"month":"short","day":"numeric"}	d MMM	24 \u0433\u0440\u0443\u0434.	6 \u0431\u0435\u0440.	month=short,day=numeric	
uk	M_d	{"month":"numeric","day":"numeric"}	dd.MM	24.12	06.03	month=2-digit,day=2-digit	
uk	y_M_d	{"year":"numeric","month":"numeric","day":"numeric"}	dd.MM.y	24.12.2022	06.03.2023	year=numeric,month=2-digit,day=2-digit	
uk	yy_MM_dd	{"year":"2-digit","month":"2-digit","day":"2-digit"}	dd.MM.yy	24.12.22	06.03.23	year=2-digit,month=2-digit,day=2-digit	
uk	MMMM	{"month":"long"}	LLLL	\u0433\u0440\u0443\u0434\u0435\u043d\u044c	\u0431\u0435\u0440\u0435\u0437\u0435\u043d\u044c	month=long	
uk	EEEE	{"weekday":"long"}	cccc	\u0441\u0443\u0431\u043e\u0442\u0430	\u043f\u043e\u043d\u0435\u0434\u0456\u043b\u043e\u043a	weekday=long	
uk	d	{"day":"numeric"}	d	24	6	day=numeric	
uk	G_y	{"era":"short","year":"numeric"}	y G	2022 \u043d. \u0435.	2023 \u043d. \u0435.	era=short,year=numeric	
uk	GGGG_y_MMMM_d	{"era":"long","year":"numeric","month":"long","day":"numeric"}	d MMMM y\u202f'\u0440'. GGGG	24 \u0433\u0440\u0443\u0434\u043d\u044f 2022 \u0440. \u043d\u0430\u0448\u043e\u0457 \u0435\u0440\u0438	6 \u0431\u0435\u0440\u0435\u0437\u043d\u044f 2023 \u0440. \u043d\u0430\u0448\u043e\u0457 \u0435\u0440\u0438	era=long,year=numeric,month=long,day=numeric	
uk	j_mm	{"hour":"numeric","minute":"2-digit"}	H:mm	15:07	9:04	hour=numeric,minute=2-digit,hourCycle=h23	
uk	H_mm_h23	{"hour":"numeric","minute":"2-digit","hourCycle":"h23"}	H:mm	15:07	9:04	hour=numeric,minute=2-digit,hourCycle=h23	
uk	h_mm_h12	{"hour":"numeric","minute":"2-digit","hour12":true}	h:mm\u202fa	3:07 \u043f\u043f	9:04 \u0434\u043f	hour=numeric,minute=2-digit,hourCycle=h12	
uk	j_mm_ss	{"hour":"numeric","minute":"numeric","second":"numeric"}	HH:mm:ss	15:07:09	09:04:05	hour=2-digit,minute=2-digit,second=2-digit,hourCycle=h23	
uk	E_j_mm	{"weekday":"short","hour":"numeric","minute":"2-digit"}	EEE HH:mm	\u0441\u0431 15:07	\u043f\u043d 09:04	weekday=short,hour=2-digit,minute=2-digit,hourCycle=h23	
uk	y_MMMM_d_j_mm	{"year":"numeric","month":"long","day":"numeric","hour":"numeric","minute":"2-digit"}	d MMMM y\u202f'\u0440'. '\u043e' H:mm	24 \u0433\u0440\u0443\u0434\u043d\u044f 2022 \u0440. \u043e 15:07	6 \u0431\u0435\u0440\u0435\u0437\u043d\u044f 2023 \u0440. \u043e 9:04	year=numeric,month=long,day=numeric,hour=numeric,minute=2-digit,hourCycle=h23	
uk	MMM_d_j_mm	{"month":"short","day":"numeric","hour":"numeric","minute":"2-digit"}	d MMM, H:mm	24 \u0433\u0440\u0443\u0434., 15:07	6 \u0431\u0435\u0440., 9:04	month=short,day=numeric,hour=numeric,minute=2-digit,hourCycle=h23	
uk	y_M_d_j_mm_ss	{"year":"numeric","month":"numeric","day":"numeric","hour":"numeric","minute":"numeric","second":"numeric"}	dd.MM.y, HH:mm:ss	24.12.2022, 15:07:09	06.03.2023, 09:04:05	year=numeric,month=2-digit,day=2-digit,hour=2-digit,minute=2-digit,second=2-digit,hourCycle=h23	
ur	E_d_MMMM	{"weekday":"short","day":"numeric","month":"long"}	EEE\u060c d MMMM	\u06c1\u0641\u062a\u06c1\u060c 24 \u062f\u0633\u0645\u0628\u0631	\u067e\u06cc\u0631\u060c 6 \u0645\u0627\u0631\u0686	weekday=short,month=long,day=numeric	
ur	EEEE_d_MMMM	{"weekday":"long","day":"numeric","month":"long"}	EEEE\u060c d MMMM	\u06c1\u0641\u062a\u06c1\u060c 24 \u062f\u0633\u0645\u0628\u0631	\u067e\u06cc\u0631\u060c 6 \u0645\u0627\u0631\u0686	weekday=long,month=long,day=numeric	
ur	E_y_MMM_d	{"weekday":"short","year":"numeric","month":"short","day":"numeric"}	EEE\u060c d MMM\u060c y	\u06c1\u0641\u062a\u06c1\u060c 24 \u062f\u0633\u0645\u0628\u0631\u060c 2022	\u067e\u06cc\u0631\u060c 6 \u0645\u0627\u0631\u0686\u060c 2023	weekday=short,year=numeric,month=short,day=numeric	
ur	EEEE_y_MMMM_d	{"weekday":"long","year":"numeric","month":"long","day":"numeric"}	EEEE\u060c d MMMM\u060c y	\u06c1\u0641\u062a\u06c1\u060c 24 \u062f\u0633\u0645\u0628\u0631\u060c 2022	\u067e\u06cc\u0631\u060c 6 \u0645\u0627\u0631\u0686\u060c 2023	weekday=long,year=numeric,month=long,day=numeric	
ur	y_MMMM	{"year":"numeric","month":"long"}	MMMM y	\u062f\u0633\u0645\u0628\u0631 2022	\u0645\u0627\u0631\u0686 2023	year=numeric,month=long	
ur	y_MMM	{"year":"numeric","month":"short"}	MMM y	\u062f\u0633\u0645\u0628\u0631 2022	\u0645\u0627\u0631\u0686 2023	year=numeric,month=short	
ur	y_MM	{"year":"numeric","month":"2-digit"}	MM/y	12/2022	03/2023	year=numeric,month=2-digit	
ur	MMMM_d	{"month":"long","day":"numeric"}	d MMMM	24 \u062f\u0633\u0645\u0628\u0631	6 \u0645\u0627\u0631\u0686	month=long,day=numeric	
ur	MMM_d	{"month":"short","day":"numeric"}	d MMM	24 \u062f\u0633\u0645\u0628\u0631	6 \u0645\u0627\u0631\u0686	month=short,day=numeric	
ur	M_d	{"month":"numeric","day":"numeric"}	d/M	24/12	6/3	month=numeric,day=numeric	
ur	y_M_d	{"year":"numeric","month":"numeric","day":"numeric"}	d/M/y	24/12/2022	6/3/2023	year=numeric,month=numeric,day=numeric	
ur	yy_MM_dd	{"year":"2-digit","month":"2-digit","day":"2-digit"}	dd/MM/yy	24/12/22	06/03/23	year=2-digit,month=2-digit,day=2-digit	
ur	MMMM	{"month":"long"}	LLLL	\u062f\u0633\u0645\u0628\u0631	\u0645\u0627\u0631\u0686	month=long	
ur	EEEE	{"weekday":"long"}	cccc	\u06c1\u0641\u062a\u06c1	\u067e\u06cc\u0631	weekday=long	
ur	d	{"day":"numeric"}	d	24	6	day=numeric	
ur	G_y	{"era":"short","year":"numeric"}	y G	2022 \u0639\u06cc\u0633\u0648\u06cc	2023 \u0639\u06cc\u0633\u0648\u06cc	era=short,year=numeric	
ur	GGGG_y_MMMM_d	{"era":"long","year":"numeric","month":"long","day":"numeric"}	d MMMM\u060c y GGGG	24 \u062f\u0633\u0645\u0628\u0631\u060c 2022 \u0639\u06cc\u0633\u0648\u06cc	6 \u0645\u0627\u0631\u0686\u060c 2023 \u0639\u06cc\u0633\u0648\u06cc	era=long,year=numeric,month=long,day=numeric	
ur	j_mm	{"hour":"numeric","minute":"2-digit"}	h:mm a	3:07 PM	9:04 AM	hour=numeric,minute=2-digit,hourCycle=h12	
ur	H_mm_h23	{"hour":"numeric","minute":"2-digit","hourCycle":"h23"}	HH:mm	15:07	09:04	hour=2-digit,minute=2-digit,hourCycle=h23	
ur	h_mm_h12	{"hour":"numeric","minute":"2-digit","hour12":true}	h:mm a	3:07 PM	9:04 AM	hour=numeric,minute=2-digit,hourCycle=h12	
ur	j_mm_ss	{"hour":"numeric","minute":"numeric","second":"numeric"}	h:mm:ss a	3:07:09 PM	9:04:05 AM	hour=numeric,minute=2-digit,second=2-digit,hourCycle=h12	
ur	E_j_mm	{"weekday":"short","hour":"numeric","minute":"2-digit"}	EEE h:mm a	\u06c1\u0641\u062a\u06c1 3:07 PM	\u067e\u06cc\u0631 9:04 AM	weekday=short,hour=numeric,minute=2-digit,hourCycle=h12	
ur	y_MMMM_d_j_mm	{"year":"numeric","month":"long","day":"numeric","hour":"numeric","minute":"2-digit"}	d MMMM\u060c y \u06a9\u0648 h:mm a	24 \u062f\u0633\u0645\u0628\u0631\u060c 2022 \u06a9\u0648 3:07 PM	6 \u0645\u0627\u0631\u0686\u060c 2023 \u06a9\u0648 9:04 AM	year=numeric,month=long,day=numeric,hour=numeric,minute=2-digit,hourCycle=h12	
ur	MMM_d_j_mm	{"month":"short","day":"numeric","hour":"numeric","minute":"2-digit"}	d MMM\u060c h:mm a	24 \u062f\u0633\u0645\u0628\u0631\u060c 3:07 PM	6 \u0645\u0627\u0631\u0686\u060c 9:04 AM	month=short,day=numeric,hour=numeric,minute=2-digit,hourCycle=h12	
ur	y_M_d_j_mm_ss	{"year":"numeric","month":"numeric","day":"numeric","hour":"numeric","minute":"numeric","second":"numeric"}	d/M/y\u060c h:mm:ss a	24/12/2022\u060c 3:07:09 PM	6/3/2023\u060c 9:04:05 AM	year=numeric,month=numeric,day=numeric,hour=numeric,minute=2-digit,second=2-digit,hourCycle=h12	
vi	E_d_MMMM	{"weekday":"short","day":"numeric","month":"long"}	EEE, d MMMM	Th\u1ee9 7, 24 th\u00e1ng 12	Th\u1ee9 2, 6 th\u00e1ng 3	weekday=short,month=long,day=numeric	
vi	EEEE_d_MMMM	{"weekday":"long","day":"numeric","month":"long"}	EEEE, d MMMM	Th\u1ee9 B\u1ea3y, 24 th\u00e1ng 12	Th\u1ee9 Hai, 6 th\u00e1ng 3	weekday=long,month=long,day=numeric	
vi	E_y_MMM_d	{"weekday":"short","year":"numeric","month":"short","day":"numeric"}	EEE, d MMM, y	Th\u1ee9 7, 24 thg 12, 2022	Th\u1ee9 2, 6 thg 3, 2023	weekday=short,year=numeric,month=short,day=numeric	
vi	EEEE_y_MMMM_d	{"weekday":"long","year":"numeric","month":"long","day":"numeric"}	EEEE, d MMMM, y	Th\u1ee9 B\u1ea3y, 24 th\u00e1ng 12, 2022	Th\u1ee9 Hai, 6 th\u00e1ng 3, 2023	weekday=long,year=numeric,month=long,day=numeric	
vi	y_MMMM	{"year":"numeric","month":"long"}	MMMM 'n\u0103m' y	th\u00e1ng 12 n\u0103m 2022	th\u00e1ng 3 n\u0103m 2023	year=numeric,month=long	th\u00e1ng 12 n\u0103m 2022|th\u00e1ng 3 n\u0103m 2023|year=numeric,month=long,minute=numeric
vi	y_MMM	{"year":"numeric","month":"short"}	MMM y	thg 12 2022	thg 3 2023	year=numeric,month=short	
vi	y_MM	{"year":"numeric","month":"2-digit"}	'th\u00e1ng' MM, y	th\u00e1ng 12, 2022	th\u00e1ng 03, 2023	year=numeric,month=2-digit	th\u00e1ng 12, 2022|th\u00e1ng 03, 2023|year=numeric,month=2-digit,hour=numeric,hourCycle=undefined
vi	MMMM_d	{"month":"long","day":"numeric"}	d MMMM	24 th\u00e1ng 12	6 th\u00e1ng 3	month=long,day=numeric	
vi	MMM_d	{"month":"short","day":"numeric"}	d MMM	24 thg 12	6 thg 3	month=short,day=numeric	
vi	M_d	{"month":"numeric","day":"numeric"}	d/M	24/12	6/3	month=numeric,day=numeric	
vi	y_M_d	{"year":"numeric","month":"numeric","day":"numeric"}	d/M/y	24/12/2022	6/3/2023	year=numeric,month=numeric,day=numeric	
vi	yy_MM_dd	{"year":"2-digit","month":"2-digit","day":"2-digit"}	dd/MM/yy	24/12/22	06/03/23	year=2-digit,month=2-digit,day=2-digit	
vi	MMMM	{"month":"long"}	LLLL	Th\u00e1ng 12	Th\u00e1ng 3	month=long	
vi	EEEE	{"weekday":"long"}	cccc	Th\u1ee9 B\u1ea3y	Th\u1ee9 Hai	weekday=long	
vi	d	{"day":"numeric"}	d	24	6	day=numeric	
vi	G_y	{"era":"short","year":"numeric"}	y G	2022 SCN	2023 SCN	era=short,year=numeric	
vi	GGGG_y_MMMM_d	{"era":"long","year":"numeric","month":"long","day":"numeric"}	d MMMM, y GGGG	24 th\u00e1ng 12, 2022 Sau C\u00f4ng Nguy\u00ean	6 th\u00e1ng 3, 2023 Sau C\u00f4ng Nguy\u00ean	era=long,year=numeric,month=long,day=numeric	
vi	j_mm	{"hour":"numeric","minute":"2-digit"}	H:mm	15:07	9:04	hour=numeric,minute=2-digit,hourCycle=h23	
vi	H_mm_h23	{"hour":"numeric","minute":"2-digit","hourCycle":"h23"}	H:mm	15:07	9:04	hour=numeric,minute=2-digit,hourCycle=h23	
vi	h_mm_h12	{"hour":"numeric","minute":"2-digit","hour12":true}	h:mm\u202fa	3:07 CH	9:04 SA	hour=numeric,minute=2-digit,hourCycle=h12	
vi	j_mm_ss	{"hour":"numeric","minute":"numeric","second":"numeric"}	HH:mm:ss	15:07:09	09:04:05	hour=2-digit,minute=2-digit,second=2-digit,hourCycle=h23	
vi	E_j_mm	{"weekday":"short","hour":"numeric","minute":"2-digit"}	HH:mm EEE	15:07 Th\u1ee9 7	09:04 Th\u1ee9 2	weekday=short,hour=2-digit,minute=2-digit,hourCycle=h23	
vi	y_MMMM_d_j_mm	{"year":"numeric","month":"long","day":"numeric","hour":"numeric","minute":"2-digit"}	'l\u00fac' H:mm d MMMM, y	l\u00fac 15:07 24 th\u00e1ng 12, 2022	l\u00fac 9:04 6 th\u00e1ng 3, 2023	year=numeric,month=long,day=numeric,hour=numeric,minute=2-digit,hourCycle=h23	
vi	MMM_d_j_mm	{"month":"short","day":"numeric","hour":"numeric","minute":"2-digit"}	H:mm d MMM	15:07 24 thg 12	9:04 6 thg 3	month=short,day=numeric,hour=numeric,minute=2-digit,hourCycle=h23	
vi	y_M_d_j_mm_ss	{"year":"numeric","month":"numeric","day":"numeric","hour":"numeric","minute":"numeric","second":"numeric"}	HH:mm:ss d/M/y	15:07:09 24/12/2022	09:04:05 6/3/2023	year=numeric,month=numeric,day=numeric,hour=2-digit,minute=2-digit,second=2-digit,hourCycle=h23	
zh	E_d_MMMM	{"weekday":"short","day":"numeric","month":"long"}	M\u6708d\u65e5EEE	12\u670824\u65e5\u5468\u516d	3\u67086\u65e5\u5468\u4e00	weekday=short,month=numeric,day=numeric	
zh	EEEE_d_MMMM	{"weekday":"long","day":"numeric","month":"long"}	M\u6708d\u65e5EEEE	12\u670824\u65e5\u661f\u671f\u516d	3\u67086\u65e5\u661f\u671f\u4e00	weekday=long,month=numeric,day=numeric	
zh	E_y_MMM_d	{"weekday":"short","year":"numeric","month":"short","day":"numeric"}	y\u5e74M\u6708d\u65e5EEE	2022\u5e7412\u670824\u65e5\u5468\u516d	2023\u5e743\u67086\u65e5\u5468\u4e00	weekday=short,year=numeric,month=numeric,day=numeric	
zh	EEEE_y_MMMM_d	{"weekday":"long","year":"numeric","month":"long","day":"numeric"}	y\u5e74M\u6708d\u65e5EEEE	2022\u5e7412\u670824\u65e5\u661f\u671f\u516d	2023\u5e743\u67086\u65e5\u661f\u671f\u4e00	weekday=long,year=numeric,month=numeric,day=numeric	
zh	y_MMMM	{"year":"numeric","month":"long"}	y\u5e74M\u6708	2022\u5e7412\u6708	2023\u5e743\u6708	year=numeric,month=numeric	
zh	y_MMM	{"year":"numeric","month":"short"}	y\u5e74M\u6708	2022\u5e7412\u6708	2023\u5e743\u6708	year=numeric,month=numeric	
zh	y_MM	{"year":"numeric","month":"2-digit"}	y\u5e74M\u6708	2022\u5e7412\u6708	2023\u5e743\u6708	year=numeric,month=numeric	
zh	MMMM_d	{"month":"long","day":"numeric"}	M\u6708d\u65e5	12\u670824\u65e5	3\u67086\u65e5	month=numeric,day=numeric	
zh	MMM_d	{"month":"short","day":"numeric"}	M\u6708d\u65e5	12\u670824\u65e5	3\u67086\u65e5	month=numeric,day=numeric	
zh	M_d	{"month":"numeric","day":"numeric"}	M/d	12/24	3/6	month=numeric,day=numeric	
zh	y_M_d	{"year":"numeric","month":"numeric","day":"numeric"}	y/M/d	2022/12/24	2023/3/6	year=numeric,month=numeric,day=numeric	
zh	yy_MM_dd	{"year":"2-digit","month":"2-digit","day":"2-digit"}	yy/MM/dd	22/12/24	23/03/06	year=2-digit,month=2-digit,day=2-digit	
zh	MMMM	{"month":"long"}	LLLL	\u5341\u4e8c\u6708	\u4e09\u6708	month=long	
zh	EEEE	{"weekday":"long"}	cccc	\u661f\u671f\u516d	\u661f\u671f\u4e00	weekday=long	
zh	d	{"day":"numeric"}	d\u65e5	24\u65e5	6\u65e5	day=numeric	
zh	G_y	{"era":"short","year":"numeric"}	Gy\u5e74	\u516c\u51432022\u5e74	\u516c\u51432023\u5e74	era=short,year=numeric	
zh	GGGG_y_MMMM_d	{"era":"long","year":"numeric","month":"long","day":"numeric"}	GGGGy\u5e74M\u6708d\u65e5	\u516c\u51432022\u5e7412\u670824\u65e5	\u516c\u51432023\u5e743\u67086\u65e5	era=long,year=numeric,month=numeric,day=numeric	
zh	j_mm	{"hour":"numeric","minute":"2-digit"}	H:mm	15:07	9:04	hour=numeric,minute=2-digit,hourCycle=h23	
zh	H_mm_h23	{"hour":"numeric","minute":"2-digit","hourCycle":"h23"}	H:mm	15:07	9:04	hour=numeric,minute=2-digit,hourCycle=h23	
zh	h_mm_h12	{"hour":"numeric","minute":"2-digit","hour12":true}	ah:mm	\u4e0b\u53483:07	\u4e0a\u53489:04	hour=numeric,minute=2-digit,hourCycle=h12	
zh	j_mm_ss	{"hour":"numeric","minute":"numeric","second":"numeric"}	HH:mm:ss	15:07:09	09:04:05	hour=2-digit,minute=2-digit,second=2-digit,hourCycle=h23	
zh	E_j_mm	{"weekday":"short","hour":"numeric","minute":"2-digit"}	EEEHH:mm	\u5468\u516d15:07	\u5468\u4e0009:04	weekday=short,hour=2-digit,minute=2-digit,hourCycle=h23	
zh	y_MMMM_d_j_mm	{"year":"numeric","month":"long","day":"numeric","hour":"numeric","minute":"2-digit"}	y\u5e74M\u6708d\u65e5 H:mm	2022\u5e7412\u670824\u65e5 15:07	2023\u5e743\u67086\u65e5 9:04	year=numeric,month=numeric,day=numeric,hour=numeric,minute=2-digit,hourCycle=h23	
zh	MMM_d_j_mm	{"month":"short","day":"numeric","hour":"numeric","minute":"2-digit"}	M\u6708d\u65e5 H:mm	12\u670824\u65e5 15:07	3\u67086\u65e5 9:04	month=numeric,day=numeric,hour=numeric,minute=2-digit,hourCycle=h23	
zh	y_M_d_j_mm_ss	{"year":"numeric","month":"numeric","day":"numeric","hour":"numeric","minute":"numeric","second":"numeric"}	y/M/d HH:mm:ss	2022/12/24 15:07:09	2023/3/6 09:04:05	year=numeric,month=numeric,day=numeric,hour=2-digit,minute=2-digit,second=2-digit,hourCycle=h23	
zh-Hant	E_d_MMMM	{"weekday":"short","day":"numeric","month":"long"}	M\u6708d\u65e5EEE	12\u670824\u65e5\u9031\u516d	3\u67086\u65e5\u9031\u4e00	weekday=short,month=numeric,day=numeric	
zh-Hant	EEEE_d_MMMM	{"weekday":"long","day":"numeric","month":"long"}	M\u6708d\u65e5EEEE	12\u670824\u65e5\u661f\u671f\u516d	3\u67086\u65e5\u661f\u671f\u4e00	weekday=long,month=numeric,day=numeric	
zh-Hant	E_y_MMM_d	{"weekday":"short","year":"numeric","month":"short","day":"numeric"}	y\u5e74M\u6708d\u65e5EEE	2022\u5e7412\u670824\u65e5\u9031\u516d	2023\u5e743\u67086\u65e5\u9031\u4e00	weekday=short,year=numeric,month=numeric,day=numeric	
zh-Hant	EEEE_y_MMMM_d	{"weekday":"long","year":"numeric","month":"long","day":"numeric"}	y\u5e74M\u6708d\u65e5EEEE	2022\u5e7412\u670824\u65e5\u661f\u671f\u516d	2023\u5e743\u67086\u65e5\u661f\u671f\u4e00	weekday=long,year=numeric,month=numeric,day=numeric	
zh-Hant	y_MMMM	{"year":"numeric","month":"long"}	y\u5e74M\u6708	2022\u5e7412\u6708	2023\u5e743\u6708	year=numeric,month=numeric	
zh-Hant	y_MMM	{"year":"numeric","month":"short"}	y\u5e74M\u6708	2022\u5e7412\u6708	2023\u5e743\u6708	year=numeric,month=numeric	
zh-Hant	y_MM	{"year":"numeric","month":"2-digit"}	y/MM	2022/12	2023/03	year=numeric,month=2-digit	
zh-Hant	MMMM_d	{"month":"long","day":"numeric"}	M\u6708d\u65e5	12\u670824\u65e5	3\u67086\u65e5	month=numeric,day=numeric	
zh-Hant	MMM_d	{"month":"short","day":"numeric"}	M\u6708d\u65e5	12\u670824\u65e5	3\u67086\u65e5	month=numeric,day=numeric	
zh-Hant	M_d	{"month":"numeric","day":"numeric"}	M/d	12/24	3/6	month=numeric,day=numeric	
zh-Hant	y_M_d	{"year":"numeric","month":"numeric","day":"numeric"}	y/M/d	2022/12/24	2023/3/6	year=numeric,month=numeric,day=numeric	
zh-Hant	yy_MM_dd	{"year":"2-digit","month":"2-digit","day":"2-digit"}	yy/MM/dd	22/12/24	23/03/06	year=2-digit,month=2-digit,day=2-digit	
zh-Hant	MMMM	{"month":"long"}	LLLL	12\u6708	3\u6708	month=long	
zh-Hant	EEEE	{"weekday":"long"}	cccc	\u661f\u671f\u516d	\u661f\u671f\u4e00	weekday=long	
zh-Hant	d	{"day":"numeric"}	d\u65e5	24\u65e5	6\u65e5	day=numeric	
zh-Hant	G_y	{"era":"short","year":"numeric"}	Gy\u5e74	\u897f\u51432022\u5e74	\u897f\u51432023\u5e74	era=short,year=numeric	
zh-Hant	GGGG_y_MMMM_d	{"era":"long","year":"numeric","month":"long","day":"numeric"}	GGGGy\u5e74M\u6708d\u65e5	\u897f\u51432022\u5e7412\u670824\u65e5	\u897f\u51432023\u5e743\u67086\u65e5	era=long,year=numeric,month=numeric,day=numeric	
zh-Hant	j_mm	{"hour":"numeric","minute":"2-digit"}	ah:mm	\u4e0b\u53483:07	\u4e0a\u53489:04	hour=numeric,minute=2-digit,hourCycle=h12	
zh-Hant	H_mm_h23	{"hour":"numeric","minute":"2-digit","hourCycle":"h23"}	HH:mm	15:07	09:04	hour=2-digit,minute=2-digit,hourCycle=h23	
zh-Hant	h_mm_h12	{"hour":"numeric","minute":"2-digit","hour12":true}	ah:mm	\u4e0b\u53483:07	\u4e0a\u53489:04	hour=numeric,minute=2-digit,hourCycle=h12	
zh-Hant	j_mm_ss	{"hour":"numeric","minute":"numeric","second":"numeric"}	ah:mm:ss	\u4e0b\u53483:07:09	\u4e0a\u53489:04:05	hour=numeric,minute=2-digit,second=2-digit,hourCycle=h12	
zh-Hant	E_j_mm	{"weekday":"short","hour":"numeric","minute":"2-digit"}	EEEah:mm	\u9031\u516d\u4e0b\u53483:07	\u9031\u4e00\u4e0a\u53489:04	weekday=short,hour=numeric,minute=2-digit,hourCycle=h12	
zh-Hant	y_MMMM_d_j_mm	{"year":"numeric","month":"long","day":"numeric","hour":"numeric","minute":"2-digit"}	y\u5e74M\u6708d\u65e5 ah:mm	2022\u5e7412\u670824\u65e5 \u4e0b\u53483:07	2023\u5e743\u67086\u65e5 \u4e0a\u53489:04	year=numeric,month=numeric,day=numeric,hour=numeric,minute=2-digit,hourCycle=h12	
zh-Hant	MMM_d_j_mm	{"month":"short","day":"numeric","hour":"numeric","minute":"2-digit"}	M\u6708d\u65e5 ah:mm	12\u670824\u65e5 \u4e0b\u53483:07	3\u67086\u65e5 \u4e0a\u53489:04	month=numeric,day=numeric,hour=numeric,minute=2-digit,hourCycle=h12	
zh-Hant	y_M_d_j_mm_ss	{"year":"numeric","month":"numeric","day":"numeric","hour":"numeric","minute":"numeric","second":"numeric"}	y/M/d\u2009ah:mm:ss	2022/12/24\u2009\u4e0b\u53483:07:09	2023/3/6\u2009\u4e0a\u53489:04:05	year=numeric,month=numeric,day=numeric,hour=numeric,minute=2-digit,second=2-digit,hourCycle=h12	
