# Generated by tools/cldr-dates/reference/interval_format.py golden from cldr-json 48.2.0; do not edit.
# Each bag is formatted with { timeZone: "UTC", calendar: "gregory", numberingSystem: "latn" } added, and each pair
# (start and end, in milliseconds since the epoch) differs first in the field it is named after.
# parts: one per part, its type letter (l literal, G era, y year, M month, d day, E weekday, a dayPeriod, h hour,
# m minute, s second, S fractionalSecond, z timeZoneName), its source (s shared, 1 startRange, 2 endRange) and its
# length; the values are the text sliced in order. The last column is what ICU (Node 24.19, ICU 78.3) writes where
# it differs from the model: text|parts, with U+2009 and U+202F written as U+0020 in a range, as Jint writes them.
bag	E_d_MMMM	{"weekday":"short","day":"numeric","month":"long"}
bag	EEEE_y_MMMM_d	{"weekday":"long","year":"numeric","month":"long","day":"numeric"}
bag	y_MMMM	{"year":"numeric","month":"long"}
bag	y_MMM_d	{"year":"numeric","month":"short","day":"numeric"}
bag	MMM_d	{"month":"short","day":"numeric"}
bag	y_M_d	{"year":"numeric","month":"numeric","day":"numeric"}
bag	yy_MM_dd	{"year":"2-digit","month":"2-digit","day":"2-digit"}
bag	MMMM	{"month":"long"}
bag	d	{"day":"numeric"}
bag	G_y	{"era":"short","year":"numeric"}
bag	j_mm	{"hour":"numeric","minute":"2-digit"}
bag	H_mm_h23	{"hour":"numeric","minute":"2-digit","hourCycle":"h23"}
bag	j_mm_ss	{"hour":"numeric","minute":"numeric","second":"numeric"}
bag	y_MMMM_d_j_mm	{"year":"numeric","month":"long","day":"numeric","hour":"numeric","minute":"2-digit"}
bag	y_M_d_j_mm_ss	{"year":"numeric","month":"numeric","day":"numeric","hour":"numeric","minute":"numeric","second":"numeric"}
pair	minute	1671894429000	1671896551000
pair	hour	1671887045000	1671903751000
pair	ampm	1671872645000	1671894429000
pair	day	1671894429000	1672131845000
pair	month	1678093445000	1683644829000
pair	year	1671894429000	1678093445000
# locale	bag	pair	text	parts	icu
ar	E_d_MMMM	ampm	\u0627\u0644\u0633\u0628\u062a\u060c 24 \u062f\u064a\u0633\u0645\u0628\u0631	Es5 ls2 ds2 ls1 Ms6	
ar	E_d_MMMM	day	\u0627\u0644\u0633\u0628\u062a\u060c 24 \u2013 \u0627\u0644\u062b\u0644\u0627\u062b\u0627\u0621\u060c 27 \u062f\u064a\u0633\u0645\u0628\u0631	E15 l12 d12 ls3 E28 l22 d22 ls1 Ms6	
ar	E_d_MMMM	month	\u0627\u0644\u0627\u062b\u0646\u064a\u0646\u060c 6 \u0645\u0627\u0631\u0633 \u2013 \u0627\u0644\u062b\u0644\u0627\u062b\u0627\u0621\u060c 9 \u0645\u0627\u064a\u0648	E17 l12 d11 l11 M14 ls3 E28 l22 d21 l21 M24	
ar	E_d_MMMM	year	\u0627\u0644\u0633\u0628\u062a\u060c 24 \u062f\u064a\u0633\u0645\u0628\u0631 2022 \u2013 \u0627\u0644\u0627\u062b\u0646\u064a\u0646\u060c 6 \u0645\u0627\u0631\u0633 2023	E15 l12 d12 l11 M16 l11 y14 ls3 E27 l22 d21 l21 M24 l21 y24	
ar	EEEE_y_MMMM_d	ampm	\u0627\u0644\u0633\u0628\u062a\u060c 24 \u062f\u064a\u0633\u0645\u0628\u0631 2022	Es5 ls2 ds2 ls1 Ms6 ls1 ys4	
ar	EEEE_y_MMMM_d	day	\u0627\u0644\u0633\u0628\u062a\u060c 24 \u2013 \u0627\u0644\u062b\u0644\u0627\u062b\u0627\u0621\u060c 27 \u062f\u064a\u0633\u0645\u0628\u0631\u060c 2022	E15 l12 d12 ls3 E28 l22 d22 ls1 Ms6 ls2 ys4	
ar	EEEE_y_MMMM_d	month	\u0627\u0644\u0627\u062b\u0646\u064a\u0646\u060c 6 \u0645\u0627\u0631\u0633 \u2013 \u0627\u0644\u062b\u0644\u0627\u062b\u0627\u0621\u060c 9 \u0645\u0627\u064a\u0648\u060c 2023	E17 l12 d11 l11 M14 ls3 E28 l22 d21 l21 M24 ls2 ys4	
ar	EEEE_y_MMMM_d	year	\u0627\u0644\u0633\u0628\u062a\u060c 24 \u062f\u064a\u0633\u0645\u0628\u0631 2022 \u2013 \u0627\u0644\u0627\u062b\u0646\u064a\u0646\u060c 6 \u0645\u0627\u0631\u0633 2023	E15 l12 d12 l11 M16 l11 y14 ls3 E27 l22 d21 l21 M24 l21 y24	
ar	y_MMMM	ampm	\u062f\u064a\u0633\u0645\u0628\u0631 2022	Ms6 ls1 ys4	
ar	y_MMMM	day	\u062f\u064a\u0633\u0645\u0628\u0631 2022	Ms6 ls1 ys4	
ar	y_MMMM	month	\u0645\u0627\u0631\u0633 \u2013 \u0645\u0627\u064a\u0648 2023	M14 ls3 M24 ls1 ys4	
ar	y_MMMM	year	\u062f\u064a\u0633\u0645\u0628\u0631 2022 \u2013 \u0645\u0627\u0631\u0633 2023	M16 l11 y14 ls3 M24 l21 y24	
ar	y_MMM_d	ampm	24 \u062f\u064a\u0633\u0645\u0628\u0631 2022	ds2 ls1 Ms6 ls1 ys4	
ar	y_MMM_d	day	24\u201327 \u062f\u064a\u0633\u0645\u0628\u0631 2022	d12 ls1 d22 ls1 Ms6 ls1 ys4	
ar	y_MMM_d	month	6 \u0645\u0627\u0631\u0633 \u2013 9 \u0645\u0627\u064a\u0648 2023	d11 l11 M14 ls3 d21 l21 M24 ls1 ys4	
ar	y_MMM_d	year	24 \u062f\u064a\u0633\u0645\u0628\u0631 2022 \u2013 6 \u0645\u0627\u0631\u0633 2023	d12 l11 M16 l11 y14 ls3 d21 l21 M24 l21 y24	
ar	MMM_d	ampm	24 \u062f\u064a\u0633\u0645\u0628\u0631	ds2 ls1 Ms6	
ar	MMM_d	day	24\u201327 \u062f\u064a\u0633\u0645\u0628\u0631	d12 ls1 d22 ls1 Ms6	
ar	MMM_d	month	6 \u0645\u0627\u0631\u0633 \u2013 9 \u0645\u0627\u064a\u0648	d11 l11 M14 ls3 d21 l21 M24	
ar	MMM_d	year	24 \u062f\u064a\u0633\u0645\u0628\u0631 2022 \u2013 6 \u0645\u0627\u0631\u0633 2023	d12 l11 M16 l11 y14 ls3 d21 l21 M24 l21 y24	
ar	y_M_d	ampm	24\u200f/12\u200f/2022	ds2 ls2 Ms2 ls2 ys4	
ar	y_M_d	day	24\u200f/12\u200f/2022 \u2013 27\u200f/12\u200f/2022	d12 l12 M12 l12 y14 ls3 d22 l22 M22 l22 y24	
ar	y_M_d	month	6\u200f/3\u200f/2023 \u2013 9\u200f/5\u200f/2023	d11 l12 M11 l12 y14 ls3 d21 l22 M21 l22 y24	
ar	y_M_d	year	24\u200f/12\u200f/2022 \u2013 6\u200f/3\u200f/2023	d12 l12 M12 l12 y14 ls3 d21 l22 M21 l22 y24	
ar	yy_MM_dd	ampm	24\u200f/12\u200f/22	ds2 ls2 Ms2 ls2 ys2	
ar	yy_MM_dd	day	24\u200f/12\u200f/22 \u2013 27\u200f/12\u200f/22	d12 l12 M12 l12 y12 ls3 d22 l22 M22 l22 y22	
ar	yy_MM_dd	month	6\u200f/3\u200f/23 \u2013 9\u200f/5\u200f/23	d11 l12 M11 l12 y12 ls3 d21 l22 M21 l22 y22	
ar	yy_MM_dd	year	24\u200f/12\u200f/22 \u2013 6\u200f/3\u200f/23	d12 l12 M12 l12 y12 ls3 d21 l22 M21 l22 y22	
ar	MMMM	ampm	\u062f\u064a\u0633\u0645\u0628\u0631	Ms6	
ar	MMMM	day	\u062f\u064a\u0633\u0645\u0628\u0631	Ms6	
ar	MMMM	month	\u0645\u0627\u0631\u0633 \u2013 \u0645\u0627\u064a\u0648	M14 ls3 M24	
ar	MMMM	year	\u062f\u064a\u0633\u0645\u0628\u0631 \u2013 \u0645\u0627\u0631\u0633	M16 ls3 M24	
ar	d	ampm	24	ds2	
ar	d	day	24\u201327	d12 ls1 d22	
ar	d	month	6\u200f/3 \u2013 9\u200f/5	d11 l12 M11 ls3 d21 l22 M21	
ar	d	year	24\u200f/12\u200f/2022 \u2013 6\u200f/3\u200f/2023	d12 l12 M12 l12 y14 ls3 d21 l22 M21 l22 y24	
ar	G_y	ampm	2022 \u0645	ys4 ls1 Gs1	
ar	G_y	day	2022 \u0645	ys4 ls1 Gs1	
ar	G_y	month	2023 \u0645	ys4 ls1 Gs1	
ar	G_y	year	2022 \u2013 2023 \u0645	y14 ls3 y24 ls1 Gs1	
ar	j_mm	minute	3:07\u20133:42 \u0645	h11 l11 m12 ls1 h21 l21 m22 ls1 as1	
ar	j_mm	hour	1:04\u20135:42 \u0645	h11 l11 m12 ls1 h21 l21 m22 ls1 as1	
ar	j_mm	ampm	9:04 \u0635 \u2013 3:07 \u0645	h11 l11 m12 l11 a11 ls3 h21 l21 m22 l21 a21	
ar	j_mm	day	24\u200f/12\u200f/2022\u060c 3:07 \u0645 \u2013 27\u200f/12\u200f/2022\u060c 9:04 \u0635	d12 l12 M12 l12 y14 l12 h11 l11 m12 l11 a11 ls3 d22 l22 M22 l22 y24 l22 h21 l21 m22 l21 a21	
ar	j_mm	month	6\u200f/3\u200f/2023\u060c 9:04 \u0635 \u2013 9\u200f/5\u200f/2023\u060c 3:07 \u0645	d11 l12 M11 l12 y14 l12 h11 l11 m12 l11 a11 ls3 d21 l22 M21 l22 y24 l22 h21 l21 m22 l21 a21	
ar	j_mm	year	24\u200f/12\u200f/2022\u060c 3:07 \u0645 \u2013 6\u200f/3\u200f/2023\u060c 9:04 \u0635	d12 l12 M12 l12 y14 l12 h11 l11 m12 l11 a11 ls3 d21 l22 M21 l22 y24 l22 h21 l21 m22 l21 a21	
ar	H_mm_h23	minute	15:07\u201315:42	h12 l11 m12 ls1 h22 l21 m22	
ar	H_mm_h23	hour	13:04\u201317:42	h12 l11 m12 ls1 h22 l21 m22	
ar	H_mm_h23	ampm	09:04\u201315:07	h12 l11 m12 ls1 h22 l21 m22	
ar	H_mm_h23	day	24\u200f/12\u200f/2022\u060c 15:07 \u2013 27\u200f/12\u200f/2022\u060c 09:04	d12 l12 M12 l12 y14 l12 h12 l11 m12 ls3 d22 l22 M22 l22 y24 l22 h22 l21 m22	
ar	H_mm_h23	month	6\u200f/3\u200f/2023\u060c 09:04 \u2013 9\u200f/5\u200f/2023\u060c 15:07	d11 l12 M11 l12 y14 l12 h12 l11 m12 ls3 d21 l22 M21 l22 y24 l22 h22 l21 m22	
ar	H_mm_h23	year	24\u200f/12\u200f/2022\u060c 15:07 \u2013 6\u200f/3\u200f/2023\u060c 09:04	d12 l12 M12 l12 y14 l12 h12 l11 m12 ls3 d21 l22 M21 l22 y24 l22 h22 l21 m22	
ar	j_mm_ss	minute	3:07:09 \u0645 \u2013 3:42:31 \u0645	h11 l11 m12 l11 s12 l11 a11 ls3 h21 l21 m22 l21 s22 l21 a21	
ar	j_mm_ss	hour	1:04:05 \u0645 \u2013 5:42:31 \u0645	h11 l11 m12 l11 s12 l11 a11 ls3 h21 l21 m22 l21 s22 l21 a21	
ar	j_mm_ss	ampm	9:04:05 \u0635 \u2013 3:07:09 \u0645	h11 l11 m12 l11 s12 l11 a11 ls3 h21 l21 m22 l21 s22 l21 a21	
ar	j_mm_ss	day	24\u200f/12\u200f/2022\u060c 3:07:09 \u0645 \u2013 27\u200f/12\u200f/2022\u060c 9:04:05 \u0635	d12 l12 M12 l12 y14 l12 h11 l11 m12 l11 s12 l11 a11 ls3 d22 l22 M22 l22 y24 l22 h21 l21 m22 l21 s22 l21 a21	
ar	j_mm_ss	month	6\u200f/3\u200f/2023\u060c 9:04:05 \u0635 \u2013 9\u200f/5\u200f/2023\u060c 3:07:09 \u0645	d11 l12 M11 l12 y14 l12 h11 l11 m12 l11 s12 l11 a11 ls3 d21 l22 M21 l22 y24 l22 h21 l21 m22 l21 s22 l21 a21	
ar	j_mm_ss	year	24\u200f/12\u200f/2022\u060c 3:07:09 \u0645 \u2013 6\u200f/3\u200f/2023\u060c 9:04:05 \u0635	d12 l12 M12 l12 y14 l12 h11 l11 m12 l11 s12 l11 a11 ls3 d21 l22 M21 l22 y24 l22 h21 l21 m22 l21 s22 l21 a21	
ar	y_MMMM_d_j_mm	minute	24 \u062f\u064a\u0633\u0645\u0628\u0631 2022\u060c 3:07\u20133:42 \u0645	ds2 ls1 Ms6 ls1 ys4 ls2 h11 l11 m12 ls1 h21 l21 m22 ls1 as1	
ar	y_MMMM_d_j_mm	hour	24 \u062f\u064a\u0633\u0645\u0628\u0631 2022\u060c 1:04\u20135:42 \u0645	ds2 ls1 Ms6 ls1 ys4 ls2 h11 l11 m12 ls1 h21 l21 m22 ls1 as1	
ar	y_MMMM_d_j_mm	ampm	24 \u062f\u064a\u0633\u0645\u0628\u0631 2022\u060c 9:04 \u0635 \u2013 3:07 \u0645	ds2 ls1 Ms6 ls1 ys4 ls2 h11 l11 m12 l11 a11 ls3 h21 l21 m22 l21 a21	
ar	y_MMMM_d_j_mm	day	24 \u062f\u064a\u0633\u0645\u0628\u0631 2022 \u0641\u064a 3:07 \u0645 \u2013 27 \u062f\u064a\u0633\u0645\u0628\u0631 2022 \u0641\u064a 9:04 \u0635	d12 l11 M16 l11 y14 l14 h11 l11 m12 l11 a11 ls3 d22 l21 M26 l21 y24 l24 h21 l21 m22 l21 a21	
ar	y_MMMM_d_j_mm	month	6 \u0645\u0627\u0631\u0633 2023 \u0641\u064a 9:04 \u0635 \u2013 9 \u0645\u0627\u064a\u0648 2023 \u0641\u064a 3:07 \u0645	d11 l11 M14 l11 y14 l14 h11 l11 m12 l11 a11 ls3 d21 l21 M24 l21 y24 l24 h21 l21 m22 l21 a21	
ar	y_MMMM_d_j_mm	year	24 \u062f\u064a\u0633\u0645\u0628\u0631 2022 \u0641\u064a 3:07 \u0645 \u2013 6 \u0645\u0627\u0631\u0633 2023 \u0641\u064a 9:04 \u0635	d12 l11 M16 l11 y14 l14 h11 l11 m12 l11 a11 ls3 d21 l21 M24 l21 y24 l24 h21 l21 m22 l21 a21	
ar	y_M_d_j_mm_ss	minute	24\u200f/12\u200f/2022\u060c 3:07:09 \u0645 \u2013 3:42:31 \u0645	ds2 ls2 Ms2 ls2 ys4 ls2 h11 l11 m12 l11 s12 l11 a11 ls3 h21 l21 m22 l21 s22 l21 a21	
ar	y_M_d_j_mm_ss	hour	24\u200f/12\u200f/2022\u060c 1:04:05 \u0645 \u2013 5:42:31 \u0645	ds2 ls2 Ms2 ls2 ys4 ls2 h11 l11 m12 l11 s12 l11 a11 ls3 h21 l21 m22 l21 s22 l21 a21	
ar	y_M_d_j_mm_ss	ampm	24\u200f/12\u200f/2022\u060c 9:04:05 \u0635 \u2013 3:07:09 \u0645	ds2 ls2 Ms2 ls2 ys4 ls2 h11 l11 m12 l11 s12 l11 a11 ls3 h21 l21 m22 l21 s22 l21 a21	
ar	y_M_d_j_mm_ss	day	24\u200f/12\u200f/2022\u060c 3:07:09 \u0645 \u2013 27\u200f/12\u200f/2022\u060c 9:04:05 \u0635	d12 l12 M12 l12 y14 l12 h11 l11 m12 l11 s12 l11 a11 ls3 d22 l22 M22 l22 y24 l22 h21 l21 m22 l21 s22 l21 a21	
ar	y_M_d_j_mm_ss	month	6\u200f/3\u200f/2023\u060c 9:04:05 \u0635 \u2013 9\u200f/5\u200f/2023\u060c 3:07:09 \u0645	d11 l12 M11 l12 y14 l12 h11 l11 m12 l11 s12 l11 a11 ls3 d21 l22 M21 l22 y24 l22 h21 l21 m22 l21 s22 l21 a21	
ar	y_M_d_j_mm_ss	year	24\u200f/12\u200f/2022\u060c 3:07:09 \u0645 \u2013 6\u200f/3\u200f/2023\u060c 9:04:05 \u0635	d12 l12 M12 l12 y14 l12 h11 l11 m12 l11 s12 l11 a11 ls3 d21 l22 M21 l22 y24 l22 h21 l21 m22 l21 s22 l21 a21	
bg	E_d_MMMM	ampm	\u0441\u0431, 24 \u0434\u0435\u043a\u0435\u043c\u0432\u0440\u0438	Es2 ls2 ds2 ls1 Ms8	
bg	E_d_MMMM	day	\u0441\u0431, 24 \u0434\u0435\u043a\u0435\u043c\u0432\u0440\u0438 \u2013 \u0432\u0442, 27 \u0434\u0435\u043a\u0435\u043c\u0432\u0440\u0438	E12 l12 d12 l11 M18 ls3 E22 l22 d22 l21 M28	
bg	E_d_MMMM	month	\u043f\u043d, 6 \u043c\u0430\u0440\u0442 \u2013 \u0432\u0442, 9 \u043c\u0430\u0439	E12 l12 d11 l11 M14 ls3 E22 l22 d21 l21 M23	
bg	E_d_MMMM	year	\u0441\u0431, 24 \u0434\u0435\u043a\u0435\u043c\u0432\u0440\u0438 2022 \u0433. \u2013 \u043f\u043d, 6 \u043c\u0430\u0440\u0442 2023 \u0433.	E12 l12 d12 l11 M18 l11 y14 ls6 E22 l22 d21 l21 M24 l21 y24 ls3	
bg	EEEE_y_MMMM_d	ampm	\u0441\u044a\u0431\u043e\u0442\u0430, 24 \u0434\u0435\u043a\u0435\u043c\u0432\u0440\u0438 2022 \u0433.	Es6 ls2 ds2 ls1 Ms8 ls1 ys4 ls3	
bg	EEEE_y_MMMM_d	day	\u0441\u044a\u0431\u043e\u0442\u0430, 24 \u0434\u0435\u043a\u0435\u043c\u0432\u0440\u0438 \u2013 \u0432\u0442\u043e\u0440\u043d\u0438\u043a, 27 \u0434\u0435\u043a\u0435\u043c\u0432\u0440\u0438 2022 \u0433.	E16 l12 d12 l11 M18 ls3 E27 l22 d22 l21 M28 ls1 ys4 ls3	
bg	EEEE_y_MMMM_d	month	\u043f\u043e\u043d\u0435\u0434\u0435\u043b\u043d\u0438\u043a, 6 \u043c\u0430\u0440\u0442 \u2013 \u0432\u0442\u043e\u0440\u043d\u0438\u043a, 9 \u043c\u0430\u0439 2023 \u0433.	E110 l12 d11 l11 M14 ls3 E27 l22 d21 l21 M23 ls1 ys4 ls3	
bg	EEEE_y_MMMM_d	year	\u0441\u044a\u0431\u043e\u0442\u0430, 24 \u0434\u0435\u043a\u0435\u043c\u0432\u0440\u0438 2022 \u0433. \u2013 \u043f\u043e\u043d\u0435\u0434\u0435\u043b\u043d\u0438\u043a, 6 \u043c\u0430\u0440\u0442 2023 \u0433.	E16 l12 d12 l11 M18 l11 y14 ls6 E210 l22 d21 l21 M24 l21 y24 ls3	
bg	y_MMMM	ampm	\u0434\u0435\u043a\u0435\u043c\u0432\u0440\u0438 2022 \u0433.	Ms8 ls1 ys4 ls3	
bg	y_MMMM	day	\u0434\u0435\u043a\u0435\u043c\u0432\u0440\u0438 2022 \u0433.	Ms8 ls1 ys4 ls3	
bg	y_MMMM	month	\u043c\u0430\u0440\u0442 \u2013 \u043c\u0430\u0439 2023 \u0433.	M14 ls3 M23 ls1 ys4 ls3	
bg	y_MMMM	year	\u0434\u0435\u043a\u0435\u043c\u0432\u0440\u0438 2022 \u0433. \u2013 \u043c\u0430\u0440\u0442 2023 \u0433.	M18 l11 y14 ls6 M24 l21 y24 ls3	
bg	y_MMM_d	ampm	24.12.2022 \u0433.	ds2 ls1 Ms2 ls1 ys4 ls3	
bg	y_MMM_d	day	24.12 \u2013 27.12.2022 \u0433.	d12 l11 M12 ls3 d22 l21 M22 ls1 ys4 ls3	
bg	y_MMM_d	month	6.03 \u2013 9.05.2023 \u0433.	d11 l11 M12 ls3 d21 l21 M22 ls1 ys4 ls3	
bg	y_MMM_d	year	24.12.2022 \u0433. \u2013 6.03.2023 \u0433.	d12 l11 M12 l11 y14 ls6 d21 l21 M22 l21 y24 ls3	
bg	MMM_d	ampm	24.12	ds2 ls1 Ms2	
bg	MMM_d	day	24.12 \u2013 27.12	d12 l11 M12 ls3 d22 l21 M22	
bg	MMM_d	month	6.03 \u2013 9.05	d11 l11 M12 ls3 d21 l21 M22	
bg	MMM_d	year	24.12.2022 \u0433. \u2013 6.03.2023 \u0433.	d12 l11 M12 l11 y14 ls6 d21 l21 M22 l21 y24 ls3	
bg	y_M_d	ampm	24.12.2022 \u0433.	ds2 ls1 Ms2 ls1 ys4 ls3	
bg	y_M_d	day	24.12 \u2013 27.12.2022 \u0433.	d12 l11 M12 ls3 d22 l21 M22 ls1 ys4 ls3	
bg	y_M_d	month	6.03 \u2013 9.05.2023 \u0433.	d11 l11 M12 ls3 d21 l21 M22 ls1 ys4 ls3	
bg	y_M_d	year	24.12.2022 \u0433. \u2013 6.03.2023 \u0433.	d12 l11 M12 l11 y14 ls6 d21 l21 M22 l21 y24 ls3	
bg	yy_MM_dd	ampm	24.12.22 \u0433.	ds2 ls1 Ms2 ls1 ys2 ls3	
bg	yy_MM_dd	day	24.12 \u2013 27.12.22 \u0433.	d12 l11 M12 ls3 d22 l21 M22 ls1 ys2 ls3	
bg	yy_MM_dd	month	6.03 \u2013 9.05.23 \u0433.	d11 l11 M12 ls3 d21 l21 M22 ls1 ys2 ls3	
bg	yy_MM_dd	year	24.12.22 \u0433. \u2013 6.03.23 \u0433.	d12 l11 M12 l11 y12 ls6 d21 l21 M22 l21 y22 ls3	
bg	MMMM	ampm	\u0434\u0435\u043a\u0435\u043c\u0432\u0440\u0438	Ms8	
bg	MMMM	day	\u0434\u0435\u043a\u0435\u043c\u0432\u0440\u0438	Ms8	
bg	MMMM	month	\u043c\u0430\u0440\u0442 \u2013 \u043c\u0430\u0439	M14 ls3 M23	
bg	MMMM	year	\u0434\u0435\u043a\u0435\u043c\u0432\u0440\u0438 \u2013 \u043c\u0430\u0440\u0442	M18 ls3 M24	
bg	d	ampm	24	ds2	
bg	d	day	24 \u2013 27	d12 ls3 d22	
bg	d	month	6.03 \u2013 9.05	d11 l11 M12 ls3 d21 l21 M22	
bg	d	year	24.12.2022 \u0433. \u2013 6.03.2023 \u0433.	d12 l11 M12 l11 y14 ls6 d21 l21 M22 l21 y24 ls3	
bg	G_y	ampm	2022 \u0433. \u0441\u043b.\u0425\u0440.	ys4 ls4 Gs6	
bg	G_y	day	2022 \u0433. \u0441\u043b.\u0425\u0440.	ys4 ls4 Gs6	
bg	G_y	month	2023 \u0433. \u0441\u043b.\u0425\u0440.	ys4 ls4 Gs6	
bg	G_y	year	2022 \u2013 2023 \u0441\u043b.\u0425\u0440.	y14 ls3 y24 ls1 Gs6	
bg	j_mm	minute	15:07 \u0447. \u2013 15:42 \u0447.	h12 l11 m12 ls6 h22 l21 m22 ls3	
bg	j_mm	hour	13:04 \u0447. \u2013 17:42 \u0447.	h12 l11 m12 ls6 h22 l21 m22 ls3	
bg	j_mm	ampm	9:04 \u0447. \u2013 15:07 \u0447.	h11 l11 m12 ls6 h22 l21 m22 ls3	
bg	j_mm	day	24.12.2022 \u0433., 15:07 \u2013 27.12.2022 \u0433., 9:04	d12 l11 M12 l11 y14 l15 h12 l11 m12 ls3 d22 l21 M22 l21 y24 l25 h21 l21 m22	
bg	j_mm	month	6.03.2023 \u0433., 9:04 \u2013 9.05.2023 \u0433., 15:07	d11 l11 M12 l11 y14 l15 h11 l11 m12 ls3 d21 l21 M22 l21 y24 l25 h22 l21 m22	
bg	j_mm	year	24.12.2022 \u0433., 15:07 \u2013 6.03.2023 \u0433., 9:04	d12 l11 M12 l11 y14 l15 h12 l11 m12 ls3 d21 l21 M22 l21 y24 l25 h21 l21 m22	
bg	H_mm_h23	minute	15:07 \u0447. \u2013 15:42 \u0447.	h12 l11 m12 ls6 h22 l21 m22 ls3	
bg	H_mm_h23	hour	13:04 \u0447. \u2013 17:42 \u0447.	h12 l11 m12 ls6 h22 l21 m22 ls3	
bg	H_mm_h23	ampm	9:04 \u0447. \u2013 15:07 \u0447.	h11 l11 m12 ls6 h22 l21 m22 ls3	
bg	H_mm_h23	day	24.12.2022 \u0433., 15:07 \u2013 27.12.2022 \u0433., 9:04	d12 l11 M12 l11 y14 l15 h12 l11 m12 ls3 d22 l21 M22 l21 y24 l25 h21 l21 m22	
bg	H_mm_h23	month	6.03.2023 \u0433., 9:04 \u2013 9.05.2023 \u0433., 15:07	d11 l11 M12 l11 y14 l15 h11 l11 m12 ls3 d21 l21 M22 l21 y24 l25 h22 l21 m22	
bg	H_mm_h23	year	24.12.2022 \u0433., 15:07 \u2013 6.03.2023 \u0433., 9:04	d12 l11 M12 l11 y14 l15 h12 l11 m12 ls3 d21 l21 M22 l21 y24 l25 h21 l21 m22	
bg	j_mm_ss	minute	15:07:09 \u2013 15:42:31	h12 l11 m12 l11 s12 ls3 h22 l21 m22 l21 s22	
bg	j_mm_ss	hour	13:04:05 \u2013 17:42:31	h12 l11 m12 l11 s12 ls3 h22 l21 m22 l21 s22	
bg	j_mm_ss	ampm	9:04:05 \u2013 15:07:09	h11 l11 m12 l11 s12 ls3 h22 l21 m22 l21 s22	
bg	j_mm_ss	day	24.12.2022 \u0433., 15:07:09 \u2013 27.12.2022 \u0433., 9:04:05	d12 l11 M12 l11 y14 l15 h12 l11 m12 l11 s12 ls3 d22 l21 M22 l21 y24 l25 h21 l21 m22 l21 s22	
bg	j_mm_ss	month	6.03.2023 \u0433., 9:04:05 \u2013 9.05.2023 \u0433., 15:07:09	d11 l11 M12 l11 y14 l15 h11 l11 m12 l11 s12 ls3 d21 l21 M22 l21 y24 l25 h22 l21 m22 l21 s22	
bg	j_mm_ss	year	24.12.2022 \u0433., 15:07:09 \u2013 6.03.2023 \u0433., 9:04:05	d12 l11 M12 l11 y14 l15 h12 l11 m12 l11 s12 ls3 d21 l21 M22 l21 y24 l25 h21 l21 m22 l21 s22	
bg	y_MMMM_d_j_mm	minute	24 \u0434\u0435\u043a\u0435\u043c\u0432\u0440\u0438 2022 \u0433., 15:07 \u0447. \u2013 15:42 \u0447.	ds2 ls1 Ms8 ls1 ys4 ls5 h12 l11 m12 ls6 h22 l21 m22 ls3	
bg	y_MMMM_d_j_mm	hour	24 \u0434\u0435\u043a\u0435\u043c\u0432\u0440\u0438 2022 \u0433., 13:04 \u0447. \u2013 17:42 \u0447.	ds2 ls1 Ms8 ls1 ys4 ls5 h12 l11 m12 ls6 h22 l21 m22 ls3	
bg	y_MMMM_d_j_mm	ampm	24 \u0434\u0435\u043a\u0435\u043c\u0432\u0440\u0438 2022 \u0433., 9:04 \u0447. \u2013 15:07 \u0447.	ds2 ls1 Ms8 ls1 ys4 ls5 h11 l11 m12 ls6 h22 l21 m22 ls3	
bg	y_MMMM_d_j_mm	day	24 \u0434\u0435\u043a\u0435\u043c\u0432\u0440\u0438 2022 \u0433. \u0432 15:07 \u2013 27 \u0434\u0435\u043a\u0435\u043c\u0432\u0440\u0438 2022 \u0433. \u0432 9:04	d12 l11 M18 l11 y14 l16 h12 l11 m12 ls3 d22 l21 M28 l21 y24 l26 h21 l21 m22	
bg	y_MMMM_d_j_mm	month	6 \u043c\u0430\u0440\u0442 2023 \u0433. \u0432 9:04 \u2013 9 \u043c\u0430\u0439 2023 \u0433. \u0432 15:07	d11 l11 M14 l11 y14 l16 h11 l11 m12 ls3 d21 l21 M23 l21 y24 l26 h22 l21 m22	
bg	y_MMMM_d_j_mm	year	24 \u0434\u0435\u043a\u0435\u043c\u0432\u0440\u0438 2022 \u0433. \u0432 15:07 \u2013 6 \u043c\u0430\u0440\u0442 2023 \u0433. \u0432 9:04	d12 l11 M18 l11 y14 l16 h12 l11 m12 ls3 d21 l21 M24 l21 y24 l26 h21 l21 m22	
bg	y_M_d_j_mm_ss	minute	24.12.2022 \u0433., 15:07:09 \u2013 15:42:31	ds2 ls1 Ms2 ls1 ys4 ls5 h12 l11 m12 l11 s12 ls3 h22 l21 m22 l21 s22	
bg	y_M_d_j_mm_ss	hour	24.12.2022 \u0433., 13:04:05 \u2013 17:42:31	ds2 ls1 Ms2 ls1 ys4 ls5 h12 l11 m12 l11 s12 ls3 h22 l21 m22 l21 s22	
bg	y_M_d_j_mm_ss	ampm	24.12.2022 \u0433., 9:04:05 \u2013 15:07:09	ds2 ls1 Ms2 ls1 ys4 ls5 h11 l11 m12 l11 s12 ls3 h22 l21 m22 l21 s22	
bg	y_M_d_j_mm_ss	day	24.12.2022 \u0433., 15:07:09 \u2013 27.12.2022 \u0433., 9:04:05	d12 l11 M12 l11 y14 l15 h12 l11 m12 l11 s12 ls3 d22 l21 M22 l21 y24 l25 h21 l21 m22 l21 s22	
bg	y_M_d_j_mm_ss	month	6.03.2023 \u0433., 9:04:05 \u2013 9.05.2023 \u0433., 15:07:09	d11 l11 M12 l11 y14 l15 h11 l11 m12 l11 s12 ls3 d21 l21 M22 l21 y24 l25 h22 l21 m22 l21 s22	
bg	y_M_d_j_mm_ss	year	24.12.2022 \u0433., 15:07:09 \u2013 6.03.2023 \u0433., 9:04:05	d12 l11 M12 l11 y14 l15 h12 l11 m12 l11 s12 ls3 d21 l21 M22 l21 y24 l25 h21 l21 m22 l21 s22	
bn	E_d_MMMM	ampm	\u09b6\u09a8\u09bf 24 \u09a1\u09bf\u09b8\u09c7\u09ae\u09cd\u09ac\u09b0	Es3 ls1 ds2 ls1 Ms8	
bn	E_d_MMMM	day	\u09b6\u09a8\u09bf, 24 \u09a1\u09bf\u09b8\u09c7\u09ae\u09cd\u09ac\u09b0 \u2013 \u09ae\u0999\u09cd\u0997\u09b2, 27 \u09a1\u09bf\u09b8\u09c7\u09ae\u09cd\u09ac\u09b0	E13 l12 d12 l11 M18 ls3 E25 l22 d22 l21 M28	
bn	E_d_MMMM	month	\u09b8\u09cb\u09ae, 6 \u09ae\u09be\u09b0\u09cd\u099a \u2013 \u09ae\u0999\u09cd\u0997\u09b2, 9 \u09ae\u09c7	E13 l12 d11 l11 M15 ls3 E25 l22 d21 l21 M22	
bn	E_d_MMMM	year	\u09b6\u09a8\u09bf, 24 \u09a1\u09bf\u09b8\u09c7\u09ae\u09cd\u09ac\u09b0, 2022 \u2013 \u09b8\u09cb\u09ae, 6 \u09ae\u09be\u09b0\u09cd\u099a, 2023	E13 l12 d12 l11 M18 l12 y14 ls3 E23 l22 d21 l21 M25 l22 y24	
bn	EEEE_y_MMMM_d	ampm	\u09b6\u09a8\u09bf\u09ac\u09be\u09b0, 24 \u09a1\u09bf\u09b8\u09c7\u09ae\u09cd\u09ac\u09b0, 2022	Es6 ls2 ds2 ls1 Ms8 ls2 ys4	
bn	EEEE_y_MMMM_d	day	\u09b6\u09a8\u09bf\u09ac\u09be\u09b0, 24 \u09a1\u09bf\u09b8\u09c7\u09ae\u09cd\u09ac\u09b0 \u2013 \u09ae\u0999\u09cd\u0997\u09b2\u09ac\u09be\u09b0, 27 \u09a1\u09bf\u09b8\u09c7\u09ae\u09cd\u09ac\u09b0, 2022	E16 l12 d12 l11 M18 ls3 E28 l22 d22 l21 M28 ls2 ys4	
bn	EEEE_y_MMMM_d	month	\u09b8\u09cb\u09ae\u09ac\u09be\u09b0, 6 \u09ae\u09be\u09b0\u09cd\u099a \u2013 \u09ae\u0999\u09cd\u0997\u09b2\u09ac\u09be\u09b0, 9 \u09ae\u09c7, 2023	E16 l12 d11 l11 M15 ls3 E28 l22 d21 l21 M22 ls2 ys4	
bn	EEEE_y_MMMM_d	year	\u09b6\u09a8\u09bf\u09ac\u09be\u09b0, 24 \u09a1\u09bf\u09b8\u09c7\u09ae\u09cd\u09ac\u09b0, 2022 \u2013 \u09b8\u09cb\u09ae\u09ac\u09be\u09b0, 6 \u09ae\u09be\u09b0\u09cd\u099a, 2023	E16 l12 d12 l11 M18 l12 y14 ls3 E26 l22 d21 l21 M25 l22 y24	
bn	y_MMMM	ampm	\u09a1\u09bf\u09b8\u09c7\u09ae\u09cd\u09ac\u09b0 2022	Ms8 ls1 ys4	
bn	y_MMMM	day	\u09a1\u09bf\u09b8\u09c7\u09ae\u09cd\u09ac\u09b0 2022	Ms8 ls1 ys4	
bn	y_MMMM	month	\u09ae\u09be\u09b0\u09cd\u099a\u2013\u09ae\u09c7 2023	M15 ls1 M22 ls1 ys4	
bn	y_MMMM	year	\u09a1\u09bf\u09b8\u09c7\u09ae\u09cd\u09ac\u09b0 2022 \u2013 \u09ae\u09be\u09b0\u09cd\u099a 2023	M18 l11 y14 ls3 M25 l21 y24	
bn	y_MMM_d	ampm	24 \u09a1\u09bf\u09b8\u09c7, 2022	ds2 ls1 Ms4 ls2 ys4	
bn	y_MMM_d	day	24\u201327 \u09a1\u09bf\u09b8\u09c7, 2022	d12 ls1 d22 ls1 Ms4 ls2 ys4	
bn	y_MMM_d	month	6 \u09ae\u09be\u09b0\u09cd\u099a \u2013 9 \u09ae\u09c7, 2023	d11 l11 M15 ls3 d21 l21 M22 ls2 ys4	
bn	y_MMM_d	year	24 \u09a1\u09bf\u09b8\u09c7, 2022 \u2013 6 \u09ae\u09be\u09b0\u09cd\u099a, 2023	d12 l11 M14 l12 y14 ls3 d21 l21 M25 l22 y24	
bn	MMM_d	ampm	24 \u09a1\u09bf\u09b8\u09c7	ds2 ls1 Ms4	
bn	MMM_d	day	24\u201327 \u09a1\u09bf\u09b8\u09c7	d12 ls1 d22 ls1 Ms4	
bn	MMM_d	month	6 \u09ae\u09be\u09b0\u09cd\u099a \u2013 9 \u09ae\u09c7	d11 l11 M15 ls3 d21 l21 M22	
bn	MMM_d	year	24 \u09a1\u09bf\u09b8\u09c7, 2022 \u2013 6 \u09ae\u09be\u09b0\u09cd\u099a, 2023	d12 l11 M14 l12 y14 ls3 d21 l21 M25 l22 y24	
bn	y_M_d	ampm	24/12/2022	ds2 ls1 Ms2 ls1 ys4	
bn	y_M_d	day	24/12/2022 \u2013 27/12/2022	d12 l11 M12 l11 y14 ls3 d22 l21 M22 l21 y24	
bn	y_M_d	month	6/3/2023 \u2013 9/5/2023	d11 l11 M11 l11 y14 ls3 d21 l21 M21 l21 y24	
bn	y_M_d	year	24/12/2022 \u2013 6/3/2023	d12 l11 M12 l11 y14 ls3 d21 l21 M21 l21 y24	
bn	yy_MM_dd	ampm	24/12/22	ds2 ls1 Ms2 ls1 ys2	
bn	yy_MM_dd	day	24/12/22 \u2013 27/12/22	d12 l11 M12 l11 y12 ls3 d22 l21 M22 l21 y22	
bn	yy_MM_dd	month	6/3/23 \u2013 9/5/23	d11 l11 M11 l11 y12 ls3 d21 l21 M21 l21 y22	
bn	yy_MM_dd	year	24/12/22 \u2013 6/3/23	d12 l11 M12 l11 y12 ls3 d21 l21 M21 l21 y22	
bn	MMMM	ampm	\u09a1\u09bf\u09b8\u09c7\u09ae\u09cd\u09ac\u09b0	Ms8	
bn	MMMM	day	\u09a1\u09bf\u09b8\u09c7\u09ae\u09cd\u09ac\u09b0	Ms8	
bn	MMMM	month	\u09ae\u09be\u09b0\u09cd\u099a \u2013 \u09ae\u09c7	M15 ls3 M22	
bn	MMMM	year	\u09a1\u09bf\u09b8\u09c7\u09ae\u09cd\u09ac\u09b0 \u2013 \u09ae\u09be\u09b0\u09cd\u099a	M18 ls3 M25	
bn	d	ampm	24	ds2	
bn	d	day	24\u201327	d12 ls1 d22	
bn	d	month	6/3 \u2013 9/5	d11 l11 M11 ls3 d21 l21 M21	
bn	d	year	24/12/2022 \u2013 6/3/2023	d12 l11 M12 l11 y14 ls3 d21 l21 M21 l21 y24	
bn	G_y	ampm	2022 \u0996\u09c3\u09b7\u09cd\u099f\u09be\u09ac\u09cd\u09a6	ys4 ls1 Gs9	
bn	G_y	day	2022 \u0996\u09c3\u09b7\u09cd\u099f\u09be\u09ac\u09cd\u09a6	ys4 ls1 Gs9	
bn	G_y	month	2023 \u0996\u09c3\u09b7\u09cd\u099f\u09be\u09ac\u09cd\u09a6	ys4 ls1 Gs9	
bn	G_y	year	2022 \u2013 2023 \u0996\u09c3\u09b7\u09cd\u099f\u09be\u09ac\u09cd\u09a6	y14 ls3 y24 ls1 Gs9	
bn	j_mm	minute	3:07\u20133:42 PM	h11 l11 m12 ls1 h21 l21 m22 ls1 as2	
bn	j_mm	hour	1:04\u20135:42 PM	h11 l11 m12 ls1 h21 l21 m22 ls1 as2	
bn	j_mm	ampm	9:04 AM \u2013 3:07 PM	h11 l11 m12 l11 a12 ls3 h21 l21 m22 l21 a22	
bn	j_mm	day	24/12/2022, 3:07 PM \u2013 27/12/2022, 9:04 AM	d12 l11 M12 l11 y14 l12 h11 l11 m12 l11 a12 ls3 d22 l21 M22 l21 y24 l22 h21 l21 m22 l21 a22	
bn	j_mm	month	6/3/2023, 9:04 AM \u2013 9/5/2023, 3:07 PM	d11 l11 M11 l11 y14 l12 h11 l11 m12 l11 a12 ls3 d21 l21 M21 l21 y24 l22 h21 l21 m22 l21 a22	
bn	j_mm	year	24/12/2022, 3:07 PM \u2013 6/3/2023, 9:04 AM	d12 l11 M12 l11 y14 l12 h11 l11 m12 l11 a12 ls3 d21 l21 M21 l21 y24 l22 h21 l21 m22 l21 a22	
bn	H_mm_h23	minute	15:07\u201315:42	h12 l11 m12 ls1 h22 l21 m22	
bn	H_mm_h23	hour	13:04\u201317:42	h12 l11 m12 ls1 h22 l21 m22	
bn	H_mm_h23	ampm	09:04\u201315:07	h12 l11 m12 ls1 h22 l21 m22	
bn	H_mm_h23	day	24/12/2022, 15:07 \u2013 27/12/2022, 09:04	d12 l11 M12 l11 y14 l12 h12 l11 m12 ls3 d22 l21 M22 l21 y24 l22 h22 l21 m22	
bn	H_mm_h23	month	6/3/2023, 09:04 \u2013 9/5/2023, 15:07	d11 l11 M11 l11 y14 l12 h12 l11 m12 ls3 d21 l21 M21 l21 y24 l22 h22 l21 m22	
bn	H_mm_h23	year	24/12/2022, 15:07 \u2013 6/3/2023, 09:04	d12 l11 M12 l11 y14 l12 h12 l11 m12 ls3 d21 l21 M21 l21 y24 l22 h22 l21 m22	
bn	j_mm_ss	minute	3:07:09 PM \u2013 3:42:31 PM	h11 l11 m12 l11 s12 l11 a12 ls3 h21 l21 m22 l21 s22 l21 a22	
bn	j_mm_ss	hour	1:04:05 PM \u2013 5:42:31 PM	h11 l11 m12 l11 s12 l11 a12 ls3 h21 l21 m22 l21 s22 l21 a22	
bn	j_mm_ss	ampm	9:04:05 AM \u2013 3:07:09 PM	h11 l11 m12 l11 s12 l11 a12 ls3 h21 l21 m22 l21 s22 l21 a22	
bn	j_mm_ss	day	24/12/2022, 3:07:09 PM \u2013 27/12/2022, 9:04:05 AM	d12 l11 M12 l11 y14 l12 h11 l11 m12 l11 s12 l11 a12 ls3 d22 l21 M22 l21 y24 l22 h21 l21 m22 l21 s22 l21 a22	
bn	j_mm_ss	month	6/3/2023, 9:04:05 AM \u2013 9/5/2023, 3:07:09 PM	d11 l11 M11 l11 y14 l12 h11 l11 m12 l11 s12 l11 a12 ls3 d21 l21 M21 l21 y24 l22 h21 l21 m22 l21 s22 l21 a22	
bn	j_mm_ss	year	24/12/2022, 3:07:09 PM \u2013 6/3/2023, 9:04:05 AM	d12 l11 M12 l11 y14 l12 h11 l11 m12 l11 s12 l11 a12 ls3 d21 l21 M21 l21 y24 l22 h21 l21 m22 l21 s22 l21 a22	
bn	y_MMMM_d_j_mm	minute	24 \u09a1\u09bf\u09b8\u09c7\u09ae\u09cd\u09ac\u09b0, 2022 3:07\u20133:42 PM	ds2 ls1 Ms8 ls2 ys4 ls1 h11 l11 m12 ls1 h21 l21 m22 ls1 as2	
bn	y_MMMM_d_j_mm	hour	24 \u09a1\u09bf\u09b8\u09c7\u09ae\u09cd\u09ac\u09b0, 2022 1:04\u20135:42 PM	ds2 ls1 Ms8 ls2 ys4 ls1 h11 l11 m12 ls1 h21 l21 m22 ls1 as2	
bn	y_MMMM_d_j_mm	ampm	24 \u09a1\u09bf\u09b8\u09c7\u09ae\u09cd\u09ac\u09b0, 2022 9:04 AM \u2013 3:07 PM	ds2 ls1 Ms8 ls2 ys4 ls1 h11 l11 m12 l11 a12 ls3 h21 l21 m22 l21 a22	
bn	y_MMMM_d_j_mm	day	24 \u09a1\u09bf\u09b8\u09c7\u09ae\u09cd\u09ac\u09b0, 2022 \u098f 3:07 PM \u2013 27 \u09a1\u09bf\u09b8\u09c7\u09ae\u09cd\u09ac\u09b0, 2022 \u098f 9:04 AM	d12 l11 M18 l12 y14 l13 h11 l11 m12 l11 a12 ls3 d22 l21 M28 l22 y24 l23 h21 l21 m22 l21 a22	
bn	y_MMMM_d_j_mm	month	6 \u09ae\u09be\u09b0\u09cd\u099a, 2023 \u098f 9:04 AM \u2013 9 \u09ae\u09c7, 2023 \u098f 3:07 PM	d11 l11 M15 l12 y14 l13 h11 l11 m12 l11 a12 ls3 d21 l21 M22 l22 y24 l23 h21 l21 m22 l21 a22	
bn	y_MMMM_d_j_mm	year	24 \u09a1\u09bf\u09b8\u09c7\u09ae\u09cd\u09ac\u09b0, 2022 \u098f 3:07 PM \u2013 6 \u09ae\u09be\u09b0\u09cd\u099a, 2023 \u098f 9:04 AM	d12 l11 M18 l12 y14 l13 h11 l11 m12 l11 a12 ls3 d21 l21 M25 l22 y24 l23 h21 l21 m22 l21 a22	
bn	y_M_d_j_mm_ss	minute	24/12/2022 3:07:09 PM \u2013 3:42:31 PM	ds2 ls1 Ms2 ls1 ys4 ls1 h11 l11 m12 l11 s12 l11 a12 ls3 h21 l21 m22 l21 s22 l21 a22	
bn	y_M_d_j_mm_ss	hour	24/12/2022 1:04:05 PM \u2013 5:42:31 PM	ds2 ls1 Ms2 ls1 ys4 ls1 h11 l11 m12 l11 s12 l11 a12 ls3 h21 l21 m22 l21 s22 l21 a22	
bn	y_M_d_j_mm_ss	ampm	24/12/2022 9:04:05 AM \u2013 3:07:09 PM	ds2 ls1 Ms2 ls1 ys4 ls1 h11 l11 m12 l11 s12 l11 a12 ls3 h21 l21 m22 l21 s22 l21 a22	
bn	y_M_d_j_mm_ss	day	24/12/2022, 3:07:09 PM \u2013 27/12/2022, 9:04:05 AM	d12 l11 M12 l11 y14 l12 h11 l11 m12 l11 s12 l11 a12 ls3 d22 l21 M22 l21 y24 l22 h21 l21 m22 l21 s22 l21 a22	
bn	y_M_d_j_mm_ss	month	6/3/2023, 9:04:05 AM \u2013 9/5/2023, 3:07:09 PM	d11 l11 M11 l11 y14 l12 h11 l11 m12 l11 s12 l11 a12 ls3 d21 l21 M21 l21 y24 l22 h21 l21 m22 l21 s22 l21 a22	
bn	y_M_d_j_mm_ss	year	24/12/2022, 3:07:09 PM \u2013 6/3/2023, 9:04:05 AM	d12 l11 M12 l11 y14 l12 h11 l11 m12 l11 s12 l11 a12 ls3 d21 l21 M21 l21 y24 l22 h21 l21 m22 l21 s22 l21 a22	
ca	E_d_MMMM	ampm	ds., 24 de desembre	Es3 ls2 ds2 ls1 Ms11	
ca	E_d_MMMM	day	ds., 24 \u2013 dt., 27 de desembre	E13 l12 d12 ls3 E23 l22 d22 ls1 Ms11	
ca	E_d_MMMM	month	dl., 6 de mar\u00e7 \u2013 dt., 9 de maig	E13 l12 d11 l11 M17 ls3 E23 l22 d21 l21 M27	
ca	E_d_MMMM	year	ds., 24 de desembre 2022 \u2013 dl., 6 de mar\u00e7 2023	E13 l12 d12 l11 M111 l11 y14 ls3 E23 l22 d21 l21 M27 l21 y24	
ca	EEEE_y_MMMM_d	ampm	dissabte, 24 de desembre del 2022	Es8 ls2 ds2 ls1 Ms11 ls5 ys4	
ca	EEEE_y_MMMM_d	day	dissabte, 24 \u2013 dimarts, 27 de desembre del 2022	E18 l12 d12 ls3 E27 l22 d22 ls1 Ms11 ls5 ys4	
ca	EEEE_y_MMMM_d	month	dilluns, 6 de mar\u00e7 \u2013 dimarts, 9 de maig del 2023	E17 l12 d11 l11 M17 ls3 E27 l22 d21 l21 M27 ls5 ys4	
ca	EEEE_y_MMMM_d	year	dissabte, 24 de desembre del 2022 \u2013 dilluns, 6 de mar\u00e7 del 2023	E18 l12 d12 l11 M111 l15 y14 ls3 E27 l22 d21 l21 M27 l25 y24	
ca	y_MMMM	ampm	desembre del 2022	Ms8 ls5 ys4	
ca	y_MMMM	day	desembre del 2022	Ms8 ls5 ys4	
ca	y_MMMM	month	mar\u00e7 del 2023 \u2013 maig del 2023	M14 l15 y14 ls3 M24 l25 y24	
ca	y_MMMM	year	desembre del 2022 \u2013 mar\u00e7 del 2023	M18 l15 y14 ls3 M24 l25 y24	
ca	y_MMM_d	ampm	24 de des. del 2022	ds2 ls1 Ms7 ls5 ys4	
ca	y_MMM_d	day	24\u201327 de des. 2022	d12 ls1 d22 ls1 Ms7 ls1 ys4	
ca	y_MMM_d	month	6 de mar\u00e7 \u2013 9 de maig 2023	d11 l11 M17 ls3 d21 l21 M27 ls1 ys4	
ca	y_MMM_d	year	24 de des. 2022 \u2013 6 de mar\u00e7 2023	d12 l11 M17 l11 y14 ls3 d21 l21 M27 l21 y24	
ca	MMM_d	ampm	24 de des.	ds2 ls1 Ms7	
ca	MMM_d	day	24\u201327 de des.	d12 ls1 d22 ls1 Ms7	
ca	MMM_d	month	6 de mar\u00e7 \u2013 9 de maig	d11 l11 M17 ls3 d21 l21 M27	
ca	MMM_d	year	24 de des. 2022 \u2013 6 de mar\u00e7 2023	d12 l11 M17 l11 y14 ls3 d21 l21 M27 l21 y24	
ca	y_M_d	ampm	24/12/2022	ds2 ls1 Ms2 ls1 ys4	
ca	y_M_d	day	24/12/2022 \u2013 27/12/2022	d12 l11 M12 l11 y14 ls3 d22 l21 M22 l21 y24	
ca	y_M_d	month	6/3/2023 \u2013 9/5/2023	d11 l11 M11 l11 y14 ls3 d21 l21 M21 l21 y24	
ca	y_M_d	year	24/12/2022 \u2013 6/3/2023	d12 l11 M12 l11 y14 ls3 d21 l21 M21 l21 y24	
ca	yy_MM_dd	ampm	24/12/22	ds2 ls1 Ms2 ls1 ys2	
ca	yy_MM_dd	day	24/12/22 \u2013 27/12/22	d12 l11 M12 l11 y12 ls3 d22 l21 M22 l21 y22	
ca	yy_MM_dd	month	6/3/23 \u2013 9/5/23	d11 l11 M11 l11 y12 ls3 d21 l21 M21 l21 y22	
ca	yy_MM_dd	year	24/12/22 \u2013 6/3/23	d12 l11 M12 l11 y12 ls3 d21 l21 M21 l21 y22	
ca	MMMM	ampm	desembre	Ms8	
ca	MMMM	day	desembre	Ms8	
ca	MMMM	month	mar\u00e7 \u2013 maig	M14 ls3 M24	
ca	MMMM	year	desembre \u2013 mar\u00e7	M18 ls3 M24	
ca	d	ampm	24	ds2	
ca	d	day	24\u201327	d12 ls1 d22	
ca	d	month	6/3 \u2013 9/5	d11 l11 M11 ls3 d21 l21 M21	
ca	d	year	24/12/2022 \u2013 6/3/2023	d12 l11 M12 l11 y14 ls3 d21 l21 M21 l21 y24	
ca	G_y	ampm	2022 dC	ys4 ls1 Gs2	
ca	G_y	day	2022 dC	ys4 ls1 Gs2	
ca	G_y	month	2023 dC	ys4 ls1 Gs2	
ca	G_y	year	2022\u20132023 dC	y14 ls1 y24 ls1 Gs2	
ca	j_mm	minute	15:07\u201315:42	h12 l11 m12 ls1 h22 l21 m22	
ca	j_mm	hour	13:04\u201317:42	h12 l11 m12 ls1 h22 l21 m22	
ca	j_mm	ampm	9:04\u201315:07	h11 l11 m12 ls1 h22 l21 m22	
ca	j_mm	day	24/12/2022 15:07 \u2013 27/12/2022 9:04	d12 l11 M12 l11 y14 l11 h12 l11 m12 ls3 d22 l21 M22 l21 y24 l21 h21 l21 m22	
ca	j_mm	month	6/3/2023 9:04 \u2013 9/5/2023 15:07	d11 l11 M11 l11 y14 l11 h11 l11 m12 ls3 d21 l21 M21 l21 y24 l21 h22 l21 m22	
ca	j_mm	year	24/12/2022 15:07 \u2013 6/3/2023 9:04	d12 l11 M12 l11 y14 l11 h12 l11 m12 ls3 d21 l21 M21 l21 y24 l21 h21 l21 m22	
ca	H_mm_h23	minute	15:07\u201315:42	h12 l11 m12 ls1 h22 l21 m22	
ca	H_mm_h23	hour	13:04\u201317:42	h12 l11 m12 ls1 h22 l21 m22	
ca	H_mm_h23	ampm	9:04\u201315:07	h11 l11 m12 ls1 h22 l21 m22	
ca	H_mm_h23	day	24/12/2022 15:07 \u2013 27/12/2022 9:04	d12 l11 M12 l11 y14 l11 h12 l11 m12 ls3 d22 l21 M22 l21 y24 l21 h21 l21 m22	
ca	H_mm_h23	month	6/3/2023 9:04 \u2013 9/5/2023 15:07	d11 l11 M11 l11 y14 l11 h11 l11 m12 ls3 d21 l21 M21 l21 y24 l21 h22 l21 m22	
ca	H_mm_h23	year	24/12/2022 15:07 \u2013 6/3/2023 9:04	d12 l11 M12 l11 y14 l11 h12 l11 m12 ls3 d21 l21 M21 l21 y24 l21 h21 l21 m22	
ca	j_mm_ss	minute	15:07:09 \u2013 15:42:31	h12 l11 m12 l11 s12 ls3 h22 l21 m22 l21 s22	
ca	j_mm_ss	hour	13:04:05 \u2013 17:42:31	h12 l11 m12 l11 s12 ls3 h22 l21 m22 l21 s22	
ca	j_mm_ss	ampm	9:04:05 \u2013 15:07:09	h11 l11 m12 l11 s12 ls3 h22 l21 m22 l21 s22	
ca	j_mm_ss	day	24/12/2022 15:07:09 \u2013 27/12/2022 9:04:05	d12 l11 M12 l11 y14 l11 h12 l11 m12 l11 s12 ls3 d22 l21 M22 l21 y24 l21 h21 l21 m22 l21 s22	
ca	j_mm_ss	month	6/3/2023 9:04:05 \u2013 9/5/2023 15:07:09	d11 l11 M11 l11 y14 l11 h11 l11 m12 l11 s12 ls3 d21 l21 M21 l21 y24 l21 h22 l21 m22 l21 s22	
ca	j_mm_ss	year	24/12/2022 15:07:09 \u2013 6/3/2023 9:04:05	d12 l11 M12 l11 y14 l11 h12 l11 m12 l11 s12 ls3 d21 l21 M21 l21 y24 l21 h21 l21 m22 l21 s22	
ca	y_MMMM_d_j_mm	minute	24 de desembre del 2022, 15:07\u201315:42	ds2 ls1 Ms11 ls5 ys4 ls2 h12 l11 m12 ls1 h22 l21 m22	
ca	y_MMMM_d_j_mm	hour	24 de desembre del 2022, 13:04\u201317:42	ds2 ls1 Ms11 ls5 ys4 ls2 h12 l11 m12 ls1 h22 l21 m22	
ca	y_MMMM_d_j_mm	ampm	24 de desembre del 2022, 9:04\u201315:07	ds2 ls1 Ms11 ls5 ys4 ls2 h11 l11 m12 ls1 h22 l21 m22	
ca	y_MMMM_d_j_mm	day	24 de desembre del 2022, a les 15:07 \u2013 27 de desembre del 2022, a les 9:04	d12 l11 M111 l15 y14 l18 h12 l11 m12 ls3 d22 l21 M211 l25 y24 l28 h21 l21 m22	
ca	y_MMMM_d_j_mm	month	6 de mar\u00e7 del 2023, a les 9:04 \u2013 9 de maig del 2023, a les 15:07	d11 l11 M17 l15 y14 l18 h11 l11 m12 ls3 d21 l21 M27 l25 y24 l28 h22 l21 m22	
ca	y_MMMM_d_j_mm	year	24 de desembre del 2022, a les 15:07 \u2013 6 de mar\u00e7 del 2023, a les 9:04	d12 l11 M111 l15 y14 l18 h12 l11 m12 ls3 d21 l21 M27 l25 y24 l28 h21 l21 m22	
ca	y_M_d_j_mm_ss	minute	24/12/2022, 15:07:09 \u2013 15:42:31	ds2 ls1 Ms2 ls1 ys4 ls2 h12 l11 m12 l11 s12 ls3 h22 l21 m22 l21 s22	
ca	y_M_d_j_mm_ss	hour	24/12/2022, 13:04:05 \u2013 17:42:31	ds2 ls1 Ms2 ls1 ys4 ls2 h12 l11 m12 l11 s12 ls3 h22 l21 m22 l21 s22	
ca	y_M_d_j_mm_ss	ampm	24/12/2022, 9:04:05 \u2013 15:07:09	ds2 ls1 Ms2 ls1 ys4 ls2 h11 l11 m12 l11 s12 ls3 h22 l21 m22 l21 s22	
ca	y_M_d_j_mm_ss	day	24/12/2022 15:07:09 \u2013 27/12/2022 9:04:05	d12 l11 M12 l11 y14 l11 h12 l11 m12 l11 s12 ls3 d22 l21 M22 l21 y24 l21 h21 l21 m22 l21 s22	
ca	y_M_d_j_mm_ss	month	6/3/2023 9:04:05 \u2013 9/5/2023 15:07:09	d11 l11 M11 l11 y14 l11 h11 l11 m12 l11 s12 ls3 d21 l21 M21 l21 y24 l21 h22 l21 m22 l21 s22	
ca	y_M_d_j_mm_ss	year	24/12/2022 15:07:09 \u2013 6/3/2023 9:04:05	d12 l11 M12 l11 y14 l11 h12 l11 m12 l11 s12 ls3 d21 l21 M21 l21 y24 l21 h21 l21 m22 l21 s22	
cs	E_d_MMMM	ampm	so 24. prosince	Es2 ls1 ds2 ls2 Ms8	
cs	E_d_MMMM	day	so 24. 12. \u2013 \u00fat 27. 12.	E12 l11 d12 l12 M12 ls4 E22 l21 d22 l22 M22 ls1	
cs	E_d_MMMM	month	po 6. 3. \u2013 \u00fat 9. 5.	E12 l11 d11 l12 M11 ls4 E22 l21 d21 l22 M21 ls1	
cs	E_d_MMMM	year	so 24. 12. 2022 \u2013 po 6. 3. 2023	E12 l11 d12 l12 M12 l12 y14 ls3 E22 l21 d21 l22 M21 l22 y24	
cs	EEEE_y_MMMM_d	ampm	sobota 24. prosince 2022	Es6 ls1 ds2 ls2 Ms8 ls1 ys4	
cs	EEEE_y_MMMM_d	day	sobota 24. 12. \u2013 \u00fater\u00fd 27. 12. 2022	E16 l11 d12 l12 M12 ls4 E25 l21 d22 l22 M22 ls2 ys4	
cs	EEEE_y_MMMM_d	month	pond\u011bl\u00ed 6. 3. \u2013 \u00fater\u00fd 9. 5. 2023	E17 l11 d11 l12 M11 ls4 E25 l21 d21 l22 M21 ls2 ys4	
cs	EEEE_y_MMMM_d	year	sobota 24. 12. 2022 \u2013 pond\u011bl\u00ed 6. 3. 2023	E16 l11 d12 l12 M12 l12 y14 ls3 E27 l21 d21 l22 M21 l22 y24	
cs	y_MMMM	ampm	prosinec 2022	Ms8 ls1 ys4	
cs	y_MMMM	day	prosinec 2022	Ms8 ls1 ys4	
cs	y_MMMM	month	b\u0159ezen 2023 \u2013 kv\u011bten 2023	M16 l11 y14 ls3 M26 l21 y24	
cs	y_MMMM	year	prosinec 2022 \u2013 b\u0159ezen 2023	M18 l11 y14 ls3 M26 l21 y24	
cs	y_MMM_d	ampm	24. 12. 2022	ds2 ls2 Ms2 ls2 ys4	
cs	y_MMM_d	day	24.12.2022 \u2013 27.12.2022	d12 l11 M12 l11 y14 ls3 d22 l21 M22 l21 y24	
cs	y_MMM_d	month	06.03.2023 \u2013 09.05.2023	d12 l11 M12 l11 y14 ls3 d22 l21 M22 l21 y24	
cs	y_MMM_d	year	24.12.2022 \u2013 06.03.2023	d12 l11 M12 l11 y14 ls3 d22 l21 M22 l21 y24	
cs	MMM_d	ampm	24. 12.	ds2 ls2 Ms2 ls1	
cs	MMM_d	day	24. 12. \u2013 27. 12.	d12 l12 M12 ls4 d22 l22 M22 ls1	
cs	MMM_d	month	6. 3. \u2013 9. 5.	d11 l12 M11 ls4 d21 l22 M21 ls1	
cs	MMM_d	year	24.12.2022 \u2013 06.03.2023	d12 l11 M12 l11 y14 ls3 d22 l21 M22 l21 y24	
cs	y_M_d	ampm	24. 12. 2022	ds2 ls2 Ms2 ls2 ys4	
cs	y_M_d	day	24.12.2022 \u2013 27.12.2022	d12 l11 M12 l11 y14 ls3 d22 l21 M22 l21 y24	
cs	y_M_d	month	06.03.2023 \u2013 09.05.2023	d12 l11 M12 l11 y14 ls3 d22 l21 M22 l21 y24	
cs	y_M_d	year	24.12.2022 \u2013 06.03.2023	d12 l11 M12 l11 y14 ls3 d22 l21 M22 l21 y24	
cs	yy_MM_dd	ampm	24. 12. 22	ds2 ls2 Ms2 ls2 ys2	
cs	yy_MM_dd	day	24.12.22 \u2013 27.12.22	d12 l11 M12 l11 y12 ls3 d22 l21 M22 l21 y22	
cs	yy_MM_dd	month	06.03.23 \u2013 09.05.23	d12 l11 M12 l11 y12 ls3 d22 l21 M22 l21 y22	
cs	yy_MM_dd	year	24.12.22 \u2013 06.03.23	d12 l11 M12 l11 y12 ls3 d22 l21 M22 l21 y22	
cs	MMMM	ampm	prosinec	Ms8	
cs	MMMM	day	prosinec	Ms8	
cs	MMMM	month	b\u0159ezen \u2013 kv\u011bten	M16 ls3 M26	
cs	MMMM	year	prosinec \u2013 b\u0159ezen	M18 ls3 M26	
cs	d	ampm	24.	ds2 ls1	
cs	d	day	24.\u201327.	d12 ls2 d22 ls1	
cs	d	month	6. 3. \u2013 9. 5.	d11 l12 M11 ls4 d21 l22 M21 ls1	
cs	d	year	24.12.2022 \u2013 06.03.2023	d12 l11 M12 l11 y14 ls3 d22 l21 M22 l21 y24	
cs	G_y	ampm	2022 n. l.	ys4 ls1 Gs5	
cs	G_y	day	2022 n. l.	ys4 ls1 Gs5	
cs	G_y	month	2023 n. l.	ys4 ls1 Gs5	
cs	G_y	year	2022\u20132023 n. l.	y14 ls1 y24 ls1 Gs5	
cs	j_mm	minute	15:07\u201315:42	h12 l11 m12 ls1 h22 l21 m22	
cs	j_mm	hour	13:04\u201317:42	h12 l11 m12 ls1 h22 l21 m22	
cs	j_mm	ampm	9:04\u201315:07	h11 l11 m12 ls1 h22 l21 m22	
cs	j_mm	day	24. 12. 2022 15:07 \u2013 27. 12. 2022 9:04	d12 l12 M12 l12 y14 l11 h12 l11 m12 ls3 d22 l22 M22 l22 y24 l21 h21 l21 m22	
cs	j_mm	month	6. 3. 2023 9:04 \u2013 9. 5. 2023 15:07	d11 l12 M11 l12 y14 l11 h11 l11 m12 ls3 d21 l22 M21 l22 y24 l21 h22 l21 m22	
cs	j_mm	year	24. 12. 2022 15:07 \u2013 6. 3. 2023 9:04	d12 l12 M12 l12 y14 l11 h12 l11 m12 ls3 d21 l22 M21 l22 y24 l21 h21 l21 m22	
cs	H_mm_h23	minute	15:07\u201315:42	h12 l11 m12 ls1 h22 l21 m22	
cs	H_mm_h23	hour	13:04\u201317:42	h12 l11 m12 ls1 h22 l21 m22	
cs	H_mm_h23	ampm	9:04\u201315:07	h11 l11 m12 ls1 h22 l21 m22	
cs	H_mm_h23	day	24. 12. 2022 15:07 \u2013 27. 12. 2022 9:04	d12 l12 M12 l12 y14 l11 h12 l11 m12 ls3 d22 l22 M22 l22 y24 l21 h21 l21 m22	
cs	H_mm_h23	month	6. 3. 2023 9:04 \u2013 9. 5. 2023 15:07	d11 l12 M11 l12 y14 l11 h11 l11 m12 ls3 d21 l22 M21 l22 y24 l21 h22 l21 m22	
cs	H_mm_h23	year	24. 12. 2022 15:07 \u2013 6. 3. 2023 9:04	d12 l12 M12 l12 y14 l11 h12 l11 m12 ls3 d21 l22 M21 l22 y24 l21 h21 l21 m22	
cs	j_mm_ss	minute	15:07:09 \u2013 15:42:31	h12 l11 m12 l11 s12 ls3 h22 l21 m22 l21 s22	
cs	j_mm_ss	hour	13:04:05 \u2013 17:42:31	h12 l11 m12 l11 s12 ls3 h22 l21 m22 l21 s22	
cs	j_mm_ss	ampm	9:04:05 \u2013 15:07:09	h11 l11 m12 l11 s12 ls3 h22 l21 m22 l21 s22	
cs	j_mm_ss	day	24. 12. 2022 15:07:09 \u2013 27. 12. 2022 9:04:05	d12 l12 M12 l12 y14 l11 h12 l11 m12 l11 s12 ls3 d22 l22 M22 l22 y24 l21 h21 l21 m22 l21 s22	
cs	j_mm_ss	month	6. 3. 2023 9:04:05 \u2013 9. 5. 2023 15:07:09	d11 l12 M11 l12 y14 l11 h11 l11 m12 l11 s12 ls3 d21 l22 M21 l22 y24 l21 h22 l21 m22 l21 s22	
cs	j_mm_ss	year	24. 12. 2022 15:07:09 \u2013 6. 3. 2023 9:04:05	d12 l12 M12 l12 y14 l11 h12 l11 m12 l11 s12 ls3 d21 l22 M21 l22 y24 l21 h21 l21 m22 l21 s22	
cs	y_MMMM_d_j_mm	minute	24. prosince 2022 15:07\u201315:42	ds2 ls2 Ms8 ls1 ys4 ls1 h12 l11 m12 ls1 h22 l21 m22	
cs	y_MMMM_d_j_mm	hour	24. prosince 2022 13:04\u201317:42	ds2 ls2 Ms8 ls1 ys4 ls1 h12 l11 m12 ls1 h22 l21 m22	
cs	y_MMMM_d_j_mm	ampm	24. prosince 2022 9:04\u201315:07	ds2 ls2 Ms8 ls1 ys4 ls1 h11 l11 m12 ls1 h22 l21 m22	
cs	y_MMMM_d_j_mm	day	24. prosince 2022 v 15:07 \u2013 27. prosince 2022 v 9:04	d12 l12 M18 l11 y14 l13 h12 l11 m12 ls3 d22 l22 M28 l21 y24 l23 h21 l21 m22	
cs	y_MMMM_d_j_mm	month	6. b\u0159ezna 2023 v 9:04 \u2013 9. kv\u011btna 2023 v 15:07	d11 l12 M16 l11 y14 l13 h11 l11 m12 ls3 d21 l22 M26 l21 y24 l23 h22 l21 m22	
cs	y_MMMM_d_j_mm	year	24. prosince 2022 v 15:07 \u2013 6. b\u0159ezna 2023 v 9:04	d12 l12 M18 l11 y14 l13 h12 l11 m12 ls3 d21 l22 M26 l21 y24 l23 h21 l21 m22	
cs	y_M_d_j_mm_ss	minute	24. 12. 2022 15:07:09 \u2013 15:42:31	ds2 ls2 Ms2 ls2 ys4 ls1 h12 l11 m12 l11 s12 ls3 h22 l21 m22 l21 s22	
cs	y_M_d_j_mm_ss	hour	24. 12. 2022 13:04:05 \u2013 17:42:31	ds2 ls2 Ms2 ls2 ys4 ls1 h12 l11 m12 l11 s12 ls3 h22 l21 m22 l21 s22	
cs	y_M_d_j_mm_ss	ampm	24. 12. 2022 9:04:05 \u2013 15:07:09	ds2 ls2 Ms2 ls2 ys4 ls1 h11 l11 m12 l11 s12 ls3 h22 l21 m22 l21 s22	
cs	y_M_d_j_mm_ss	day	24. 12. 2022 15:07:09 \u2013 27. 12. 2022 9:04:05	d12 l12 M12 l12 y14 l11 h12 l11 m12 l11 s12 ls3 d22 l22 M22 l22 y24 l21 h21 l21 m22 l21 s22	
cs	y_M_d_j_mm_ss	month	6. 3. 2023 9:04:05 \u2013 9. 5. 2023 15:07:09	d11 l12 M11 l12 y14 l11 h11 l11 m12 l11 s12 ls3 d21 l22 M21 l22 y24 l21 h22 l21 m22 l21 s22	
cs	y_M_d_j_mm_ss	year	24. 12. 2022 15:07:09 \u2013 6. 3. 2023 9:04:05	d12 l12 M12 l12 y14 l11 h12 l11 m12 l11 s12 ls3 d21 l22 M21 l22 y24 l21 h21 l21 m22 l21 s22	
da	E_d_MMMM	ampm	l\u00f8r. 24. december	Es4 ls1 ds2 ls2 Ms8	
da	E_d_MMMM	day	l\u00f8r. 24.\u2013tirs. 27. december	E14 l11 d12 ls2 E25 l21 d22 ls2 Ms8	
da	E_d_MMMM	month	man. 6. marts\u2013tirs. 9. maj	E14 l11 d11 l12 M15 ls1 E25 l21 d21 l22 M23	
da	E_d_MMMM	year	l\u00f8r. 24. december 2022\u2013man. 6. marts 2023	E14 l11 d12 l12 M18 l11 y14 ls1 E24 l21 d21 l22 M25 l21 y24	
da	EEEE_y_MMMM_d	ampm	l\u00f8rdag den 24. december 2022	Es6 ls5 ds2 ls2 Ms8 ls1 ys4	
da	EEEE_y_MMMM_d	day	l\u00f8rdag 24.\u2013tirsdag 27. december 2022	E16 l11 d12 ls2 E27 l21 d22 ls2 Ms8 ls1 ys4	
da	EEEE_y_MMMM_d	month	mandag 6. marts\u2013tirsdag 9. maj 2023	E16 l11 d11 l12 M15 ls1 E27 l21 d21 l22 M23 ls1 ys4	
da	EEEE_y_MMMM_d	year	l\u00f8rdag 24. december 2022\u2013mandag 6. marts 2023	E16 l11 d12 l12 M18 l11 y14 ls1 E26 l21 d21 l22 M25 l21 y24	
da	y_MMMM	ampm	december 2022	Ms8 ls1 ys4	
da	y_MMMM	day	december 2022	Ms8 ls1 ys4	
da	y_MMMM	month	marts\u2013maj 2023	M15 ls1 M23 ls1 ys4	
da	y_MMMM	year	december 2022\u2013marts 2023	M18 l11 y14 ls1 M25 l21 y24	
da	y_MMM_d	ampm	24. dec. 2022	ds2 ls2 Ms4 ls1 ys4	
da	y_MMM_d	day	24.\u201327. dec. 2022	d12 ls2 d22 ls2 Ms4 ls1 ys4	
da	y_MMM_d	month	6. mar.\u20139. maj 2023	d11 l12 M14 ls1 d21 l22 M23 ls1 ys4	
da	y_MMM_d	year	24. dec. 2022\u20136. mar. 2023	d12 l12 M14 l11 y14 ls1 d21 l22 M24 l21 y24	
da	MMM_d	ampm	24. dec.	ds2 ls2 Ms4	
da	MMM_d	day	24.\u201327. dec.	d12 ls2 d22 ls2 Ms4	
da	MMM_d	month	6. mar.\u20139. maj	d11 l12 M14 ls1 d21 l22 M23	
da	MMM_d	year	24. dec. 2022\u20136. mar. 2023	d12 l12 M14 l11 y14 ls1 d21 l22 M24 l21 y24	
da	y_M_d	ampm	24.12.2022	ds2 ls1 Ms2 ls1 ys4	
da	y_M_d	day	24.12.2022\u201327.12.2022	d12 l11 M12 l11 y14 ls1 d22 l21 M22 l21 y24	
da	y_M_d	month	06.03.2023\u201309.05.2023	d12 l11 M12 l11 y14 ls1 d22 l21 M22 l21 y24	
da	y_M_d	year	24.12.2022\u201306.03.2023	d12 l11 M12 l11 y14 ls1 d22 l21 M22 l21 y24	
da	yy_MM_dd	ampm	24.12.22	ds2 ls1 Ms2 ls1 ys2	
da	yy_MM_dd	day	24.12.22\u201327.12.22	d12 l11 M12 l11 y12 ls1 d22 l21 M22 l21 y22	
da	yy_MM_dd	month	06.03.23\u201309.05.23	d12 l11 M12 l11 y12 ls1 d22 l21 M22 l21 y22	
da	yy_MM_dd	year	24.12.22\u201306.03.23	d12 l11 M12 l11 y12 ls1 d22 l21 M22 l21 y22	
da	MMMM	ampm	december	Ms8	
da	MMMM	day	december	Ms8	
da	MMMM	month	marts\u2013maj	M15 ls1 M23	
da	MMMM	year	december 2022\u2013marts 2023	M18 l11 y14 ls1 M25 l21 y24	
da	d	ampm	24.	ds2 ls1	
da	d	day	24.\u201327.	d12 ls2 d22 ls1	
da	d	month	06.03\u201309.05	d12 l11 M12 ls1 d22 l21 M22	
da	d	year	24.12.2022\u201306.03.2023	d12 l11 M12 l11 y14 ls1 d22 l21 M22 l21 y24	
da	G_y	ampm	2022 e.Kr.	ys4 ls1 Gs5	
da	G_y	day	2022 e.Kr.	ys4 ls1 Gs5	
da	G_y	month	2023 e.Kr.	ys4 ls1 Gs5	
da	G_y	year	2022\u20132023 e.Kr.	y14 ls1 y24 ls1 Gs5	
da	j_mm	minute	15.07\u201315.42	h12 l11 m12 ls1 h22 l21 m22	
da	j_mm	hour	13.04\u201317.42	h12 l11 m12 ls1 h22 l21 m22	
da	j_mm	ampm	09.04\u201315.07	h12 l11 m12 ls1 h22 l21 m22	
da	j_mm	day	24.12.2022, 15.07-27.12.2022, 09.04	d12 l11 M12 l11 y14 l12 h12 l11 m12 ls1 d22 l21 M22 l21 y24 l22 h22 l21 m22	
da	j_mm	month	6.3.2023, 09.04-9.5.2023, 15.07	d11 l11 M11 l11 y14 l12 h12 l11 m12 ls1 d21 l21 M21 l21 y24 l22 h22 l21 m22	
da	j_mm	year	24.12.2022, 15.07-6.3.2023, 09.04	d12 l11 M12 l11 y14 l12 h12 l11 m12 ls1 d21 l21 M21 l21 y24 l22 h22 l21 m22	
da	H_mm_h23	minute	15.07\u201315.42	h12 l11 m12 ls1 h22 l21 m22	
da	H_mm_h23	hour	13.04\u201317.42	h12 l11 m12 ls1 h22 l21 m22	
da	H_mm_h23	ampm	09.04\u201315.07	h12 l11 m12 ls1 h22 l21 m22	
da	H_mm_h23	day	24.12.2022, 15.07-27.12.2022, 09.04	d12 l11 M12 l11 y14 l12 h12 l11 m12 ls1 d22 l21 M22 l21 y24 l22 h22 l21 m22	
da	H_mm_h23	month	6.3.2023, 09.04-9.5.2023, 15.07	d11 l11 M11 l11 y14 l12 h12 l11 m12 ls1 d21 l21 M21 l21 y24 l22 h22 l21 m22	
da	H_mm_h23	year	24.12.2022, 15.07-6.3.2023, 09.04	d12 l11 M12 l11 y14 l12 h12 l11 m12 ls1 d21 l21 M21 l21 y24 l22 h22 l21 m22	
da	j_mm_ss	minute	15.07.09-15.42.31	h12 l11 m12 l11 s12 ls1 h22 l21 m22 l21 s22	
da	j_mm_ss	hour	13.04.05-17.42.31	h12 l11 m12 l11 s12 ls1 h22 l21 m22 l21 s22	
da	j_mm_ss	ampm	09.04.05-15.07.09	h12 l11 m12 l11 s12 ls1 h22 l21 m22 l21 s22	
da	j_mm_ss	day	24.12.2022, 15.07.09-27.12.2022, 09.04.05	d12 l11 M12 l11 y14 l12 h12 l11 m12 l11 s12 ls1 d22 l21 M22 l21 y24 l22 h22 l21 m22 l21 s22	
da	j_mm_ss	month	6.3.2023, 09.04.05-9.5.2023, 15.07.09	d11 l11 M11 l11 y14 l12 h12 l11 m12 l11 s12 ls1 d21 l21 M21 l21 y24 l22 h22 l21 m22 l21 s22	
da	j_mm_ss	year	24.12.2022, 15.07.09-6.3.2023, 09.04.05	d12 l11 M12 l11 y14 l12 h12 l11 m12 l11 s12 ls1 d21 l21 M21 l21 y24 l22 h22 l21 m22 l21 s22	
da	y_MMMM_d_j_mm	minute	24. december 2022 15.07\u201315.42	ds2 ls2 Ms8 ls1 ys4 ls1 h12 l11 m12 ls1 h22 l21 m22	
da	y_MMMM_d_j_mm	hour	24. december 2022 13.04\u201317.42	ds2 ls2 Ms8 ls1 ys4 ls1 h12 l11 m12 ls1 h22 l21 m22	
da	y_MMMM_d_j_mm	ampm	24. december 2022 09.04\u201315.07	ds2 ls2 Ms8 ls1 ys4 ls1 h12 l11 m12 ls1 h22 l21 m22	
da	y_MMMM_d_j_mm	day	24. december 2022 kl. 15.07-27. december 2022 kl. 09.04	d12 l12 M18 l11 y14 l15 h12 l11 m12 ls1 d22 l22 M28 l21 y24 l25 h22 l21 m22	
da	y_MMMM_d_j_mm	month	6. marts 2023 kl. 09.04-9. maj 2023 kl. 15.07	d11 l12 M15 l11 y14 l15 h12 l11 m12 ls1 d21 l22 M23 l21 y24 l25 h22 l21 m22	
da	y_MMMM_d_j_mm	year	24. december 2022 kl. 15.07-6. marts 2023 kl. 09.04	d12 l12 M18 l11 y14 l15 h12 l11 m12 ls1 d21 l22 M25 l21 y24 l25 h22 l21 m22	
da	y_M_d_j_mm_ss	minute	24.12.2022 15.07.09-15.42.31	ds2 ls1 Ms2 ls1 ys4 ls1 h12 l11 m12 l11 s12 ls1 h22 l21 m22 l21 s22	
da	y_M_d_j_mm_ss	hour	24.12.2022 13.04.05-17.42.31	ds2 ls1 Ms2 ls1 ys4 ls1 h12 l11 m12 l11 s12 ls1 h22 l21 m22 l21 s22	
da	y_M_d_j_mm_ss	ampm	24.12.2022 09.04.05-15.07.09	ds2 ls1 Ms2 ls1 ys4 ls1 h12 l11 m12 l11 s12 ls1 h22 l21 m22 l21 s22	
da	y_M_d_j_mm_ss	day	24.12.2022, 15.07.09-27.12.2022, 09.04.05	d12 l11 M12 l11 y14 l12 h12 l11 m12 l11 s12 ls1 d22 l21 M22 l21 y24 l22 h22 l21 m22 l21 s22	
da	y_M_d_j_mm_ss	month	6.3.2023, 09.04.05-9.5.2023, 15.07.09	d11 l11 M11 l11 y14 l12 h12 l11 m12 l11 s12 ls1 d21 l21 M21 l21 y24 l22 h22 l21 m22 l21 s22	
da	y_M_d_j_mm_ss	year	24.12.2022, 15.07.09-6.3.2023, 09.04.05	d12 l11 M12 l11 y14 l12 h12 l11 m12 l11 s12 ls1 d21 l21 M21 l21 y24 l22 h22 l21 m22 l21 s22	
de	E_d_MMMM	ampm	Sa., 24. Dezember	Es3 ls2 ds2 ls2 Ms8	
de	E_d_MMMM	day	Sa., 24. \u2013 Di., 27. Dezember	E13 l12 d12 ls4 E23 l22 d22 ls2 Ms8	
de	E_d_MMMM	month	Mo., 6. M\u00e4rz \u2013 Di., 9. Mai	E13 l12 d11 l12 M14 ls3 E23 l22 d21 l22 M23	
de	E_d_MMMM	year	Sa., 24. Dezember 2022 \u2013 Mo., 6. M\u00e4rz 2023	E13 l12 d12 l12 M18 l11 y14 ls3 E23 l22 d21 l22 M24 l21 y24	
de	EEEE_y_MMMM_d	ampm	Samstag, 24. Dezember 2022	Es7 ls2 ds2 ls2 Ms8 ls1 ys4	
de	EEEE_y_MMMM_d	day	Samstag, 24. \u2013 Dienstag, 27. Dezember 2022	E17 l12 d12 ls4 E28 l22 d22 ls2 Ms8 ls1 ys4	
de	EEEE_y_MMMM_d	month	Montag, 6. M\u00e4rz \u2013 Dienstag, 9. Mai 2023	E16 l12 d11 l12 M14 ls3 E28 l22 d21 l22 M23 ls1 ys4	
de	EEEE_y_MMMM_d	year	Samstag, 24. Dezember 2022 \u2013 Montag, 6. M\u00e4rz 2023	E17 l12 d12 l12 M18 l11 y14 ls3 E26 l22 d21 l22 M24 l21 y24	
de	y_MMMM	ampm	Dezember 2022	Ms8 ls1 ys4	
de	y_MMMM	day	Dezember 2022	Ms8 ls1 ys4	
de	y_MMMM	month	M\u00e4rz\u2013Mai 2023	M14 ls1 M23 ls1 ys4	
de	y_MMMM	year	Dezember 2022 \u2013 M\u00e4rz 2023	M18 l11 y14 ls3 M24 l21 y24	
de	y_MMM_d	ampm	24. Dez. 2022	ds2 ls2 Ms4 ls1 ys4	
de	y_MMM_d	day	24.\u201327. Dez. 2022	d12 ls2 d22 ls2 Ms4 ls1 ys4	
de	y_MMM_d	month	6. M\u00e4rz \u2013 9. Mai 2023	d11 l12 M14 ls3 d21 l22 M23 ls1 ys4	
de	y_MMM_d	year	24. Dez. 2022 \u2013 6. M\u00e4rz 2023	d12 l12 M14 l11 y14 ls3 d21 l22 M24 l21 y24	
de	MMM_d	ampm	24. Dez.	ds2 ls2 Ms4	
de	MMM_d	day	24.\u201327. Dez.	d12 ls2 d22 ls2 Ms4	
de	MMM_d	month	6. M\u00e4rz \u2013 9. Mai	d11 l12 M14 ls3 d21 l22 M23	
de	MMM_d	year	24. Dez. 2022 \u2013 6. M\u00e4rz 2023	d12 l12 M14 l11 y14 ls3 d21 l22 M24 l21 y24	
de	y_M_d	ampm	24.12.2022	ds2 ls1 Ms2 ls1 ys4	
de	y_M_d	day	24.\u201327.12.2022	d12 ls2 d22 ls1 Ms2 ls1 ys4	
de	y_M_d	month	06.03. \u2013 09.05.2023	d12 l11 M12 ls4 d22 l21 M22 ls1 ys4	
de	y_M_d	year	24.12.2022 \u2013 06.03.2023	d12 l11 M12 l11 y14 ls3 d22 l21 M22 l21 y24	
de	yy_MM_dd	ampm	24.12.22	ds2 ls1 Ms2 ls1 ys2	
de	yy_MM_dd	day	24.\u201327.12.22	d12 ls2 d22 ls1 Ms2 ls1 ys2	
de	yy_MM_dd	month	06.03. \u2013 09.05.23	d12 l11 M12 ls4 d22 l21 M22 ls1 ys2	
de	yy_MM_dd	year	24.12.22 \u2013 06.03.23	d12 l11 M12 l11 y12 ls3 d22 l21 M22 l21 y22	
de	MMMM	ampm	Dezember	Ms8	
de	MMMM	day	Dezember	Ms8	
de	MMMM	month	M\u00e4rz \u2013 Mai	M14 ls3 M23	
de	MMMM	year	Dezember \u2013 M\u00e4rz	M18 ls3 M24	
de	d	ampm	24	ds2	
de	d	day	24.\u201327.	d12 ls2 d22 ls1	
de	d	month	06.03. \u2013 09.05.	d12 l11 M12 ls4 d22 l21 M22 ls1	
de	d	year	24.12.2022 \u2013 06.03.2023	d12 l11 M12 l11 y14 ls3 d22 l21 M22 l21 y24	
de	G_y	ampm	2022 n. Chr.	ys4 ls1 Gs7	
de	G_y	day	2022 n. Chr.	ys4 ls1 Gs7	
de	G_y	month	2023 n. Chr.	ys4 ls1 Gs7	
de	G_y	year	2022\u20132023 n. Chr.	y14 ls1 y24 ls1 Gs7	
de	j_mm	minute	15:07\u201315:42 Uhr	h12 l11 m12 ls1 h22 l21 m22 ls4	
de	j_mm	hour	13:04\u201317:42 Uhr	h12 l11 m12 ls1 h22 l21 m22 ls4	
de	j_mm	ampm	09:04\u201315:07 Uhr	h12 l11 m12 ls1 h22 l21 m22 ls4	
de	j_mm	day	24.12.2022, 15:07 \u2013 27.12.2022, 09:04	d12 l11 M12 l11 y14 l12 h12 l11 m12 ls3 d22 l21 M22 l21 y24 l22 h22 l21 m22	
de	j_mm	month	6.3.2023, 09:04 \u2013 9.5.2023, 15:07	d11 l11 M11 l11 y14 l12 h12 l11 m12 ls3 d21 l21 M21 l21 y24 l22 h22 l21 m22	
de	j_mm	year	24.12.2022, 15:07 \u2013 6.3.2023, 09:04	d12 l11 M12 l11 y14 l12 h12 l11 m12 ls3 d21 l21 M21 l21 y24 l22 h22 l21 m22	
de	H_mm_h23	minute	15:07\u201315:42 Uhr	h12 l11 m12 ls1 h22 l21 m22 ls4	
de	H_mm_h23	hour	13:04\u201317:42 Uhr	h12 l11 m12 ls1 h22 l21 m22 ls4	
de	H_mm_h23	ampm	09:04\u201315:07 Uhr	h12 l11 m12 ls1 h22 l21 m22 ls4	
de	H_mm_h23	day	24.12.2022, 15:07 \u2013 27.12.2022, 09:04	d12 l11 M12 l11 y14 l12 h12 l11 m12 ls3 d22 l21 M22 l21 y24 l22 h22 l21 m22	
de	H_mm_h23	month	6.3.2023, 09:04 \u2013 9.5.2023, 15:07	d11 l11 M11 l11 y14 l12 h12 l11 m12 ls3 d21 l21 M21 l21 y24 l22 h22 l21 m22	
de	H_mm_h23	year	24.12.2022, 15:07 \u2013 6.3.2023, 09:04	d12 l11 M12 l11 y14 l12 h12 l11 m12 ls3 d21 l21 M21 l21 y24 l22 h22 l21 m22	
de	j_mm_ss	minute	15:07:09 \u2013 15:42:31	h12 l11 m12 l11 s12 ls3 h22 l21 m22 l21 s22	
de	j_mm_ss	hour	13:04:05 \u2013 17:42:31	h12 l11 m12 l11 s12 ls3 h22 l21 m22 l21 s22	
de	j_mm_ss	ampm	09:04:05 \u2013 15:07:09	h12 l11 m12 l11 s12 ls3 h22 l21 m22 l21 s22	
de	j_mm_ss	day	24.12.2022, 15:07:09 \u2013 27.12.2022, 09:04:05	d12 l11 M12 l11 y14 l12 h12 l11 m12 l11 s12 ls3 d22 l21 M22 l21 y24 l22 h22 l21 m22 l21 s22	
de	j_mm_ss	month	6.3.2023, 09:04:05 \u2013 9.5.2023, 15:07:09	d11 l11 M11 l11 y14 l12 h12 l11 m12 l11 s12 ls3 d21 l21 M21 l21 y24 l22 h22 l21 m22 l21 s22	
de	j_mm_ss	year	24.12.2022, 15:07:09 \u2013 6.3.2023, 09:04:05	d12 l11 M12 l11 y14 l12 h12 l11 m12 l11 s12 ls3 d21 l21 M21 l21 y24 l22 h22 l21 m22 l21 s22	
de	y_MMMM_d_j_mm	minute	24. Dezember 2022, 15:07\u201315:42 Uhr	ds2 ls2 Ms8 ls1 ys4 ls2 h12 l11 m12 ls1 h22 l21 m22 ls4	
de	y_MMMM_d_j_mm	hour	24. Dezember 2022, 13:04\u201317:42 Uhr	ds2 ls2 Ms8 ls1 ys4 ls2 h12 l11 m12 ls1 h22 l21 m22 ls4	
de	y_MMMM_d_j_mm	ampm	24. Dezember 2022, 09:04\u201315:07 Uhr	ds2 ls2 Ms8 ls1 ys4 ls2 h12 l11 m12 ls1 h22 l21 m22 ls4	
de	y_MMMM_d_j_mm	day	24. Dezember 2022 um 15:07 \u2013 27. Dezember 2022 um 09:04	d12 l12 M18 l11 y14 l14 h12 l11 m12 ls3 d22 l22 M28 l21 y24 l24 h22 l21 m22	
de	y_MMMM_d_j_mm	month	6. M\u00e4rz 2023 um 09:04 \u2013 9. Mai 2023 um 15:07	d11 l12 M14 l11 y14 l14 h12 l11 m12 ls3 d21 l22 M23 l21 y24 l24 h22 l21 m22	
de	y_MMMM_d_j_mm	year	24. Dezember 2022 um 15:07 \u2013 6. M\u00e4rz 2023 um 09:04	d12 l12 M18 l11 y14 l14 h12 l11 m12 ls3 d21 l22 M24 l21 y24 l24 h22 l21 m22	
de	y_M_d_j_mm_ss	minute	24.12.2022, 15:07:09 \u2013 15:42:31	ds2 ls1 Ms2 ls1 ys4 ls2 h12 l11 m12 l11 s12 ls3 h22 l21 m22 l21 s22	
de	y_M_d_j_mm_ss	hour	24.12.2022, 13:04:05 \u2013 17:42:31	ds2 ls1 Ms2 ls1 ys4 ls2 h12 l11 m12 l11 s12 ls3 h22 l21 m22 l21 s22	
de	y_M_d_j_mm_ss	ampm	24.12.2022, 09:04:05 \u2013 15:07:09	ds2 ls1 Ms2 ls1 ys4 ls2 h12 l11 m12 l11 s12 ls3 h22 l21 m22 l21 s22	
de	y_M_d_j_mm_ss	day	24.12.2022, 15:07:09 \u2013 27.12.2022, 09:04:05	d12 l11 M12 l11 y14 l12 h12 l11 m12 l11 s12 ls3 d22 l21 M22 l21 y24 l22 h22 l21 m22 l21 s22	
de	y_M_d_j_mm_ss	month	6.3.2023, 09:04:05 \u2013 9.5.2023, 15:07:09	d11 l11 M11 l11 y14 l12 h12 l11 m12 l11 s12 ls3 d21 l21 M21 l21 y24 l22 h22 l21 m22 l21 s22	
de	y_M_d_j_mm_ss	year	24.12.2022, 15:07:09 \u2013 6.3.2023, 09:04:05	d12 l11 M12 l11 y14 l12 h12 l11 m12 l11 s12 ls3 d21 l21 M21 l21 y24 l22 h22 l21 m22 l21 s22	
el	E_d_MMMM	ampm	\u03a3\u03ac\u03b2 24 \u0394\u03b5\u03ba\u03b5\u03bc\u03b2\u03c1\u03af\u03bf\u03c5	Es3 ls1 ds2 ls1 Ms10	
el	E_d_MMMM	day	\u03a3\u03ac\u03b2 24 \u0394\u03b5\u03ba\u03b5\u03bc\u03b2\u03c1\u03af\u03bf\u03c5 \u2013 \u03a4\u03c1\u03af 27 \u0394\u03b5\u03ba\u03b5\u03bc\u03b2\u03c1\u03af\u03bf\u03c5	E13 l11 d12 l11 M110 ls3 E23 l21 d22 l21 M210	
el	E_d_MMMM	month	\u0394\u03b5\u03c5 6 \u039c\u03b1\u03c1\u03c4\u03af\u03bf\u03c5 \u2013 \u03a4\u03c1\u03af 9 \u039c\u03b1\u0390\u03bf\u03c5	E13 l11 d11 l11 M17 ls3 E23 l21 d21 l21 M25	
el	E_d_MMMM	year	\u03a3\u03ac\u03b2 24 \u0394\u03b5\u03ba\u03b5\u03bc\u03b2\u03c1\u03af\u03bf\u03c5 2022 \u2013 \u0394\u03b5\u03c5 6 \u039c\u03b1\u03c1\u03c4\u03af\u03bf\u03c5 2023	E13 l11 d12 l11 M110 l11 y14 ls3 E23 l21 d21 l21 M27 l21 y24	
el	EEEE_y_MMMM_d	ampm	\u03a3\u03ac\u03b2\u03b2\u03b1\u03c4\u03bf 24 \u0394\u03b5\u03ba\u03b5\u03bc\u03b2\u03c1\u03af\u03bf\u03c5 2022	Es7 ls1 ds2 ls1 Ms10 ls1 ys4	
el	EEEE_y_MMMM_d	day	\u03a3\u03ac\u03b2\u03b2\u03b1\u03c4\u03bf 24 \u0394\u03b5\u03ba\u03b5\u03bc\u03b2\u03c1\u03af\u03bf\u03c5 \u2013 \u03a4\u03c1\u03af\u03c4\u03b7 27 \u0394\u03b5\u03ba\u03b5\u03bc\u03b2\u03c1\u03af\u03bf\u03c5 2022	E17 l11 d12 l11 M110 ls3 E25 l21 d22 l21 M210 ls1 ys4	
el	EEEE_y_MMMM_d	month	\u0394\u03b5\u03c5\u03c4\u03ad\u03c1\u03b1 6 \u039c\u03b1\u03c1\u03c4\u03af\u03bf\u03c5 \u2013 \u03a4\u03c1\u03af\u03c4\u03b7 9 \u039c\u03b1\u0390\u03bf\u03c5 2023	E17 l11 d11 l11 M17 ls3 E25 l21 d21 l21 M25 ls1 ys4	
el	EEEE_y_MMMM_d	year	\u03a3\u03ac\u03b2\u03b2\u03b1\u03c4\u03bf 24 \u0394\u03b5\u03ba\u03b5\u03bc\u03b2\u03c1\u03af\u03bf\u03c5 2022 \u2013 \u0394\u03b5\u03c5\u03c4\u03ad\u03c1\u03b1 6 \u039c\u03b1\u03c1\u03c4\u03af\u03bf\u03c5 2023	E17 l11 d12 l11 M110 l11 y14 ls3 E27 l21 d21 l21 M27 l21 y24	
el	y_MMMM	ampm	\u0394\u03b5\u03ba\u03ad\u03bc\u03b2\u03c1\u03b9\u03bf\u03c2 2022	Ms10 ls1 ys4	
el	y_MMMM	day	\u0394\u03b5\u03ba\u03ad\u03bc\u03b2\u03c1\u03b9\u03bf\u03c2 2022	Ms10 ls1 ys4	
el	y_MMMM	month	\u039c\u03ac\u03c1\u03c4\u03b9\u03bf\u03c2 2023 - \u039c\u03ac\u03b9\u03bf\u03c2 2023	M17 l11 y14 ls3 M25 l21 y24	
el	y_MMMM	year	\u0394\u03b5\u03ba\u03ad\u03bc\u03b2\u03c1\u03b9\u03bf\u03c2 2022 - \u039c\u03ac\u03c1\u03c4\u03b9\u03bf\u03c2 2023	M110 l11 y14 ls3 M27 l21 y24	
el	y_MMM_d	ampm	24 \u0394\u03b5\u03ba 2022	ds2 ls1 Ms3 ls1 ys4	
el	y_MMM_d	day	24\u201327 \u0394\u03b5\u03ba 2022	d12 ls1 d22 ls1 Ms3 ls1 ys4	
el	y_MMM_d	month	6 \u039c\u03b1\u03c1 \u2013 9 \u039c\u03b1\u0390 2023	d11 l11 M13 ls3 d21 l21 M23 ls1 ys4	
el	y_MMM_d	year	24 \u0394\u03b5\u03ba 2022 \u2013 6 \u039c\u03b1\u03c1 2023	d12 l11 M13 l11 y14 ls3 d21 l21 M23 l21 y24	
el	MMM_d	ampm	24 \u0394\u03b5\u03ba	ds2 ls1 Ms3	
el	MMM_d	day	24\u201327 \u0394\u03b5\u03ba	d12 ls1 d22 ls1 Ms3	
el	MMM_d	month	6 \u039c\u03b1\u03c1 \u2013 9 \u039c\u03b1\u0390	d11 l11 M13 ls3 d21 l21 M23	
el	MMM_d	year	24 \u0394\u03b5\u03ba 2022 \u2013 6 \u039c\u03b1\u03c1 2023	d12 l11 M13 l11 y14 ls3 d21 l21 M23 l21 y24	
el	y_M_d	ampm	24/12/2022	ds2 ls1 Ms2 ls1 ys4	
el	y_M_d	day	24/12/2022 \u2013 27/12/2022	d12 l11 M12 l11 y14 ls3 d22 l21 M22 l21 y24	
el	y_M_d	month	6/3/2023 \u2013 9/5/2023	d11 l11 M11 l11 y14 ls3 d21 l21 M21 l21 y24	
el	y_M_d	year	24/12/2022 \u2013 6/3/2023	d12 l11 M12 l11 y14 ls3 d21 l21 M21 l21 y24	
el	yy_MM_dd	ampm	24/12/22	ds2 ls1 Ms2 ls1 ys2	
el	yy_MM_dd	day	24/12/22 \u2013 27/12/22	d12 l11 M12 l11 y12 ls3 d22 l21 M22 l21 y22	
el	yy_MM_dd	month	6/3/23 \u2013 9/5/23	d11 l11 M11 l11 y12 ls3 d21 l21 M21 l21 y22	
el	yy_MM_dd	year	24/12/22 \u2013 6/3/23	d12 l11 M12 l11 y12 ls3 d21 l21 M21 l21 y22	
el	MMMM	ampm	\u0394\u03b5\u03ba\u03b5\u03bc\u03b2\u03c1\u03af\u03bf\u03c5	Ms10	
el	MMMM	day	\u0394\u03b5\u03ba\u03b5\u03bc\u03b2\u03c1\u03af\u03bf\u03c5	Ms10	
el	MMMM	month	\u039c\u03b1\u03c1\u03c4\u03af\u03bf\u03c5\u2013\u039c\u03b1\u0390\u03bf\u03c5	M17 ls1 M25	
el	MMMM	year	\u0394\u03b5\u03ba\u03b5\u03bc\u03b2\u03c1\u03af\u03bf\u03c5 2022 \u2013 \u039c\u03b1\u03c1\u03c4\u03af\u03bf\u03c5 2023	M110 l11 y14 ls3 M27 l21 y24	
el	d	ampm	24	ds2	
el	d	day	24\u201327	d12 ls1 d22	
el	d	month	6/3 \u2013 9/5	d11 l11 M11 ls3 d21 l21 M21	
el	d	year	24/12/2022 \u2013 6/3/2023	d12 l11 M12 l11 y14 ls3 d21 l21 M21 l21 y24	
el	G_y	ampm	2022 \u03bc.\u03a7.	ys4 ls1 Gs4	
el	G_y	day	2022 \u03bc.\u03a7.	ys4 ls1 Gs4	
el	G_y	month	2023 \u03bc.\u03a7.	ys4 ls1 Gs4	
el	G_y	year	2022\u20132023 \u03bc.\u03a7.	y14 ls1 y24 ls1 Gs4	
el	j_mm	minute	3:07\u20133:42 \u03bc.\u03bc.	h11 l11 m12 ls1 h21 l21 m22 ls1 as4	
el	j_mm	hour	1:04\u20135:42 \u03bc.\u03bc.	h11 l11 m12 ls1 h21 l21 m22 ls1 as4	
el	j_mm	ampm	9:04 \u03c0.\u03bc. \u2013 3:07 \u03bc.\u03bc.	h11 l11 m12 l11 a14 ls3 h21 l21 m22 l21 a24	
el	j_mm	day	24/12/2022, 3:07 \u03bc.\u03bc. - 27/12/2022, 9:04 \u03c0.\u03bc.	d12 l11 M12 l11 y14 l12 h11 l11 m12 l11 a14 ls3 d22 l21 M22 l21 y24 l22 h21 l21 m22 l21 a24	
el	j_mm	month	6/3/2023, 9:04 \u03c0.\u03bc. - 9/5/2023, 3:07 \u03bc.\u03bc.	d11 l11 M11 l11 y14 l12 h11 l11 m12 l11 a14 ls3 d21 l21 M21 l21 y24 l22 h21 l21 m22 l21 a24	
el	j_mm	year	24/12/2022, 3:07 \u03bc.\u03bc. - 6/3/2023, 9:04 \u03c0.\u03bc.	d12 l11 M12 l11 y14 l12 h11 l11 m12 l11 a14 ls3 d21 l21 M21 l21 y24 l22 h21 l21 m22 l21 a24	
el	H_mm_h23	minute	15:07\u201315:42	h12 l11 m12 ls1 h22 l21 m22	
el	H_mm_h23	hour	13:04\u201317:42	h12 l11 m12 ls1 h22 l21 m22	
el	H_mm_h23	ampm	09:04\u201315:07	h12 l11 m12 ls1 h22 l21 m22	
el	H_mm_h23	day	24/12/2022, 15:07 - 27/12/2022, 09:04	d12 l11 M12 l11 y14 l12 h12 l11 m12 ls3 d22 l21 M22 l21 y24 l22 h22 l21 m22	
el	H_mm_h23	month	6/3/2023, 09:04 - 9/5/2023, 15:07	d11 l11 M11 l11 y14 l12 h12 l11 m12 ls3 d21 l21 M21 l21 y24 l22 h22 l21 m22	
el	H_mm_h23	year	24/12/2022, 15:07 - 6/3/2023, 09:04	d12 l11 M12 l11 y14 l12 h12 l11 m12 ls3 d21 l21 M21 l21 y24 l22 h22 l21 m22	
el	j_mm_ss	minute	3:07:09 \u03bc.\u03bc. - 3:42:31 \u03bc.\u03bc.	h11 l11 m12 l11 s12 l11 a14 ls3 h21 l21 m22 l21 s22 l21 a24	
el	j_mm_ss	hour	1:04:05 \u03bc.\u03bc. - 5:42:31 \u03bc.\u03bc.	h11 l11 m12 l11 s12 l11 a14 ls3 h21 l21 m22 l21 s22 l21 a24	
el	j_mm_ss	ampm	9:04:05 \u03c0.\u03bc. - 3:07:09 \u03bc.\u03bc.	h11 l11 m12 l11 s12 l11 a14 ls3 h21 l21 m22 l21 s22 l21 a24	
el	j_mm_ss	day	24/12/2022, 3:07:09 \u03bc.\u03bc. - 27/12/2022, 9:04:05 \u03c0.\u03bc.	d12 l11 M12 l11 y14 l12 h11 l11 m12 l11 s12 l11 a14 ls3 d22 l21 M22 l21 y24 l22 h21 l21 m22 l21 s22 l21 a24	
el	j_mm_ss	month	6/3/2023, 9:04:05 \u03c0.\u03bc. - 9/5/2023, 3:07:09 \u03bc.\u03bc.	d11 l11 M11 l11 y14 l12 h11 l11 m12 l11 s12 l11 a14 ls3 d21 l21 M21 l21 y24 l22 h21 l21 m22 l21 s22 l21 a24	
el	j_mm_ss	year	24/12/2022, 3:07:09 \u03bc.\u03bc. - 6/3/2023, 9:04:05 \u03c0.\u03bc.	d12 l11 M12 l11 y14 l12 h11 l11 m12 l11 s12 l11 a14 ls3 d21 l21 M21 l21 y24 l22 h21 l21 m22 l21 s22 l21 a24	
el	y_MMMM_d_j_mm	minute	24 \u0394\u03b5\u03ba\u03b5\u03bc\u03b2\u03c1\u03af\u03bf\u03c5 2022, 3:07\u20133:42 \u03bc.\u03bc.	ds2 ls1 Ms10 ls1 ys4 ls2 h11 l11 m12 ls1 h21 l21 m22 ls1 as4	
el	y_MMMM_d_j_mm	hour	24 \u0394\u03b5\u03ba\u03b5\u03bc\u03b2\u03c1\u03af\u03bf\u03c5 2022, 1:04\u20135:42 \u03bc.\u03bc.	ds2 ls1 Ms10 ls1 ys4 ls2 h11 l11 m12 ls1 h21 l21 m22 ls1 as4	
el	y_MMMM_d_j_mm	ampm	24 \u0394\u03b5\u03ba\u03b5\u03bc\u03b2\u03c1\u03af\u03bf\u03c5 2022, 9:04 \u03c0.\u03bc. \u2013 3:07 \u03bc.\u03bc.	ds2 ls1 Ms10 ls1 ys4 ls2 h11 l11 m12 l11 a14 ls3 h21 l21 m22 l21 a24	
el	y_MMMM_d_j_mm	day	24 \u0394\u03b5\u03ba\u03b5\u03bc\u03b2\u03c1\u03af\u03bf\u03c5 2022 \u03c3\u03c4\u03b9\u03c2 3:07 \u03bc.\u03bc. - 27 \u0394\u03b5\u03ba\u03b5\u03bc\u03b2\u03c1\u03af\u03bf\u03c5 2022 \u03c3\u03c4\u03b9\u03c2 9:04 \u03c0.\u03bc.	d12 l11 M110 l11 y14 l16 h11 l11 m12 l11 a14 ls3 d22 l21 M210 l21 y24 l26 h21 l21 m22 l21 a24	
el	y_MMMM_d_j_mm	month	6 \u039c\u03b1\u03c1\u03c4\u03af\u03bf\u03c5 2023 \u03c3\u03c4\u03b9\u03c2 9:04 \u03c0.\u03bc. - 9 \u039c\u03b1\u0390\u03bf\u03c5 2023 \u03c3\u03c4\u03b9\u03c2 3:07 \u03bc.\u03bc.	d11 l11 M17 l11 y14 l16 h11 l11 m12 l11 a14 ls3 d21 l21 M25 l21 y24 l26 h21 l21 m22 l21 a24	
el	y_MMMM_d_j_mm	year	24 \u0394\u03b5\u03ba\u03b5\u03bc\u03b2\u03c1\u03af\u03bf\u03c5 2022 \u03c3\u03c4\u03b9\u03c2 3:07 \u03bc.\u03bc. - 6 \u039c\u03b1\u03c1\u03c4\u03af\u03bf\u03c5 2023 \u03c3\u03c4\u03b9\u03c2 9:04 \u03c0.\u03bc.	d12 l11 M110 l11 y14 l16 h11 l11 m12 l11 a14 ls3 d21 l21 M27 l21 y24 l26 h21 l21 m22 l21 a24	
el	y_M_d_j_mm_ss	minute	24/12/2022, 3:07:09 \u03bc.\u03bc. - 3:42:31 \u03bc.\u03bc.	ds2 ls1 Ms2 ls1 ys4 ls2 h11 l11 m12 l11 s12 l11 a14 ls3 h21 l21 m22 l21 s22 l21 a24	
el	y_M_d_j_mm_ss	hour	24/12/2022, 1:04:05 \u03bc.\u03bc. - 5:42:31 \u03bc.\u03bc.	ds2 ls1 Ms2 ls1 ys4 ls2 h11 l11 m12 l11 s12 l11 a14 ls3 h21 l21 m22 l21 s22 l21 a24	
el	y_M_d_j_mm_ss	ampm	24/12/2022, 9:04:05 \u03c0.\u03bc. - 3:07:09 \u03bc.\u03bc.	ds2 ls1 Ms2 ls1 ys4 ls2 h11 l11 m12 l11 s12 l11 a14 ls3 h21 l21 m22 l21 s22 l21 a24	
el	y_M_d_j_mm_ss	day	24/12/2022, 3:07:09 \u03bc.\u03bc. - 27/12/2022, 9:04:05 \u03c0.\u03bc.	d12 l11 M12 l11 y14 l12 h11 l11 m12 l11 s12 l11 a14 ls3 d22 l21 M22 l21 y24 l22 h21 l21 m22 l21 s22 l21 a24	
el	y_M_d_j_mm_ss	month	6/3/2023, 9:04:05 \u03c0.\u03bc. - 9/5/2023, 3:07:09 \u03bc.\u03bc.	d11 l11 M11 l11 y14 l12 h11 l11 m12 l11 s12 l11 a14 ls3 d21 l21 M21 l21 y24 l22 h21 l21 m22 l21 s22 l21 a24	
el	y_M_d_j_mm_ss	year	24/12/2022, 3:07:09 \u03bc.\u03bc. - 6/3/2023, 9:04:05 \u03c0.\u03bc.	d12 l11 M12 l11 y14 l12 h11 l11 m12 l11 s12 l11 a14 ls3 d21 l21 M21 l21 y24 l22 h21 l21 m22 l21 s22 l21 a24	
en	E_d_MMMM	ampm	Sat, December 24	Es3 ls2 Ms8 ls1 ds2	
en	E_d_MMMM	day	Sat, December 24 \u2013 Tue, December 27	E13 l12 M18 l11 d12 ls3 E23 l22 M28 l21 d22	
en	E_d_MMMM	month	Mon, March 6 \u2013 Tue, May 9	E13 l12 M15 l11 d11 ls3 E23 l22 M23 l21 d21	
en	E_d_MMMM	year	Sat, December 24, 2022 \u2013 Mon, March 6, 2023	E13 l12 M18 l11 d12 l12 y14 ls3 E23 l22 M25 l21 d21 l22 y24	
en	EEEE_y_MMMM_d	ampm	Saturday, December 24, 2022	Es8 ls2 Ms8 ls1 ds2 ls2 ys4	
en	EEEE_y_MMMM_d	day	Saturday, December 24 \u2013 Tuesday, December 27, 2022	E18 l12 M18 l11 d12 ls3 E27 l22 M28 l21 d22 ls2 ys4	
en	EEEE_y_MMMM_d	month	Monday, March 6 \u2013 Tuesday, May 9, 2023	E16 l12 M15 l11 d11 ls3 E27 l22 M23 l21 d21 ls2 ys4	
en	EEEE_y_MMMM_d	year	Saturday, December 24, 2022 \u2013 Monday, March 6, 2023	E18 l12 M18 l11 d12 l12 y14 ls3 E26 l22 M25 l21 d21 l22 y24	
en	y_MMMM	ampm	December 2022	Ms8 ls1 ys4	
en	y_MMMM	day	December 2022	Ms8 ls1 ys4	
en	y_MMMM	month	March \u2013 May 2023	M15 ls3 M23 ls1 ys4	
en	y_MMMM	year	December 2022 \u2013 March 2023	M18 l11 y14 ls3 M25 l21 y24	
en	y_MMM_d	ampm	Dec 24, 2022	Ms3 ls1 ds2 ls2 ys4	
en	y_MMM_d	day	Dec 24 \u2013 27, 2022	Ms3 ls1 d12 ls3 d22 ls2 ys4	
en	y_MMM_d	month	Mar 6 \u2013 May 9, 2023	M13 l11 d11 ls3 M23 l21 d21 ls2 ys4	
en	y_MMM_d	year	Dec 24, 2022 \u2013 Mar 6, 2023	M13 l11 d12 l12 y14 ls3 M23 l21 d21 l22 y24	
en	MMM_d	ampm	Dec 24	Ms3 ls1 ds2	
en	MMM_d	day	Dec 24 \u2013 27	Ms3 ls1 d12 ls3 d22	
en	MMM_d	month	Mar 6 \u2013 May 9	M13 l11 d11 ls3 M23 l21 d21	
en	MMM_d	year	Dec 24, 2022 \u2013 Mar 6, 2023	M13 l11 d12 l12 y14 ls3 M23 l21 d21 l22 y24	
en	y_M_d	ampm	12/24/2022	Ms2 ls1 ds2 ls1 ys4	
en	y_M_d	day	12/24/2022 \u2013 12/27/2022	M12 l11 d12 l11 y14 ls3 M22 l21 d22 l21 y24	
en	y_M_d	month	3/6/2023 \u2013 5/9/2023	M11 l11 d11 l11 y14 ls3 M21 l21 d21 l21 y24	
en	y_M_d	year	12/24/2022 \u2013 3/6/2023	M12 l11 d12 l11 y14 ls3 M21 l21 d21 l21 y24	
en	yy_MM_dd	ampm	12/24/22	Ms2 ls1 ds2 ls1 ys2	
en	yy_MM_dd	day	12/24/22 \u2013 12/27/22	M12 l11 d12 l11 y12 ls3 M22 l21 d22 l21 y22	
en	yy_MM_dd	month	3/6/23 \u2013 5/9/23	M11 l11 d11 l11 y12 ls3 M21 l21 d21 l21 y22	
en	yy_MM_dd	year	12/24/22 \u2013 3/6/23	M12 l11 d12 l11 y12 ls3 M21 l21 d21 l21 y22	
en	MMMM	ampm	December	Ms8	
en	MMMM	day	December	Ms8	
en	MMMM	month	March \u2013 May	M15 ls3 M23	
en	MMMM	year	December \u2013 March	M18 ls3 M25	
en	d	ampm	24	ds2	
en	d	day	24 \u2013 27	d12 ls3 d22	
en	d	month	3/6 \u2013 5/9	M11 l11 d11 ls3 M21 l21 d21	
en	d	year	12/24/2022 \u2013 3/6/2023	M12 l11 d12 l11 y14 ls3 M21 l21 d21 l21 y24	
en	G_y	ampm	2022 AD	ys4 ls1 Gs2	
en	G_y	day	2022 AD	ys4 ls1 Gs2	
en	G_y	month	2023 AD	ys4 ls1 Gs2	
en	G_y	year	2022 \u2013 2023 AD	y14 ls3 y24 ls1 Gs2	
en	j_mm	minute	3:07 \u2013 3:42 PM	h11 l11 m12 ls3 h21 l21 m22 ls1 as2	
en	j_mm	hour	1:04 \u2013 5:42 PM	h11 l11 m12 ls3 h21 l21 m22 ls1 as2	
en	j_mm	ampm	9:04 AM \u2013 3:07 PM	h11 l11 m12 l11 a12 ls3 h21 l21 m22 l21 a22	
en	j_mm	day	12/24/2022, 3:07 PM \u2013 12/27/2022, 9:04 AM	M12 l11 d12 l11 y14 l12 h11 l11 m12 l11 a12 ls3 M22 l21 d22 l21 y24 l22 h21 l21 m22 l21 a22	
en	j_mm	month	3/6/2023, 9:04 AM \u2013 5/9/2023, 3:07 PM	M11 l11 d11 l11 y14 l12 h11 l11 m12 l11 a12 ls3 M21 l21 d21 l21 y24 l22 h21 l21 m22 l21 a22	
en	j_mm	year	12/24/2022, 3:07 PM \u2013 3/6/2023, 9:04 AM	M12 l11 d12 l11 y14 l12 h11 l11 m12 l11 a12 ls3 M21 l21 d21 l21 y24 l22 h21 l21 m22 l21 a22	
en	H_mm_h23	minute	15:07 \u2013 15:42	h12 l11 m12 ls3 h22 l21 m22	
en	H_mm_h23	hour	13:04 \u2013 17:42	h12 l11 m12 ls3 h22 l21 m22	
en	H_mm_h23	ampm	09:04 \u2013 15:07	h12 l11 m12 ls3 h22 l21 m22	
en	H_mm_h23	day	12/24/2022, 15:07 \u2013 12/27/2022, 09:04	M12 l11 d12 l11 y14 l12 h12 l11 m12 ls3 M22 l21 d22 l21 y24 l22 h22 l21 m22	
en	H_mm_h23	month	3/6/2023, 09:04 \u2013 5/9/2023, 15:07	M11 l11 d11 l11 y14 l12 h12 l11 m12 ls3 M21 l21 d21 l21 y24 l22 h22 l21 m22	
en	H_mm_h23	year	12/24/2022, 15:07 \u2013 3/6/2023, 09:04	M12 l11 d12 l11 y14 l12 h12 l11 m12 ls3 M21 l21 d21 l21 y24 l22 h22 l21 m22	
en	j_mm_ss	minute	3:07:09 PM \u2013 3:42:31 PM	h11 l11 m12 l11 s12 l11 a12 ls3 h21 l21 m22 l21 s22 l21 a22	
en	j_mm_ss	hour	1:04:05 PM \u2013 5:42:31 PM	h11 l11 m12 l11 s12 l11 a12 ls3 h21 l21 m22 l21 s22 l21 a22	
en	j_mm_ss	ampm	9:04:05 AM \u2013 3:07:09 PM	h11 l11 m12 l11 s12 l11 a12 ls3 h21 l21 m22 l21 s22 l21 a22	
en	j_mm_ss	day	12/24/2022, 3:07:09 PM \u2013 12/27/2022, 9:04:05 AM	M12 l11 d12 l11 y14 l12 h11 l11 m12 l11 s12 l11 a12 ls3 M22 l21 d22 l21 y24 l22 h21 l21 m22 l21 s22 l21 a22	
en	j_mm_ss	month	3/6/2023, 9:04:05 AM \u2013 5/9/2023, 3:07:09 PM	M11 l11 d11 l11 y14 l12 h11 l11 m12 l11 s12 l11 a12 ls3 M21 l21 d21 l21 y24 l22 h21 l21 m22 l21 s22 l21 a22	
en	j_mm_ss	year	12/24/2022, 3:07:09 PM \u2013 3/6/2023, 9:04:05 AM	M12 l11 d12 l11 y14 l12 h11 l11 m12 l11 s12 l11 a12 ls3 M21 l21 d21 l21 y24 l22 h21 l21 m22 l21 s22 l21 a22	
en	y_MMMM_d_j_mm	minute	December 24, 2022, 3:07 \u2013 3:42 PM	Ms8 ls1 ds2 ls2 ys4 ls2 h11 l11 m12 ls3 h21 l21 m22 ls1 as2	
en	y_MMMM_d_j_mm	hour	December 24, 2022, 1:04 \u2013 5:42 PM	Ms8 ls1 ds2 ls2 ys4 ls2 h11 l11 m12 ls3 h21 l21 m22 ls1 as2	
en	y_MMMM_d_j_mm	ampm	December 24, 2022, 9:04 AM \u2013 3:07 PM	Ms8 ls1 ds2 ls2 ys4 ls2 h11 l11 m12 l11 a12 ls3 h21 l21 m22 l21 a22	
en	y_MMMM_d_j_mm	day	December 24, 2022 at 3:07 PM \u2013 December 27, 2022 at 9:04 AM	M18 l11 d12 l12 y14 l14 h11 l11 m12 l11 a12 ls3 M28 l21 d22 l22 y24 l24 h21 l21 m22 l21 a22	
en	y_MMMM_d_j_mm	month	March 6, 2023 at 9:04 AM \u2013 May 9, 2023 at 3:07 PM	M15 l11 d11 l12 y14 l14 h11 l11 m12 l11 a12 ls3 M23 l21 d21 l22 y24 l24 h21 l21 m22 l21 a22	
en	y_MMMM_d_j_mm	year	December 24, 2022 at 3:07 PM \u2013 March 6, 2023 at 9:04 AM	M18 l11 d12 l12 y14 l14 h11 l11 m12 l11 a12 ls3 M25 l21 d21 l22 y24 l24 h21 l21 m22 l21 a22	
en	y_M_d_j_mm_ss	minute	12/24/2022, 3:07:09 PM \u2013 3:42:31 PM	Ms2 ls1 ds2 ls1 ys4 ls2 h11 l11 m12 l11 s12 l11 a12 ls3 h21 l21 m22 l21 s22 l21 a22	
en	y_M_d_j_mm_ss	hour	12/24/2022, 1:04:05 PM \u2013 5:42:31 PM	Ms2 ls1 ds2 ls1 ys4 ls2 h11 l11 m12 l11 s12 l11 a12 ls3 h21 l21 m22 l21 s22 l21 a22	
en	y_M_d_j_mm_ss	ampm	12/24/2022, 9:04:05 AM \u2013 3:07:09 PM	Ms2 ls1 ds2 ls1 ys4 ls2 h11 l11 m12 l11 s12 l11 a12 ls3 h21 l21 m22 l21 s22 l21 a22	
en	y_M_d_j_mm_ss	day	12/24/2022, 3:07:09 PM \u2013 12/27/2022, 9:04:05 AM	M12 l11 d12 l11 y14 l12 h11 l11 m12 l11 s12 l11 a12 ls3 M22 l21 d22 l21 y24 l22 h21 l21 m22 l21 s22 l21 a22	
en	y_M_d_j_mm_ss	month	3/6/2023, 9:04:05 AM \u2013 5/9/2023, 3:07:09 PM	M11 l11 d11 l11 y14 l12 h11 l11 m12 l11 s12 l11 a12 ls3 M21 l21 d21 l21 y24 l22 h21 l21 m22 l21 s22 l21 a22	
en	y_M_d_j_mm_ss	year	12/24/2022, 3:07:09 PM \u2013 3/6/2023, 9:04:05 AM	M12 l11 d12 l11 y14 l12 h11 l11 m12 l11 s12 l11 a12 ls3 M21 l21 d21 l21 y24 l22 h21 l21 m22 l21 s22 l21 a22	
en-AU	E_d_MMMM	ampm	Sat 24 December	Es3 ls1 ds2 ls1 Ms8	
en-AU	E_d_MMMM	day	Sat 24 \u2013 Tue 27 December	E13 l11 d12 ls3 E23 l21 d22 ls1 Ms8	
en-AU	E_d_MMMM	month	Mon 6 March \u2013 Tue 9 May	E13 l11 d11 l11 M15 ls3 E23 l21 d21 l21 M23	
en-AU	E_d_MMMM	year	Sat, 24 December 2022 \u2013 Mon, 6 March 2023	E13 l12 d12 l11 M18 l11 y14 ls3 E23 l22 d21 l21 M25 l21 y24	
en-AU	EEEE_y_MMMM_d	ampm	Saturday 24 December 2022	Es8 ls1 ds2 ls1 Ms8 ls1 ys4	
en-AU	EEEE_y_MMMM_d	day	Saturday 24 \u2013 Tuesday 27 December 2022	E18 l11 d12 ls3 E27 l21 d22 ls1 Ms8 ls1 ys4	
en-AU	EEEE_y_MMMM_d	month	Monday 6 March \u2013 Tuesday 9 May 2023	E16 l11 d11 l11 M15 ls3 E27 l21 d21 l21 M23 ls1 ys4	
en-AU	EEEE_y_MMMM_d	year	Saturday 24 December 2022 \u2013 Monday 6 March 2023	E18 l11 d12 l11 M18 l11 y14 ls3 E26 l21 d21 l21 M25 l21 y24	
en-AU	y_MMMM	ampm	December 2022	Ms8 ls1 ys4	
en-AU	y_MMMM	day	December 2022	Ms8 ls1 ys4	
en-AU	y_MMMM	month	March \u2013 May 2023	M15 ls3 M23 ls1 ys4	
en-AU	y_MMMM	year	December 2022 \u2013 March 2023	M18 l11 y14 ls3 M25 l21 y24	
en-AU	y_MMM_d	ampm	24 Dec 2022	ds2 ls1 Ms3 ls1 ys4	
en-AU	y_MMM_d	day	24\u201327 Dec 2022	d12 ls1 d22 ls1 Ms3 ls1 ys4	
en-AU	y_MMM_d	month	6 Mar \u2013 9 May 2023	d11 l11 M13 ls3 d21 l21 M23 ls1 ys4	
en-AU	y_MMM_d	year	24 Dec 2022 \u2013 6 Mar 2023	d12 l11 M13 l11 y14 ls3 d21 l21 M23 l21 y24	
en-AU	MMM_d	ampm	24 Dec	ds2 ls1 Ms3	
en-AU	MMM_d	day	24\u201327 Dec	d12 ls1 d22 ls1 Ms3	
en-AU	MMM_d	month	6 Mar \u2013 9 May	d11 l11 M13 ls3 d21 l21 M23	
en-AU	MMM_d	year	24 Dec 2022 \u2013 6 Mar 2023	d12 l11 M13 l11 y14 ls3 d21 l21 M23 l21 y24	
en-AU	y_M_d	ampm	24/12/2022	ds2 ls1 Ms2 ls1 ys4	
en-AU	y_M_d	day	24/12/2022 \u2013 27/12/2022	d12 l11 M12 l11 y14 ls3 d22 l21 M22 l21 y24	
en-AU	y_M_d	month	06/03/2023 \u2013 09/05/2023	d12 l11 M12 l11 y14 ls3 d22 l21 M22 l21 y24	
en-AU	y_M_d	year	24/12/2022 \u2013 06/03/2023	d12 l11 M12 l11 y14 ls3 d22 l21 M22 l21 y24	
en-AU	yy_MM_dd	ampm	24/12/22	ds2 ls1 Ms2 ls1 ys2	
en-AU	yy_MM_dd	day	24/12/22 \u2013 27/12/22	d12 l11 M12 l11 y12 ls3 d22 l21 M22 l21 y22	
en-AU	yy_MM_dd	month	06/03/23 \u2013 09/05/23	d12 l11 M12 l11 y12 ls3 d22 l21 M22 l21 y22	
en-AU	yy_MM_dd	year	24/12/22 \u2013 06/03/23	d12 l11 M12 l11 y12 ls3 d22 l21 M22 l21 y22	
en-AU	MMMM	ampm	December	Ms8	
en-AU	MMMM	day	December	Ms8	
en-AU	MMMM	month	March \u2013 May	M15 ls3 M23	
en-AU	MMMM	year	December \u2013 March	M18 ls3 M25	
en-AU	d	ampm	24	ds2	
en-AU	d	day	24\u201327	d12 ls1 d22	
en-AU	d	month	06/03 \u2013 09/05	d12 l11 M12 ls3 d22 l21 M22	
en-AU	d	year	24/12/2022 \u2013 06/03/2023	d12 l11 M12 l11 y14 ls3 d22 l21 M22 l21 y24	
en-AU	G_y	ampm	2022 AD	ys4 ls1 Gs2	
en-AU	G_y	day	2022 AD	ys4 ls1 Gs2	
en-AU	G_y	month	2023 AD	ys4 ls1 Gs2	
en-AU	G_y	year	2022 \u2013 2023 AD	y14 ls3 y24 ls1 Gs2	
en-AU	j_mm	minute	3:07 \u2013 3:42 pm	h11 l11 m12 ls3 h21 l21 m22 ls1 as2	
en-AU	j_mm	hour	1:04 \u2013 5:42 pm	h11 l11 m12 ls3 h21 l21 m22 ls1 as2	
en-AU	j_mm	ampm	9:04 am \u2013 3:07 pm	h11 l11 m12 l11 a12 ls3 h21 l21 m22 l21 a22	
en-AU	j_mm	day	24/12/2022, 3:07 pm \u2013 27/12/2022, 9:04 am	d12 l11 M12 l11 y14 l12 h11 l11 m12 l11 a12 ls3 d22 l21 M22 l21 y24 l22 h21 l21 m22 l21 a22	
en-AU	j_mm	month	06/03/2023, 9:04 am \u2013 09/05/2023, 3:07 pm	d12 l11 M12 l11 y14 l12 h11 l11 m12 l11 a12 ls3 d22 l21 M22 l21 y24 l22 h21 l21 m22 l21 a22	
en-AU	j_mm	year	24/12/2022, 3:07 pm \u2013 06/03/2023, 9:04 am	d12 l11 M12 l11 y14 l12 h11 l11 m12 l11 a12 ls3 d22 l21 M22 l21 y24 l22 h21 l21 m22 l21 a22	
en-AU	H_mm_h23	minute	15:07\u201315:42	h12 l11 m12 ls1 h22 l21 m22	
en-AU	H_mm_h23	hour	13:04\u201317:42	h12 l11 m12 ls1 h22 l21 m22	
en-AU	H_mm_h23	ampm	09:04\u201315:07	h12 l11 m12 ls1 h22 l21 m22	
en-AU	H_mm_h23	day	24/12/2022, 15:07 \u2013 27/12/2022, 09:04	d12 l11 M12 l11 y14 l12 h12 l11 m12 ls3 d22 l21 M22 l21 y24 l22 h22 l21 m22	
en-AU	H_mm_h23	month	06/03/2023, 09:04 \u2013 09/05/2023, 15:07	d12 l11 M12 l11 y14 l12 h12 l11 m12 ls3 d22 l21 M22 l21 y24 l22 h22 l21 m22	
en-AU	H_mm_h23	year	24/12/2022, 15:07 \u2013 06/03/2023, 09:04	d12 l11 M12 l11 y14 l12 h12 l11 m12 ls3 d22 l21 M22 l21 y24 l22 h22 l21 m22	
en-AU	j_mm_ss	minute	3:07:09 pm \u2013 3:42:31 pm	h11 l11 m12 l11 s12 l11 a12 ls3 h21 l21 m22 l21 s22 l21 a22	
en-AU	j_mm_ss	hour	1:04:05 pm \u2013 5:42:31 pm	h11 l11 m12 l11 s12 l11 a12 ls3 h21 l21 m22 l21 s22 l21 a22	
en-AU	j_mm_ss	ampm	9:04:05 am \u2013 3:07:09 pm	h11 l11 m12 l11 s12 l11 a12 ls3 h21 l21 m22 l21 s22 l21 a22	
en-AU	j_mm_ss	day	24/12/2022, 3:07:09 pm \u2013 27/12/2022, 9:04:05 am	d12 l11 M12 l11 y14 l12 h11 l11 m12 l11 s12 l11 a12 ls3 d22 l21 M22 l21 y24 l22 h21 l21 m22 l21 s22 l21 a22	
en-AU	j_mm_ss	month	06/03/2023, 9:04:05 am \u2013 09/05/2023, 3:07:09 pm	d12 l11 M12 l11 y14 l12 h11 l11 m12 l11 s12 l11 a12 ls3 d22 l21 M22 l21 y24 l22 h21 l21 m22 l21 s22 l21 a22	
en-AU	j_mm_ss	year	24/12/2022, 3:07:09 pm \u2013 06/03/2023, 9:04:05 am	d12 l11 M12 l11 y14 l12 h11 l11 m12 l11 s12 l11 a12 ls3 d22 l21 M22 l21 y24 l22 h21 l21 m22 l21 s22 l21 a22	
en-AU	y_MMMM_d_j_mm	minute	24 December 2022, 3:07 \u2013 3:42 pm	ds2 ls1 Ms8 ls1 ys4 ls2 h11 l11 m12 ls3 h21 l21 m22 ls1 as2	
en-AU	y_MMMM_d_j_mm	hour	24 December 2022, 1:04 \u2013 5:42 pm	ds2 ls1 Ms8 ls1 ys4 ls2 h11 l11 m12 ls3 h21 l21 m22 ls1 as2	
en-AU	y_MMMM_d_j_mm	ampm	24 December 2022, 9:04 am \u2013 3:07 pm	ds2 ls1 Ms8 ls1 ys4 ls2 h11 l11 m12 l11 a12 ls3 h21 l21 m22 l21 a22	
en-AU	y_MMMM_d_j_mm	day	24 December 2022 at 3:07 pm \u2013 27 December 2022 at 9:04 am	d12 l11 M18 l11 y14 l14 h11 l11 m12 l11 a12 ls3 d22 l21 M28 l21 y24 l24 h21 l21 m22 l21 a22	
en-AU	y_MMMM_d_j_mm	month	6 March 2023 at 9:04 am \u2013 9 May 2023 at 3:07 pm	d11 l11 M15 l11 y14 l14 h11 l11 m12 l11 a12 ls3 d21 l21 M23 l21 y24 l24 h21 l21 m22 l21 a22	
en-AU	y_MMMM_d_j_mm	year	24 December 2022 at 3:07 pm \u2013 6 March 2023 at 9:04 am	d12 l11 M18 l11 y14 l14 h11 l11 m12 l11 a12 ls3 d21 l21 M25 l21 y24 l24 h21 l21 m22 l21 a22	
en-AU	y_M_d_j_mm_ss	minute	24/12/2022, 3:07:09 pm \u2013 3:42:31 pm	ds2 ls1 Ms2 ls1 ys4 ls2 h11 l11 m12 l11 s12 l11 a12 ls3 h21 l21 m22 l21 s22 l21 a22	
en-AU	y_M_d_j_mm_ss	hour	24/12/2022, 1:04:05 pm \u2013 5:42:31 pm	ds2 ls1 Ms2 ls1 ys4 ls2 h11 l11 m12 l11 s12 l11 a12 ls3 h21 l21 m22 l21 s22 l21 a22	
en-AU	y_M_d_j_mm_ss	ampm	24/12/2022, 9:04:05 am \u2013 3:07:09 pm	ds2 ls1 Ms2 ls1 ys4 ls2 h11 l11 m12 l11 s12 l11 a12 ls3 h21 l21 m22 l21 s22 l21 a22	
en-AU	y_M_d_j_mm_ss	day	24/12/2022, 3:07:09 pm \u2013 27/12/2022, 9:04:05 am	d12 l11 M12 l11 y14 l12 h11 l11 m12 l11 s12 l11 a12 ls3 d22 l21 M22 l21 y24 l22 h21 l21 m22 l21 s22 l21 a22	
en-AU	y_M_d_j_mm_ss	month	06/03/2023, 9:04:05 am \u2013 09/05/2023, 3:07:09 pm	d12 l11 M12 l11 y14 l12 h11 l11 m12 l11 s12 l11 a12 ls3 d22 l21 M22 l21 y24 l22 h21 l21 m22 l21 s22 l21 a22	
en-AU	y_M_d_j_mm_ss	year	24/12/2022, 3:07:09 pm \u2013 06/03/2023, 9:04:05 am	d12 l11 M12 l11 y14 l12 h11 l11 m12 l11 s12 l11 a12 ls3 d22 l21 M22 l21 y24 l22 h21 l21 m22 l21 s22 l21 a22	
en-GB	E_d_MMMM	ampm	Sat 24 December	Es3 ls1 ds2 ls1 Ms8	
en-GB	E_d_MMMM	day	Sat 24 December \u2013 Tue 27 December	E13 l11 d12 l11 M18 ls3 E23 l21 d22 l21 M28	
en-GB	E_d_MMMM	month	Mon 6 March \u2013 Tue 9 May	E13 l11 d11 l11 M15 ls3 E23 l21 d21 l21 M23	
en-GB	E_d_MMMM	year	Sat, 24 December 2022 \u2013 Mon, 6 March 2023	E13 l12 d12 l11 M18 l11 y14 ls3 E23 l22 d21 l21 M25 l21 y24	
en-GB	EEEE_y_MMMM_d	ampm	Saturday, 24 December 2022	Es8 ls2 ds2 ls1 Ms8 ls1 ys4	
en-GB	EEEE_y_MMMM_d	day	Saturday 24 December \u2013 Tuesday 27 December 2022	E18 l11 d12 l11 M18 ls3 E27 l21 d22 l21 M28 ls1 ys4	
en-GB	EEEE_y_MMMM_d	month	Monday 6 March \u2013 Tuesday 9 May 2023	E16 l11 d11 l11 M15 ls3 E27 l21 d21 l21 M23 ls1 ys4	
en-GB	EEEE_y_MMMM_d	year	Saturday 24 December 2022 \u2013 Monday 6 March 2023	E18 l11 d12 l11 M18 l11 y14 ls3 E26 l21 d21 l21 M25 l21 y24	
en-GB	y_MMMM	ampm	December 2022	Ms8 ls1 ys4	
en-GB	y_MMMM	day	December 2022	Ms8 ls1 ys4	
en-GB	y_MMMM	month	March \u2013 May 2023	M15 ls3 M23 ls1 ys4	
en-GB	y_MMMM	year	December 2022 \u2013 March 2023	M18 l11 y14 ls3 M25 l21 y24	
en-GB	y_MMM_d	ampm	24 Dec 2022	ds2 ls1 Ms3 ls1 ys4	
en-GB	y_MMM_d	day	24 \u2013 27 Dec 2022	d12 ls3 d22 ls1 Ms3 ls1 ys4	
en-GB	y_MMM_d	month	6 Mar \u2013 9 May 2023	d11 l11 M13 ls3 d21 l21 M23 ls1 ys4	
en-GB	y_MMM_d	year	24 Dec 2022 \u2013 6 Mar 2023	d12 l11 M13 l11 y14 ls3 d21 l21 M23 l21 y24	
en-GB	MMM_d	ampm	24 Dec	ds2 ls1 Ms3	
en-GB	MMM_d	day	24 \u2013 27 Dec	d12 ls3 d22 ls1 Ms3	
en-GB	MMM_d	month	6 Mar \u2013 9 May	d11 l11 M13 ls3 d21 l21 M23	
en-GB	MMM_d	year	24 Dec 2022 \u2013 6 Mar 2023	d12 l11 M13 l11 y14 ls3 d21 l21 M23 l21 y24	
en-GB	y_M_d	ampm	24/12/2022	ds2 ls1 Ms2 ls1 ys4	
en-GB	y_M_d	day	24/12/2022 \u2013 27/12/2022	d12 l11 M12 l11 y14 ls3 d22 l21 M22 l21 y24	
en-GB	y_M_d	month	06/03/2023 \u2013 09/05/2023	d12 l11 M12 l11 y14 ls3 d22 l21 M22 l21 y24	
en-GB	y_M_d	year	24/12/2022 \u2013 06/03/2023	d12 l11 M12 l11 y14 ls3 d22 l21 M22 l21 y24	
en-GB	yy_MM_dd	ampm	24/12/22	ds2 ls1 Ms2 ls1 ys2	
en-GB	yy_MM_dd	day	24/12/22 \u2013 27/12/22	d12 l11 M12 l11 y12 ls3 d22 l21 M22 l21 y22	
en-GB	yy_MM_dd	month	06/03/23 \u2013 09/05/23	d12 l11 M12 l11 y12 ls3 d22 l21 M22 l21 y22	
en-GB	yy_MM_dd	year	24/12/22 \u2013 06/03/23	d12 l11 M12 l11 y12 ls3 d22 l21 M22 l21 y22	
en-GB	MMMM	ampm	December	Ms8	
en-GB	MMMM	day	December	Ms8	
en-GB	MMMM	month	March \u2013 May	M15 ls3 M23	
en-GB	MMMM	year	December \u2013 March	M18 ls3 M25	
en-GB	d	ampm	24	ds2	
en-GB	d	day	24 \u2013 27	d12 ls3 d22	
en-GB	d	month	06/03 \u2013 09/05	d12 l11 M12 ls3 d22 l21 M22	
en-GB	d	year	24/12/2022 \u2013 06/03/2023	d12 l11 M12 l11 y14 ls3 d22 l21 M22 l21 y24	
en-GB	G_y	ampm	2022 AD	ys4 ls1 Gs2	
en-GB	G_y	day	2022 AD	ys4 ls1 Gs2	
en-GB	G_y	month	2023 AD	ys4 ls1 Gs2	
en-GB	G_y	year	2022 \u2013 2023 AD	y14 ls3 y24 ls1 Gs2	
en-GB	j_mm	minute	15:07\u201315:42	h12 l11 m12 ls1 h22 l21 m22	
en-GB	j_mm	hour	13:04\u201317:42	h12 l11 m12 ls1 h22 l21 m22	
en-GB	j_mm	ampm	09:04\u201315:07	h12 l11 m12 ls1 h22 l21 m22	
en-GB	j_mm	day	24/12/2022, 15:07 \u2013 27/12/2022, 09:04	d12 l11 M12 l11 y14 l12 h12 l11 m12 ls3 d22 l21 M22 l21 y24 l22 h22 l21 m22	
en-GB	j_mm	month	06/03/2023, 09:04 \u2013 09/05/2023, 15:07	d12 l11 M12 l11 y14 l12 h12 l11 m12 ls3 d22 l21 M22 l21 y24 l22 h22 l21 m22	
en-GB	j_mm	year	24/12/2022, 15:07 \u2013 06/03/2023, 09:04	d12 l11 M12 l11 y14 l12 h12 l11 m12 ls3 d22 l21 M22 l21 y24 l22 h22 l21 m22	
en-GB	H_mm_h23	minute	15:07\u201315:42	h12 l11 m12 ls1 h22 l21 m22	
en-GB	H_mm_h23	hour	13:04\u201317:42	h12 l11 m12 ls1 h22 l21 m22	
en-GB	H_mm_h23	ampm	09:04\u201315:07	h12 l11 m12 ls1 h22 l21 m22	
en-GB	H_mm_h23	day	24/12/2022, 15:07 \u2013 27/12/2022, 09:04	d12 l11 M12 l11 y14 l12 h12 l11 m12 ls3 d22 l21 M22 l21 y24 l22 h22 l21 m22	
en-GB	H_mm_h23	month	06/03/2023, 09:04 \u2013 09/05/2023, 15:07	d12 l11 M12 l11 y14 l12 h12 l11 m12 ls3 d22 l21 M22 l21 y24 l22 h22 l21 m22	
en-GB	H_mm_h23	year	24/12/2022, 15:07 \u2013 06/03/2023, 09:04	d12 l11 M12 l11 y14 l12 h12 l11 m12 ls3 d22 l21 M22 l21 y24 l22 h22 l21 m22	
en-GB	j_mm_ss	minute	15:07:09 \u2013 15:42:31	h12 l11 m12 l11 s12 ls3 h22 l21 m22 l21 s22	
en-GB	j_mm_ss	hour	13:04:05 \u2013 17:42:31	h12 l11 m12 l11 s12 ls3 h22 l21 m22 l21 s22	
en-GB	j_mm_ss	ampm	09:04:05 \u2013 15:07:09	h12 l11 m12 l11 s12 ls3 h22 l21 m22 l21 s22	
en-GB	j_mm_ss	day	24/12/2022, 15:07:09 \u2013 27/12/2022, 09:04:05	d12 l11 M12 l11 y14 l12 h12 l11 m12 l11 s12 ls3 d22 l21 M22 l21 y24 l22 h22 l21 m22 l21 s22	
en-GB	j_mm_ss	month	06/03/2023, 09:04:05 \u2013 09/05/2023, 15:07:09	d12 l11 M12 l11 y14 l12 h12 l11 m12 l11 s12 ls3 d22 l21 M22 l21 y24 l22 h22 l21 m22 l21 s22	
en-GB	j_mm_ss	year	24/12/2022, 15:07:09 \u2013 06/03/2023, 09:04:05	d12 l11 M12 l11 y14 l12 h12 l11 m12 l11 s12 ls3 d22 l21 M22 l21 y24 l22 h22 l21 m22 l21 s22	
en-GB	y_MMMM_d_j_mm	minute	24 December 2022, 15:07\u201315:42	ds2 ls1 Ms8 ls1 ys4 ls2 h12 l11 m12 ls1 h22 l21 m22	
en-GB	y_MMMM_d_j_mm	hour	24 December 2022, 13:04\u201317:42	ds2 ls1 Ms8 ls1 ys4 ls2 h12 l11 m12 ls1 h22 l21 m22	
en-GB	y_MMMM_d_j_mm	ampm	24 December 2022, 09:04\u201315:07	ds2 ls1 Ms8 ls1 ys4 ls2 h12 l11 m12 ls1 h22 l21 m22	
en-GB	y_MMMM_d_j_mm	day	24 December 2022 at 15:07 \u2013 27 December 2022 at 09:04	d12 l11 M18 l11 y14 l14 h12 l11 m12 ls3 d22 l21 M28 l21 y24 l24 h22 l21 m22	
en-GB	y_MMMM_d_j_mm	month	6 March 2023 at 09:04 \u2013 9 May 2023 at 15:07	d11 l11 M15 l11 y14 l14 h12 l11 m12 ls3 d21 l21 M23 l21 y24 l24 h22 l21 m22	
en-GB	y_MMMM_d_j_mm	year	24 December 2022 at 15:07 \u2013 6 March 2023 at 09:04	d12 l11 M18 l11 y14 l14 h12 l11 m12 ls3 d21 l21 M25 l21 y24 l24 h22 l21 m22	
en-GB	y_M_d_j_mm_ss	minute	24/12/2022, 15:07:09 \u2013 15:42:31	ds2 ls1 Ms2 ls1 ys4 ls2 h12 l11 m12 l11 s12 ls3 h22 l21 m22 l21 s22	
en-GB	y_M_d_j_mm_ss	hour	24/12/2022, 13:04:05 \u2013 17:42:31	ds2 ls1 Ms2 ls1 ys4 ls2 h12 l11 m12 l11 s12 ls3 h22 l21 m22 l21 s22	
en-GB	y_M_d_j_mm_ss	ampm	24/12/2022, 09:04:05 \u2013 15:07:09	ds2 ls1 Ms2 ls1 ys4 ls2 h12 l11 m12 l11 s12 ls3 h22 l21 m22 l21 s22	
en-GB	y_M_d_j_mm_ss	day	24/12/2022, 15:07:09 \u2013 27/12/2022, 09:04:05	d12 l11 M12 l11 y14 l12 h12 l11 m12 l11 s12 ls3 d22 l21 M22 l21 y24 l22 h22 l21 m22 l21 s22	
en-GB	y_M_d_j_mm_ss	month	06/03/2023, 09:04:05 \u2013 09/05/2023, 15:07:09	d12 l11 M12 l11 y14 l12 h12 l11 m12 l11 s12 ls3 d22 l21 M22 l21 y24 l22 h22 l21 m22 l21 s22	
en-GB	y_M_d_j_mm_ss	year	24/12/2022, 15:07:09 \u2013 06/03/2023, 09:04:05	d12 l11 M12 l11 y14 l12 h12 l11 m12 l11 s12 ls3 d22 l21 M22 l21 y24 l22 h22 l21 m22 l21 s22	
en-IN	E_d_MMMM	ampm	Sat, 24 December	Es3 ls2 ds2 ls1 Ms8	
en-IN	E_d_MMMM	day	Sat, 24 \u2013 Tue, 27 December	E13 l12 d12 ls3 E23 l22 d22 ls1 Ms8	
en-IN	E_d_MMMM	month	Mon, 6 March \u2013 Tue, 9 May	E13 l12 d11 l11 M15 ls3 E23 l22 d21 l21 M23	
en-IN	E_d_MMMM	year	Sat, 24 December 2022 \u2013 Mon, 6 March 2023	E13 l12 d12 l11 M18 l11 y14 ls3 E23 l22 d21 l21 M25 l21 y24	
en-IN	EEEE_y_MMMM_d	ampm	Saturday, 24 December 2022	Es8 ls2 ds2 ls1 Ms8 ls1 ys4	
en-IN	EEEE_y_MMMM_d	day	Saturday 24 \u2013 Tuesday 27 December 2022	E18 l11 d12 ls3 E27 l21 d22 ls1 Ms8 ls1 ys4	
en-IN	EEEE_y_MMMM_d	month	Monday 6 March \u2013 Tuesday 9 May 2023	E16 l11 d11 l11 M15 ls3 E27 l21 d21 l21 M23 ls1 ys4	
en-IN	EEEE_y_MMMM_d	year	Saturday 24 December 2022 \u2013 Monday 6 March 2023	E18 l11 d12 l11 M18 l11 y14 ls3 E26 l21 d21 l21 M25 l21 y24	
en-IN	y_MMMM	ampm	December 2022	Ms8 ls1 ys4	
en-IN	y_MMMM	day	December 2022	Ms8 ls1 ys4	
en-IN	y_MMMM	month	March \u2013 May 2023	M15 ls3 M23 ls1 ys4	
en-IN	y_MMMM	year	December 2022 \u2013 March 2023	M18 l11 y14 ls3 M25 l21 y24	
en-IN	y_MMM_d	ampm	24 Dec 2022	ds2 ls1 Ms3 ls1 ys4	
en-IN	y_MMM_d	day	24\u201327 Dec 2022	d12 ls1 d22 ls1 Ms3 ls1 ys4	
en-IN	y_MMM_d	month	6 Mar \u2013 9 May 2023	d11 l11 M13 ls3 d21 l21 M23 ls1 ys4	
en-IN	y_MMM_d	year	24 Dec 2022 \u2013 6 Mar 2023	d12 l11 M13 l11 y14 ls3 d21 l21 M23 l21 y24	
en-IN	MMM_d	ampm	24 Dec	ds2 ls1 Ms3	
en-IN	MMM_d	day	24\u201327 Dec	d12 ls1 d22 ls1 Ms3	
en-IN	MMM_d	month	6 Mar \u2013 9 May	d11 l11 M13 ls3 d21 l21 M23	
en-IN	MMM_d	year	24 Dec 2022 \u2013 6 Mar 2023	d12 l11 M13 l11 y14 ls3 d21 l21 M23 l21 y24	
en-IN	y_M_d	ampm	24/12/2022	ds2 ls1 Ms2 ls1 ys4	
en-IN	y_M_d	day	24/12/2022 \u2013 27/12/2022	d12 l11 M12 l11 y14 ls3 d22 l21 M22 l21 y24	
en-IN	y_M_d	month	06/03/2023 \u2013 09/05/2023	d12 l11 M12 l11 y14 ls3 d22 l21 M22 l21 y24	
en-IN	y_M_d	year	24/12/2022 \u2013 06/03/2023	d12 l11 M12 l11 y14 ls3 d22 l21 M22 l21 y24	
en-IN	yy_MM_dd	ampm	24/12/22	ds2 ls1 Ms2 ls1 ys2	
en-IN	yy_MM_dd	day	24/12/22 \u2013 27/12/22	d12 l11 M12 l11 y12 ls3 d22 l21 M22 l21 y22	
en-IN	yy_MM_dd	month	06/03/23 \u2013 09/05/23	d12 l11 M12 l11 y12 ls3 d22 l21 M22 l21 y22	
en-IN	yy_MM_dd	year	24/12/22 \u2013 06/03/23	d12 l11 M12 l11 y12 ls3 d22 l21 M22 l21 y22	
en-IN	MMMM	ampm	December	Ms8	
en-IN	MMMM	day	December	Ms8	
en-IN	MMMM	month	March \u2013 May	M15 ls3 M23	
en-IN	MMMM	year	December \u2013 March	M18 ls3 M25	
en-IN	d	ampm	24	ds2	
en-IN	d	day	24\u201327	d12 ls1 d22	
en-IN	d	month	06/03 \u2013 09/05	d12 l11 M12 ls3 d22 l21 M22	
en-IN	d	year	24/12/2022 \u2013 06/03/2023	d12 l11 M12 l11 y14 ls3 d22 l21 M22 l21 y24	
en-IN	G_y	ampm	2022 AD	ys4 ls1 Gs2	
en-IN	G_y	day	2022 AD	ys4 ls1 Gs2	
en-IN	G_y	month	2023 AD	ys4 ls1 Gs2	
en-IN	G_y	year	2022 \u2013 2023 AD	y14 ls3 y24 ls1 Gs2	
en-IN	j_mm	minute	3:07 \u2013 3:42 pm	h11 l11 m12 ls3 h21 l21 m22 ls1 as2	
en-IN	j_mm	hour	1:04 \u2013 5:42 pm	h11 l11 m12 ls3 h21 l21 m22 ls1 as2	
en-IN	j_mm	ampm	9:04 am \u2013 3:07 pm	h11 l11 m12 l11 a12 ls3 h21 l21 m22 l21 a22	
en-IN	j_mm	day	24/12/2022, 3:07 pm \u2013 27/12/2022, 9:04 am	d12 l11 M12 l11 y14 l12 h11 l11 m12 l11 a12 ls3 d22 l21 M22 l21 y24 l22 h21 l21 m22 l21 a22	
en-IN	j_mm	month	6/3/2023, 9:04 am \u2013 9/5/2023, 3:07 pm	d11 l11 M11 l11 y14 l12 h11 l11 m12 l11 a12 ls3 d21 l21 M21 l21 y24 l22 h21 l21 m22 l21 a22	
en-IN	j_mm	year	24/12/2022, 3:07 pm \u2013 6/3/2023, 9:04 am	d12 l11 M12 l11 y14 l12 h11 l11 m12 l11 a12 ls3 d21 l21 M21 l21 y24 l22 h21 l21 m22 l21 a22	
en-IN	H_mm_h23	minute	15:07\u201315:42	h12 l11 m12 ls1 h22 l21 m22	
en-IN	H_mm_h23	hour	13:04\u201317:42	h12 l11 m12 ls1 h22 l21 m22	
en-IN	H_mm_h23	ampm	09:04\u201315:07	h12 l11 m12 ls1 h22 l21 m22	
en-IN	H_mm_h23	day	24/12/2022, 15:07 \u2013 27/12/2022, 09:04	d12 l11 M12 l11 y14 l12 h12 l11 m12 ls3 d22 l21 M22 l21 y24 l22 h22 l21 m22	
en-IN	H_mm_h23	month	6/3/2023, 09:04 \u2013 9/5/2023, 15:07	d11 l11 M11 l11 y14 l12 h12 l11 m12 ls3 d21 l21 M21 l21 y24 l22 h22 l21 m22	
en-IN	H_mm_h23	year	24/12/2022, 15:07 \u2013 6/3/2023, 09:04	d12 l11 M12 l11 y14 l12 h12 l11 m12 ls3 d21 l21 M21 l21 y24 l22 h22 l21 m22	
en-IN	j_mm_ss	minute	3:07:09 pm \u2013 3:42:31 pm	h11 l11 m12 l11 s12 l11 a12 ls3 h21 l21 m22 l21 s22 l21 a22	
en-IN	j_mm_ss	hour	1:04:05 pm \u2013 5:42:31 pm	h11 l11 m12 l11 s12 l11 a12 ls3 h21 l21 m22 l21 s22 l21 a22	
en-IN	j_mm_ss	ampm	9:04:05 am \u2013 3:07:09 pm	h11 l11 m12 l11 s12 l11 a12 ls3 h21 l21 m22 l21 s22 l21 a22	
en-IN	j_mm_ss	day	24/12/2022, 3:07:09 pm \u2013 27/12/2022, 9:04:05 am	d12 l11 M12 l11 y14 l12 h11 l11 m12 l11 s12 l11 a12 ls3 d22 l21 M22 l21 y24 l22 h21 l21 m22 l21 s22 l21 a22	
en-IN	j_mm_ss	month	6/3/2023, 9:04:05 am \u2013 9/5/2023, 3:07:09 pm	d11 l11 M11 l11 y14 l12 h11 l11 m12 l11 s12 l11 a12 ls3 d21 l21 M21 l21 y24 l22 h21 l21 m22 l21 s22 l21 a22	
en-IN	j_mm_ss	year	24/12/2022, 3:07:09 pm \u2013 6/3/2023, 9:04:05 am	d12 l11 M12 l11 y14 l12 h11 l11 m12 l11 s12 l11 a12 ls3 d21 l21 M21 l21 y24 l22 h21 l21 m22 l21 s22 l21 a22	
en-IN	y_MMMM_d_j_mm	minute	24 December 2022, 3:07 \u2013 3:42 pm	ds2 ls1 Ms8 ls1 ys4 ls2 h11 l11 m12 ls3 h21 l21 m22 ls1 as2	
en-IN	y_MMMM_d_j_mm	hour	24 December 2022, 1:04 \u2013 5:42 pm	ds2 ls1 Ms8 ls1 ys4 ls2 h11 l11 m12 ls3 h21 l21 m22 ls1 as2	
en-IN	y_MMMM_d_j_mm	ampm	24 December 2022, 9:04 am \u2013 3:07 pm	ds2 ls1 Ms8 ls1 ys4 ls2 h11 l11 m12 l11 a12 ls3 h21 l21 m22 l21 a22	
en-IN	y_MMMM_d_j_mm	day	24 December 2022 at 3:07 pm \u2013 27 December 2022 at 9:04 am	d12 l11 M18 l11 y14 l14 h11 l11 m12 l11 a12 ls3 d22 l21 M28 l21 y24 l24 h21 l21 m22 l21 a22	
en-IN	y_MMMM_d_j_mm	month	6 March 2023 at 9:04 am \u2013 9 May 2023 at 3:07 pm	d11 l11 M15 l11 y14 l14 h11 l11 m12 l11 a12 ls3 d21 l21 M23 l21 y24 l24 h21 l21 m22 l21 a22	
en-IN	y_MMMM_d_j_mm	year	24 December 2022 at 3:07 pm \u2013 6 March 2023 at 9:04 am	d12 l11 M18 l11 y14 l14 h11 l11 m12 l11 a12 ls3 d21 l21 M25 l21 y24 l24 h21 l21 m22 l21 a22	
en-IN	y_M_d_j_mm_ss	minute	24/12/2022, 3:07:09 pm \u2013 3:42:31 pm	ds2 ls1 Ms2 ls1 ys4 ls2 h11 l11 m12 l11 s12 l11 a12 ls3 h21 l21 m22 l21 s22 l21 a22	
en-IN	y_M_d_j_mm_ss	hour	24/12/2022, 1:04:05 pm \u2013 5:42:31 pm	ds2 ls1 Ms2 ls1 ys4 ls2 h11 l11 m12 l11 s12 l11 a12 ls3 h21 l21 m22 l21 s22 l21 a22	
en-IN	y_M_d_j_mm_ss	ampm	24/12/2022, 9:04:05 am \u2013 3:07:09 pm	ds2 ls1 Ms2 ls1 ys4 ls2 h11 l11 m12 l11 s12 l11 a12 ls3 h21 l21 m22 l21 s22 l21 a22	
en-IN	y_M_d_j_mm_ss	day	24/12/2022, 3:07:09 pm \u2013 27/12/2022, 9:04:05 am	d12 l11 M12 l11 y14 l12 h11 l11 m12 l11 s12 l11 a12 ls3 d22 l21 M22 l21 y24 l22 h21 l21 m22 l21 s22 l21 a22	
en-IN	y_M_d_j_mm_ss	month	6/3/2023, 9:04:05 am \u2013 9/5/2023, 3:07:09 pm	d11 l11 M11 l11 y14 l12 h11 l11 m12 l11 s12 l11 a12 ls3 d21 l21 M21 l21 y24 l22 h21 l21 m22 l21 s22 l21 a22	
en-IN	y_M_d_j_mm_ss	year	24/12/2022, 3:07:09 pm \u2013 6/3/2023, 9:04:05 am	d12 l11 M12 l11 y14 l12 h11 l11 m12 l11 s12 l11 a12 ls3 d21 l21 M21 l21 y24 l22 h21 l21 m22 l21 s22 l21 a22	
es	E_d_MMMM	ampm	s\u00e1b, 24 de diciembre	Es3 ls2 ds2 ls4 Ms9	
es	E_d_MMMM	day	s\u00e1b, 24 de diciembre \u2013 mar, 27 de diciembre	E13 l12 d12 l14 M19 ls3 E23 l22 d22 l24 M29	
es	E_d_MMMM	month	lun, 6 de marzo \u2013 mar, 9 de mayo	E13 l12 d11 l14 M15 ls3 E23 l22 d21 l24 M24	
es	E_d_MMMM	year	s\u00e1b, 24 de diciembre de 2022 \u2013 lun, 6 de marzo de 2023	E13 l12 d12 l14 M19 l14 y14 ls3 E23 l22 d21 l24 M25 l24 y24	
es	EEEE_y_MMMM_d	ampm	s\u00e1bado, 24 de diciembre de 2022	Es6 ls2 ds2 ls4 Ms9 ls4 ys4	
es	EEEE_y_MMMM_d	day	s\u00e1bado, 24 de diciembre \u2013 martes, 27 de diciembre de 2022	E16 l12 d12 l14 M19 ls3 E26 l22 d22 l24 M29 ls4 ys4	
es	EEEE_y_MMMM_d	month	lunes, 6 de marzo \u2013 martes, 9 de mayo de 2023	E15 l12 d11 l14 M15 ls3 E26 l22 d21 l24 M24 ls4 ys4	
es	EEEE_y_MMMM_d	year	s\u00e1bado, 24 de diciembre de 2022 \u2013 lunes, 6 de marzo de 2023	E16 l12 d12 l14 M19 l14 y14 ls3 E25 l22 d21 l24 M25 l24 y24	
es	y_MMMM	ampm	diciembre de 2022	Ms9 ls4 ys4	
es	y_MMMM	day	diciembre de 2022	Ms9 ls4 ys4	
es	y_MMMM	month	marzo\u2013mayo de 2023	M15 ls1 M24 ls4 ys4	
es	y_MMMM	year	diciembre de 2022 \u2013 marzo de 2023	M19 l14 y14 ls3 M25 l24 y24	
es	y_MMM_d	ampm	24 dic 2022	ds2 ls1 Ms3 ls1 ys4	
es	y_MMM_d	day	24\u201327 dic 2022	d12 ls1 d22 ls1 Ms3 ls1 ys4	
es	y_MMM_d	month	6 mar \u2013 9 may 2023	d11 l11 M13 ls3 d21 l21 M23 ls1 ys4	
es	y_MMM_d	year	24 dic 2022 \u2013 6 mar 2023	d12 l11 M13 l11 y14 ls3 d21 l21 M23 l21 y24	
es	MMM_d	ampm	24 dic	ds2 ls1 Ms3	
es	MMM_d	day	24\u201327 dic	d12 ls1 d22 ls1 Ms3	
es	MMM_d	month	6 mar \u2013 9 may	d11 l11 M13 ls3 d21 l21 M23	
es	MMM_d	year	24 dic 2022 \u2013 6 mar 2023	d12 l11 M13 l11 y14 ls3 d21 l21 M23 l21 y24	
es	y_M_d	ampm	24/12/2022	ds2 ls1 Ms2 ls1 ys4	
es	y_M_d	day	24/12/2022 \u2013 27/12/2022	d12 l11 M12 l11 y14 ls3 d22 l21 M22 l21 y24	
es	y_M_d	month	6/3/2023 \u2013 9/5/2023	d11 l11 M11 l11 y14 ls3 d21 l21 M21 l21 y24	
es	y_M_d	year	24/12/2022 \u2013 6/3/2023	d12 l11 M12 l11 y14 ls3 d21 l21 M21 l21 y24	
es	yy_MM_dd	ampm	24/12/22	ds2 ls1 Ms2 ls1 ys2	
es	yy_MM_dd	day	24/12/22 \u2013 27/12/22	d12 l11 M12 l11 y12 ls3 d22 l21 M22 l21 y22	
es	yy_MM_dd	month	6/3/23 \u2013 9/5/23	d11 l11 M11 l11 y12 ls3 d21 l21 M21 l21 y22	
es	yy_MM_dd	year	24/12/22 \u2013 6/3/23	d12 l11 M12 l11 y12 ls3 d21 l21 M21 l21 y22	
es	MMMM	ampm	diciembre	Ms9	
es	MMMM	day	diciembre	Ms9	
es	MMMM	month	marzo \u2013 mayo	M15 ls3 M24	
es	MMMM	year	diciembre \u2013 marzo	M19 ls3 M25	
es	d	ampm	24	ds2	
es	d	day	24\u201327	d12 ls1 d22	
es	d	month	6/3 \u2013 9/5	d11 l11 M11 ls3 d21 l21 M21	
es	d	year	24/12/2022 \u2013 6/3/2023	d12 l11 M12 l11 y14 ls3 d21 l21 M21 l21 y24	
es	G_y	ampm	2022 d. C.	ys4 ls1 Gs5	
es	G_y	day	2022 d. C.	ys4 ls1 Gs5	
es	G_y	month	2023 d. C.	ys4 ls1 Gs5	
es	G_y	year	2022\u20132023 d. C.	y14 ls1 y24 ls1 Gs5	
es	j_mm	minute	15:07\u201315:42	h12 l11 m12 ls1 h22 l21 m22	
es	j_mm	hour	13:04\u201317:42	h12 l11 m12 ls1 h22 l21 m22	
es	j_mm	ampm	9:04\u201315:07	h11 l11 m12 ls1 h22 l21 m22	
es	j_mm	day	24/12/2022, 15:07 \u2013 27/12/2022, 9:04	d12 l11 M12 l11 y14 l12 h12 l11 m12 ls3 d22 l21 M22 l21 y24 l22 h21 l21 m22	
es	j_mm	month	6/3/2023, 9:04 \u2013 9/5/2023, 15:07	d11 l11 M11 l11 y14 l12 h11 l11 m12 ls3 d21 l21 M21 l21 y24 l22 h22 l21 m22	
es	j_mm	year	24/12/2022, 15:07 \u2013 6/3/2023, 9:04	d12 l11 M12 l11 y14 l12 h12 l11 m12 ls3 d21 l21 M21 l21 y24 l22 h21 l21 m22	
es	H_mm_h23	minute	15:07\u201315:42	h12 l11 m12 ls1 h22 l21 m22	
es	H_mm_h23	hour	13:04\u201317:42	h12 l11 m12 ls1 h22 l21 m22	
es	H_mm_h23	ampm	9:04\u201315:07	h11 l11 m12 ls1 h22 l21 m22	
es	H_mm_h23	day	24/12/2022, 15:07 \u2013 27/12/2022, 9:04	d12 l11 M12 l11 y14 l12 h12 l11 m12 ls3 d22 l21 M22 l21 y24 l22 h21 l21 m22	
es	H_mm_h23	month	6/3/2023, 9:04 \u2013 9/5/2023, 15:07	d11 l11 M11 l11 y14 l12 h11 l11 m12 ls3 d21 l21 M21 l21 y24 l22 h22 l21 m22	
es	H_mm_h23	year	24/12/2022, 15:07 \u2013 6/3/2023, 9:04	d12 l11 M12 l11 y14 l12 h12 l11 m12 ls3 d21 l21 M21 l21 y24 l22 h21 l21 m22	
es	j_mm_ss	minute	15:07:09 \u2013 15:42:31	h12 l11 m12 l11 s12 ls3 h22 l21 m22 l21 s22	
es	j_mm_ss	hour	13:04:05 \u2013 17:42:31	h12 l11 m12 l11 s12 ls3 h22 l21 m22 l21 s22	
es	j_mm_ss	ampm	9:04:05 \u2013 15:07:09	h11 l11 m12 l11 s12 ls3 h22 l21 m22 l21 s22	
es	j_mm_ss	day	24/12/2022, 15:07:09 \u2013 27/12/2022, 9:04:05	d12 l11 M12 l11 y14 l12 h12 l11 m12 l11 s12 ls3 d22 l21 M22 l21 y24 l22 h21 l21 m22 l21 s22	
es	j_mm_ss	month	6/3/2023, 9:04:05 \u2013 9/5/2023, 15:07:09	d11 l11 M11 l11 y14 l12 h11 l11 m12 l11 s12 ls3 d21 l21 M21 l21 y24 l22 h22 l21 m22 l21 s22	
es	j_mm_ss	year	24/12/2022, 15:07:09 \u2013 6/3/2023, 9:04:05	d12 l11 M12 l11 y14 l12 h12 l11 m12 l11 s12 ls3 d21 l21 M21 l21 y24 l22 h21 l21 m22 l21 s22	
es	y_MMMM_d_j_mm	minute	24 de diciembre de 2022, 15:07\u201315:42	ds2 ls4 Ms9 ls4 ys4 ls2 h12 l11 m12 ls1 h22 l21 m22	
es	y_MMMM_d_j_mm	hour	24 de diciembre de 2022, 13:04\u201317:42	ds2 ls4 Ms9 ls4 ys4 ls2 h12 l11 m12 ls1 h22 l21 m22	
es	y_MMMM_d_j_mm	ampm	24 de diciembre de 2022, 9:04\u201315:07	ds2 ls4 Ms9 ls4 ys4 ls2 h11 l11 m12 ls1 h22 l21 m22	
es	y_MMMM_d_j_mm	day	24 de diciembre de 2022 a las 15:07 \u2013 27 de diciembre de 2022 a las 9:04	d12 l14 M19 l14 y14 l17 h12 l11 m12 ls3 d22 l24 M29 l24 y24 l27 h21 l21 m22	
es	y_MMMM_d_j_mm	month	6 de marzo de 2023 a las 9:04 \u2013 9 de mayo de 2023 a las 15:07	d11 l14 M15 l14 y14 l17 h11 l11 m12 ls3 d21 l24 M24 l24 y24 l27 h22 l21 m22	
es	y_MMMM_d_j_mm	year	24 de diciembre de 2022 a las 15:07 \u2013 6 de marzo de 2023 a las 9:04	d12 l14 M19 l14 y14 l17 h12 l11 m12 ls3 d21 l24 M25 l24 y24 l27 h21 l21 m22	
es	y_M_d_j_mm_ss	minute	24/12/2022, 15:07:09 \u2013 15:42:31	ds2 ls1 Ms2 ls1 ys4 ls2 h12 l11 m12 l11 s12 ls3 h22 l21 m22 l21 s22	
es	y_M_d_j_mm_ss	hour	24/12/2022, 13:04:05 \u2013 17:42:31	ds2 ls1 Ms2 ls1 ys4 ls2 h12 l11 m12 l11 s12 ls3 h22 l21 m22 l21 s22	
es	y_M_d_j_mm_ss	ampm	24/12/2022, 9:04:05 \u2013 15:07:09	ds2 ls1 Ms2 ls1 ys4 ls2 h11 l11 m12 l11 s12 ls3 h22 l21 m22 l21 s22	
es	y_M_d_j_mm_ss	day	24/12/2022, 15:07:09 \u2013 27/12/2022, 9:04:05	d12 l11 M12 l11 y14 l12 h12 l11 m12 l11 s12 ls3 d22 l21 M22 l21 y24 l22 h21 l21 m22 l21 s22	
es	y_M_d_j_mm_ss	month	6/3/2023, 9:04:05 \u2013 9/5/2023, 15:07:09	d11 l11 M11 l11 y14 l12 h11 l11 m12 l11 s12 ls3 d21 l21 M21 l21 y24 l22 h22 l21 m22 l21 s22	
es	y_M_d_j_mm_ss	year	24/12/2022, 15:07:09 \u2013 6/3/2023, 9:04:05	d12 l11 M12 l11 y14 l12 h12 l11 m12 l11 s12 ls3 d21 l21 M21 l21 y24 l22 h21 l21 m22 l21 s22	
es-MX	E_d_MMMM	ampm	s\u00e1b, 24 de diciembre	Es3 ls2 ds2 ls4 Ms9	
es-MX	E_d_MMMM	day	s\u00e1b, 24 de diciembre \u2013 mar, 27 de diciembre	E13 l12 d12 l14 M19 ls3 E23 l22 d22 l24 M29	
es-MX	E_d_MMMM	month	lun, 6 de marzo \u2013 mar, 9 de mayo	E13 l12 d11 l14 M15 ls3 E23 l22 d21 l24 M24	
es-MX	E_d_MMMM	year	s\u00e1b, 24 de diciembre de 2022 \u2013 lun, 6 de marzo de 2023	E13 l12 d12 l14 M19 l14 y14 ls3 E23 l22 d21 l24 M25 l24 y24	
es-MX	EEEE_y_MMMM_d	ampm	s\u00e1bado, 24 de diciembre de 2022	Es6 ls2 ds2 ls4 Ms9 ls4 ys4	
es-MX	EEEE_y_MMMM_d	day	s\u00e1bado, 24 de diciembre \u2013 martes, 27 de diciembre de 2022	E16 l12 d12 l14 M19 ls3 E26 l22 d22 l24 M29 ls4 ys4	
es-MX	EEEE_y_MMMM_d	month	lunes, 6 de marzo \u2013 martes, 9 de mayo de 2023	E15 l12 d11 l14 M15 ls3 E26 l22 d21 l24 M24 ls4 ys4	
es-MX	EEEE_y_MMMM_d	year	s\u00e1bado, 24 de diciembre de 2022 \u2013 lunes, 6 de marzo de 2023	E16 l12 d12 l14 M19 l14 y14 ls3 E25 l22 d21 l24 M25 l24 y24	
es-MX	y_MMMM	ampm	diciembre de 2022	Ms9 ls4 ys4	
es-MX	y_MMMM	day	diciembre de 2022	Ms9 ls4 ys4	
es-MX	y_MMMM	month	marzo\u2013mayo de 2023	M15 ls1 M24 ls4 ys4	
es-MX	y_MMMM	year	diciembre de 2022 \u2013 marzo de 2023	M19 l14 y14 ls3 M25 l24 y24	
es-MX	y_MMM_d	ampm	24 dic 2022	ds2 ls1 Ms3 ls1 ys4	
es-MX	y_MMM_d	day	24\u201327 de dic de 2022	d12 ls1 d22 ls4 Ms3 ls4 ys4	
es-MX	y_MMM_d	month	6 de mar \u2013 9 de may 2023	d11 l14 M13 ls3 d21 l24 M23 ls1 ys4	
es-MX	y_MMM_d	year	24 de dic de 2022 \u2013 6 de mar de 2023	d12 l14 M13 l14 y14 ls3 d21 l24 M23 l24 y24	
es-MX	MMM_d	ampm	24 dic	ds2 ls1 Ms3	
es-MX	MMM_d	day	24\u201327 de dic	d12 ls1 d22 ls4 Ms3	
es-MX	MMM_d	month	6 de mar \u2013 9 de may	d11 l14 M13 ls3 d21 l24 M23	
es-MX	MMM_d	year	24 de dic de 2022 \u2013 6 de mar de 2023	d12 l14 M13 l14 y14 ls3 d21 l24 M23 l24 y24	
es-MX	y_M_d	ampm	24/12/2022	ds2 ls1 Ms2 ls1 ys4	
es-MX	y_M_d	day	24/12/2022 \u2013 27/12/2022	d12 l11 M12 l11 y14 ls3 d22 l21 M22 l21 y24	
es-MX	y_M_d	month	6/3/2023 \u2013 9/5/2023	d11 l11 M11 l11 y14 ls3 d21 l21 M21 l21 y24	
es-MX	y_M_d	year	24/12/2022 \u2013 6/3/2023	d12 l11 M12 l11 y14 ls3 d21 l21 M21 l21 y24	
es-MX	yy_MM_dd	ampm	24/12/22	ds2 ls1 Ms2 ls1 ys2	
es-MX	yy_MM_dd	day	24/12/22 \u2013 27/12/22	d12 l11 M12 l11 y12 ls3 d22 l21 M22 l21 y22	
es-MX	yy_MM_dd	month	6/3/23 \u2013 9/5/23	d11 l11 M11 l11 y12 ls3 d21 l21 M21 l21 y22	
es-MX	yy_MM_dd	year	24/12/22 \u2013 6/3/23	d12 l11 M12 l11 y12 ls3 d21 l21 M21 l21 y22	
es-MX	MMMM	ampm	diciembre	Ms9	
es-MX	MMMM	day	diciembre	Ms9	
es-MX	MMMM	month	marzo \u2013 mayo	M15 ls3 M24	
es-MX	MMMM	year	diciembre \u2013 marzo	M19 ls3 M25	
es-MX	d	ampm	24	ds2	
es-MX	d	day	24\u201327	d12 ls1 d22	
es-MX	d	month	6/3 \u2013 9/5	d11 l11 M11 ls3 d21 l21 M21	
es-MX	d	year	24/12/2022 \u2013 6/3/2023	d12 l11 M12 l11 y14 ls3 d21 l21 M21 l21 y24	
es-MX	G_y	ampm	2022 d.C.	ys4 ls1 Gs4	
es-MX	G_y	day	2022 d.C.	ys4 ls1 Gs4	
es-MX	G_y	month	2023 d.C.	ys4 ls1 Gs4	
es-MX	G_y	year	2022\u20132023 d.C.	y14 ls1 y24 ls1 Gs4	
es-MX	j_mm	minute	3:07\u20133:42 p.m.	h11 l11 m12 ls1 h21 l21 m22 ls1 as4	
es-MX	j_mm	hour	1:04\u20135:42 p.m.	h11 l11 m12 ls1 h21 l21 m22 ls1 as4	
es-MX	j_mm	ampm	9:04 a.m. \u2013 3:07 p.m.	h11 l11 m12 l11 a14 ls3 h21 l21 m22 l21 a24	
es-MX	j_mm	day	24/12/2022, 3:07 p.m. \u2013 27/12/2022, 9:04 a.m.	d12 l11 M12 l11 y14 l12 h11 l11 m12 l11 a14 ls3 d22 l21 M22 l21 y24 l22 h21 l21 m22 l21 a24	
es-MX	j_mm	month	6/3/2023, 9:04 a.m. \u2013 9/5/2023, 3:07 p.m.	d11 l11 M11 l11 y14 l12 h11 l11 m12 l11 a14 ls3 d21 l21 M21 l21 y24 l22 h21 l21 m22 l21 a24	
es-MX	j_mm	year	24/12/2022, 3:07 p.m. \u2013 6/3/2023, 9:04 a.m.	d12 l11 M12 l11 y14 l12 h11 l11 m12 l11 a14 ls3 d21 l21 M21 l21 y24 l22 h21 l21 m22 l21 a24	
es-MX	H_mm_h23	minute	15:07\u201315:42	h12 l11 m12 ls1 h22 l21 m22	
es-MX	H_mm_h23	hour	13:04\u201317:42	h12 l11 m12 ls1 h22 l21 m22	
es-MX	H_mm_h23	ampm	09:04\u201315:07	h12 l11 m12 ls1 h22 l21 m22	
es-MX	H_mm_h23	day	24/12/2022, 15:07 \u2013 27/12/2022, 09:04	d12 l11 M12 l11 y14 l12 h12 l11 m12 ls3 d22 l21 M22 l21 y24 l22 h22 l21 m22	
es-MX	H_mm_h23	month	6/3/2023, 09:04 \u2013 9/5/2023, 15:07	d11 l11 M11 l11 y14 l12 h12 l11 m12 ls3 d21 l21 M21 l21 y24 l22 h22 l21 m22	
es-MX	H_mm_h23	year	24/12/2022, 15:07 \u2013 6/3/2023, 09:04	d12 l11 M12 l11 y14 l12 h12 l11 m12 ls3 d21 l21 M21 l21 y24 l22 h22 l21 m22	
es-MX	j_mm_ss	minute	3:07:09 p.m. \u2013 3:42:31 p.m.	h11 l11 m12 l11 s12 l11 a14 ls3 h21 l21 m22 l21 s22 l21 a24	
es-MX	j_mm_ss	hour	1:04:05 p.m. \u2013 5:42:31 p.m.	h11 l11 m12 l11 s12 l11 a14 ls3 h21 l21 m22 l21 s22 l21 a24	
es-MX	j_mm_ss	ampm	9:04:05 a.m. \u2013 3:07:09 p.m.	h11 l11 m12 l11 s12 l11 a14 ls3 h21 l21 m22 l21 s22 l21 a24	
es-MX	j_mm_ss	day	24/12/2022, 3:07:09 p.m. \u2013 27/12/2022, 9:04:05 a.m.	d12 l11 M12 l11 y14 l12 h11 l11 m12 l11 s12 l11 a14 ls3 d22 l21 M22 l21 y24 l22 h21 l21 m22 l21 s22 l21 a24	
es-MX	j_mm_ss	month	6/3/2023, 9:04:05 a.m. \u2013 9/5/2023, 3:07:09 p.m.	d11 l11 M11 l11 y14 l12 h11 l11 m12 l11 s12 l11 a14 ls3 d21 l21 M21 l21 y24 l22 h21 l21 m22 l21 s22 l21 a24	
es-MX	j_mm_ss	year	24/12/2022, 3:07:09 p.m. \u2013 6/3/2023, 9:04:05 a.m.	d12 l11 M12 l11 y14 l12 h11 l11 m12 l11 s12 l11 a14 ls3 d21 l21 M21 l21 y24 l22 h21 l21 m22 l21 s22 l21 a24	
es-MX	y_MMMM_d_j_mm	minute	24 de diciembre de 2022, 3:07\u20133:42 p.m.	ds2 ls4 Ms9 ls4 ys4 ls2 h11 l11 m12 ls1 h21 l21 m22 ls1 as4	
es-MX	y_MMMM_d_j_mm	hour	24 de diciembre de 2022, 1:04\u20135:42 p.m.	ds2 ls4 Ms9 ls4 ys4 ls2 h11 l11 m12 ls1 h21 l21 m22 ls1 as4	
es-MX	y_MMMM_d_j_mm	ampm	24 de diciembre de 2022, 9:04 a.m. \u2013 3:07 p.m.	ds2 ls4 Ms9 ls4 ys4 ls2 h11 l11 m12 l11 a14 ls3 h21 l21 m22 l21 a24	
es-MX	y_MMMM_d_j_mm	day	24 de diciembre de 2022 a las 3:07 p.m. \u2013 27 de diciembre de 2022 a las 9:04 a.m.	d12 l14 M19 l14 y14 l17 h11 l11 m12 l11 a14 ls3 d22 l24 M29 l24 y24 l27 h21 l21 m22 l21 a24	
es-MX	y_MMMM_d_j_mm	month	6 de marzo de 2023 a las 9:04 a.m. \u2013 9 de mayo de 2023 a las 3:07 p.m.	d11 l14 M15 l14 y14 l17 h11 l11 m12 l11 a14 ls3 d21 l24 M24 l24 y24 l27 h21 l21 m22 l21 a24	
es-MX	y_MMMM_d_j_mm	year	24 de diciembre de 2022 a las 3:07 p.m. \u2013 6 de marzo de 2023 a las 9:04 a.m.	d12 l14 M19 l14 y14 l17 h11 l11 m12 l11 a14 ls3 d21 l24 M25 l24 y24 l27 h21 l21 m22 l21 a24	
es-MX	y_M_d_j_mm_ss	minute	24/12/2022, 3:07:09 p.m. \u2013 3:42:31 p.m.	ds2 ls1 Ms2 ls1 ys4 ls2 h11 l11 m12 l11 s12 l11 a14 ls3 h21 l21 m22 l21 s22 l21 a24	
es-MX	y_M_d_j_mm_ss	hour	24/12/2022, 1:04:05 p.m. \u2013 5:42:31 p.m.	ds2 ls1 Ms2 ls1 ys4 ls2 h11 l11 m12 l11 s12 l11 a14 ls3 h21 l21 m22 l21 s22 l21 a24	
es-MX	y_M_d_j_mm_ss	ampm	24/12/2022, 9:04:05 a.m. \u2013 3:07:09 p.m.	ds2 ls1 Ms2 ls1 ys4 ls2 h11 l11 m12 l11 s12 l11 a14 ls3 h21 l21 m22 l21 s22 l21 a24	
es-MX	y_M_d_j_mm_ss	day	24/12/2022, 3:07:09 p.m. \u2013 27/12/2022, 9:04:05 a.m.	d12 l11 M12 l11 y14 l12 h11 l11 m12 l11 s12 l11 a14 ls3 d22 l21 M22 l21 y24 l22 h21 l21 m22 l21 s22 l21 a24	
es-MX	y_M_d_j_mm_ss	month	6/3/2023, 9:04:05 a.m. \u2013 9/5/2023, 3:07:09 p.m.	d11 l11 M11 l11 y14 l12 h11 l11 m12 l11 s12 l11 a14 ls3 d21 l21 M21 l21 y24 l22 h21 l21 m22 l21 s22 l21 a24	
es-MX	y_M_d_j_mm_ss	year	24/12/2022, 3:07:09 p.m. \u2013 6/3/2023, 9:04:05 a.m.	d12 l11 M12 l11 y14 l12 h11 l11 m12 l11 s12 l11 a14 ls3 d21 l21 M21 l21 y24 l22 h21 l21 m22 l21 s22 l21 a24	
et	E_d_MMMM	ampm	L, 24. detsember	Es1 ls2 ds2 ls2 Ms9	
et	E_d_MMMM	day	L, 24. detsember \u2013 T, 27. detsember	E11 l12 d12 l12 M19 ls3 E21 l22 d22 l22 M29	
et	E_d_MMMM	month	E, 6. m\u00e4rts \u2013 T, 9. mai	E11 l12 d11 l12 M15 ls3 E21 l22 d21 l22 M23	
et	E_d_MMMM	year	L, 24. detsember 2022 \u2013 E, 6. m\u00e4rts 2023	E11 l12 d12 l12 M19 l11 y14 ls3 E21 l22 d21 l22 M25 l21 y24	
et	EEEE_y_MMMM_d	ampm	laup\u00e4ev, 24. detsember 2022	Es7 ls2 ds2 ls2 Ms9 ls1 ys4	
et	EEEE_y_MMMM_d	day	laup\u00e4ev, 24. detsember \u2013 teisip\u00e4ev, 27. detsember 2022	E17 l12 d12 l12 M19 ls3 E29 l22 d22 l22 M29 ls1 ys4	
et	EEEE_y_MMMM_d	month	esmasp\u00e4ev, 6. m\u00e4rts \u2013 teisip\u00e4ev, 9. mai 2023	E19 l12 d11 l12 M15 ls3 E29 l22 d21 l22 M23 ls1 ys4	
et	EEEE_y_MMMM_d	year	laup\u00e4ev, 24. detsember 2022 \u2013 esmasp\u00e4ev, 6. m\u00e4rts 2023	E17 l12 d12 l12 M19 l11 y14 ls3 E29 l22 d21 l22 M25 l21 y24	
et	y_MMMM	ampm	detsember 2022	Ms9 ls1 ys4	
et	y_MMMM	day	detsember 2022	Ms9 ls1 ys4	
et	y_MMMM	month	m\u00e4rts\u2013mai 2023	M15 ls1 M23 ls1 ys4	
et	y_MMMM	year	detsember 2022 \u2013 m\u00e4rts 2023	M19 l11 y14 ls3 M25 l21 y24	
et	y_MMM_d	ampm	24. dets 2022	ds2 ls2 Ms4 ls1 ys4	
et	y_MMM_d	day	24.\u201327. dets 2022	d12 ls2 d22 ls2 Ms4 ls1 ys4	
et	y_MMM_d	month	6. m\u00e4rts \u2013 9. mai 2023	d11 l12 M15 ls3 d21 l22 M23 ls1 ys4	
et	y_MMM_d	year	24. dets 2022 \u2013 6. m\u00e4rts 2023	d12 l12 M14 l11 y14 ls3 d21 l22 M25 l21 y24	
et	MMM_d	ampm	24. dets	ds2 ls2 Ms4	
et	MMM_d	day	24.\u201327. dets	d12 ls2 d22 ls2 Ms4	
et	MMM_d	month	6. m\u00e4rts \u2013 9. mai	d11 l12 M15 ls3 d21 l22 M23	
et	MMM_d	year	24. dets 2022 \u2013 6. m\u00e4rts 2023	d12 l12 M14 l11 y14 ls3 d21 l22 M25 l21 y24	
et	y_M_d	ampm	24.12.2022	ds2 ls1 Ms2 ls1 ys4	
et	y_M_d	day	24.12.2022\u201327.12.2022	d12 l11 M12 l11 y14 ls1 d22 l21 M22 l21 y24	
et	y_M_d	month	06.03.2023\u201309.05.2023	d12 l11 M12 l11 y14 ls1 d22 l21 M22 l21 y24	
et	y_M_d	year	24.12.2022\u201306.03.2023	d12 l11 M12 l11 y14 ls1 d22 l21 M22 l21 y24	
et	yy_MM_dd	ampm	24.12.22	ds2 ls1 Ms2 ls1 ys2	
et	yy_MM_dd	day	24.12.22\u201327.12.22	d12 l11 M12 l11 y12 ls1 d22 l21 M22 l21 y22	
et	yy_MM_dd	month	06.03.23\u201309.05.23	d12 l11 M12 l11 y12 ls1 d22 l21 M22 l21 y22	
et	yy_MM_dd	year	24.12.22\u201306.03.23	d12 l11 M12 l11 y12 ls1 d22 l21 M22 l21 y22	
et	MMMM	ampm	detsember	Ms9	
et	MMMM	day	detsember	Ms9	
et	MMMM	month	m\u00e4rts\u2013mai	M15 ls1 M23	
et	MMMM	year	detsember 2022 \u2013 m\u00e4rts 2023	M19 l11 y14 ls3 M25 l21 y24	
et	d	ampm	24	ds2	
et	d	day	24\u201327	d12 ls1 d22	
et	d	month	06.03\u201309.05	d12 l11 M12 ls1 d22 l21 M22	
et	d	year	24.12.2022\u201306.03.2023	d12 l11 M12 l11 y14 ls1 d22 l21 M22 l21 y24	
et	G_y	ampm	2022 pKr	ys4 ls1 Gs3	
et	G_y	day	2022 pKr	ys4 ls1 Gs3	
et	G_y	month	2023 pKr	ys4 ls1 Gs3	
et	G_y	year	2022\u20132023 pKr	y14 ls1 y24 ls1 Gs3	
et	j_mm	minute	15:07\u201315:42	h12 l11 m12 ls1 h22 l21 m22	
et	j_mm	hour	13:04\u201317:42	h12 l11 m12 ls1 h22 l21 m22	
et	j_mm	ampm	09:04\u201315:07	h12 l11 m12 ls1 h22 l21 m22	
et	j_mm	day	24.12.2022, 15:07 \u2013 27.12.2022, 09:04	d12 l11 M12 l11 y14 l12 h12 l11 m12 ls3 d22 l21 M22 l21 y24 l22 h22 l21 m22	
et	j_mm	month	6.3.2023, 09:04 \u2013 9.5.2023, 15:07	d11 l11 M11 l11 y14 l12 h12 l11 m12 ls3 d21 l21 M21 l21 y24 l22 h22 l21 m22	
et	j_mm	year	24.12.2022, 15:07 \u2013 6.3.2023, 09:04	d12 l11 M12 l11 y14 l12 h12 l11 m12 ls3 d21 l21 M21 l21 y24 l22 h22 l21 m22	
et	H_mm_h23	minute	15:07\u201315:42	h12 l11 m12 ls1 h22 l21 m22	
et	H_mm_h23	hour	13:04\u201317:42	h12 l11 m12 ls1 h22 l21 m22	
et	H_mm_h23	ampm	09:04\u201315:07	h12 l11 m12 ls1 h22 l21 m22	
et	H_mm_h23	day	24.12.2022, 15:07 \u2013 27.12.2022, 09:04	d12 l11 M12 l11 y14 l12 h12 l11 m12 ls3 d22 l21 M22 l21 y24 l22 h22 l21 m22	
et	H_mm_h23	month	6.3.2023, 09:04 \u2013 9.5.2023, 15:07	d11 l11 M11 l11 y14 l12 h12 l11 m12 ls3 d21 l21 M21 l21 y24 l22 h22 l21 m22	
et	H_mm_h23	year	24.12.2022, 15:07 \u2013 6.3.2023, 09:04	d12 l11 M12 l11 y14 l12 h12 l11 m12 ls3 d21 l21 M21 l21 y24 l22 h22 l21 m22	
et	j_mm_ss	minute	15:07:09 \u2013 15:42:31	h12 l11 m12 l11 s12 ls3 h22 l21 m22 l21 s22	
et	j_mm_ss	hour	13:04:05 \u2013 17:42:31	h12 l11 m12 l11 s12 ls3 h22 l21 m22 l21 s22	
et	j_mm_ss	ampm	09:04:05 \u2013 15:07:09	h12 l11 m12 l11 s12 ls3 h22 l21 m22 l21 s22	
et	j_mm_ss	day	24.12.2022, 15:07:09 \u2013 27.12.2022, 09:04:05	d12 l11 M12 l11 y14 l12 h12 l11 m12 l11 s12 ls3 d22 l21 M22 l21 y24 l22 h22 l21 m22 l21 s22	
et	j_mm_ss	month	6.3.2023, 09:04:05 \u2013 9.5.2023, 15:07:09	d11 l11 M11 l11 y14 l12 h12 l11 m12 l11 s12 ls3 d21 l21 M21 l21 y24 l22 h22 l21 m22 l21 s22	
et	j_mm_ss	year	24.12.2022, 15:07:09 \u2013 6.3.2023, 09:04:05	d12 l11 M12 l11 y14 l12 h12 l11 m12 l11 s12 ls3 d21 l21 M21 l21 y24 l22 h22 l21 m22 l21 s22	
et	y_MMMM_d_j_mm	minute	24. detsember 2022 15:07\u201315:42	ds2 ls2 Ms9 ls1 ys4 ls1 h12 l11 m12 ls1 h22 l21 m22	
et	y_MMMM_d_j_mm	hour	24. detsember 2022 13:04\u201317:42	ds2 ls2 Ms9 ls1 ys4 ls1 h12 l11 m12 ls1 h22 l21 m22	
et	y_MMMM_d_j_mm	ampm	24. detsember 2022 09:04\u201315:07	ds2 ls2 Ms9 ls1 ys4 ls1 h12 l11 m12 ls1 h22 l21 m22	
et	y_MMMM_d_j_mm	day	24. detsember 2022, kell 15:07 \u2013 27. detsember 2022, kell 09:04	d12 l12 M19 l11 y14 l17 h12 l11 m12 ls3 d22 l22 M29 l21 y24 l27 h22 l21 m22	
et	y_MMMM_d_j_mm	month	6. m\u00e4rts 2023, kell 09:04 \u2013 9. mai 2023, kell 15:07	d11 l12 M15 l11 y14 l17 h12 l11 m12 ls3 d21 l22 M23 l21 y24 l27 h22 l21 m22	
et	y_MMMM_d_j_mm	year	24. detsember 2022, kell 15:07 \u2013 6. m\u00e4rts 2023, kell 09:04	d12 l12 M19 l11 y14 l17 h12 l11 m12 ls3 d21 l22 M25 l21 y24 l27 h22 l21 m22	
et	y_M_d_j_mm_ss	minute	24.12.2022 15:07:09 \u2013 15:42:31	ds2 ls1 Ms2 ls1 ys4 ls1 h12 l11 m12 l11 s12 ls3 h22 l21 m22 l21 s22	
et	y_M_d_j_mm_ss	hour	24.12.2022 13:04:05 \u2013 17:42:31	ds2 ls1 Ms2 ls1 ys4 ls1 h12 l11 m12 l11 s12 ls3 h22 l21 m22 l21 s22	
et	y_M_d_j_mm_ss	ampm	24.12.2022 09:04:05 \u2013 15:07:09	ds2 ls1 Ms2 ls1 ys4 ls1 h12 l11 m12 l11 s12 ls3 h22 l21 m22 l21 s22	
et	y_M_d_j_mm_ss	day	24.12.2022, 15:07:09 \u2013 27.12.2022, 09:04:05	d12 l11 M12 l11 y14 l12 h12 l11 m12 l11 s12 ls3 d22 l21 M22 l21 y24 l22 h22 l21 m22 l21 s22	
et	y_M_d_j_mm_ss	month	6.3.2023, 09:04:05 \u2013 9.5.2023, 15:07:09	d11 l11 M11 l11 y14 l12 h12 l11 m12 l11 s12 ls3 d21 l21 M21 l21 y24 l22 h22 l21 m22 l21 s22	
et	y_M_d_j_mm_ss	year	24.12.2022, 15:07:09 \u2013 6.3.2023, 09:04:05	d12 l11 M12 l11 y14 l12 h12 l11 m12 l11 s12 ls3 d21 l21 M21 l21 y24 l22 h22 l21 m22 l21 s22	
fa	E_d_MMMM	ampm	\u0634\u0646\u0628\u0647 24 \u062f\u0633\u0627\u0645\u0628\u0631	Es4 ls1 ds2 ls1 Ms6	
fa	E_d_MMMM	day	\u0634\u0646\u0628\u0647 24 \u062f\u0633\u0627\u0645\u0628\u0631 \u062a\u0627 \u0633\u0647\u200c\u0634\u0646\u0628\u0647 27 \u062f\u0633\u0627\u0645\u0628\u0631	E14 l11 d12 l11 M16 ls4 E27 l21 d22 l21 M26	
fa	E_d_MMMM	month	\u062f\u0648\u0634\u0646\u0628\u0647 6 \u0645\u0627\u0631\u0633 \u062a\u0627 \u0633\u0647\u200c\u0634\u0646\u0628\u0647 9 \u0645\u0647	E16 l11 d11 l11 M14 ls4 E27 l21 d21 l21 M22	
fa	E_d_MMMM	year	\u0634\u0646\u0628\u0647 24 \u062f\u0633\u0627\u0645\u0628\u0631 \u062a\u0627 \u062f\u0648\u0634\u0646\u0628\u0647 6 \u0645\u0627\u0631\u0633	E14 l11 d12 l11 M16 ls4 E26 l21 d21 l21 M24	
fa	EEEE_y_MMMM_d	ampm	\u0634\u0646\u0628\u0647 24 \u062f\u0633\u0627\u0645\u0628\u0631 2022	Es4 ls1 ds2 ls1 Ms6 ls1 ys4	
fa	EEEE_y_MMMM_d	day	\u0634\u0646\u0628\u0647 24 \u062f\u0633\u0627\u0645\u0628\u0631 \u062a\u0627 \u0633\u0647\u200c\u0634\u0646\u0628\u0647 27 \u062f\u0633\u0627\u0645\u0628\u0631 2022	E14 l11 d12 l11 M16 ls4 E27 l21 d22 l21 M26 ls1 ys4	\u0634\u0646\u0628\u0647 24 \u062f\u0633\u0627\u0645\u0628\u0631 \u062a\u0627 \u0633\u0647\u200c\u0634\u0646\u0628\u0647 27 \u062f\u0633\u0627\u0645\u0628\u0631 2022|E14 l11 d12 ls1 Ms6 ls4 E27 l21 d22 ls1 Ms6 ls1 ys4
fa	EEEE_y_MMMM_d	month	\u062f\u0648\u0634\u0646\u0628\u0647 6 \u0645\u0627\u0631\u0633 \u062a\u0627 \u0633\u0647\u200c\u0634\u0646\u0628\u0647 9 \u0645\u0647\u0654 2023	E16 l11 d11 l11 M14 ls4 E27 l21 d21 l21 M23 ls1 ys4	\u062f\u0648\u0634\u0646\u0628\u0647 6 \u0645\u0627\u0631\u0633 \u062a\u0627 \u0633\u0647\u200c\u0634\u0646\u0628\u0647 9 \u0645\u0647\u0654 2023|E16 l11 d11 ls1 Ms4 ls4 E27 l21 d21 ls1 Ms3 ls1 ys4
fa	EEEE_y_MMMM_d	year	\u0634\u0646\u0628\u0647 24 \u062f\u0633\u0627\u0645\u0628\u0631 2022 \u062a\u0627 \u062f\u0648\u0634\u0646\u0628\u0647 6 \u0645\u0627\u0631\u0633 2023	E14 l11 d12 l11 M16 l11 y14 ls4 E26 l21 d21 l21 M24 l21 y24	
fa	y_MMMM	ampm	\u062f\u0633\u0627\u0645\u0628\u0631 2022	Ms6 ls1 ys4	
fa	y_MMMM	day	\u062f\u0633\u0627\u0645\u0628\u0631 2022	Ms6 ls1 ys4	
fa	y_MMMM	month	\u0645\u0627\u0631\u0633 \u062a\u0627 \u0645\u0647\u0654 2023	M14 ls4 M23 ls1 ys4	
fa	y_MMMM	year	\u062f\u0633\u0627\u0645\u0628\u0631 2022 \u062a\u0627 \u0645\u0627\u0631\u0633 2023	M16 l11 y14 ls4 M24 l21 y24	
fa	y_MMM_d	ampm	24 \u062f\u0633\u0627\u0645\u0628\u0631 2022	ds2 ls1 Ms6 ls1 ys4	
fa	y_MMM_d	day	24 \u062a\u0627 27 \u062f\u0633\u0627\u0645\u0628\u0631 2022	d12 ls4 d22 ls1 Ms6 ls1 ys4	
fa	y_MMM_d	month	6 \u0645\u0627\u0631\u0633 \u062a\u0627 9 \u0645\u0647 2023	d11 l11 M14 ls4 d21 l21 M22 ls1 ys4	6 \u0645\u0627\u0631\u0633 \u062a\u0627 9 \u0645\u0647 2023|d11 ls1 Ms4 ls4 d21 ls1 Ms2 ls1 ys4
fa	y_MMM_d	year	24 \u062f\u0633\u0627\u0645\u0628\u0631 2022 \u062a\u0627 6 \u0645\u0627\u0631\u0633 2023	d12 l11 M16 l11 y14 ls4 d21 l21 M24 l21 y24	
fa	MMM_d	ampm	24 \u062f\u0633\u0627\u0645\u0628\u0631	ds2 ls1 Ms6	
fa	MMM_d	day	24 \u062f\u0633\u0627\u0645\u0628\u0631 \u062a\u0627 27 \u062f\u0633\u0627\u0645\u0628\u0631	d12 l11 M16 ls4 d22 l21 M26	
fa	MMM_d	month	6 \u0645\u0627\u0631\u0633 \u062a\u0627 9 \u0645\u0647	d11 l11 M14 ls4 d21 l21 M22	
fa	MMM_d	year	24 \u062f\u0633\u0627\u0645\u0628\u0631 \u062a\u0627 6 \u0645\u0627\u0631\u0633	d12 l11 M16 ls4 d21 l21 M24	
fa	y_M_d	ampm	2022/12/24	ys4 ls1 Ms2 ls1 ds2	
fa	y_M_d	day	2022/12/24 \u062a\u0627 2022/12/27	y14 l11 M12 l11 d12 ls4 y24 l21 M22 l21 d22	
fa	y_M_d	month	2023/3/6 \u062a\u0627 2023/5/9	y14 l11 M11 l11 d11 ls4 y24 l21 M21 l21 d21	
fa	y_M_d	year	2022/12/24 \u062a\u0627 2023/3/6	y14 l11 M12 l11 d12 ls4 y24 l21 M21 l21 d21	
fa	yy_MM_dd	ampm	22/12/24	ys2 ls1 Ms2 ls1 ds2	
fa	yy_MM_dd	day	22/12/24 \u062a\u0627 22/12/27	y12 l11 M12 l11 d12 ls4 y22 l21 M22 l21 d22	
fa	yy_MM_dd	month	23/3/6 \u062a\u0627 23/5/9	y12 l11 M11 l11 d11 ls4 y22 l21 M21 l21 d21	
fa	yy_MM_dd	year	22/12/24 \u062a\u0627 23/3/6	y12 l11 M12 l11 d12 ls4 y22 l21 M21 l21 d21	
fa	MMMM	ampm	\u062f\u0633\u0627\u0645\u0628\u0631	Ms6	
fa	MMMM	day	\u062f\u0633\u0627\u0645\u0628\u0631	Ms6	
fa	MMMM	month	\u0645\u0627\u0631\u0633 \u062a\u0627 \u0645\u0647	M14 ls4 M22	
fa	MMMM	year	\u062f\u0633\u0627\u0645\u0628\u0631 \u062a\u0627 \u0645\u0627\u0631\u0633	M16 ls4 M24	
fa	d	ampm	24	ds2	
fa	d	day	24 \u062a\u0627 27	d12 ls4 d22	
fa	d	month	3/6 \u062a\u0627 5/9	M11 l11 d11 ls4 M21 l21 d21	
fa	d	year	2022/12/24 \u062a\u0627 2023/3/6	y14 l11 M12 l11 d12 ls4 y24 l21 M21 l21 d21	
fa	G_y	ampm	2022 \u0645.	ys4 ls1 Gs2	
fa	G_y	day	2022 \u0645.	ys4 ls1 Gs2	
fa	G_y	month	2023 \u0645.	ys4 ls1 Gs2	
fa	G_y	year	2022 \u062a\u0627 2023 \u0645.	y14 ls4 y24 ls1 Gs2	
fa	j_mm	minute	15:07 \u062a\u0627 15:42	h12 l11 m12 ls4 h22 l21 m22	
fa	j_mm	hour	13:04 \u062a\u0627 17:42	h12 l11 m12 ls4 h22 l21 m22	
fa	j_mm	ampm	9:04 \u062a\u0627 15:07	h11 l11 m12 ls4 h22 l21 m22	
fa	j_mm	day	2022/12/24, 15:07 \u062a\u0627 2022/12/27, 9:04	y14 l11 M12 l11 d12 l12 h12 l11 m12 ls4 y24 l21 M22 l21 d22 l22 h21 l21 m22	
fa	j_mm	month	2023/3/6, 9:04 \u062a\u0627 2023/5/9, 15:07	y14 l11 M11 l11 d11 l12 h11 l11 m12 ls4 y24 l21 M21 l21 d21 l22 h22 l21 m22	
fa	j_mm	year	2022/12/24, 15:07 \u062a\u0627 2023/3/6, 9:04	y14 l11 M12 l11 d12 l12 h12 l11 m12 ls4 y24 l21 M21 l21 d21 l22 h21 l21 m22	
fa	H_mm_h23	minute	15:07 \u062a\u0627 15:42	h12 l11 m12 ls4 h22 l21 m22	
fa	H_mm_h23	hour	13:04 \u062a\u0627 17:42	h12 l11 m12 ls4 h22 l21 m22	
fa	H_mm_h23	ampm	9:04 \u062a\u0627 15:07	h11 l11 m12 ls4 h22 l21 m22	
fa	H_mm_h23	day	2022/12/24, 15:07 \u062a\u0627 2022/12/27, 9:04	y14 l11 M12 l11 d12 l12 h12 l11 m12 ls4 y24 l21 M22 l21 d22 l22 h21 l21 m22	
fa	H_mm_h23	month	2023/3/6, 9:04 \u062a\u0627 2023/5/9, 15:07	y14 l11 M11 l11 d11 l12 h11 l11 m12 ls4 y24 l21 M21 l21 d21 l22 h22 l21 m22	
fa	H_mm_h23	year	2022/12/24, 15:07 \u062a\u0627 2023/3/6, 9:04	y14 l11 M12 l11 d12 l12 h12 l11 m12 ls4 y24 l21 M21 l21 d21 l22 h21 l21 m22	
fa	j_mm_ss	minute	15:07:09 \u062a\u0627 15:42:31	h12 l11 m12 l11 s12 ls4 h22 l21 m22 l21 s22	
fa	j_mm_ss	hour	13:04:05 \u062a\u0627 17:42:31	h12 l11 m12 l11 s12 ls4 h22 l21 m22 l21 s22	
fa	j_mm_ss	ampm	9:04:05 \u062a\u0627 15:07:09	h11 l11 m12 l11 s12 ls4 h22 l21 m22 l21 s22	
fa	j_mm_ss	day	2022/12/24, 15:07:09 \u062a\u0627 2022/12/27, 9:04:05	y14 l11 M12 l11 d12 l12 h12 l11 m12 l11 s12 ls4 y24 l21 M22 l21 d22 l22 h21 l21 m22 l21 s22	
fa	j_mm_ss	month	2023/3/6, 9:04:05 \u062a\u0627 2023/5/9, 15:07:09	y14 l11 M11 l11 d11 l12 h11 l11 m12 l11 s12 ls4 y24 l21 M21 l21 d21 l22 h22 l21 m22 l21 s22	
fa	j_mm_ss	year	2022/12/24, 15:07:09 \u062a\u0627 2023/3/6, 9:04:05	y14 l11 M12 l11 d12 l12 h12 l11 m12 l11 s12 ls4 y24 l21 M21 l21 d21 l22 h21 l21 m22 l21 s22	
fa	y_MMMM_d_j_mm	minute	24 \u062f\u0633\u0627\u0645\u0628\u0631 2022\u060c\u200f 15:07 \u062a\u0627 15:42	ds2 ls1 Ms6 ls1 ys4 ls3 h12 l11 m12 ls4 h22 l21 m22	
fa	y_MMMM_d_j_mm	hour	24 \u062f\u0633\u0627\u0645\u0628\u0631 2022\u060c\u200f 13:04 \u062a\u0627 17:42	ds2 ls1 Ms6 ls1 ys4 ls3 h12 l11 m12 ls4 h22 l21 m22	
fa	y_MMMM_d_j_mm	ampm	24 \u062f\u0633\u0627\u0645\u0628\u0631 2022\u060c\u200f 9:04 \u062a\u0627 15:07	ds2 ls1 Ms6 ls1 ys4 ls3 h11 l11 m12 ls4 h22 l21 m22	
fa	y_MMMM_d_j_mm	day	24 \u062f\u0633\u0627\u0645\u0628\u0631 2022 \u0633\u0627\u0639\u062a 15:07 \u062a\u0627 27 \u062f\u0633\u0627\u0645\u0628\u0631 2022 \u0633\u0627\u0639\u062a 9:04	d12 l11 M16 l11 y14 l16 h12 l11 m12 ls4 d22 l21 M26 l21 y24 l26 h21 l21 m22	
fa	y_MMMM_d_j_mm	month	6 \u0645\u0627\u0631\u0633 2023 \u0633\u0627\u0639\u062a 9:04 \u062a\u0627 9 \u0645\u0647\u0654 2023 \u0633\u0627\u0639\u062a 15:07	d11 l11 M14 l11 y14 l16 h11 l11 m12 ls4 d21 l21 M23 l21 y24 l26 h22 l21 m22	
fa	y_MMMM_d_j_mm	year	24 \u062f\u0633\u0627\u0645\u0628\u0631 2022 \u0633\u0627\u0639\u062a 15:07 \u062a\u0627 6 \u0645\u0627\u0631\u0633 2023 \u0633\u0627\u0639\u062a 9:04	d12 l11 M16 l11 y14 l16 h12 l11 m12 ls4 d21 l21 M24 l21 y24 l26 h21 l21 m22	
fa	y_M_d_j_mm_ss	minute	2022/12/24\u060c\u200f 15:07:09 \u062a\u0627 15:42:31	ys4 ls1 Ms2 ls1 ds2 ls3 h12 l11 m12 l11 s12 ls4 h22 l21 m22 l21 s22	
fa	y_M_d_j_mm_ss	hour	2022/12/24\u060c\u200f 13:04:05 \u062a\u0627 17:42:31	ys4 ls1 Ms2 ls1 ds2 ls3 h12 l11 m12 l11 s12 ls4 h22 l21 m22 l21 s22	
fa	y_M_d_j_mm_ss	ampm	2022/12/24\u060c\u200f 9:04:05 \u062a\u0627 15:07:09	ys4 ls1 Ms2 ls1 ds2 ls3 h11 l11 m12 l11 s12 ls4 h22 l21 m22 l21 s22	
fa	y_M_d_j_mm_ss	day	2022/12/24, 15:07:09 \u062a\u0627 2022/12/27, 9:04:05	y14 l11 M12 l11 d12 l12 h12 l11 m12 l11 s12 ls4 y24 l21 M22 l21 d22 l22 h21 l21 m22 l21 s22	
fa	y_M_d_j_mm_ss	month	2023/3/6, 9:04:05 \u062a\u0627 2023/5/9, 15:07:09	y14 l11 M11 l11 d11 l12 h11 l11 m12 l11 s12 ls4 y24 l21 M21 l21 d21 l22 h22 l21 m22 l21 s22	
fa	y_M_d_j_mm_ss	year	2022/12/24, 15:07:09 \u062a\u0627 2023/3/6, 9:04:05	y14 l11 M12 l11 d12 l12 h12 l11 m12 l11 s12 ls4 y24 l21 M21 l21 d21 l22 h21 l21 m22 l21 s22	
fi	E_d_MMMM	ampm	la 24. joulukuuta	Es2 ls1 ds2 ls2 Ms10	
fi	E_d_MMMM	day	la 24. joulukuuta\u2013ti 27. joulukuuta	E12 l11 d12 l12 M110 ls1 E22 l21 d22 l22 M210	
fi	E_d_MMMM	month	ma 6. maaliskuuta\u2013ti 9. toukokuuta	E12 l11 d11 l12 M111 ls1 E22 l21 d21 l22 M210	
fi	E_d_MMMM	year	la 24. joulukuuta\u2013ma 6. maaliskuuta	E12 l11 d12 l12 M110 ls1 E22 l21 d21 l22 M211	
fi	EEEE_y_MMMM_d	ampm	lauantaina 24. joulukuuta 2022	Es10 ls1 ds2 ls2 Ms10 ls1 ys4	
fi	EEEE_y_MMMM_d	day	lauantaina 24. \u2013 tiistaina 27. joulukuuta 2022	E110 l11 d12 ls4 E29 l21 d22 ls2 Ms10 ls1 ys4	
fi	EEEE_y_MMMM_d	month	maanantaina 6. maaliskuuta \u2013 tiistaina 9. toukokuuta 2023	E111 l11 d11 l12 M111 ls3 E29 l21 d21 l22 M210 ls1 ys4	
fi	EEEE_y_MMMM_d	year	lauantaina 24. joulukuuta 2022 \u2013 maanantaina 6. maaliskuuta 2023	E110 l11 d12 l12 M110 l11 y14 ls3 E211 l21 d21 l22 M211 l21 y24	
fi	y_MMMM	ampm	joulukuu 2022	Ms8 ls1 ys4	
fi	y_MMMM	day	joulukuu 2022	Ms8 ls1 ys4	
fi	y_MMMM	month	maaliskuu 2023\u2013toukokuu 2023	M19 l11 y14 ls1 M28 l21 y24	
fi	y_MMMM	year	joulukuu 2022\u2013maaliskuu 2023	M18 l11 y14 ls1 M29 l21 y24	
fi	y_MMM_d	ampm	24.12.2022	ds2 ls1 Ms2 ls1 ys4	
fi	y_MMM_d	day	24.\u201327.12.2022	d12 ls2 d22 ls1 Ms2 ls1 ys4	
fi	y_MMM_d	month	6.3.\u20139.5.2023	d11 l11 M11 ls2 d21 l21 M21 ls1 ys4	
fi	y_MMM_d	year	24.12.2022\u20136.3.2023	d12 l11 M12 l11 y14 ls1 d21 l21 M21 l21 y24	
fi	MMM_d	ampm	24.12.	ds2 ls1 Ms2 ls1	
fi	MMM_d	day	24.\u201327.12.	d12 ls2 d22 ls1 Ms2 ls1	
fi	MMM_d	month	6.3.\u20139.5.	d11 l11 M11 ls2 d21 l21 M21 ls1	
fi	MMM_d	year	24.12.2022\u20136.3.2023	d12 l11 M12 l11 y14 ls1 d21 l21 M21 l21 y24	
fi	y_M_d	ampm	24.12.2022	ds2 ls1 Ms2 ls1 ys4	
fi	y_M_d	day	24.\u201327.12.2022	d12 ls2 d22 ls1 Ms2 ls1 ys4	
fi	y_M_d	month	6.3.\u20139.5.2023	d11 l11 M11 ls2 d21 l21 M21 ls1 ys4	
fi	y_M_d	year	24.12.2022\u20136.3.2023	d12 l11 M12 l11 y14 ls1 d21 l21 M21 l21 y24	
fi	yy_MM_dd	ampm	24.12.22	ds2 ls1 Ms2 ls1 ys2	
fi	yy_MM_dd	day	24.\u201327.12.22	d12 ls2 d22 ls1 Ms2 ls1 ys2	
fi	yy_MM_dd	month	6.3.\u20139.5.23	d11 l11 M11 ls2 d21 l21 M21 ls1 ys2	
fi	yy_MM_dd	year	24.12.22\u20136.3.23	d12 l11 M12 l11 y12 ls1 d21 l21 M21 l21 y22	
fi	MMMM	ampm	joulukuu	Ms8	
fi	MMMM	day	joulukuu	Ms8	
fi	MMMM	month	maaliskuu\u2013toukokuu	M19 ls1 M28	
fi	MMMM	year	joulukuu\u2013maaliskuu	M18 ls1 M29	
fi	d	ampm	24	ds2	
fi	d	day	24.\u201327.	d12 ls2 d22 ls1	
fi	d	month	6.3.\u20139.5.	d11 l11 M11 ls2 d21 l21 M21 ls1	
fi	d	year	24.12.2022\u20136.3.2023	d12 l11 M12 l11 y14 ls1 d21 l21 M21 l21 y24	
fi	G_y	ampm	2022 jKr.	ys4 ls1 Gs4	
fi	G_y	day	2022 jKr.	ys4 ls1 Gs4	
fi	G_y	month	2023 jKr.	ys4 ls1 Gs4	
fi	G_y	year	2022\u20132023 jKr.	y14 ls1 y24 ls1 Gs4	
fi	j_mm	minute	15.07\u201315.42	h12 l11 m12 ls1 h22 l21 m22	
fi	j_mm	hour	13.04\u201317.42	h12 l11 m12 ls1 h22 l21 m22	
fi	j_mm	ampm	9.04\u201315.07	h11 l11 m12 ls1 h22 l21 m22	
fi	j_mm	day	24.12.2022 klo 15.07\u201327.12.2022 klo 9.04	d12 l11 M12 l11 y14 l15 h12 l11 m12 ls1 d22 l21 M22 l21 y24 l25 h21 l21 m22	
fi	j_mm	month	6.3.2023 klo 9.04\u20139.5.2023 klo 15.07	d11 l11 M11 l11 y14 l15 h11 l11 m12 ls1 d21 l21 M21 l21 y24 l25 h22 l21 m22	
fi	j_mm	year	24.12.2022 klo 15.07\u20136.3.2023 klo 9.04	d12 l11 M12 l11 y14 l15 h12 l11 m12 ls1 d21 l21 M21 l21 y24 l25 h21 l21 m22	
fi	H_mm_h23	minute	15.07\u201315.42	h12 l11 m12 ls1 h22 l21 m22	
fi	H_mm_h23	hour	13.04\u201317.42	h12 l11 m12 ls1 h22 l21 m22	
fi	H_mm_h23	ampm	9.04\u201315.07	h11 l11 m12 ls1 h22 l21 m22	
fi	H_mm_h23	day	24.12.2022 klo 15.07\u201327.12.2022 klo 9.04	d12 l11 M12 l11 y14 l15 h12 l11 m12 ls1 d22 l21 M22 l21 y24 l25 h21 l21 m22	
fi	H_mm_h23	month	6.3.2023 klo 9.04\u20139.5.2023 klo 15.07	d11 l11 M11 l11 y14 l15 h11 l11 m12 ls1 d21 l21 M21 l21 y24 l25 h22 l21 m22	
fi	H_mm_h23	year	24.12.2022 klo 15.07\u20136.3.2023 klo 9.04	d12 l11 M12 l11 y14 l15 h12 l11 m12 ls1 d21 l21 M21 l21 y24 l25 h21 l21 m22	
fi	j_mm_ss	minute	15.07.09\u201315.42.31	h12 l11 m12 l11 s12 ls1 h22 l21 m22 l21 s22	
fi	j_mm_ss	hour	13.04.05\u201317.42.31	h12 l11 m12 l11 s12 ls1 h22 l21 m22 l21 s22	
fi	j_mm_ss	ampm	9.04.05\u201315.07.09	h11 l11 m12 l11 s12 ls1 h22 l21 m22 l21 s22	
fi	j_mm_ss	day	24.12.2022 klo 15.07.09\u201327.12.2022 klo 9.04.05	d12 l11 M12 l11 y14 l15 h12 l11 m12 l11 s12 ls1 d22 l21 M22 l21 y24 l25 h21 l21 m22 l21 s22	
fi	j_mm_ss	month	6.3.2023 klo 9.04.05\u20139.5.2023 klo 15.07.09	d11 l11 M11 l11 y14 l15 h11 l11 m12 l11 s12 ls1 d21 l21 M21 l21 y24 l25 h22 l21 m22 l21 s22	
fi	j_mm_ss	year	24.12.2022 klo 15.07.09\u20136.3.2023 klo 9.04.05	d12 l11 M12 l11 y14 l15 h12 l11 m12 l11 s12 ls1 d21 l21 M21 l21 y24 l25 h21 l21 m22 l21 s22	
fi	y_MMMM_d_j_mm	minute	24. joulukuuta 2022 15.07\u201315.42	ds2 ls2 Ms10 ls1 ys4 ls1 h12 l11 m12 ls1 h22 l21 m22	
fi	y_MMMM_d_j_mm	hour	24. joulukuuta 2022 13.04\u201317.42	ds2 ls2 Ms10 ls1 ys4 ls1 h12 l11 m12 ls1 h22 l21 m22	
fi	y_MMMM_d_j_mm	ampm	24. joulukuuta 2022 9.04\u201315.07	ds2 ls2 Ms10 ls1 ys4 ls1 h11 l11 m12 ls1 h22 l21 m22	
fi	y_MMMM_d_j_mm	day	24. joulukuuta 2022 klo 15.07\u201327. joulukuuta 2022 klo 9.04	d12 l12 M110 l11 y14 l15 h12 l11 m12 ls1 d22 l22 M210 l21 y24 l25 h21 l21 m22	
fi	y_MMMM_d_j_mm	month	6. maaliskuuta 2023 klo 9.04\u20139. toukokuuta 2023 klo 15.07	d11 l12 M111 l11 y14 l15 h11 l11 m12 ls1 d21 l22 M210 l21 y24 l25 h22 l21 m22	
fi	y_MMMM_d_j_mm	year	24. joulukuuta 2022 klo 15.07\u20136. maaliskuuta 2023 klo 9.04	d12 l12 M110 l11 y14 l15 h12 l11 m12 ls1 d21 l22 M211 l21 y24 l25 h21 l21 m22	
fi	y_M_d_j_mm_ss	minute	24.12.2022 15.07.09\u201315.42.31	ds2 ls1 Ms2 ls1 ys4 ls1 h12 l11 m12 l11 s12 ls1 h22 l21 m22 l21 s22	
fi	y_M_d_j_mm_ss	hour	24.12.2022 13.04.05\u201317.42.31	ds2 ls1 Ms2 ls1 ys4 ls1 h12 l11 m12 l11 s12 ls1 h22 l21 m22 l21 s22	
fi	y_M_d_j_mm_ss	ampm	24.12.2022 9.04.05\u201315.07.09	ds2 ls1 Ms2 ls1 ys4 ls1 h11 l11 m12 l11 s12 ls1 h22 l21 m22 l21 s22	
fi	y_M_d_j_mm_ss	day	24.12.2022 klo 15.07.09\u201327.12.2022 klo 9.04.05	d12 l11 M12 l11 y14 l15 h12 l11 m12 l11 s12 ls1 d22 l21 M22 l21 y24 l25 h21 l21 m22 l21 s22	
fi	y_M_d_j_mm_ss	month	6.3.2023 klo 9.04.05\u20139.5.2023 klo 15.07.09	d11 l11 M11 l11 y14 l15 h11 l11 m12 l11 s12 ls1 d21 l21 M21 l21 y24 l25 h22 l21 m22 l21 s22	
fi	y_M_d_j_mm_ss	year	24.12.2022 klo 15.07.09\u20136.3.2023 klo 9.04.05	d12 l11 M12 l11 y14 l15 h12 l11 m12 l11 s12 ls1 d21 l21 M21 l21 y24 l25 h21 l21 m22 l21 s22	
fil	E_d_MMMM	ampm	Sab, Disyembre 24	Es3 ls2 Ms9 ls1 ds2	
fil	E_d_MMMM	day	Sab, Disyembre 24 \u2013 Mar, Disyembre 27	E13 l12 M19 l11 d12 ls3 E23 l22 M29 l21 d22	
fil	E_d_MMMM	month	Lun, Marso 6 \u2013 Mar, Mayo 9	E13 l12 M15 l11 d11 ls3 E23 l22 M24 l21 d21	
fil	E_d_MMMM	year	Sab, Disyembre 24, 2022 \u2013 Lun, Marso 6, 2023	E13 l12 M19 l11 d12 l12 y14 ls3 E23 l22 M25 l21 d21 l22 y24	
fil	EEEE_y_MMMM_d	ampm	Sabado, Disyembre 24, 2022	Es6 ls2 Ms9 ls1 ds2 ls2 ys4	
fil	EEEE_y_MMMM_d	day	Sabado, Disyembre 24 \u2013 Martes, Disyembre 27, 2022	E16 l12 M19 l11 d12 ls3 E26 l22 M29 l21 d22 ls2 ys4	
fil	EEEE_y_MMMM_d	month	Lunes, Marso 6 \u2013 Martes, Mayo 9, 2023	E15 l12 M15 l11 d11 ls3 E26 l22 M24 l21 d21 ls2 ys4	
fil	EEEE_y_MMMM_d	year	Sabado, Disyembre 24, 2022 \u2013 Lunes, Marso 6, 2023	E16 l12 M19 l11 d12 l12 y14 ls3 E25 l22 M25 l21 d21 l22 y24	
fil	y_MMMM	ampm	Disyembre 2022	Ms9 ls1 ys4	
fil	y_MMMM	day	Disyembre 2022	Ms9 ls1 ys4	
fil	y_MMMM	month	Marso\u2013Mayo 2023	M15 ls1 M24 ls1 ys4	
fil	y_MMMM	year	Disyembre 2022 \u2013 Marso 2023	M19 l11 y14 ls3 M25 l21 y24	
fil	y_MMM_d	ampm	Dis 24, 2022	Ms3 ls1 ds2 ls2 ys4	
fil	y_MMM_d	day	Dis 24\u201327, 2022	Ms3 ls1 d12 ls1 d22 ls2 ys4	
fil	y_MMM_d	month	Mar 6 \u2013 May 9, 2023	M13 l11 d11 ls3 M23 l21 d21 ls2 ys4	
fil	y_MMM_d	year	Dis 24, 2022 \u2013 Mar 6, 2023	M13 l11 d12 l12 y14 ls3 M23 l21 d21 l22 y24	
fil	MMM_d	ampm	Dis 24	Ms3 ls1 ds2	
fil	MMM_d	day	Dis 24\u201327	Ms3 ls1 d12 ls1 d22	
fil	MMM_d	month	Mar 6 \u2013 May 9	M13 l11 d11 ls3 M23 l21 d21	
fil	MMM_d	year	Dis 24, 2022 \u2013 Mar 6, 2023	M13 l11 d12 l12 y14 ls3 M23 l21 d21 l22 y24	
fil	y_M_d	ampm	12/24/2022	Ms2 ls1 ds2 ls1 ys4	
fil	y_M_d	day	12/24/2022 \u2013 12/27/2022	M12 l11 d12 l11 y14 ls3 M22 l21 d22 l21 y24	
fil	y_M_d	month	3/6/2023 \u2013 5/9/2023	M11 l11 d11 l11 y14 ls3 M21 l21 d21 l21 y24	
fil	y_M_d	year	12/24/2022 \u2013 3/6/2023	M12 l11 d12 l11 y14 ls3 M21 l21 d21 l21 y24	
fil	yy_MM_dd	ampm	12/24/22	Ms2 ls1 ds2 ls1 ys2	
fil	yy_MM_dd	day	12/24/22 \u2013 12/27/22	M12 l11 d12 l11 y12 ls3 M22 l21 d22 l21 y22	
fil	yy_MM_dd	month	3/6/23 \u2013 5/9/23	M11 l11 d11 l11 y12 ls3 M21 l21 d21 l21 y22	
fil	yy_MM_dd	year	12/24/22 \u2013 3/6/23	M12 l11 d12 l11 y12 ls3 M21 l21 d21 l21 y22	
fil	MMMM	ampm	Disyembre	Ms9	
fil	MMMM	day	Disyembre	Ms9	
fil	MMMM	month	Marso \u2013 Mayo	M15 ls3 M24	
fil	MMMM	year	Disyembre \u2013 Marso	M19 ls3 M25	
fil	d	ampm	24	ds2	
fil	d	day	24\u201327	d12 ls1 d22	
fil	d	month	3/6 \u2013 5/9	M11 l11 d11 ls3 M21 l21 d21	
fil	d	year	12/24/2022 \u2013 3/6/2023	M12 l11 d12 l11 y14 ls3 M21 l21 d21 l21 y24	
fil	G_y	ampm	2022 AD	ys4 ls1 Gs2	
fil	G_y	day	2022 AD	ys4 ls1 Gs2	
fil	G_y	month	2023 AD	ys4 ls1 Gs2	
fil	G_y	year	2022 \u2013 2023 AD	y14 ls3 y24 ls1 Gs2	
fil	j_mm	minute	3:07\u20133:42 PM	h11 l11 m12 ls1 h21 l21 m22 ls1 as2	
fil	j_mm	hour	1:04\u20135:42 PM	h11 l11 m12 ls1 h21 l21 m22 ls1 as2	
fil	j_mm	ampm	9:04 AM \u2013 3:07 PM	h11 l11 m12 l11 a12 ls3 h21 l21 m22 l21 a22	
fil	j_mm	day	12/24/2022, 3:07 PM \u2013 12/27/2022, 9:04 AM	M12 l11 d12 l11 y14 l12 h11 l11 m12 l11 a12 ls3 M22 l21 d22 l21 y24 l22 h21 l21 m22 l21 a22	
fil	j_mm	month	3/6/2023, 9:04 AM \u2013 5/9/2023, 3:07 PM	M11 l11 d11 l11 y14 l12 h11 l11 m12 l11 a12 ls3 M21 l21 d21 l21 y24 l22 h21 l21 m22 l21 a22	
fil	j_mm	year	12/24/2022, 3:07 PM \u2013 3/6/2023, 9:04 AM	M12 l11 d12 l11 y14 l12 h11 l11 m12 l11 a12 ls3 M21 l21 d21 l21 y24 l22 h21 l21 m22 l21 a22	
fil	H_mm_h23	minute	15:07\u201315:42	h12 l11 m12 ls1 h22 l21 m22	
fil	H_mm_h23	hour	13:04\u201317:42	h12 l11 m12 ls1 h22 l21 m22	
fil	H_mm_h23	ampm	09:04\u201315:07	h12 l11 m12 ls1 h22 l21 m22	
fil	H_mm_h23	day	12/24/2022, 15:07 \u2013 12/27/2022, 09:04	M12 l11 d12 l11 y14 l12 h12 l11 m12 ls3 M22 l21 d22 l21 y24 l22 h22 l21 m22	
fil	H_mm_h23	month	3/6/2023, 09:04 \u2013 5/9/2023, 15:07	M11 l11 d11 l11 y14 l12 h12 l11 m12 ls3 M21 l21 d21 l21 y24 l22 h22 l21 m22	
fil	H_mm_h23	year	12/24/2022, 15:07 \u2013 3/6/2023, 09:04	M12 l11 d12 l11 y14 l12 h12 l11 m12 ls3 M21 l21 d21 l21 y24 l22 h22 l21 m22	
fil	j_mm_ss	minute	3:07:09 PM \u2013 3:42:31 PM	h11 l11 m12 l11 s12 l11 a12 ls3 h21 l21 m22 l21 s22 l21 a22	
fil	j_mm_ss	hour	1:04:05 PM \u2013 5:42:31 PM	h11 l11 m12 l11 s12 l11 a12 ls3 h21 l21 m22 l21 s22 l21 a22	
fil	j_mm_ss	ampm	9:04:05 AM \u2013 3:07:09 PM	h11 l11 m12 l11 s12 l11 a12 ls3 h21 l21 m22 l21 s22 l21 a22	
fil	j_mm_ss	day	12/24/2022, 3:07:09 PM \u2013 12/27/2022, 9:04:05 AM	M12 l11 d12 l11 y14 l12 h11 l11 m12 l11 s12 l11 a12 ls3 M22 l21 d22 l21 y24 l22 h21 l21 m22 l21 s22 l21 a22	
fil	j_mm_ss	month	3/6/2023, 9:04:05 AM \u2013 5/9/2023, 3:07:09 PM	M11 l11 d11 l11 y14 l12 h11 l11 m12 l11 s12 l11 a12 ls3 M21 l21 d21 l21 y24 l22 h21 l21 m22 l21 s22 l21 a22	
fil	j_mm_ss	year	12/24/2022, 3:07:09 PM \u2013 3/6/2023, 9:04:05 AM	M12 l11 d12 l11 y14 l12 h11 l11 m12 l11 s12 l11 a12 ls3 M21 l21 d21 l21 y24 l22 h21 l21 m22 l21 s22 l21 a22	
fil	y_MMMM_d_j_mm	minute	Disyembre 24, 2022, 3:07\u20133:42 PM	Ms9 ls1 ds2 ls2 ys4 ls2 h11 l11 m12 ls1 h21 l21 m22 ls1 as2	
fil	y_MMMM_d_j_mm	hour	Disyembre 24, 2022, 1:04\u20135:42 PM	Ms9 ls1 ds2 ls2 ys4 ls2 h11 l11 m12 ls1 h21 l21 m22 ls1 as2	
fil	y_MMMM_d_j_mm	ampm	Disyembre 24, 2022, 9:04 AM \u2013 3:07 PM	Ms9 ls1 ds2 ls2 ys4 ls2 h11 l11 m12 l11 a12 ls3 h21 l21 m22 l21 a22	
fil	y_MMMM_d_j_mm	day	Disyembre 24, 2022 nang 3:07 PM \u2013 Disyembre 27, 2022 nang 9:04 AM	M19 l11 d12 l12 y14 l16 h11 l11 m12 l11 a12 ls3 M29 l21 d22 l22 y24 l26 h21 l21 m22 l21 a22	
fil	y_MMMM_d_j_mm	month	Marso 6, 2023 nang 9:04 AM \u2013 Mayo 9, 2023 nang 3:07 PM	M15 l11 d11 l12 y14 l16 h11 l11 m12 l11 a12 ls3 M24 l21 d21 l22 y24 l26 h21 l21 m22 l21 a22	
fil	y_MMMM_d_j_mm	year	Disyembre 24, 2022 nang 3:07 PM \u2013 Marso 6, 2023 nang 9:04 AM	M19 l11 d12 l12 y14 l16 h11 l11 m12 l11 a12 ls3 M25 l21 d21 l22 y24 l26 h21 l21 m22 l21 a22	
fil	y_M_d_j_mm_ss	minute	12/24/2022, 3:07:09 PM \u2013 3:42:31 PM	Ms2 ls1 ds2 ls1 ys4 ls2 h11 l11 m12 l11 s12 l11 a12 ls3 h21 l21 m22 l21 s22 l21 a22	
fil	y_M_d_j_mm_ss	hour	12/24/2022, 1:04:05 PM \u2013 5:42:31 PM	Ms2 ls1 ds2 ls1 ys4 ls2 h11 l11 m12 l11 s12 l11 a12 ls3 h21 l21 m22 l21 s22 l21 a22	
fil	y_M_d_j_mm_ss	ampm	12/24/2022, 9:04:05 AM \u2013 3:07:09 PM	Ms2 ls1 ds2 ls1 ys4 ls2 h11 l11 m12 l11 s12 l11 a12 ls3 h21 l21 m22 l21 s22 l21 a22	
fil	y_M_d_j_mm_ss	day	12/24/2022, 3:07:09 PM \u2013 12/27/2022, 9:04:05 AM	M12 l11 d12 l11 y14 l12 h11 l11 m12 l11 s12 l11 a12 ls3 M22 l21 d22 l21 y24 l22 h21 l21 m22 l21 s22 l21 a22	
fil	y_M_d_j_mm_ss	month	3/6/2023, 9:04:05 AM \u2013 5/9/2023, 3:07:09 PM	M11 l11 d11 l11 y14 l12 h11 l11 m12 l11 s12 l11 a12 ls3 M21 l21 d21 l21 y24 l22 h21 l21 m22 l21 s22 l21 a22	
fil	y_M_d_j_mm_ss	year	12/24/2022, 3:07:09 PM \u2013 3/6/2023, 9:04:05 AM	M12 l11 d12 l11 y14 l12 h11 l11 m12 l11 s12 l11 a12 ls3 M21 l21 d21 l21 y24 l22 h21 l21 m22 l21 s22 l21 a22	
fr	E_d_MMMM	ampm	sam. 24 d\u00e9cembre	Es4 ls1 ds2 ls1 Ms8	
fr	E_d_MMMM	day	sam. 24 \u2013 mar. 27 d\u00e9cembre	E14 l11 d12 ls3 E24 l21 d22 ls1 Ms8	
fr	E_d_MMMM	month	lun. 6 mars \u2013 mar. 9 mai	E14 l11 d11 l11 M14 ls3 E24 l21 d21 l21 M23	
fr	E_d_MMMM	year	sam. 24 d\u00e9cembre 2022 \u2013 lun. 6 mars 2023	E14 l11 d12 l11 M18 l11 y14 ls3 E24 l21 d21 l21 M24 l21 y24	
fr	EEEE_y_MMMM_d	ampm	samedi 24 d\u00e9cembre 2022	Es6 ls1 ds2 ls1 Ms8 ls1 ys4	
fr	EEEE_y_MMMM_d	day	samedi 24 \u2013 mardi 27 d\u00e9cembre 2022	E16 l11 d12 ls3 E25 l21 d22 ls1 Ms8 ls1 ys4	
fr	EEEE_y_MMMM_d	month	lundi 6 mars \u2013 mardi 9 mai 2023	E15 l11 d11 l11 M14 ls3 E25 l21 d21 l21 M23 ls1 ys4	
fr	EEEE_y_MMMM_d	year	samedi 24 d\u00e9cembre 2022 \u2013 lundi 6 mars 2023	E16 l11 d12 l11 M18 l11 y14 ls3 E25 l21 d21 l21 M24 l21 y24	
fr	y_MMMM	ampm	d\u00e9cembre 2022	Ms8 ls1 ys4	
fr	y_MMMM	day	d\u00e9cembre 2022	Ms8 ls1 ys4	
fr	y_MMMM	month	mars \u2013 mai 2023	M14 ls3 M23 ls1 ys4	
fr	y_MMMM	year	d\u00e9cembre 2022 \u2013 mars 2023	M18 l11 y14 ls3 M24 l21 y24	
fr	y_MMM_d	ampm	24 d\u00e9c. 2022	ds2 ls1 Ms4 ls1 ys4	
fr	y_MMM_d	day	24\u201327 d\u00e9c. 2022	d12 ls1 d22 ls1 Ms4 ls1 ys4	
fr	y_MMM_d	month	6 mars \u2013 9 mai 2023	d11 l11 M14 ls3 d21 l21 M23 ls1 ys4	
fr	y_MMM_d	year	24 d\u00e9c. 2022 \u2013 6 mars 2023	d12 l11 M14 l11 y14 ls3 d21 l21 M24 l21 y24	
fr	MMM_d	ampm	24 d\u00e9c.	ds2 ls1 Ms4	
fr	MMM_d	day	24\u201327 d\u00e9c.	d12 ls1 d22 ls1 Ms4	
fr	MMM_d	month	6 mars \u2013 9 mai	d11 l11 M14 ls3 d21 l21 M23	
fr	MMM_d	year	24 d\u00e9c. 2022 \u2013 6 mars 2023	d12 l11 M14 l11 y14 ls3 d21 l21 M24 l21 y24	
fr	y_M_d	ampm	24/12/2022	ds2 ls1 Ms2 ls1 ys4	
fr	y_M_d	day	24/12/2022 \u2013 27/12/2022	d12 l11 M12 l11 y14 ls3 d22 l21 M22 l21 y24	
fr	y_M_d	month	06/03/2023 \u2013 09/05/2023	d12 l11 M12 l11 y14 ls3 d22 l21 M22 l21 y24	
fr	y_M_d	year	24/12/2022 \u2013 06/03/2023	d12 l11 M12 l11 y14 ls3 d22 l21 M22 l21 y24	
fr	yy_MM_dd	ampm	24/12/22	ds2 ls1 Ms2 ls1 ys2	
fr	yy_MM_dd	day	24/12/22 \u2013 27/12/22	d12 l11 M12 l11 y12 ls3 d22 l21 M22 l21 y22	
fr	yy_MM_dd	month	06/03/23 \u2013 09/05/23	d12 l11 M12 l11 y12 ls3 d22 l21 M22 l21 y22	
fr	yy_MM_dd	year	24/12/22 \u2013 06/03/23	d12 l11 M12 l11 y12 ls3 d22 l21 M22 l21 y22	
fr	MMMM	ampm	d\u00e9cembre	Ms8	
fr	MMMM	day	d\u00e9cembre	Ms8	
fr	MMMM	month	mars \u2013 mai	M14 ls3 M23	
fr	MMMM	year	d\u00e9cembre \u2013 mars	M18 ls3 M24	
fr	d	ampm	24	ds2	
fr	d	day	24\u201327	d12 ls1 d22	
fr	d	month	06/03 \u2013 09/05	d12 l11 M12 ls3 d22 l21 M22	
fr	d	year	24/12/2022 \u2013 06/03/2023	d12 l11 M12 l11 y14 ls3 d22 l21 M22 l21 y24	
fr	G_y	ampm	2022 ap. J.-C.	ys4 ls1 Gs9	
fr	G_y	day	2022 ap. J.-C.	ys4 ls1 Gs9	
fr	G_y	month	2023 ap. J.-C.	ys4 ls1 Gs9	
fr	G_y	year	2022\u20132023\u00a0ap. J.-C.	y14 ls1 y24 ls1 Gs9	
fr	j_mm	minute	15:07 \u2013 15:42	h12 l11 m12 ls3 h22 l21 m22	
fr	j_mm	hour	13:04 \u2013 17:42	h12 l11 m12 ls3 h22 l21 m22	
fr	j_mm	ampm	09:04 \u2013 15:07	h12 l11 m12 ls3 h22 l21 m22	
fr	j_mm	day	24/12/2022 15:07 \u2013 27/12/2022 09:04	d12 l11 M12 l11 y14 l11 h12 l11 m12 ls3 d22 l21 M22 l21 y24 l21 h22 l21 m22	
fr	j_mm	month	06/03/2023 09:04 \u2013 09/05/2023 15:07	d12 l11 M12 l11 y14 l11 h12 l11 m12 ls3 d22 l21 M22 l21 y24 l21 h22 l21 m22	
fr	j_mm	year	24/12/2022 15:07 \u2013 06/03/2023 09:04	d12 l11 M12 l11 y14 l11 h12 l11 m12 ls3 d22 l21 M22 l21 y24 l21 h22 l21 m22	
fr	H_mm_h23	minute	15:07 \u2013 15:42	h12 l11 m12 ls3 h22 l21 m22	
fr	H_mm_h23	hour	13:04 \u2013 17:42	h12 l11 m12 ls3 h22 l21 m22	
fr	H_mm_h23	ampm	09:04 \u2013 15:07	h12 l11 m12 ls3 h22 l21 m22	
fr	H_mm_h23	day	24/12/2022 15:07 \u2013 27/12/2022 09:04	d12 l11 M12 l11 y14 l11 h12 l11 m12 ls3 d22 l21 M22 l21 y24 l21 h22 l21 m22	
fr	H_mm_h23	month	06/03/2023 09:04 \u2013 09/05/2023 15:07	d12 l11 M12 l11 y14 l11 h12 l11 m12 ls3 d22 l21 M22 l21 y24 l21 h22 l21 m22	
fr	H_mm_h23	year	24/12/2022 15:07 \u2013 06/03/2023 09:04	d12 l11 M12 l11 y14 l11 h12 l11 m12 ls3 d22 l21 M22 l21 y24 l21 h22 l21 m22	
fr	j_mm_ss	minute	15:07:09 \u2013 15:42:31	h12 l11 m12 l11 s12 ls3 h22 l21 m22 l21 s22	
fr	j_mm_ss	hour	13:04:05 \u2013 17:42:31	h12 l11 m12 l11 s12 ls3 h22 l21 m22 l21 s22	
fr	j_mm_ss	ampm	09:04:05 \u2013 15:07:09	h12 l11 m12 l11 s12 ls3 h22 l21 m22 l21 s22	
fr	j_mm_ss	day	24/12/2022 15:07:09 \u2013 27/12/2022 09:04:05	d12 l11 M12 l11 y14 l11 h12 l11 m12 l11 s12 ls3 d22 l21 M22 l21 y24 l21 h22 l21 m22 l21 s22	
fr	j_mm_ss	month	06/03/2023 09:04:05 \u2013 09/05/2023 15:07:09	d12 l11 M12 l11 y14 l11 h12 l11 m12 l11 s12 ls3 d22 l21 M22 l21 y24 l21 h22 l21 m22 l21 s22	
fr	j_mm_ss	year	24/12/2022 15:07:09 \u2013 06/03/2023 09:04:05	d12 l11 M12 l11 y14 l11 h12 l11 m12 l11 s12 ls3 d22 l21 M22 l21 y24 l21 h22 l21 m22 l21 s22	
fr	y_MMMM_d_j_mm	minute	24 d\u00e9cembre 2022, 15:07 \u2013 15:42	ds2 ls1 Ms8 ls1 ys4 ls2 h12 l11 m12 ls3 h22 l21 m22	
fr	y_MMMM_d_j_mm	hour	24 d\u00e9cembre 2022, 13:04 \u2013 17:42	ds2 ls1 Ms8 ls1 ys4 ls2 h12 l11 m12 ls3 h22 l21 m22	
fr	y_MMMM_d_j_mm	ampm	24 d\u00e9cembre 2022, 09:04 \u2013 15:07	ds2 ls1 Ms8 ls1 ys4 ls2 h12 l11 m12 ls3 h22 l21 m22	
fr	y_MMMM_d_j_mm	day	24 d\u00e9cembre 2022 \u00e0 15:07 \u2013 27 d\u00e9cembre 2022 \u00e0 09:04	d12 l11 M18 l11 y14 l13 h12 l11 m12 ls3 d22 l21 M28 l21 y24 l23 h22 l21 m22	
fr	y_MMMM_d_j_mm	month	6 mars 2023 \u00e0 09:04 \u2013 9 mai 2023 \u00e0 15:07	d11 l11 M14 l11 y14 l13 h12 l11 m12 ls3 d21 l21 M23 l21 y24 l23 h22 l21 m22	
fr	y_MMMM_d_j_mm	year	24 d\u00e9cembre 2022 \u00e0 15:07 \u2013 6 mars 2023 \u00e0 09:04	d12 l11 M18 l11 y14 l13 h12 l11 m12 ls3 d21 l21 M24 l21 y24 l23 h22 l21 m22	
fr	y_M_d_j_mm_ss	minute	24/12/2022, 15:07:09 \u2013 15:42:31	ds2 ls1 Ms2 ls1 ys4 ls2 h12 l11 m12 l11 s12 ls3 h22 l21 m22 l21 s22	
fr	y_M_d_j_mm_ss	hour	24/12/2022, 13:04:05 \u2013 17:42:31	ds2 ls1 Ms2 ls1 ys4 ls2 h12 l11 m12 l11 s12 ls3 h22 l21 m22 l21 s22	
fr	y_M_d_j_mm_ss	ampm	24/12/2022, 09:04:05 \u2013 15:07:09	ds2 ls1 Ms2 ls1 ys4 ls2 h12 l11 m12 l11 s12 ls3 h22 l21 m22 l21 s22	
fr	y_M_d_j_mm_ss	day	24/12/2022 15:07:09 \u2013 27/12/2022 09:04:05	d12 l11 M12 l11 y14 l11 h12 l11 m12 l11 s12 ls3 d22 l21 M22 l21 y24 l21 h22 l21 m22 l21 s22	
fr	y_M_d_j_mm_ss	month	06/03/2023 09:04:05 \u2013 09/05/2023 15:07:09	d12 l11 M12 l11 y14 l11 h12 l11 m12 l11 s12 ls3 d22 l21 M22 l21 y24 l21 h22 l21 m22 l21 s22	
fr	y_M_d_j_mm_ss	year	24/12/2022 15:07:09 \u2013 06/03/2023 09:04:05	d12 l11 M12 l11 y14 l11 h12 l11 m12 l11 s12 ls3 d22 l21 M22 l21 y24 l21 h22 l21 m22 l21 s22	
fr-CA	E_d_MMMM	ampm	sam. 24 d\u00e9cembre	Es4 ls1 ds2 ls1 Ms8	
fr-CA	E_d_MMMM	day	sam. 24 d\u00e9cembre \u2013 mar. 27 d\u00e9cembre	E14 l11 d12 l11 M18 ls3 E24 l21 d22 l21 M28	
fr-CA	E_d_MMMM	month	lun. 6 mars \u2013 mar. 9 mai	E14 l11 d11 l11 M14 ls3 E24 l21 d21 l21 M23	
fr-CA	E_d_MMMM	year	sam. 24 d\u00e9cembre 2022 \u2013 lun. 6 mars 2023	E14 l11 d12 l11 M18 l11 y14 ls3 E24 l21 d21 l21 M24 l21 y24	
fr-CA	EEEE_y_MMMM_d	ampm	samedi 24 d\u00e9cembre 2022	Es6 ls1 ds2 ls1 Ms8 ls1 ys4	
fr-CA	EEEE_y_MMMM_d	day	samedi 24 d\u00e9cembre \u2013 mardi 27 d\u00e9cembre 2022	E16 l11 d12 l11 M18 ls3 E25 l21 d22 l21 M28 ls1 ys4	
fr-CA	EEEE_y_MMMM_d	month	lundi 6 mars \u2013 mardi 9 mai 2023	E15 l11 d11 l11 M14 ls3 E25 l21 d21 l21 M23 ls1 ys4	
fr-CA	EEEE_y_MMMM_d	year	samedi 24 d\u00e9cembre 2022 \u2013 lundi 6 mars 2023	E16 l11 d12 l11 M18 l11 y14 ls3 E25 l21 d21 l21 M24 l21 y24	
fr-CA	y_MMMM	ampm	d\u00e9cembre 2022	Ms8 ls1 ys4	
fr-CA	y_MMMM	day	d\u00e9cembre 2022	Ms8 ls1 ys4	
fr-CA	y_MMMM	month	mars \u2013 mai 2023	M14 ls3 M23 ls1 ys4	
fr-CA	y_MMMM	year	d\u00e9cembre 2022 \u2013 mars 2023	M18 l11 y14 ls3 M24 l21 y24	
fr-CA	y_MMM_d	ampm	24 d\u00e9c. 2022	ds2 ls1 Ms4 ls1 ys4	
fr-CA	y_MMM_d	day	24\u201327 d\u00e9c. 2022	d12 ls1 d22 ls1 Ms4 ls1 ys4	
fr-CA	y_MMM_d	month	6 mars \u2013 9 mai 2023	d11 l11 M14 ls3 d21 l21 M23 ls1 ys4	
fr-CA	y_MMM_d	year	24 d\u00e9c. 2022 \u2013 6 mars 2023	d12 l11 M14 l11 y14 ls3 d21 l21 M24 l21 y24	
fr-CA	MMM_d	ampm	24 d\u00e9c.	ds2 ls1 Ms4	
fr-CA	MMM_d	day	24 \u2013 27 d\u00e9c.	d12 ls3 d22 ls1 Ms4	
fr-CA	MMM_d	month	6 mars \u2013 9 mai	d11 l11 M14 ls3 d21 l21 M23	
fr-CA	MMM_d	year	24 d\u00e9c. 2022 \u2013 6 mars 2023	d12 l11 M14 l11 y14 ls3 d21 l21 M24 l21 y24	
fr-CA	y_M_d	ampm	2022-12-24	ys4 ls1 Ms2 ls1 ds2	
fr-CA	y_M_d	day	2022-12-24 \u2013 2022-12-27	y14 l11 M12 l11 d12 ls3 y24 l21 M22 l21 d22	
fr-CA	y_M_d	month	2023-03-06 \u2013 2023-05-09	y14 l11 M12 l11 d12 ls3 y24 l21 M22 l21 d22	
fr-CA	y_M_d	year	2022-12-24 \u2013 2023-03-06	y14 l11 M12 l11 d12 ls3 y24 l21 M22 l21 d22	
fr-CA	yy_MM_dd	ampm	22-12-24	ys2 ls1 Ms2 ls1 ds2	
fr-CA	yy_MM_dd	day	22-12-24 \u2013 22-12-27	y12 l11 M12 l11 d12 ls3 y22 l21 M22 l21 d22	
fr-CA	yy_MM_dd	month	23-03-06 \u2013 23-05-09	y12 l11 M12 l11 d12 ls3 y22 l21 M22 l21 d22	
fr-CA	yy_MM_dd	year	22-12-24 \u2013 23-03-06	y12 l11 M12 l11 d12 ls3 y22 l21 M22 l21 d22	
fr-CA	MMMM	ampm	d\u00e9cembre	Ms8	
fr-CA	MMMM	day	d\u00e9cembre	Ms8	
fr-CA	MMMM	month	mars \u2013 mai	M14 ls3 M23	
fr-CA	MMMM	year	d\u00e9cembre \u2013 mars	M18 ls3 M24	
fr-CA	d	ampm	24	ds2	
fr-CA	d	day	24 \u2013 27	d12 ls3 d22	
fr-CA	d	month	03-06 \u2013 05-09	M12 l11 d12 ls3 M22 l21 d22	
fr-CA	d	year	2022-12-24 \u2013 2023-03-06	y14 l11 M12 l11 d12 ls3 y24 l21 M22 l21 d22	
fr-CA	G_y	ampm	2022 ap. J.-C.	ys4 ls1 Gs9	
fr-CA	G_y	day	2022 ap. J.-C.	ys4 ls1 Gs9	
fr-CA	G_y	month	2023 ap. J.-C.	ys4 ls1 Gs9	
fr-CA	G_y	year	2022\u20132023\u00a0ap. J.-C.	y14 ls1 y24 ls1 Gs9	
fr-CA	j_mm	minute	15 h 07 \u2013 15 h 42	h12 l13 m12 ls3 h22 l23 m22	
fr-CA	j_mm	hour	13 h 04 \u2013 17 h 42	h12 l13 m12 ls3 h22 l23 m22	
fr-CA	j_mm	ampm	9 h 04 \u2013 15 h 07	h11 l13 m12 ls3 h22 l23 m22	
fr-CA	j_mm	day	2022-12-24 15 h 07 \u2013 2022-12-27 09 h 04	y14 l11 M12 l11 d12 l11 h12 l13 m12 ls3 y24 l21 M22 l21 d22 l21 h22 l23 m22	
fr-CA	j_mm	month	2023-03-06 09 h 04 \u2013 2023-05-09 15 h 07	y14 l11 M12 l11 d12 l11 h12 l13 m12 ls3 y24 l21 M22 l21 d22 l21 h22 l23 m22	
fr-CA	j_mm	year	2022-12-24 15 h 07 \u2013 2023-03-06 09 h 04	y14 l11 M12 l11 d12 l11 h12 l13 m12 ls3 y24 l21 M22 l21 d22 l21 h22 l23 m22	
fr-CA	H_mm_h23	minute	15 h 07 \u2013 15 h 42	h12 l13 m12 ls3 h22 l23 m22	
fr-CA	H_mm_h23	hour	13 h 04 \u2013 17 h 42	h12 l13 m12 ls3 h22 l23 m22	
fr-CA	H_mm_h23	ampm	9 h 04 \u2013 15 h 07	h11 l13 m12 ls3 h22 l23 m22	
fr-CA	H_mm_h23	day	2022-12-24 15 h 07 \u2013 2022-12-27 09 h 04	y14 l11 M12 l11 d12 l11 h12 l13 m12 ls3 y24 l21 M22 l21 d22 l21 h22 l23 m22	
fr-CA	H_mm_h23	month	2023-03-06 09 h 04 \u2013 2023-05-09 15 h 07	y14 l11 M12 l11 d12 l11 h12 l13 m12 ls3 y24 l21 M22 l21 d22 l21 h22 l23 m22	
fr-CA	H_mm_h23	year	2022-12-24 15 h 07 \u2013 2023-03-06 09 h 04	y14 l11 M12 l11 d12 l11 h12 l13 m12 ls3 y24 l21 M22 l21 d22 l21 h22 l23 m22	
fr-CA	j_mm_ss	minute	15 h 07 min 09 s \u2013 15 h 42 min 31 s	h12 l13 m12 l15 s12 ls5 h22 l23 m22 l25 s22 ls2	
fr-CA	j_mm_ss	hour	13 h 04 min 05 s \u2013 17 h 42 min 31 s	h12 l13 m12 l15 s12 ls5 h22 l23 m22 l25 s22 ls2	
fr-CA	j_mm_ss	ampm	09 h 04 min 05 s \u2013 15 h 07 min 09 s	h12 l13 m12 l15 s12 ls5 h22 l23 m22 l25 s22 ls2	
fr-CA	j_mm_ss	day	2022-12-24 15 h 07 min 09 s \u2013 2022-12-27 09 h 04 min 05 s	y14 l11 M12 l11 d12 l11 h12 l13 m12 l15 s12 ls5 y24 l21 M22 l21 d22 l21 h22 l23 m22 l25 s22 ls2	
fr-CA	j_mm_ss	month	2023-03-06 09 h 04 min 05 s \u2013 2023-05-09 15 h 07 min 09 s	y14 l11 M12 l11 d12 l11 h12 l13 m12 l15 s12 ls5 y24 l21 M22 l21 d22 l21 h22 l23 m22 l25 s22 ls2	
fr-CA	j_mm_ss	year	2022-12-24 15 h 07 min 09 s \u2013 2023-03-06 09 h 04 min 05 s	y14 l11 M12 l11 d12 l11 h12 l13 m12 l15 s12 ls5 y24 l21 M22 l21 d22 l21 h22 l23 m22 l25 s22 ls2	
fr-CA	y_MMMM_d_j_mm	minute	24 d\u00e9cembre 2022, 15 h 07 \u2013 15 h 42	ds2 ls1 Ms8 ls1 ys4 ls2 h12 l13 m12 ls3 h22 l23 m22	
fr-CA	y_MMMM_d_j_mm	hour	24 d\u00e9cembre 2022, 13 h 04 \u2013 17 h 42	ds2 ls1 Ms8 ls1 ys4 ls2 h12 l13 m12 ls3 h22 l23 m22	
fr-CA	y_MMMM_d_j_mm	ampm	24 d\u00e9cembre 2022, 9 h 04 \u2013 15 h 07	ds2 ls1 Ms8 ls1 ys4 ls2 h11 l13 m12 ls3 h22 l23 m22	
fr-CA	y_MMMM_d_j_mm	day	24 d\u00e9cembre 2022 \u00e0 15 h 07 \u2013 27 d\u00e9cembre 2022 \u00e0 09 h 04	d12 l11 M18 l11 y14 l13 h12 l13 m12 ls3 d22 l21 M28 l21 y24 l23 h22 l23 m22	
fr-CA	y_MMMM_d_j_mm	month	6 mars 2023 \u00e0 09 h 04 \u2013 9 mai 2023 \u00e0 15 h 07	d11 l11 M14 l11 y14 l13 h12 l13 m12 ls3 d21 l21 M23 l21 y24 l23 h22 l23 m22	
fr-CA	y_MMMM_d_j_mm	year	24 d\u00e9cembre 2022 \u00e0 15 h 07 \u2013 6 mars 2023 \u00e0 09 h 04	d12 l11 M18 l11 y14 l13 h12 l13 m12 ls3 d21 l21 M24 l21 y24 l23 h22 l23 m22	
fr-CA	y_M_d_j_mm_ss	minute	2022-12-24, 15 h 07 min 09 s \u2013 15 h 42 min 31 s	ys4 ls1 Ms2 ls1 ds2 ls2 h12 l13 m12 l15 s12 ls5 h22 l23 m22 l25 s22 ls2	
fr-CA	y_M_d_j_mm_ss	hour	2022-12-24, 13 h 04 min 05 s \u2013 17 h 42 min 31 s	ys4 ls1 Ms2 ls1 ds2 ls2 h12 l13 m12 l15 s12 ls5 h22 l23 m22 l25 s22 ls2	
fr-CA	y_M_d_j_mm_ss	ampm	2022-12-24, 09 h 04 min 05 s \u2013 15 h 07 min 09 s	ys4 ls1 Ms2 ls1 ds2 ls2 h12 l13 m12 l15 s12 ls5 h22 l23 m22 l25 s22 ls2	
fr-CA	y_M_d_j_mm_ss	day	2022-12-24 15 h 07 min 09 s \u2013 2022-12-27 09 h 04 min 05 s	y14 l11 M12 l11 d12 l11 h12 l13 m12 l15 s12 ls5 y24 l21 M22 l21 d22 l21 h22 l23 m22 l25 s22 ls2	
fr-CA	y_M_d_j_mm_ss	month	2023-03-06 09 h 04 min 05 s \u2013 2023-05-09 15 h 07 min 09 s	y14 l11 M12 l11 d12 l11 h12 l13 m12 l15 s12 ls5 y24 l21 M22 l21 d22 l21 h22 l23 m22 l25 s22 ls2	
fr-CA	y_M_d_j_mm_ss	year	2022-12-24 15 h 07 min 09 s \u2013 2023-03-06 09 h 04 min 05 s	y14 l11 M12 l11 d12 l11 h12 l13 m12 l15 s12 ls5 y24 l21 M22 l21 d22 l21 h22 l23 m22 l25 s22 ls2	
he	E_d_MMMM	ampm	\u05e9\u05d1\u05ea, 24 \u05d1\u05d3\u05e6\u05de\u05d1\u05e8	Es3 ls2 ds2 ls2 Ms5	
he	E_d_MMMM	day	\u05d9\u05d5\u05dd \u05e9\u05d1\u05ea, 24 \u05d1\u05d3\u05e6\u05de\u05d1\u05e8 \u2013 \u05d9\u05d5\u05dd \u05e9\u05dc\u05d9\u05e9\u05d9, 27 \u05d1\u05d3\u05e6\u05de\u05d1\u05e8	E17 l12 d12 l12 M15 ls3 E29 l22 d22 l22 M25	
he	E_d_MMMM	month	\u05d9\u05d5\u05dd \u05e9\u05e0\u05d9, 6 \u05d1\u05de\u05e8\u05e5 \u2013 \u05d9\u05d5\u05dd \u05e9\u05dc\u05d9\u05e9\u05d9, 9 \u05d1\u05de\u05d0\u05d9	E17 l12 d11 l12 M13 ls3 E29 l22 d21 l22 M23	
he	E_d_MMMM	year	\u05d9\u05d5\u05dd \u05e9\u05d1\u05ea 24 \u05d3\u05e6\u05de\u05d1\u05e8 2022 \u2013 \u05d9\u05d5\u05dd \u05e9\u05e0\u05d9 6 \u05de\u05e8\u05e5 2023	E17 l11 d12 l11 M15 l11 y14 ls3 E27 l21 d21 l21 M23 l21 y24	
he	EEEE_y_MMMM_d	ampm	\u05d9\u05d5\u05dd \u05e9\u05d1\u05ea, 24 \u05d1\u05d3\u05e6\u05de\u05d1\u05e8 2022	Es7 ls2 ds2 ls2 Ms5 ls1 ys4	
he	EEEE_y_MMMM_d	day	\u05d9\u05d5\u05dd \u05e9\u05d1\u05ea 24 \u05d3\u05e6\u05de\u05d1\u05e8 \u2013 \u05d9\u05d5\u05dd \u05e9\u05dc\u05d9\u05e9\u05d9 27 \u05d3\u05e6\u05de\u05d1\u05e8 2022	E17 l11 d12 l11 M15 ls3 E29 l21 d22 l21 M25 ls1 ys4	
he	EEEE_y_MMMM_d	month	\u05d9\u05d5\u05dd \u05e9\u05e0\u05d9 6 \u05de\u05e8\u05e5 \u2013 \u05d9\u05d5\u05dd \u05e9\u05dc\u05d9\u05e9\u05d9 9 \u05de\u05d0\u05d9 2023	E17 l11 d11 l11 M13 ls3 E29 l21 d21 l21 M23 ls1 ys4	
he	EEEE_y_MMMM_d	year	\u05d9\u05d5\u05dd \u05e9\u05d1\u05ea 24 \u05d3\u05e6\u05de\u05d1\u05e8 2022 \u2013 \u05d9\u05d5\u05dd \u05e9\u05e0\u05d9 6 \u05de\u05e8\u05e5 2023	E17 l11 d12 l11 M15 l11 y14 ls3 E27 l21 d21 l21 M23 l21 y24	
he	y_MMMM	ampm	\u05d3\u05e6\u05de\u05d1\u05e8 2022	Ms5 ls1 ys4	
he	y_MMMM	day	\u05d3\u05e6\u05de\u05d1\u05e8 2022	Ms5 ls1 ys4	
he	y_MMMM	month	\u05de\u05e8\u05e5\u2013\u05de\u05d0\u05d9 2023	M13 ls1 M23 ls1 ys4	
he	y_MMMM	year	\u05d3\u05e6\u05de\u05d1\u05e8 2022\u2013\u05de\u05e8\u05e5 2023	M15 l11 y14 ls1 M23 l21 y24	
he	y_MMM_d	ampm	24 \u05d1\u05d3\u05e6\u05de\u05f3 2022	ds2 ls2 Ms4 ls1 ys4	
he	y_MMM_d	day	24\u201327 \u05d1\u05d3\u05e6\u05de\u05f3 2022	d12 ls1 d22 ls2 Ms4 ls1 ys4	
he	y_MMM_d	month	6 \u05de\u05e8\u05e5 \u2013 9 \u05de\u05d0\u05d9 2023	d11 l11 M13 ls3 d21 l21 M23 ls1 ys4	
he	y_MMM_d	year	24 \u05d3\u05e6\u05de\u05f3 2022 \u2013 6 \u05de\u05e8\u05e5 2023	d12 l11 M14 l11 y14 ls3 d21 l21 M23 l21 y24	
he	MMM_d	ampm	24 \u05d1\u05d3\u05e6\u05de\u05f3	ds2 ls2 Ms4	
he	MMM_d	day	24\u201327 \u05d1\u05d3\u05e6\u05de\u05f3	d12 ls1 d22 ls2 Ms4	
he	MMM_d	month	6 \u05d1\u05de\u05e8\u05e5\u20139 \u05d1\u05de\u05d0\u05d9	d11 l12 M13 ls1 d21 l22 M23	
he	MMM_d	year	24 \u05d3\u05e6\u05de\u05f3 2022 \u2013 6 \u05de\u05e8\u05e5 2023	d12 l11 M14 l11 y14 ls3 d21 l21 M23 l21 y24	
he	y_M_d	ampm	24.12.2022	ds2 ls1 Ms2 ls1 ys4	
he	y_M_d	day	24.12.2022 \u2013 27.12.2022	d12 l11 M12 l11 y14 ls3 d22 l21 M22 l21 y24	
he	y_M_d	month	6.3.2023 \u2013 9.5.2023	d11 l11 M11 l11 y14 ls3 d21 l21 M21 l21 y24	
he	y_M_d	year	24.12.2022 \u2013 6.3.2023	d12 l11 M12 l11 y14 ls3 d21 l21 M21 l21 y24	
he	yy_MM_dd	ampm	24.12.22	ds2 ls1 Ms2 ls1 ys2	
he	yy_MM_dd	day	24.12.22 \u2013 27.12.22	d12 l11 M12 l11 y12 ls3 d22 l21 M22 l21 y22	
he	yy_MM_dd	month	6.3.23 \u2013 9.5.23	d11 l11 M11 l11 y12 ls3 d21 l21 M21 l21 y22	
he	yy_MM_dd	year	24.12.22 \u2013 6.3.23	d12 l11 M12 l11 y12 ls3 d21 l21 M21 l21 y22	
he	MMMM	ampm	\u05d3\u05e6\u05de\u05d1\u05e8	Ms5	
he	MMMM	day	\u05d3\u05e6\u05de\u05d1\u05e8	Ms5	
he	MMMM	month	\u05de\u05e8\u05e5 \u2013 \u05de\u05d0\u05d9	M13 ls3 M23	
he	MMMM	year	\u05d3\u05e6\u05de\u05d1\u05e8 \u2013 \u05de\u05e8\u05e5	M15 ls3 M23	
he	d	ampm	24	ds2	
he	d	day	24\u201327	d12 ls1 d22	
he	d	month	6.3\u20139.5	d11 l11 M11 ls1 d21 l21 M21	
he	d	year	24.12.2022 \u2013 6.3.2023	d12 l11 M12 l11 y14 ls3 d21 l21 M21 l21 y24	
he	G_y	ampm	2022 \u05dc\u05e1\u05e4\u05d9\u05e8\u05d4	ys4 ls1 Gs6	
he	G_y	day	2022 \u05dc\u05e1\u05e4\u05d9\u05e8\u05d4	ys4 ls1 Gs6	
he	G_y	month	2023 \u05dc\u05e1\u05e4\u05d9\u05e8\u05d4	ys4 ls1 Gs6	
he	G_y	year	2022 \u2013 2023 \u05dc\u05e1\u05e4\u05d9\u05e8\u05d4	y14 ls3 y24 ls1 Gs6	
he	j_mm	minute	15:07\u201315:42	h12 l11 m12 ls1 h22 l21 m22	
he	j_mm	hour	13:04\u201317:42	h12 l11 m12 ls1 h22 l21 m22	
he	j_mm	ampm	9:04\u201315:07	h11 l11 m12 ls1 h22 l21 m22	
he	j_mm	day	24.12.2022, 15:07 \u2013 27.12.2022, 9:04	d12 l11 M12 l11 y14 l12 h12 l11 m12 ls3 d22 l21 M22 l21 y24 l22 h21 l21 m22	
he	j_mm	month	6.3.2023, 9:04 \u2013 9.5.2023, 15:07	d11 l11 M11 l11 y14 l12 h11 l11 m12 ls3 d21 l21 M21 l21 y24 l22 h22 l21 m22	
he	j_mm	year	24.12.2022, 15:07 \u2013 6.3.2023, 9:04	d12 l11 M12 l11 y14 l12 h12 l11 m12 ls3 d21 l21 M21 l21 y24 l22 h21 l21 m22	
he	H_mm_h23	minute	15:07\u201315:42	h12 l11 m12 ls1 h22 l21 m22	
he	H_mm_h23	hour	13:04\u201317:42	h12 l11 m12 ls1 h22 l21 m22	
he	H_mm_h23	ampm	9:04\u201315:07	h11 l11 m12 ls1 h22 l21 m22	
he	H_mm_h23	day	24.12.2022, 15:07 \u2013 27.12.2022, 9:04	d12 l11 M12 l11 y14 l12 h12 l11 m12 ls3 d22 l21 M22 l21 y24 l22 h21 l21 m22	
he	H_mm_h23	month	6.3.2023, 9:04 \u2013 9.5.2023, 15:07	d11 l11 M11 l11 y14 l12 h11 l11 m12 ls3 d21 l21 M21 l21 y24 l22 h22 l21 m22	
he	H_mm_h23	year	24.12.2022, 15:07 \u2013 6.3.2023, 9:04	d12 l11 M12 l11 y14 l12 h12 l11 m12 ls3 d21 l21 M21 l21 y24 l22 h21 l21 m22	
he	j_mm_ss	minute	15:07:09 \u2013 15:42:31	h12 l11 m12 l11 s12 ls3 h22 l21 m22 l21 s22	
he	j_mm_ss	hour	13:04:05 \u2013 17:42:31	h12 l11 m12 l11 s12 ls3 h22 l21 m22 l21 s22	
he	j_mm_ss	ampm	9:04:05 \u2013 15:07:09	h11 l11 m12 l11 s12 ls3 h22 l21 m22 l21 s22	
he	j_mm_ss	day	24.12.2022, 15:07:09 \u2013 27.12.2022, 9:04:05	d12 l11 M12 l11 y14 l12 h12 l11 m12 l11 s12 ls3 d22 l21 M22 l21 y24 l22 h21 l21 m22 l21 s22	
he	j_mm_ss	month	6.3.2023, 9:04:05 \u2013 9.5.2023, 15:07:09	d11 l11 M11 l11 y14 l12 h11 l11 m12 l11 s12 ls3 d21 l21 M21 l21 y24 l22 h22 l21 m22 l21 s22	
he	j_mm_ss	year	24.12.2022, 15:07:09 \u2013 6.3.2023, 9:04:05	d12 l11 M12 l11 y14 l12 h12 l11 m12 l11 s12 ls3 d21 l21 M21 l21 y24 l22 h21 l21 m22 l21 s22	
he	y_MMMM_d_j_mm	minute	24 \u05d1\u05d3\u05e6\u05de\u05d1\u05e8 2022, 15:07\u201315:42	ds2 ls2 Ms5 ls1 ys4 ls2 h12 l11 m12 ls1 h22 l21 m22	
he	y_MMMM_d_j_mm	hour	24 \u05d1\u05d3\u05e6\u05de\u05d1\u05e8 2022, 13:04\u201317:42	ds2 ls2 Ms5 ls1 ys4 ls2 h12 l11 m12 ls1 h22 l21 m22	
he	y_MMMM_d_j_mm	ampm	24 \u05d1\u05d3\u05e6\u05de\u05d1\u05e8 2022, 9:04\u201315:07	ds2 ls2 Ms5 ls1 ys4 ls2 h11 l11 m12 ls1 h22 l21 m22	
he	y_MMMM_d_j_mm	day	24 \u05d1\u05d3\u05e6\u05de\u05d1\u05e8 2022 \u05d1\u05e9\u05e2\u05d4 15:07 \u2013 27 \u05d1\u05d3\u05e6\u05de\u05d1\u05e8 2022 \u05d1\u05e9\u05e2\u05d4 9:04	d12 l12 M15 l11 y14 l16 h12 l11 m12 ls3 d22 l22 M25 l21 y24 l26 h21 l21 m22	
he	y_MMMM_d_j_mm	month	6 \u05d1\u05de\u05e8\u05e5 2023 \u05d1\u05e9\u05e2\u05d4 9:04 \u2013 9 \u05d1\u05de\u05d0\u05d9 2023 \u05d1\u05e9\u05e2\u05d4 15:07	d11 l12 M13 l11 y14 l16 h11 l11 m12 ls3 d21 l22 M23 l21 y24 l26 h22 l21 m22	
he	y_MMMM_d_j_mm	year	24 \u05d1\u05d3\u05e6\u05de\u05d1\u05e8 2022 \u05d1\u05e9\u05e2\u05d4 15:07 \u2013 6 \u05d1\u05de\u05e8\u05e5 2023 \u05d1\u05e9\u05e2\u05d4 9:04	d12 l12 M15 l11 y14 l16 h12 l11 m12 ls3 d21 l22 M23 l21 y24 l26 h21 l21 m22	
he	y_M_d_j_mm_ss	minute	24.12.2022, 15:07:09 \u2013 15:42:31	ds2 ls1 Ms2 ls1 ys4 ls2 h12 l11 m12 l11 s12 ls3 h22 l21 m22 l21 s22	
he	y_M_d_j_mm_ss	hour	24.12.2022, 13:04:05 \u2013 17:42:31	ds2 ls1 Ms2 ls1 ys4 ls2 h12 l11 m12 l11 s12 ls3 h22 l21 m22 l21 s22	
he	y_M_d_j_mm_ss	ampm	24.12.2022, 9:04:05 \u2013 15:07:09	ds2 ls1 Ms2 ls1 ys4 ls2 h11 l11 m12 l11 s12 ls3 h22 l21 m22 l21 s22	
he	y_M_d_j_mm_ss	day	24.12.2022, 15:07:09 \u2013 27.12.2022, 9:04:05	d12 l11 M12 l11 y14 l12 h12 l11 m12 l11 s12 ls3 d22 l21 M22 l21 y24 l22 h21 l21 m22 l21 s22	
he	y_M_d_j_mm_ss	month	6.3.2023, 9:04:05 \u2013 9.5.2023, 15:07:09	d11 l11 M11 l11 y14 l12 h11 l11 m12 l11 s12 ls3 d21 l21 M21 l21 y24 l22 h22 l21 m22 l21 s22	
he	y_M_d_j_mm_ss	year	24.12.2022, 15:07:09 \u2013 6.3.2023, 9:04:05	d12 l11 M12 l11 y14 l12 h12 l11 m12 l11 s12 ls3 d21 l21 M21 l21 y24 l22 h21 l21 m22 l21 s22	
hi	E_d_MMMM	ampm	\u0936\u0928\u093f, 24 \u0926\u093f\u0938\u0902\u092c\u0930	Es3 ls2 ds2 ls1 Ms6	
hi	E_d_MMMM	day	\u0936\u0928\u093f, 24 \u0926\u093f\u0938\u0902\u092c\u0930 \u2013 \u092e\u0902\u0917\u0932, 27 \u0926\u093f\u0938\u0902\u092c\u0930	E13 l12 d12 l11 M16 ls3 E24 l22 d22 l21 M26	
hi	E_d_MMMM	month	\u0938\u094b\u092e, 6 \u092e\u093e\u0930\u094d\u091a \u2013 \u092e\u0902\u0917\u0932, 9 \u092e\u0908	E13 l12 d11 l11 M15 ls3 E24 l22 d21 l21 M22	
hi	E_d_MMMM	year	\u0936\u0928\u093f, 24 \u0926\u093f\u0938\u0902\u092c\u0930 2022 \u2013 \u0938\u094b\u092e, 6 \u092e\u093e\u0930\u094d\u091a 2023	E13 l12 d12 l11 M16 l11 y14 ls3 E23 l22 d21 l21 M25 l21 y24	
hi	EEEE_y_MMMM_d	ampm	\u0936\u0928\u093f\u0935\u093e\u0930, 24 \u0926\u093f\u0938\u0902\u092c\u0930 2022	Es6 ls2 ds2 ls1 Ms6 ls1 ys4	
hi	EEEE_y_MMMM_d	day	\u0936\u0928\u093f\u0935\u093e\u0930, 24 \u0926\u093f\u0938\u0902\u092c\u0930 \u2013 \u092e\u0902\u0917\u0932\u0935\u093e\u0930, 27 \u0926\u093f\u0938\u0902\u092c\u0930 2022	E16 l12 d12 l11 M16 ls3 E27 l22 d22 l21 M26 ls1 ys4	
hi	EEEE_y_MMMM_d	month	\u0938\u094b\u092e\u0935\u093e\u0930, 6 \u092e\u093e\u0930\u094d\u091a \u2013 \u092e\u0902\u0917\u0932\u0935\u093e\u0930, 9 \u092e\u0908 2023	E16 l12 d11 l11 M15 ls3 E27 l22 d21 l21 M22 ls1 ys4	
hi	EEEE_y_MMMM_d	year	\u0936\u0928\u093f\u0935\u093e\u0930, 24 \u0926\u093f\u0938\u0902\u092c\u0930 2022 \u2013 \u0938\u094b\u092e\u0935\u093e\u0930, 6 \u092e\u093e\u0930\u094d\u091a 2023	E16 l12 d12 l11 M16 l11 y14 ls3 E26 l22 d21 l21 M25 l21 y24	
hi	y_MMMM	ampm	\u0926\u093f\u0938\u0902\u092c\u0930 2022	Ms6 ls1 ys4	
hi	y_MMMM	day	\u0926\u093f\u0938\u0902\u092c\u0930 2022	Ms6 ls1 ys4	
hi	y_MMMM	month	\u092e\u093e\u0930\u094d\u091a \u2013 \u092e\u0908 2023	M15 ls3 M22 ls1 ys4	
hi	y_MMMM	year	\u0926\u093f\u0938\u0902\u092c\u0930 2022 \u2013 \u092e\u093e\u0930\u094d\u091a 2023	M16 l11 y14 ls3 M25 l21 y24	
hi	y_MMM_d	ampm	24 \u0926\u093f\u0938\u0970 2022	ds2 ls1 Ms4 ls1 ys4	
hi	y_MMM_d	day	24\u201327 \u0926\u093f\u0938\u0970 2022	d12 ls1 d22 ls1 Ms4 ls1 ys4	
hi	y_MMM_d	month	6 \u092e\u093e\u0930\u094d\u091a \u2013 9 \u092e\u0908 2023	d11 l11 M15 ls3 d21 l21 M22 ls1 ys4	
hi	y_MMM_d	year	24 \u0926\u093f\u0938\u0970 2022 \u2013 6 \u092e\u093e\u0930\u094d\u091a 2023	d12 l11 M14 l11 y14 ls3 d21 l21 M25 l21 y24	
hi	MMM_d	ampm	24 \u0926\u093f\u0938\u0970	ds2 ls1 Ms4	
hi	MMM_d	day	24 \u2013 27 \u0926\u093f\u0938\u0970	d12 ls3 d22 ls1 Ms4	
hi	MMM_d	month	6 \u092e\u093e\u0930\u094d\u091a \u2013 9 \u092e\u0908	d11 l11 M15 ls3 d21 l21 M22	
hi	MMM_d	year	24 \u0926\u093f\u0938\u0970 2022 \u2013 6 \u092e\u093e\u0930\u094d\u091a 2023	d12 l11 M14 l11 y14 ls3 d21 l21 M25 l21 y24	
hi	y_M_d	ampm	24/12/2022	ds2 ls1 Ms2 ls1 ys4	
hi	y_M_d	day	24/12/2022 \u2013 27/12/2022	d12 l11 M12 l11 y14 ls3 d22 l21 M22 l21 y24	
hi	y_M_d	month	6/3/2023 \u2013 9/5/2023	d11 l11 M11 l11 y14 ls3 d21 l21 M21 l21 y24	
hi	y_M_d	year	24/12/2022 \u2013 6/3/2023	d12 l11 M12 l11 y14 ls3 d21 l21 M21 l21 y24	
hi	yy_MM_dd	ampm	24/12/22	ds2 ls1 Ms2 ls1 ys2	
hi	yy_MM_dd	day	24/12/22 \u2013 27/12/22	d12 l11 M12 l11 y12 ls3 d22 l21 M22 l21 y22	
hi	yy_MM_dd	month	6/3/23 \u2013 9/5/23	d11 l11 M11 l11 y12 ls3 d21 l21 M21 l21 y22	
hi	yy_MM_dd	year	24/12/22 \u2013 6/3/23	d12 l11 M12 l11 y12 ls3 d21 l21 M21 l21 y22	
hi	MMMM	ampm	\u0926\u093f\u0938\u0902\u092c\u0930	Ms6	
hi	MMMM	day	\u0926\u093f\u0938\u0902\u092c\u0930	Ms6	
hi	MMMM	month	\u092e\u093e\u0930\u094d\u091a \u2013 \u092e\u0908	M15 ls3 M22	
hi	MMMM	year	\u0926\u093f\u0938\u0902\u092c\u0930 \u2013 \u092e\u093e\u0930\u094d\u091a	M16 ls3 M25	
hi	d	ampm	24	ds2	
hi	d	day	24\u201327	d12 ls1 d22	
hi	d	month	6/3 \u2013 9/5	d11 l11 M11 ls3 d21 l21 M21	
hi	d	year	24/12/2022 \u2013 6/3/2023	d12 l11 M12 l11 y14 ls3 d21 l21 M21 l21 y24	
hi	G_y	ampm	2022 \u0908\u0938\u094d\u0935\u0940	ys4 ls1 Gs5	
hi	G_y	day	2022 \u0908\u0938\u094d\u0935\u0940	ys4 ls1 Gs5	
hi	G_y	month	2023 \u0908\u0938\u094d\u0935\u0940	ys4 ls1 Gs5	
hi	G_y	year	\u0908\u0938\u094d\u0935\u0940 2022\u20132023	Gs5 ls1 y14 ls1 y24	
hi	j_mm	minute	3:07\u20133:42 pm	h11 l11 m12 ls1 h21 l21 m22 ls1 as2	
hi	j_mm	hour	1:04\u20135:42 pm	h11 l11 m12 ls1 h21 l21 m22 ls1 as2	
hi	j_mm	ampm	9:04 am \u2013 3:07 pm	h11 l11 m12 l11 a12 ls3 h21 l21 m22 l21 a22	
hi	j_mm	day	24/12/2022, 3:07 pm \u2013 27/12/2022, 9:04 am	d12 l11 M12 l11 y14 l12 h11 l11 m12 l11 a12 ls3 d22 l21 M22 l21 y24 l22 h21 l21 m22 l21 a22	
hi	j_mm	month	6/3/2023, 9:04 am \u2013 9/5/2023, 3:07 pm	d11 l11 M11 l11 y14 l12 h11 l11 m12 l11 a12 ls3 d21 l21 M21 l21 y24 l22 h21 l21 m22 l21 a22	
hi	j_mm	year	24/12/2022, 3:07 pm \u2013 6/3/2023, 9:04 am	d12 l11 M12 l11 y14 l12 h11 l11 m12 l11 a12 ls3 d21 l21 M21 l21 y24 l22 h21 l21 m22 l21 a22	
hi	H_mm_h23	minute	15:07\u201315:42	h12 l11 m12 ls1 h22 l21 m22	
hi	H_mm_h23	hour	13:04\u201317:42	h12 l11 m12 ls1 h22 l21 m22	
hi	H_mm_h23	ampm	09:04\u201315:07	h12 l11 m12 ls1 h22 l21 m22	
hi	H_mm_h23	day	24/12/2022, 15:07 \u2013 27/12/2022, 09:04	d12 l11 M12 l11 y14 l12 h12 l11 m12 ls3 d22 l21 M22 l21 y24 l22 h22 l21 m22	
hi	H_mm_h23	month	6/3/2023, 09:04 \u2013 9/5/2023, 15:07	d11 l11 M11 l11 y14 l12 h12 l11 m12 ls3 d21 l21 M21 l21 y24 l22 h22 l21 m22	
hi	H_mm_h23	year	24/12/2022, 15:07 \u2013 6/3/2023, 09:04	d12 l11 M12 l11 y14 l12 h12 l11 m12 ls3 d21 l21 M21 l21 y24 l22 h22 l21 m22	
hi	j_mm_ss	minute	3:07:09 pm \u2013 3:42:31 pm	h11 l11 m12 l11 s12 l11 a12 ls3 h21 l21 m22 l21 s22 l21 a22	
hi	j_mm_ss	hour	1:04:05 pm \u2013 5:42:31 pm	h11 l11 m12 l11 s12 l11 a12 ls3 h21 l21 m22 l21 s22 l21 a22	
hi	j_mm_ss	ampm	9:04:05 am \u2013 3:07:09 pm	h11 l11 m12 l11 s12 l11 a12 ls3 h21 l21 m22 l21 s22 l21 a22	
hi	j_mm_ss	day	24/12/2022, 3:07:09 pm \u2013 27/12/2022, 9:04:05 am	d12 l11 M12 l11 y14 l12 h11 l11 m12 l11 s12 l11 a12 ls3 d22 l21 M22 l21 y24 l22 h21 l21 m22 l21 s22 l21 a22	
hi	j_mm_ss	month	6/3/2023, 9:04:05 am \u2013 9/5/2023, 3:07:09 pm	d11 l11 M11 l11 y14 l12 h11 l11 m12 l11 s12 l11 a12 ls3 d21 l21 M21 l21 y24 l22 h21 l21 m22 l21 s22 l21 a22	
hi	j_mm_ss	year	24/12/2022, 3:07:09 pm \u2013 6/3/2023, 9:04:05 am	d12 l11 M12 l11 y14 l12 h11 l11 m12 l11 s12 l11 a12 ls3 d21 l21 M21 l21 y24 l22 h21 l21 m22 l21 s22 l21 a22	
hi	y_MMMM_d_j_mm	minute	24 \u0926\u093f\u0938\u0902\u092c\u0930 2022, 3:07\u20133:42 pm	ds2 ls1 Ms6 ls1 ys4 ls2 h11 l11 m12 ls1 h21 l21 m22 ls1 as2	
hi	y_MMMM_d_j_mm	hour	24 \u0926\u093f\u0938\u0902\u092c\u0930 2022, 1:04\u20135:42 pm	ds2 ls1 Ms6 ls1 ys4 ls2 h11 l11 m12 ls1 h21 l21 m22 ls1 as2	
hi	y_MMMM_d_j_mm	ampm	24 \u0926\u093f\u0938\u0902\u092c\u0930 2022, 9:04 am \u2013 3:07 pm	ds2 ls1 Ms6 ls1 ys4 ls2 h11 l11 m12 l11 a12 ls3 h21 l21 m22 l21 a22	
hi	y_MMMM_d_j_mm	day	24 \u0926\u093f\u0938\u0902\u092c\u0930 2022 \u0915\u094b 3:07 pm \u092c\u091c\u0947 \u2013 27 \u0926\u093f\u0938\u0902\u092c\u0930 2022 \u0915\u094b 9:04 am \u092c\u091c\u0947	d12 l11 M16 l11 y14 l14 h11 l11 m12 l11 a12 ls7 d22 l21 M26 l21 y24 l24 h21 l21 m22 l21 a22 ls4	
hi	y_MMMM_d_j_mm	month	6 \u092e\u093e\u0930\u094d\u091a 2023 \u0915\u094b 9:04 am \u092c\u091c\u0947 \u2013 9 \u092e\u0908 2023 \u0915\u094b 3:07 pm \u092c\u091c\u0947	d11 l11 M15 l11 y14 l14 h11 l11 m12 l11 a12 ls7 d21 l21 M22 l21 y24 l24 h21 l21 m22 l21 a22 ls4	
hi	y_MMMM_d_j_mm	year	24 \u0926\u093f\u0938\u0902\u092c\u0930 2022 \u0915\u094b 3:07 pm \u092c\u091c\u0947 \u2013 6 \u092e\u093e\u0930\u094d\u091a 2023 \u0915\u094b 9:04 am \u092c\u091c\u0947	d12 l11 M16 l11 y14 l14 h11 l11 m12 l11 a12 ls7 d21 l21 M25 l21 y24 l24 h21 l21 m22 l21 a22 ls4	
hi	y_M_d_j_mm_ss	minute	24/12/2022, 3:07:09 pm \u2013 3:42:31 pm	ds2 ls1 Ms2 ls1 ys4 ls2 h11 l11 m12 l11 s12 l11 a12 ls3 h21 l21 m22 l21 s22 l21 a22	
hi	y_M_d_j_mm_ss	hour	24/12/2022, 1:04:05 pm \u2013 5:42:31 pm	ds2 ls1 Ms2 ls1 ys4 ls2 h11 l11 m12 l11 s12 l11 a12 ls3 h21 l21 m22 l21 s22 l21 a22	
hi	y_M_d_j_mm_ss	ampm	24/12/2022, 9:04:05 am \u2013 3:07:09 pm	ds2 ls1 Ms2 ls1 ys4 ls2 h11 l11 m12 l11 s12 l11 a12 ls3 h21 l21 m22 l21 s22 l21 a22	
hi	y_M_d_j_mm_ss	day	24/12/2022, 3:07:09 pm \u2013 27/12/2022, 9:04:05 am	d12 l11 M12 l11 y14 l12 h11 l11 m12 l11 s12 l11 a12 ls3 d22 l21 M22 l21 y24 l22 h21 l21 m22 l21 s22 l21 a22	
hi	y_M_d_j_mm_ss	month	6/3/2023, 9:04:05 am \u2013 9/5/2023, 3:07:09 pm	d11 l11 M11 l11 y14 l12 h11 l11 m12 l11 s12 l11 a12 ls3 d21 l21 M21 l21 y24 l22 h21 l21 m22 l21 s22 l21 a22	
hi	y_M_d_j_mm_ss	year	24/12/2022, 3:07:09 pm \u2013 6/3/2023, 9:04:05 am	d12 l11 M12 l11 y14 l12 h11 l11 m12 l11 s12 l11 a12 ls3 d21 l21 M21 l21 y24 l22 h21 l21 m22 l21 s22 l21 a22	
hr	E_d_MMMM	ampm	sub, 24. prosinca	Es3 ls2 ds2 ls2 Ms8	
hr	E_d_MMMM	day	sub, 24. \u2013 uto, 27. prosinca	E13 l12 d12 ls4 E23 l22 d22 ls2 Ms8	
hr	E_d_MMMM	month	pon, 06. o\u017eujka \u2013 uto, 09. svibnja	E13 l12 d12 l12 M16 ls3 E23 l22 d22 l22 M27	
hr	E_d_MMMM	year	sub, 24. prosinca 2022. \u2013 pon, 06. o\u017eujka 2023.	E13 l12 d12 l12 M18 l11 y14 ls4 E23 l22 d22 l22 M26 l21 y24 ls1	
hr	EEEE_y_MMMM_d	ampm	subota, 24. prosinca 2022.	Es6 ls2 ds2 ls2 Ms8 ls1 ys4 ls1	
hr	EEEE_y_MMMM_d	day	subota, 24. \u2013 utorak, 27. prosinca 2022.	E16 l12 d12 ls4 E26 l22 d22 ls2 Ms8 ls1 ys4 ls1	
hr	EEEE_y_MMMM_d	month	ponedjeljak, 06. o\u017eujka \u2013 utorak, 09. svibnja 2023.	E111 l12 d12 l12 M16 ls3 E26 l22 d22 l22 M27 ls1 ys4 ls1	
hr	EEEE_y_MMMM_d	year	subota, 24. prosinca 2022. \u2013 ponedjeljak, 06. o\u017eujka 2023.	E16 l12 d12 l12 M18 l11 y14 ls4 E211 l22 d22 l22 M26 l21 y24 ls1	
hr	y_MMMM	ampm	prosinac 2022.	Ms8 ls1 ys4 ls1	
hr	y_MMMM	day	prosinac 2022.	Ms8 ls1 ys4 ls1	
hr	y_MMMM	month	o\u017eujak 2023. \u2013 svibanj 2023.	M16 l11 y14 ls4 M27 l21 y24 ls1	
hr	y_MMMM	year	prosinac 2022. \u2013 o\u017eujak 2023.	M18 l11 y14 ls4 M26 l21 y24 ls1	
hr	y_MMM_d	ampm	24. pro 2022.	ds2 ls2 Ms3 ls1 ys4 ls1	
hr	y_MMM_d	day	24. \u2013 27. pro 2022.	d12 ls4 d22 ls2 Ms3 ls1 ys4 ls1	
hr	y_MMM_d	month	06. o\u017eu \u2013 09. svi 2023.	d12 l12 M13 ls3 d22 l22 M23 ls1 ys4 ls1	
hr	y_MMM_d	year	24. pro 2022. \u2013 06. o\u017eu 2023.	d12 l12 M13 l11 y14 ls4 d22 l22 M23 l21 y24 ls1	
hr	MMM_d	ampm	24. pro	ds2 ls2 Ms3	
hr	MMM_d	day	24. \u2013 27. pro	d12 ls4 d22 ls2 Ms3	
hr	MMM_d	month	06. o\u017eu \u2013 09. svi	d12 l12 M13 ls3 d22 l22 M23	
hr	MMM_d	year	24. pro 2022. \u2013 06. o\u017eu 2023.	d12 l12 M13 l11 y14 ls4 d22 l22 M23 l21 y24 ls1	
hr	y_M_d	ampm	24. 12. 2022.	ds2 ls2 Ms2 ls2 ys4 ls1	
hr	y_M_d	day	24. 12. 2022. \u2013 27. 12. 2022.	d12 l12 M12 l12 y14 ls4 d22 l22 M22 l22 y24 ls1	
hr	y_M_d	month	06. 03. 2023. \u2013 09. 05. 2023.	d12 l12 M12 l12 y14 ls4 d22 l22 M22 l22 y24 ls1	
hr	y_M_d	year	24. 12. 2022. \u2013 06. 03. 2023.	d12 l12 M12 l12 y14 ls4 d22 l22 M22 l22 y24 ls1	
hr	yy_MM_dd	ampm	24. 12. 22.	ds2 ls2 Ms2 ls2 ys2 ls1	
hr	yy_MM_dd	day	24. 12. 22. \u2013 27. 12. 22.	d12 l12 M12 l12 y12 ls4 d22 l22 M22 l22 y22 ls1	
hr	yy_MM_dd	month	06. 03. 23. \u2013 09. 05. 23.	d12 l12 M12 l12 y12 ls4 d22 l22 M22 l22 y22 ls1	
hr	yy_MM_dd	year	24. 12. 22. \u2013 06. 03. 23.	d12 l12 M12 l12 y12 ls4 d22 l22 M22 l22 y22 ls1	
hr	MMMM	ampm	prosinac	Ms8	
hr	MMMM	day	prosinac	Ms8	
hr	MMMM	month	o\u017eujak \u2013 svibanj	M16 ls3 M27	
hr	MMMM	year	prosinac \u2013 o\u017eujak	M18 ls3 M26	
hr	d	ampm	24.	ds2 ls1	
hr	d	day	24. \u2013 27.	d12 ls4 d22 ls1	
hr	d	month	06. 03. \u2013 09. 05.	d12 l12 M12 ls4 d22 l22 M22 ls1	
hr	d	year	24. 12. 2022. \u2013 06. 03. 2023.	d12 l12 M12 l12 y14 ls4 d22 l22 M22 l22 y24 ls1	
hr	G_y	ampm	2022. po. Kr.	ys4 ls2 Gs7	
hr	G_y	day	2022. po. Kr.	ys4 ls2 Gs7	
hr	G_y	month	2023. po. Kr.	ys4 ls2 Gs7	
hr	G_y	year	2022. \u2013 2023. po. Kr.	y14 ls4 y24 ls2 Gs7	
hr	j_mm	minute	15:07 \u2013 15:42	h12 l11 m12 ls3 h22 l21 m22	
hr	j_mm	hour	13:04 \u2013 17:42	h12 l11 m12 ls3 h22 l21 m22	
hr	j_mm	ampm	09:04 \u2013 15:07	h12 l11 m12 ls3 h22 l21 m22	
hr	j_mm	day	24. 12. 2022. 15:07 \u2013 27. 12. 2022. 09:04	d12 l12 M12 l12 y14 l12 h12 l11 m12 ls3 d22 l22 M22 l22 y24 l22 h22 l21 m22	
hr	j_mm	month	06. 03. 2023. 09:04 \u2013 09. 05. 2023. 15:07	d12 l12 M12 l12 y14 l12 h12 l11 m12 ls3 d22 l22 M22 l22 y24 l22 h22 l21 m22	
hr	j_mm	year	24. 12. 2022. 15:07 \u2013 06. 03. 2023. 09:04	d12 l12 M12 l12 y14 l12 h12 l11 m12 ls3 d22 l22 M22 l22 y24 l22 h22 l21 m22	
hr	H_mm_h23	minute	15:07 \u2013 15:42	h12 l11 m12 ls3 h22 l21 m22	
hr	H_mm_h23	hour	13:04 \u2013 17:42	h12 l11 m12 ls3 h22 l21 m22	
hr	H_mm_h23	ampm	09:04 \u2013 15:07	h12 l11 m12 ls3 h22 l21 m22	
hr	H_mm_h23	day	24. 12. 2022. 15:07 \u2013 27. 12. 2022. 09:04	d12 l12 M12 l12 y14 l12 h12 l11 m12 ls3 d22 l22 M22 l22 y24 l22 h22 l21 m22	
hr	H_mm_h23	month	06. 03. 2023. 09:04 \u2013 09. 05. 2023. 15:07	d12 l12 M12 l12 y14 l12 h12 l11 m12 ls3 d22 l22 M22 l22 y24 l22 h22 l21 m22	
hr	H_mm_h23	year	24. 12. 2022. 15:07 \u2013 06. 03. 2023. 09:04	d12 l12 M12 l12 y14 l12 h12 l11 m12 ls3 d22 l22 M22 l22 y24 l22 h22 l21 m22	
hr	j_mm_ss	minute	15:07:09 \u2013 15:42:31	h12 l11 m12 l11 s12 ls3 h22 l21 m22 l21 s22	
hr	j_mm_ss	hour	13:04:05 \u2013 17:42:31	h12 l11 m12 l11 s12 ls3 h22 l21 m22 l21 s22	
hr	j_mm_ss	ampm	09:04:05 \u2013 15:07:09	h12 l11 m12 l11 s12 ls3 h22 l21 m22 l21 s22	
hr	j_mm_ss	day	24. 12. 2022. 15:07:09 \u2013 27. 12. 2022. 09:04:05	d12 l12 M12 l12 y14 l12 h12 l11 m12 l11 s12 ls3 d22 l22 M22 l22 y24 l22 h22 l21 m22 l21 s22	
hr	j_mm_ss	month	06. 03. 2023. 09:04:05 \u2013 09. 05. 2023. 15:07:09	d12 l12 M12 l12 y14 l12 h12 l11 m12 l11 s12 ls3 d22 l22 M22 l22 y24 l22 h22 l21 m22 l21 s22	
hr	j_mm_ss	year	24. 12. 2022. 15:07:09 \u2013 06. 03. 2023. 09:04:05	d12 l12 M12 l12 y14 l12 h12 l11 m12 l11 s12 ls3 d22 l22 M22 l22 y24 l22 h22 l21 m22 l21 s22	
hr	y_MMMM_d_j_mm	minute	24. prosinca 2022. 15:07 \u2013 15:42	ds2 ls2 Ms8 ls1 ys4 ls2 h12 l11 m12 ls3 h22 l21 m22	
hr	y_MMMM_d_j_mm	hour	24. prosinca 2022. 13:04 \u2013 17:42	ds2 ls2 Ms8 ls1 ys4 ls2 h12 l11 m12 ls3 h22 l21 m22	
hr	y_MMMM_d_j_mm	ampm	24. prosinca 2022. 09:04 \u2013 15:07	ds2 ls2 Ms8 ls1 ys4 ls2 h12 l11 m12 ls3 h22 l21 m22	
hr	y_MMMM_d_j_mm	day	24. prosinca 2022. u 15:07 \u2013 27. prosinca 2022. u 09:04	d12 l12 M18 l11 y14 l14 h12 l11 m12 ls3 d22 l22 M28 l21 y24 l24 h22 l21 m22	
hr	y_MMMM_d_j_mm	month	6. o\u017eujka 2023. u 09:04 \u2013 9. svibnja 2023. u 15:07	d11 l12 M16 l11 y14 l14 h12 l11 m12 ls3 d21 l22 M27 l21 y24 l24 h22 l21 m22	
hr	y_MMMM_d_j_mm	year	24. prosinca 2022. u 15:07 \u2013 6. o\u017eujka 2023. u 09:04	d12 l12 M18 l11 y14 l14 h12 l11 m12 ls3 d21 l22 M26 l21 y24 l24 h22 l21 m22	
hr	y_M_d_j_mm_ss	minute	24. 12. 2022. 15:07:09 \u2013 15:42:31	ds2 ls2 Ms2 ls2 ys4 ls2 h12 l11 m12 l11 s12 ls3 h22 l21 m22 l21 s22	
hr	y_M_d_j_mm_ss	hour	24. 12. 2022. 13:04:05 \u2013 17:42:31	ds2 ls2 Ms2 ls2 ys4 ls2 h12 l11 m12 l11 s12 ls3 h22 l21 m22 l21 s22	
hr	y_M_d_j_mm_ss	ampm	24. 12. 2022. 09:04:05 \u2013 15:07:09	ds2 ls2 Ms2 ls2 ys4 ls2 h12 l11 m12 l11 s12 ls3 h22 l21 m22 l21 s22	
hr	y_M_d_j_mm_ss	day	24. 12. 2022. 15:07:09 \u2013 27. 12. 2022. 09:04:05	d12 l12 M12 l12 y14 l12 h12 l11 m12 l11 s12 ls3 d22 l22 M22 l22 y24 l22 h22 l21 m22 l21 s22	
hr	y_M_d_j_mm_ss	month	06. 03. 2023. 09:04:05 \u2013 09. 05. 2023. 15:07:09	d12 l12 M12 l12 y14 l12 h12 l11 m12 l11 s12 ls3 d22 l22 M22 l22 y24 l22 h22 l21 m22 l21 s22	
hr	y_M_d_j_mm_ss	year	24. 12. 2022. 15:07:09 \u2013 06. 03. 2023. 09:04:05	d12 l12 M12 l12 y14 l12 h12 l11 m12 l11 s12 ls3 d22 l22 M22 l22 y24 l22 h22 l21 m22 l21 s22	
hu	E_d_MMMM	ampm	december 24., Szo	Ms8 ls1 ds2 ls3 Es3	
hu	E_d_MMMM	day	december 24., Szo \u2013 27., K	Ms8 ls1 d12 l13 E13 ls3 d22 l23 E21	
hu	E_d_MMMM	month	m\u00e1rcius 6., H \u2013 m\u00e1jus 9., K	M17 l11 d11 l13 E11 ls3 M25 l21 d21 l23 E21	
hu	E_d_MMMM	year	2022. december 24., Szo \u2013 2023. m\u00e1rcius 6., H	y14 l12 M18 l11 d12 l13 E13 ls3 y24 l22 M27 l21 d21 l23 E21	
hu	EEEE_y_MMMM_d	ampm	2022. december 24., szombat	ys4 ls2 Ms8 ls1 ds2 ls3 Es7	
hu	EEEE_y_MMMM_d	day	2022. december 24., szombat \u2013 27., kedd	ys4 ls2 Ms8 ls1 d12 l13 E17 ls3 d22 l23 E24	
hu	EEEE_y_MMMM_d	month	2023. m\u00e1rcius 6., h\u00e9tf\u0151 \u2013 m\u00e1jus 9., kedd	ys4 ls2 M17 l11 d11 l13 E15 ls3 M25 l21 d21 l23 E24	
hu	EEEE_y_MMMM_d	year	2022. december 24., szombat \u2013 2023. m\u00e1rcius 6., h\u00e9tf\u0151	y14 l12 M18 l11 d12 l13 E17 ls3 y24 l22 M27 l21 d21 l23 E25	
hu	y_MMMM	ampm	2022. december	ys4 ls2 Ms8	
hu	y_MMMM	day	2022. december	ys4 ls2 Ms8	
hu	y_MMMM	month	2023. m\u00e1rcius\u2013m\u00e1jus	ys4 ls2 M17 ls1 M25	
hu	y_MMMM	year	2022. december \u2013 2023. m\u00e1rcius	y14 l12 M18 ls3 y24 l22 M27	
hu	y_MMM_d	ampm	2022. dec. 24.	ys4 ls2 Ms4 ls1 ds2 ls1	
hu	y_MMM_d	day	2022. dec. 24\u201327.	ys4 ls2 Ms4 ls1 d12 ls1 d22 ls1	
hu	y_MMM_d	month	2023. m\u00e1rc. 6. \u2013 m\u00e1j. 9.	ys4 ls2 M15 l11 d11 ls4 M24 l21 d21 ls1	
hu	y_MMM_d	year	2022. dec. 24. \u2013 2023. m\u00e1rc. 6.	y14 l12 M14 l11 d12 ls4 y24 l22 M25 l21 d21 ls1	
hu	MMM_d	ampm	dec. 24.	Ms4 ls1 ds2 ls1	
hu	MMM_d	day	dec. 24\u201327.	Ms4 ls1 d12 ls1 d22 ls1	
hu	MMM_d	month	m\u00e1rc. 6. \u2013 m\u00e1j. 9.	M15 l11 d11 ls4 M24 l21 d21 ls1	
hu	MMM_d	year	2022. dec. 24. \u2013 2023. m\u00e1rc. 6.	y14 l12 M14 l11 d12 ls4 y24 l22 M25 l21 d21 ls1	
hu	y_M_d	ampm	2022. 12. 24.	ys4 ls2 Ms2 ls2 ds2 ls1	
hu	y_M_d	day	2022. 12. 24\u201327.	ys4 ls2 Ms2 ls2 d12 ls1 d22 ls1	
hu	y_M_d	month	2023. 03. 06. \u2013 05. 09.	ys4 ls2 M12 l12 d12 ls4 M22 l22 d22 ls1	
hu	y_M_d	year	2022. 12. 24. \u2013 2023. 03. 06.	y14 l12 M12 l12 d12 ls4 y24 l22 M22 l22 d22 ls1	
hu	yy_MM_dd	ampm	22. 12. 24.	ys2 ls2 Ms2 ls2 ds2 ls1	
hu	yy_MM_dd	day	22. 12. 24\u201327.	ys2 ls2 Ms2 ls2 d12 ls1 d22 ls1	
hu	yy_MM_dd	month	23. 03. 06. \u2013 05. 09.	ys2 ls2 M12 l12 d12 ls4 M22 l22 d22 ls1	
hu	yy_MM_dd	year	22. 12. 24. \u2013 23. 03. 06.	y12 l12 M12 l12 d12 ls4 y22 l22 M22 l22 d22 ls1	
hu	MMMM	ampm	december	Ms8	
hu	MMMM	day	december	Ms8	
hu	MMMM	month	m\u00e1rcius \u2013 m\u00e1jus	M17 ls3 M25	
hu	MMMM	year	december \u2013 m\u00e1rcius	M18 ls3 M27	
hu	d	ampm	24	ds2	
hu	d	day	24\u201327.	d12 ls1 d22 ls1	
hu	d	month	3. 6. \u2013 5. 9.	M11 l12 d11 ls4 M21 l22 d21 ls1	
hu	d	year	2022. 12. 24. \u2013 2023. 03. 06.	y14 l12 M12 l12 d12 ls4 y24 l22 M22 l22 d22 ls1	
hu	G_y	ampm	i. sz. 2022.	Gs6 ls1 ys4 ls1	
hu	G_y	day	i. sz. 2022.	Gs6 ls1 ys4 ls1	
hu	G_y	month	i. sz. 2023.	Gs6 ls1 ys4 ls1	
hu	G_y	year	i. sz. 2022\u20132023	Gs6 ls1 y14 ls1 y24	
hu	j_mm	minute	15:07\u201315:42	h12 l11 m12 ls1 h22 l21 m22	
hu	j_mm	hour	13:04\u201317:42	h12 l11 m12 ls1 h22 l21 m22	
hu	j_mm	ampm	9:04\u201315:07	h11 l11 m12 ls1 h22 l21 m22	
hu	j_mm	day	2022. 12. 24. 15:07 \u2013 2022. 12. 27. 9:04	y14 l12 M12 l12 d12 l12 h12 l11 m12 ls3 y24 l22 M22 l22 d22 l22 h21 l21 m22	
hu	j_mm	month	2023. 03. 06. 9:04 \u2013 2023. 05. 09. 15:07	y14 l12 M12 l12 d12 l12 h11 l11 m12 ls3 y24 l22 M22 l22 d22 l22 h22 l21 m22	
hu	j_mm	year	2022. 12. 24. 15:07 \u2013 2023. 03. 06. 9:04	y14 l12 M12 l12 d12 l12 h12 l11 m12 ls3 y24 l22 M22 l22 d22 l22 h21 l21 m22	
hu	H_mm_h23	minute	15:07\u201315:42	h12 l11 m12 ls1 h22 l21 m22	
hu	H_mm_h23	hour	13:04\u201317:42	h12 l11 m12 ls1 h22 l21 m22	
hu	H_mm_h23	ampm	9:04\u201315:07	h11 l11 m12 ls1 h22 l21 m22	
hu	H_mm_h23	day	2022. 12. 24. 15:07 \u2013 2022. 12. 27. 9:04	y14 l12 M12 l12 d12 l12 h12 l11 m12 ls3 y24 l22 M22 l22 d22 l22 h21 l21 m22	
hu	H_mm_h23	month	2023. 03. 06. 9:04 \u2013 2023. 05. 09. 15:07	y14 l12 M12 l12 d12 l12 h11 l11 m12 ls3 y24 l22 M22 l22 d22 l22 h22 l21 m22	
hu	H_mm_h23	year	2022. 12. 24. 15:07 \u2013 2023. 03. 06. 9:04	y14 l12 M12 l12 d12 l12 h12 l11 m12 ls3 y24 l22 M22 l22 d22 l22 h21 l21 m22	
hu	j_mm_ss	minute	15:07:09 \u2013 15:42:31	h12 l11 m12 l11 s12 ls3 h22 l21 m22 l21 s22	
hu	j_mm_ss	hour	13:04:05 \u2013 17:42:31	h12 l11 m12 l11 s12 ls3 h22 l21 m22 l21 s22	
hu	j_mm_ss	ampm	9:04:05 \u2013 15:07:09	h11 l11 m12 l11 s12 ls3 h22 l21 m22 l21 s22	
hu	j_mm_ss	day	2022. 12. 24. 15:07:09 \u2013 2022. 12. 27. 9:04:05	y14 l12 M12 l12 d12 l12 h12 l11 m12 l11 s12 ls3 y24 l22 M22 l22 d22 l22 h21 l21 m22 l21 s22	
hu	j_mm_ss	month	2023. 03. 06. 9:04:05 \u2013 2023. 05. 09. 15:07:09	y14 l12 M12 l12 d12 l12 h11 l11 m12 l11 s12 ls3 y24 l22 M22 l22 d22 l22 h22 l21 m22 l21 s22	
hu	j_mm_ss	year	2022. 12. 24. 15:07:09 \u2013 2023. 03. 06. 9:04:05	y14 l12 M12 l12 d12 l12 h12 l11 m12 l11 s12 ls3 y24 l22 M22 l22 d22 l22 h21 l21 m22 l21 s22	
hu	y_MMMM_d_j_mm	minute	2022. december 24. 15:07\u201315:42	ys4 ls2 Ms8 ls1 ds2 ls2 h12 l11 m12 ls1 h22 l21 m22	
hu	y_MMMM_d_j_mm	hour	2022. december 24. 13:04\u201317:42	ys4 ls2 Ms8 ls1 ds2 ls2 h12 l11 m12 ls1 h22 l21 m22	
hu	y_MMMM_d_j_mm	ampm	2022. december 24. 9:04\u201315:07	ys4 ls2 Ms8 ls1 ds2 ls2 h11 l11 m12 ls1 h22 l21 m22	
hu	y_MMMM_d_j_mm	day	2022. december 24. 15:07 \u2013 2022. december 27. 9:04	y14 l12 M18 l11 d12 l12 h12 l11 m12 ls3 y24 l22 M28 l21 d22 l22 h21 l21 m22	
hu	y_MMMM_d_j_mm	month	2023. m\u00e1rcius 6. 9:04 \u2013 2023. m\u00e1jus 9. 15:07	y14 l12 M17 l11 d11 l12 h11 l11 m12 ls3 y24 l22 M25 l21 d21 l22 h22 l21 m22	
hu	y_MMMM_d_j_mm	year	2022. december 24. 15:07 \u2013 2023. m\u00e1rcius 6. 9:04	y14 l12 M18 l11 d12 l12 h12 l11 m12 ls3 y24 l22 M27 l21 d21 l22 h21 l21 m22	
hu	y_M_d_j_mm_ss	minute	2022. 12. 24. 15:07:09 \u2013 15:42:31	ys4 ls2 Ms2 ls2 ds2 ls2 h12 l11 m12 l11 s12 ls3 h22 l21 m22 l21 s22	
hu	y_M_d_j_mm_ss	hour	2022. 12. 24. 13:04:05 \u2013 17:42:31	ys4 ls2 Ms2 ls2 ds2 ls2 h12 l11 m12 l11 s12 ls3 h22 l21 m22 l21 s22	
hu	y_M_d_j_mm_ss	ampm	2022. 12. 24. 9:04:05 \u2013 15:07:09	ys4 ls2 Ms2 ls2 ds2 ls2 h11 l11 m12 l11 s12 ls3 h22 l21 m22 l21 s22	
hu	y_M_d_j_mm_ss	day	2022. 12. 24. 15:07:09 \u2013 2022. 12. 27. 9:04:05	y14 l12 M12 l12 d12 l12 h12 l11 m12 l11 s12 ls3 y24 l22 M22 l22 d22 l22 h21 l21 m22 l21 s22	
hu	y_M_d_j_mm_ss	month	2023. 03. 06. 9:04:05 \u2013 2023. 05. 09. 15:07:09	y14 l12 M12 l12 d12 l12 h11 l11 m12 l11 s12 ls3 y24 l22 M22 l22 d22 l22 h22 l21 m22 l21 s22	
hu	y_M_d_j_mm_ss	year	2022. 12. 24. 15:07:09 \u2013 2023. 03. 06. 9:04:05	y14 l12 M12 l12 d12 l12 h12 l11 m12 l11 s12 ls3 y24 l22 M22 l22 d22 l22 h21 l21 m22 l21 s22	
id	E_d_MMMM	ampm	Sab, 24 Desember	Es3 ls2 ds2 ls1 Ms8	
id	E_d_MMMM	day	Sab, 24 Desember \u2013 Sel, 27 Desember	E13 l12 d12 l11 M18 ls3 E23 l22 d22 l21 M28	
id	E_d_MMMM	month	Sen, 6 Maret \u2013 Sel, 9 Mei	E13 l12 d11 l11 M15 ls3 E23 l22 d21 l21 M23	
id	E_d_MMMM	year	Sab, 24 Desember 2022 \u2013 Sen, 6 Maret 2023	E13 l12 d12 l11 M18 l11 y14 ls3 E23 l22 d21 l21 M25 l21 y24	
id	EEEE_y_MMMM_d	ampm	Sabtu, 24 Desember 2022	Es5 ls2 ds2 ls1 Ms8 ls1 ys4	
id	EEEE_y_MMMM_d	day	Sabtu, 24 Desember \u2013 Selasa, 27 Desember 2022	E15 l12 d12 l11 M18 ls3 E26 l22 d22 l21 M28 ls1 ys4	
id	EEEE_y_MMMM_d	month	Senin, 6 Maret \u2013 Selasa, 9 Mei 2023	E15 l12 d11 l11 M15 ls3 E26 l22 d21 l21 M23 ls1 ys4	
id	EEEE_y_MMMM_d	year	Sabtu, 24 Desember 2022 \u2013 Senin, 6 Maret 2023	E15 l12 d12 l11 M18 l11 y14 ls3 E25 l22 d21 l21 M25 l21 y24	
id	y_MMMM	ampm	Desember 2022	Ms8 ls1 ys4	
id	y_MMMM	day	Desember 2022	Ms8 ls1 ys4	
id	y_MMMM	month	Maret\u2013Mei 2023	M15 ls1 M23 ls1 ys4	
id	y_MMMM	year	Desember 2022 \u2013 Maret 2023	M18 l11 y14 ls3 M25 l21 y24	
id	y_MMM_d	ampm	24 Des 2022	ds2 ls1 Ms3 ls1 ys4	
id	y_MMM_d	day	24\u201327 Des 2022	d12 ls1 d22 ls1 Ms3 ls1 ys4	
id	y_MMM_d	month	6 Mar \u2013 9 Mei 2023	d11 l11 M13 ls3 d21 l21 M23 ls1 ys4	
id	y_MMM_d	year	24 Des 2022 \u2013 6 Mar 2023	d12 l11 M13 l11 y14 ls3 d21 l21 M23 l21 y24	
id	MMM_d	ampm	24 Des	ds2 ls1 Ms3	
id	MMM_d	day	24\u201327 Des	d12 ls1 d22 ls1 Ms3	
id	MMM_d	month	6 Mar \u2013 9 Mei	d11 l11 M13 ls3 d21 l21 M23	
id	MMM_d	year	24 Des 2022 \u2013 6 Mar 2023	d12 l11 M13 l11 y14 ls3 d21 l21 M23 l21 y24	
id	y_M_d	ampm	24/12/2022	ds2 ls1 Ms2 ls1 ys4	
id	y_M_d	day	24/12/2022 \u2013 27/12/2022	d12 l11 M12 l11 y14 ls3 d22 l21 M22 l21 y24	
id	y_M_d	month	6/3/2023 \u2013 9/5/2023	d11 l11 M11 l11 y14 ls3 d21 l21 M21 l21 y24	
id	y_M_d	year	24/12/2022 \u2013 6/3/2023	d12 l11 M12 l11 y14 ls3 d21 l21 M21 l21 y24	
id	yy_MM_dd	ampm	24/12/22	ds2 ls1 Ms2 ls1 ys2	
id	yy_MM_dd	day	24/12/22 \u2013 27/12/22	d12 l11 M12 l11 y12 ls3 d22 l21 M22 l21 y22	
id	yy_MM_dd	month	6/3/23 \u2013 9/5/23	d11 l11 M11 l11 y12 ls3 d21 l21 M21 l21 y22	
id	yy_MM_dd	year	24/12/22 \u2013 6/3/23	d12 l11 M12 l11 y12 ls3 d21 l21 M21 l21 y22	
id	MMMM	ampm	Desember	Ms8	
id	MMMM	day	Desember	Ms8	
id	MMMM	month	Maret \u2013 Mei	M15 ls3 M23	
id	MMMM	year	Desember \u2013 Maret	M18 ls3 M25	
id	d	ampm	24	ds2	
id	d	day	24\u201327	d12 ls1 d22	
id	d	month	6/3 \u2013 9/5	d11 l11 M11 ls3 d21 l21 M21	
id	d	year	24/12/2022 \u2013 6/3/2023	d12 l11 M12 l11 y14 ls3 d21 l21 M21 l21 y24	
id	G_y	ampm	2022 M	ys4 ls1 Gs1	
id	G_y	day	2022 M	ys4 ls1 Gs1	
id	G_y	month	2023 M	ys4 ls1 Gs1	
id	G_y	year	2022 \u2013 2023 M	y14 ls3 y24 ls1 Gs1	
id	j_mm	minute	15.07\u201315.42	h12 l11 m12 ls1 h22 l21 m22	
id	j_mm	hour	13.04\u201317.42	h12 l11 m12 ls1 h22 l21 m22	
id	j_mm	ampm	09.04\u201315.07	h12 l11 m12 ls1 h22 l21 m22	
id	j_mm	day	24/12/2022, 15.07 \u2013 27/12/2022, 09.04	d12 l11 M12 l11 y14 l12 h12 l11 m12 ls3 d22 l21 M22 l21 y24 l22 h22 l21 m22	
id	j_mm	month	6/3/2023, 09.04 \u2013 9/5/2023, 15.07	d11 l11 M11 l11 y14 l12 h12 l11 m12 ls3 d21 l21 M21 l21 y24 l22 h22 l21 m22	
id	j_mm	year	24/12/2022, 15.07 \u2013 6/3/2023, 09.04	d12 l11 M12 l11 y14 l12 h12 l11 m12 ls3 d21 l21 M21 l21 y24 l22 h22 l21 m22	
id	H_mm_h23	minute	15.07\u201315.42	h12 l11 m12 ls1 h22 l21 m22	
id	H_mm_h23	hour	13.04\u201317.42	h12 l11 m12 ls1 h22 l21 m22	
id	H_mm_h23	ampm	09.04\u201315.07	h12 l11 m12 ls1 h22 l21 m22	
id	H_mm_h23	day	24/12/2022, 15.07 \u2013 27/12/2022, 09.04	d12 l11 M12 l11 y14 l12 h12 l11 m12 ls3 d22 l21 M22 l21 y24 l22 h22 l21 m22	
id	H_mm_h23	month	6/3/2023, 09.04 \u2013 9/5/2023, 15.07	d11 l11 M11 l11 y14 l12 h12 l11 m12 ls3 d21 l21 M21 l21 y24 l22 h22 l21 m22	
id	H_mm_h23	year	24/12/2022, 15.07 \u2013 6/3/2023, 09.04	d12 l11 M12 l11 y14 l12 h12 l11 m12 ls3 d21 l21 M21 l21 y24 l22 h22 l21 m22	
id	j_mm_ss	minute	15.07.09 \u2013 15.42.31	h12 l11 m12 l11 s12 ls3 h22 l21 m22 l21 s22	
id	j_mm_ss	hour	13.04.05 \u2013 17.42.31	h12 l11 m12 l11 s12 ls3 h22 l21 m22 l21 s22	
id	j_mm_ss	ampm	09.04.05 \u2013 15.07.09	h12 l11 m12 l11 s12 ls3 h22 l21 m22 l21 s22	
id	j_mm_ss	day	24/12/2022, 15.07.09 \u2013 27/12/2022, 09.04.05	d12 l11 M12 l11 y14 l12 h12 l11 m12 l11 s12 ls3 d22 l21 M22 l21 y24 l22 h22 l21 m22 l21 s22	
id	j_mm_ss	month	6/3/2023, 09.04.05 \u2013 9/5/2023, 15.07.09	d11 l11 M11 l11 y14 l12 h12 l11 m12 l11 s12 ls3 d21 l21 M21 l21 y24 l22 h22 l21 m22 l21 s22	
id	j_mm_ss	year	24/12/2022, 15.07.09 \u2013 6/3/2023, 09.04.05	d12 l11 M12 l11 y14 l12 h12 l11 m12 l11 s12 ls3 d21 l21 M21 l21 y24 l22 h22 l21 m22 l21 s22	
id	y_MMMM_d_j_mm	minute	24 Desember 2022 15.07\u201315.42	ds2 ls1 Ms8 ls1 ys4 ls1 h12 l11 m12 ls1 h22 l21 m22	
id	y_MMMM_d_j_mm	hour	24 Desember 2022 13.04\u201317.42	ds2 ls1 Ms8 ls1 ys4 ls1 h12 l11 m12 ls1 h22 l21 m22	
id	y_MMMM_d_j_mm	ampm	24 Desember 2022 09.04\u201315.07	ds2 ls1 Ms8 ls1 ys4 ls1 h12 l11 m12 ls1 h22 l21 m22	
id	y_MMMM_d_j_mm	day	24 Desember 2022 pukul 15.07 \u2013 27 Desember 2022 pukul 09.04	d12 l11 M18 l11 y14 l17 h12 l11 m12 ls3 d22 l21 M28 l21 y24 l27 h22 l21 m22	
id	y_MMMM_d_j_mm	month	6 Maret 2023 pukul 09.04 \u2013 9 Mei 2023 pukul 15.07	d11 l11 M15 l11 y14 l17 h12 l11 m12 ls3 d21 l21 M23 l21 y24 l27 h22 l21 m22	
id	y_MMMM_d_j_mm	year	24 Desember 2022 pukul 15.07 \u2013 6 Maret 2023 pukul 09.04	d12 l11 M18 l11 y14 l17 h12 l11 m12 ls3 d21 l21 M25 l21 y24 l27 h22 l21 m22	
id	y_M_d_j_mm_ss	minute	24/12/2022 15.07.09 \u2013 15.42.31	ds2 ls1 Ms2 ls1 ys4 ls1 h12 l11 m12 l11 s12 ls3 h22 l21 m22 l21 s22	
id	y_M_d_j_mm_ss	hour	24/12/2022 13.04.05 \u2013 17.42.31	ds2 ls1 Ms2 ls1 ys4 ls1 h12 l11 m12 l11 s12 ls3 h22 l21 m22 l21 s22	
id	y_M_d_j_mm_ss	ampm	24/12/2022 09.04.05 \u2013 15.07.09	ds2 ls1 Ms2 ls1 ys4 ls1 h12 l11 m12 l11 s12 ls3 h22 l21 m22 l21 s22	
id	y_M_d_j_mm_ss	day	24/12/2022, 15.07.09 \u2013 27/12/2022, 09.04.05	d12 l11 M12 l11 y14 l12 h12 l11 m12 l11 s12 ls3 d22 l21 M22 l21 y24 l22 h22 l21 m22 l21 s22	
id	y_M_d_j_mm_ss	month	6/3/2023, 09.04.05 \u2013 9/5/2023, 15.07.09	d11 l11 M11 l11 y14 l12 h12 l11 m12 l11 s12 ls3 d21 l21 M21 l21 y24 l22 h22 l21 m22 l21 s22	
id	y_M_d_j_mm_ss	year	24/12/2022, 15.07.09 \u2013 6/3/2023, 09.04.05	d12 l11 M12 l11 y14 l12 h12 l11 m12 l11 s12 ls3 d21 l21 M21 l21 y24 l22 h22 l21 m22 l21 s22	
it	E_d_MMMM	ampm	sab 24 dicembre	Es3 ls1 ds2 ls1 Ms8	
it	E_d_MMMM	day	sab 24 \u2013 mar 27 dicembre	E13 l11 d12 ls3 E23 l21 d22 ls1 Ms8	
it	E_d_MMMM	month	lun 06 marzo \u2013 mar 09 maggio	E13 l11 d12 l11 M15 ls3 E23 l21 d22 l21 M26	
it	E_d_MMMM	year	sab 24 dicembre 2022 \u2013 lun 6 marzo 2023	E13 l11 d12 l11 M18 l11 y14 ls3 E23 l21 d21 l21 M25 l21 y24	
it	EEEE_y_MMMM_d	ampm	sabato 24 dicembre 2022	Es6 ls1 ds2 ls1 Ms8 ls1 ys4	
it	EEEE_y_MMMM_d	day	sabato 24 \u2013 marted\u00ec 27 dicembre 2022	E16 l11 d12 ls3 E27 l21 d22 ls1 Ms8 ls1 ys4	
it	EEEE_y_MMMM_d	month	luned\u00ec 6 marzo \u2013 marted\u00ec 9 maggio 2023	E16 l11 d11 l11 M15 ls3 E27 l21 d21 l21 M26 ls1 ys4	
it	EEEE_y_MMMM_d	year	sabato 24 dicembre 2022 \u2013 luned\u00ec 6 marzo 2023	E16 l11 d12 l11 M18 l11 y14 ls3 E26 l21 d21 l21 M25 l21 y24	
it	y_MMMM	ampm	dicembre 2022	Ms8 ls1 ys4	
it	y_MMMM	day	dicembre 2022	Ms8 ls1 ys4	
it	y_MMMM	month	marzo\u2013maggio 2023	M15 ls1 M26 ls1 ys4	
it	y_MMMM	year	dicembre 2022 \u2013 marzo 2023	M18 l11 y14 ls3 M25 l21 y24	
it	y_MMM_d	ampm	24 dic 2022	ds2 ls1 Ms3 ls1 ys4	
it	y_MMM_d	day	24\u201327 dic 2022	d12 ls1 d22 ls1 Ms3 ls1 ys4	
it	y_MMM_d	month	06 mar \u2013 09 mag 2023	d12 l11 M13 ls3 d22 l21 M23 ls1 ys4	
it	y_MMM_d	year	24 dic 2022 \u2013 06 mar 2023	d12 l11 M13 l11 y14 ls3 d22 l21 M23 l21 y24	
it	MMM_d	ampm	24 dic	ds2 ls1 Ms3	
it	MMM_d	day	24\u201327 dic	d12 ls1 d22 ls1 Ms3	
it	MMM_d	month	06 mar \u2013 09 mag	d12 l11 M13 ls3 d22 l21 M23	
it	MMM_d	year	24 dic 2022 \u2013 06 mar 2023	d12 l11 M13 l11 y14 ls3 d22 l21 M23 l21 y24	
it	y_M_d	ampm	24/12/2022	ds2 ls1 Ms2 ls1 ys4	
it	y_M_d	day	24/12/2022 \u2013 27/12/2022	d12 l11 M12 l11 y14 ls3 d22 l21 M22 l21 y24	
it	y_M_d	month	06/03/2023 \u2013 09/05/2023	d12 l11 M12 l11 y14 ls3 d22 l21 M22 l21 y24	
it	y_M_d	year	24/12/2022 \u2013 06/03/2023	d12 l11 M12 l11 y14 ls3 d22 l21 M22 l21 y24	
it	yy_MM_dd	ampm	24/12/22	ds2 ls1 Ms2 ls1 ys2	
it	yy_MM_dd	day	24/12/22 \u2013 27/12/22	d12 l11 M12 l11 y12 ls3 d22 l21 M22 l21 y22	
it	yy_MM_dd	month	06/03/23 \u2013 09/05/23	d12 l11 M12 l11 y12 ls3 d22 l21 M22 l21 y22	
it	yy_MM_dd	year	24/12/22 \u2013 06/03/23	d12 l11 M12 l11 y12 ls3 d22 l21 M22 l21 y22	
it	MMMM	ampm	dicembre	Ms8	
it	MMMM	day	dicembre	Ms8	
it	MMMM	month	marzo \u2013 maggio	M15 ls3 M26	
it	MMMM	year	dicembre \u2013 marzo	M18 ls3 M25	
it	d	ampm	24	ds2	
it	d	day	24\u201327	d12 ls1 d22	
it	d	month	06/03 \u2013 09/05	d12 l11 M12 ls3 d22 l21 M22	
it	d	year	24/12/2022 \u2013 06/03/2023	d12 l11 M12 l11 y14 ls3 d22 l21 M22 l21 y24	
it	G_y	ampm	2022 d.C.	ys4 ls1 Gs4	
it	G_y	day	2022 d.C.	ys4 ls1 Gs4	
it	G_y	month	2023 d.C.	ys4 ls1 Gs4	
it	G_y	year	2022 \u2013 2023 d.C.	y14 ls3 y24 ls1 Gs4	
it	j_mm	minute	15:07\u201315:42	h12 l11 m12 ls1 h22 l21 m22	
it	j_mm	hour	13:04\u201317:42	h12 l11 m12 ls1 h22 l21 m22	
it	j_mm	ampm	09:04\u201315:07	h12 l11 m12 ls1 h22 l21 m22	
it	j_mm	day	24/12/2022, 15:07 \u2013 27/12/2022, 09:04	d12 l11 M12 l11 y14 l12 h12 l11 m12 ls3 d22 l21 M22 l21 y24 l22 h22 l21 m22	
it	j_mm	month	06/03/2023, 09:04 \u2013 09/05/2023, 15:07	d12 l11 M12 l11 y14 l12 h12 l11 m12 ls3 d22 l21 M22 l21 y24 l22 h22 l21 m22	
it	j_mm	year	24/12/2022, 15:07 \u2013 06/03/2023, 09:04	d12 l11 M12 l11 y14 l12 h12 l11 m12 ls3 d22 l21 M22 l21 y24 l22 h22 l21 m22	
it	H_mm_h23	minute	15:07\u201315:42	h12 l11 m12 ls1 h22 l21 m22	
it	H_mm_h23	hour	13:04\u201317:42	h12 l11 m12 ls1 h22 l21 m22	
it	H_mm_h23	ampm	09:04\u201315:07	h12 l11 m12 ls1 h22 l21 m22	
it	H_mm_h23	day	24/12/2022, 15:07 \u2013 27/12/2022, 09:04	d12 l11 M12 l11 y14 l12 h12 l11 m12 ls3 d22 l21 M22 l21 y24 l22 h22 l21 m22	
it	H_mm_h23	month	06/03/2023, 09:04 \u2013 09/05/2023, 15:07	d12 l11 M12 l11 y14 l12 h12 l11 m12 ls3 d22 l21 M22 l21 y24 l22 h22 l21 m22	
it	H_mm_h23	year	24/12/2022, 15:07 \u2013 06/03/2023, 09:04	d12 l11 M12 l11 y14 l12 h12 l11 m12 ls3 d22 l21 M22 l21 y24 l22 h22 l21 m22	
it	j_mm_ss	minute	15:07:09 \u2013 15:42:31	h12 l11 m12 l11 s12 ls3 h22 l21 m22 l21 s22	
it	j_mm_ss	hour	13:04:05 \u2013 17:42:31	h12 l11 m12 l11 s12 ls3 h22 l21 m22 l21 s22	
it	j_mm_ss	ampm	09:04:05 \u2013 15:07:09	h12 l11 m12 l11 s12 ls3 h22 l21 m22 l21 s22	
it	j_mm_ss	day	24/12/2022, 15:07:09 \u2013 27/12/2022, 09:04:05	d12 l11 M12 l11 y14 l12 h12 l11 m12 l11 s12 ls3 d22 l21 M22 l21 y24 l22 h22 l21 m22 l21 s22	
it	j_mm_ss	month	06/03/2023, 09:04:05 \u2013 09/05/2023, 15:07:09	d12 l11 M12 l11 y14 l12 h12 l11 m12 l11 s12 ls3 d22 l21 M22 l21 y24 l22 h22 l21 m22 l21 s22	
it	j_mm_ss	year	24/12/2022, 15:07:09 \u2013 06/03/2023, 09:04:05	d12 l11 M12 l11 y14 l12 h12 l11 m12 l11 s12 ls3 d22 l21 M22 l21 y24 l22 h22 l21 m22 l21 s22	
it	y_MMMM_d_j_mm	minute	24 dicembre 2022, 15:07\u201315:42	ds2 ls1 Ms8 ls1 ys4 ls2 h12 l11 m12 ls1 h22 l21 m22	
it	y_MMMM_d_j_mm	hour	24 dicembre 2022, 13:04\u201317:42	ds2 ls1 Ms8 ls1 ys4 ls2 h12 l11 m12 ls1 h22 l21 m22	
it	y_MMMM_d_j_mm	ampm	24 dicembre 2022, 09:04\u201315:07	ds2 ls1 Ms8 ls1 ys4 ls2 h12 l11 m12 ls1 h22 l21 m22	
it	y_MMMM_d_j_mm	day	24 dicembre 2022 alle ore 15:07 \u2013 27 dicembre 2022 alle ore 09:04	d12 l11 M18 l11 y14 l110 h12 l11 m12 ls3 d22 l21 M28 l21 y24 l210 h22 l21 m22	
it	y_MMMM_d_j_mm	month	6 marzo 2023 alle ore 09:04 \u2013 9 maggio 2023 alle ore 15:07	d11 l11 M15 l11 y14 l110 h12 l11 m12 ls3 d21 l21 M26 l21 y24 l210 h22 l21 m22	
it	y_MMMM_d_j_mm	year	24 dicembre 2022 alle ore 15:07 \u2013 6 marzo 2023 alle ore 09:04	d12 l11 M18 l11 y14 l110 h12 l11 m12 ls3 d21 l21 M25 l21 y24 l210 h22 l21 m22	
it	y_M_d_j_mm_ss	minute	24/12/2022, 15:07:09 \u2013 15:42:31	ds2 ls1 Ms2 ls1 ys4 ls2 h12 l11 m12 l11 s12 ls3 h22 l21 m22 l21 s22	
it	y_M_d_j_mm_ss	hour	24/12/2022, 13:04:05 \u2013 17:42:31	ds2 ls1 Ms2 ls1 ys4 ls2 h12 l11 m12 l11 s12 ls3 h22 l21 m22 l21 s22	
it	y_M_d_j_mm_ss	ampm	24/12/2022, 09:04:05 \u2013 15:07:09	ds2 ls1 Ms2 ls1 ys4 ls2 h12 l11 m12 l11 s12 ls3 h22 l21 m22 l21 s22	
it	y_M_d_j_mm_ss	day	24/12/2022, 15:07:09 \u2013 27/12/2022, 09:04:05	d12 l11 M12 l11 y14 l12 h12 l11 m12 l11 s12 ls3 d22 l21 M22 l21 y24 l22 h22 l21 m22 l21 s22	
it	y_M_d_j_mm_ss	month	06/03/2023, 09:04:05 \u2013 09/05/2023, 15:07:09	d12 l11 M12 l11 y14 l12 h12 l11 m12 l11 s12 ls3 d22 l21 M22 l21 y24 l22 h22 l21 m22 l21 s22	
it	y_M_d_j_mm_ss	year	24/12/2022, 15:07:09 \u2013 06/03/2023, 09:04:05	d12 l11 M12 l11 y14 l12 h12 l11 m12 l11 s12 ls3 d22 l21 M22 l21 y24 l22 h22 l21 m22 l21 s22	
ja	E_d_MMMM	ampm	12\u670824\u65e5(\u571f)	Ms2 ls1 ds2 ls2 Es1 ls1	
ja	E_d_MMMM	day	12/24(\u571f)\uff5e12/27(\u706b)	M12 l11 d12 l11 E11 ls2 M22 l21 d22 l21 E21 ls1	
ja	E_d_MMMM	month	03/06(\u6708)\uff5e05/09(\u706b)	M12 l11 d12 l11 E11 ls2 M22 l21 d22 l21 E21 ls1	
ja	E_d_MMMM	year	2022/12/24(\u571f)\uff5e2023/03/06(\u6708)	y14 l11 M12 l11 d12 l11 E11 ls2 y24 l21 M22 l21 d22 l21 E21 ls1	
ja	EEEE_y_MMMM_d	ampm	2022\u5e7412\u670824\u65e5\u571f\u66dc\u65e5	ys4 ls1 Ms2 ls1 ds2 ls1 Es3	
ja	EEEE_y_MMMM_d	day	2022/12/24(\u571f\u66dc\u65e5)\uff5e2022/12/27(\u706b\u66dc\u65e5)	y14 l11 M12 l11 d12 l11 E13 ls2 y24 l21 M22 l21 d22 l21 E23 ls1	
ja	EEEE_y_MMMM_d	month	2023/03/06(\u6708\u66dc\u65e5)\uff5e2023/05/09(\u706b\u66dc\u65e5)	y14 l11 M12 l11 d12 l11 E13 ls2 y24 l21 M22 l21 d22 l21 E23 ls1	
ja	EEEE_y_MMMM_d	year	2022/12/24(\u571f\u66dc\u65e5)\uff5e2023/03/06(\u6708\u66dc\u65e5)	y14 l11 M12 l11 d12 l11 E13 ls2 y24 l21 M22 l21 d22 l21 E23 ls1	
ja	y_MMMM	ampm	2022\u5e7412\u6708	ys4 ls1 Ms2 ls1	
ja	y_MMMM	day	2022\u5e7412\u6708	ys4 ls1 Ms2 ls1	
ja	y_MMMM	month	2023/03\uff5e2023/05	y14 l11 M12 ls1 y24 l21 M22	
ja	y_MMMM	year	2022/12\uff5e2023/03	y14 l11 M12 ls1 y24 l21 M22	
ja	y_MMM_d	ampm	2022\u5e7412\u670824\u65e5	ys4 ls1 Ms2 ls1 ds2 ls1	
ja	y_MMM_d	day	2022/12/24\uff5e2022/12/27	y14 l11 M12 l11 d12 ls1 y24 l21 M22 l21 d22	
ja	y_MMM_d	month	2023/03/06\uff5e2023/05/09	y14 l11 M12 l11 d12 ls1 y24 l21 M22 l21 d22	
ja	y_MMM_d	year	2022/12/24\uff5e2023/03/06	y14 l11 M12 l11 d12 ls1 y24 l21 M22 l21 d22	
ja	MMM_d	ampm	12\u670824\u65e5	Ms2 ls1 ds2 ls1	
ja	MMM_d	day	12/24\uff5e12/27	M12 l11 d12 ls1 M22 l21 d22	
ja	MMM_d	month	03/06\uff5e05/09	M12 l11 d12 ls1 M22 l21 d22	
ja	MMM_d	year	2022/12/24\uff5e2023/03/06	y14 l11 M12 l11 d12 ls1 y24 l21 M22 l21 d22	
ja	y_M_d	ampm	2022/12/24	ys4 ls1 Ms2 ls1 ds2	
ja	y_M_d	day	2022/12/24\uff5e2022/12/27	y14 l11 M12 l11 d12 ls1 y24 l21 M22 l21 d22	
ja	y_M_d	month	2023/03/06\uff5e2023/05/09	y14 l11 M12 l11 d12 ls1 y24 l21 M22 l21 d22	
ja	y_M_d	year	2022/12/24\uff5e2023/03/06	y14 l11 M12 l11 d12 ls1 y24 l21 M22 l21 d22	
ja	yy_MM_dd	ampm	22/12/24	ys2 ls1 Ms2 ls1 ds2	
ja	yy_MM_dd	day	22/12/24\uff5e22/12/27	y12 l11 M12 l11 d12 ls1 y22 l21 M22 l21 d22	
ja	yy_MM_dd	month	23/03/06\uff5e23/05/09	y12 l11 M12 l11 d12 ls1 y22 l21 M22 l21 d22	
ja	yy_MM_dd	year	22/12/24\uff5e23/03/06	y12 l11 M12 l11 d12 ls1 y22 l21 M22 l21 d22	
ja	MMMM	ampm	12\u6708	Ms2 ls1	
ja	MMMM	day	12\u6708	Ms2 ls1	
ja	MMMM	month	3\u6708\uff5e5\u6708	M11 ls2 M21 ls1	
ja	MMMM	year	2022/12\uff5e2023/03	y14 l11 M12 ls1 y24 l21 M22	
ja	d	ampm	24\u65e5	ds2 ls1	
ja	d	day	24\u65e5\uff5e27\u65e5	d12 ls2 d22 ls1	
ja	d	month	03/06\uff5e05/09	M12 l11 d12 ls1 M22 l21 d22	
ja	d	year	2022/12/24\uff5e2023/03/06	y14 l11 M12 l11 d12 ls1 y24 l21 M22 l21 d22	
ja	G_y	ampm	\u897f\u66a62022\u5e74	Gs2 ys4 ls1	
ja	G_y	day	\u897f\u66a62022\u5e74	Gs2 ys4 ls1	
ja	G_y	month	\u897f\u66a62023\u5e74	Gs2 ys4 ls1	
ja	G_y	year	\u897f\u66a62022\u5e74\uff5e2023\u5e74	Gs2 y14 ls2 y24 ls1	
ja	j_mm	minute	15\u664207\u5206\uff5e15\u664242\u5206	h12 l11 m12 ls2 h22 l21 m22 ls1	
ja	j_mm	hour	13\u664204\u5206\uff5e17\u664242\u5206	h12 l11 m12 ls2 h22 l21 m22 ls1	
ja	j_mm	ampm	9\u664204\u5206\uff5e15\u664207\u5206	h11 l11 m12 ls2 h22 l21 m22 ls1	
ja	j_mm	day	2022/12/24 15:07\uff5e2022/12/27 9:04	y14 l11 M12 l11 d12 l11 h12 l11 m12 ls1 y24 l21 M22 l21 d22 l21 h21 l21 m22	
ja	j_mm	month	2023/3/6 9:04\uff5e2023/5/9 15:07	y14 l11 M11 l11 d11 l11 h11 l11 m12 ls1 y24 l21 M21 l21 d21 l21 h22 l21 m22	
ja	j_mm	year	2022/12/24 15:07\uff5e2023/3/6 9:04	y14 l11 M12 l11 d12 l11 h12 l11 m12 ls1 y24 l21 M21 l21 d21 l21 h21 l21 m22	
ja	H_mm_h23	minute	15\u664207\u5206\uff5e15\u664242\u5206	h12 l11 m12 ls2 h22 l21 m22 ls1	
ja	H_mm_h23	hour	13\u664204\u5206\uff5e17\u664242\u5206	h12 l11 m12 ls2 h22 l21 m22 ls1	
ja	H_mm_h23	ampm	9\u664204\u5206\uff5e15\u664207\u5206	h11 l11 m12 ls2 h22 l21 m22 ls1	
ja	H_mm_h23	day	2022/12/24 15:07\uff5e2022/12/27 9:04	y14 l11 M12 l11 d12 l11 h12 l11 m12 ls1 y24 l21 M22 l21 d22 l21 h21 l21 m22	
ja	H_mm_h23	month	2023/3/6 9:04\uff5e2023/5/9 15:07	y14 l11 M11 l11 d11 l11 h11 l11 m12 ls1 y24 l21 M21 l21 d21 l21 h22 l21 m22	
ja	H_mm_h23	year	2022/12/24 15:07\uff5e2023/3/6 9:04	y14 l11 M12 l11 d12 l11 h12 l11 m12 ls1 y24 l21 M21 l21 d21 l21 h21 l21 m22	
ja	j_mm_ss	minute	15:07:09\uff5e15:42:31	h12 l11 m12 l11 s12 ls1 h22 l21 m22 l21 s22	
ja	j_mm_ss	hour	13:04:05\uff5e17:42:31	h12 l11 m12 l11 s12 ls1 h22 l21 m22 l21 s22	
ja	j_mm_ss	ampm	9:04:05\uff5e15:07:09	h11 l11 m12 l11 s12 ls1 h22 l21 m22 l21 s22	
ja	j_mm_ss	day	2022/12/24 15:07:09\uff5e2022/12/27 9:04:05	y14 l11 M12 l11 d12 l11 h12 l11 m12 l11 s12 ls1 y24 l21 M22 l21 d22 l21 h21 l21 m22 l21 s22	
ja	j_mm_ss	month	2023/3/6 9:04:05\uff5e2023/5/9 15:07:09	y14 l11 M11 l11 d11 l11 h11 l11 m12 l11 s12 ls1 y24 l21 M21 l21 d21 l21 h22 l21 m22 l21 s22	
ja	j_mm_ss	year	2022/12/24 15:07:09\uff5e2023/3/6 9:04:05	y14 l11 M12 l11 d12 l11 h12 l11 m12 l11 s12 ls1 y24 l21 M21 l21 d21 l21 h21 l21 m22 l21 s22	
ja	y_MMMM_d_j_mm	minute	2022/12/24 15\u664207\u5206\uff5e15\u664242\u5206	ys4 ls1 Ms2 ls1 ds2 ls1 h12 l11 m12 ls2 h22 l21 m22 ls1	
ja	y_MMMM_d_j_mm	hour	2022/12/24 13\u664204\u5206\uff5e17\u664242\u5206	ys4 ls1 Ms2 ls1 ds2 ls1 h12 l11 m12 ls2 h22 l21 m22 ls1	
ja	y_MMMM_d_j_mm	ampm	2022/12/24 9\u664204\u5206\uff5e15\u664207\u5206	ys4 ls1 Ms2 ls1 ds2 ls1 h11 l11 m12 ls2 h22 l21 m22 ls1	
ja	y_MMMM_d_j_mm	day	2022/12/24 15:07\uff5e2022/12/27 9:04	y14 l11 M12 l11 d12 l11 h12 l11 m12 ls1 y24 l21 M22 l21 d22 l21 h21 l21 m22	
ja	y_MMMM_d_j_mm	month	2023/3/6 9:04\uff5e2023/5/9 15:07	y14 l11 M11 l11 d11 l11 h11 l11 m12 ls1 y24 l21 M21 l21 d21 l21 h22 l21 m22	
ja	y_MMMM_d_j_mm	year	2022/12/24 15:07\uff5e2023/3/6 9:04	y14 l11 M12 l11 d12 l11 h12 l11 m12 ls1 y24 l21 M21 l21 d21 l21 h21 l21 m22	
ja	y_M_d_j_mm_ss	minute	2022/12/24 15:07:09\uff5e15:42:31	ys4 ls1 Ms2 ls1 ds2 ls1 h12 l11 m12 l11 s12 ls1 h22 l21 m22 l21 s22	
ja	y_M_d_j_mm_ss	hour	2022/12/24 13:04:05\uff5e17:42:31	ys4 ls1 Ms2 ls1 ds2 ls1 h12 l11 m12 l11 s12 ls1 h22 l21 m22 l21 s22	
ja	y_M_d_j_mm_ss	ampm	2022/12/24 9:04:05\uff5e15:07:09	ys4 ls1 Ms2 ls1 ds2 ls1 h11 l11 m12 l11 s12 ls1 h22 l21 m22 l21 s22	
ja	y_M_d_j_mm_ss	day	2022/12/24 15:07:09\uff5e2022/12/27 9:04:05	y14 l11 M12 l11 d12 l11 h12 l11 m12 l11 s12 ls1 y24 l21 M22 l21 d22 l21 h21 l21 m22 l21 s22	
ja	y_M_d_j_mm_ss	month	2023/3/6 9:04:05\uff5e2023/5/9 15:07:09	y14 l11 M11 l11 d11 l11 h11 l11 m12 l11 s12 ls1 y24 l21 M21 l21 d21 l21 h22 l21 m22 l21 s22	
ja	y_M_d_j_mm_ss	year	2022/12/24 15:07:09\uff5e2023/3/6 9:04:05	y14 l11 M12 l11 d12 l11 h12 l11 m12 l11 s12 ls1 y24 l21 M21 l21 d21 l21 h21 l21 m22 l21 s22	
ko	E_d_MMMM	ampm	12\uc6d4 24\uc77c (\ud1a0)	Ms3 ls1 ds2 ls3 Es1 ls1	
ko	E_d_MMMM	day	12\uc6d4 24\uc77c (\ud1a0)~27\uc77c (\ud654)	Ms3 ls1 d12 l13 E11 ls2 d22 l23 E21 ls1	
ko	E_d_MMMM	month	3\uc6d4 6\uc77c (\uc6d4)~5\uc6d4 9\uc77c (\ud654)	M12 l11 d11 l13 E11 ls2 M22 l21 d21 l23 E21 ls1	
ko	E_d_MMMM	year	2022\ub144 12\uc6d4 24\uc77c (\ud1a0)~2023\ub144 3\uc6d4 6\uc77c (\uc6d4)	y14 l12 M13 l11 d12 l13 E11 ls2 y24 l22 M22 l21 d21 l23 E21 ls1	
ko	EEEE_y_MMMM_d	ampm	2022\ub144 12\uc6d4 24\uc77c \ud1a0\uc694\uc77c	ys4 ls2 Ms3 ls1 ds2 ls2 Es3	
ko	EEEE_y_MMMM_d	day	2022\ub144 12\uc6d4 24\uc77c \ud1a0\uc694\uc77c ~ 27\uc77c \ud654\uc694\uc77c	ys4 ls2 Ms2 ls2 d12 l12 E13 ls3 d22 l22 E23	
ko	EEEE_y_MMMM_d	month	2023\ub144 3\uc6d4 6\uc77c \uc6d4\uc694\uc77c ~ 5\uc6d4 9\uc77c \ud654\uc694\uc77c	ys4 ls2 M11 l12 d11 l12 E13 ls3 M21 l22 d21 l22 E23	
ko	EEEE_y_MMMM_d	year	2022\ub144 12\uc6d4 24\uc77c \ud1a0\uc694\uc77c ~ 2023\ub144 3\uc6d4 6\uc77c \uc6d4\uc694\uc77c	y14 l12 M12 l12 d12 l12 E13 ls3 y24 l22 M21 l22 d21 l22 E23	
ko	y_MMMM	ampm	2022\ub144 12\uc6d4	ys4 ls2 Ms3	
ko	y_MMMM	day	2022\ub144 12\uc6d4	ys4 ls2 Ms3	
ko	y_MMMM	month	2023\ub144 3\uc6d4~5\uc6d4	ys4 ls2 M12 ls1 M22	
ko	y_MMMM	year	2022\ub144 12\uc6d4~2023\ub144 3\uc6d4	y14 l12 M13 ls1 y24 l22 M22	
ko	y_MMM_d	ampm	2022\ub144 12\uc6d4 24\uc77c	ys4 ls2 Ms3 ls1 ds2 ls1	
ko	y_MMM_d	day	2022\ub144 12\uc6d4 24\uc77c~27\uc77c	ys4 ls2 Ms2 ls2 d12 ls2 d22 ls1	
ko	y_MMM_d	month	2023\ub144 3\uc6d4 6\uc77c~5\uc6d4 9\uc77c	ys4 ls2 M12 l11 d11 ls2 M22 l21 d21 ls1	
ko	y_MMM_d	year	2022\ub144 12\uc6d4 24\uc77c~2023\ub144 3\uc6d4 6\uc77c	y14 l12 M13 l11 d12 ls2 y24 l22 M22 l21 d21 ls1	
ko	MMM_d	ampm	12\uc6d4 24\uc77c	Ms3 ls1 ds2 ls1	
ko	MMM_d	day	12\uc6d4 24\uc77c~27\uc77c	Ms3 ls1 d12 ls2 d22 ls1	
ko	MMM_d	month	3\uc6d4 6\uc77c~5\uc6d4 9\uc77c	M12 l11 d11 ls2 M22 l21 d21 ls1	
ko	MMM_d	year	2022\ub144 12\uc6d4 24\uc77c~2023\ub144 3\uc6d4 6\uc77c	y14 l12 M13 l11 d12 ls2 y24 l22 M22 l21 d21 ls1	
ko	y_M_d	ampm	2022. 12. 24.	ys4 ls2 Ms2 ls2 ds2 ls1	
ko	y_M_d	day	2022. 12. 24. ~ 2022. 12. 27.	y14 l12 M12 l12 d12 ls4 y24 l22 M22 l22 d22 ls1	
ko	y_M_d	month	2023. 3. 6. ~ 2023. 5. 9.	y14 l12 M11 l12 d11 ls4 y24 l22 M21 l22 d21 ls1	
ko	y_M_d	year	2022. 12. 24. ~ 2023. 3. 6.	y14 l12 M12 l12 d12 ls4 y24 l22 M21 l22 d21 ls1	
ko	yy_MM_dd	ampm	22. 12. 24.	ys2 ls2 Ms2 ls2 ds2 ls1	
ko	yy_MM_dd	day	22. 12. 24. ~ 22. 12. 27.	y12 l12 M12 l12 d12 ls4 y22 l22 M22 l22 d22 ls1	
ko	yy_MM_dd	month	23. 3. 6. ~ 23. 5. 9.	y12 l12 M11 l12 d11 ls4 y22 l22 M21 l22 d21 ls1	
ko	yy_MM_dd	year	22. 12. 24. ~ 23. 3. 6.	y12 l12 M12 l12 d12 ls4 y22 l22 M21 l22 d21 ls1	
ko	MMMM	ampm	12\uc6d4	Ms3	
ko	MMMM	day	12\uc6d4	Ms3	
ko	MMMM	month	3\uc6d4 ~ 5\uc6d4	M12 ls3 M22	
ko	MMMM	year	12\uc6d4 ~ 3\uc6d4	M13 ls3 M22	
ko	d	ampm	24\uc77c	ds2 ls1	
ko	d	day	24\uc77c~27\uc77c	d12 ls2 d22 ls1	
ko	d	month	3/6 ~ 5/9	M11 l11 d11 ls3 M21 l21 d21	
ko	d	year	2022. 12. 24. ~ 2023. 3. 6.	y14 l12 M12 l12 d12 ls4 y24 l22 M21 l22 d21 ls1	
ko	G_y	ampm	AD 2022\ub144	Gs2 ls1 ys4 ls1	
ko	G_y	day	AD 2022\ub144	Gs2 ls1 ys4 ls1	
ko	G_y	month	AD 2023\ub144	Gs2 ls1 ys4 ls1	
ko	G_y	year	AD 2022\ub144~2023\ub144	Gs2 ls1 y14 ls2 y24 ls1	
ko	j_mm	minute	\uc624\ud6c4 3:07~3:42	as2 ls1 h11 l11 m12 ls1 h21 l21 m22	
ko	j_mm	hour	\uc624\ud6c4 1:04~5:42	as2 ls1 h11 l11 m12 ls1 h21 l21 m22	
ko	j_mm	ampm	\uc624\uc804 9:04 ~ \uc624\ud6c4 3:07	a12 l11 h11 l11 m12 ls3 a22 l21 h21 l21 m22	
ko	j_mm	day	2022. 12. 24. \uc624\ud6c4 3:07 ~ 2022. 12. 27. \uc624\uc804 9:04	y14 l12 M12 l12 d12 l12 a12 l11 h11 l11 m12 ls3 y24 l22 M22 l22 d22 l22 a22 l21 h21 l21 m22	
ko	j_mm	month	2023. 3. 6. \uc624\uc804 9:04 ~ 2023. 5. 9. \uc624\ud6c4 3:07	y14 l12 M11 l12 d11 l12 a12 l11 h11 l11 m12 ls3 y24 l22 M21 l22 d21 l22 a22 l21 h21 l21 m22	
ko	j_mm	year	2022. 12. 24. \uc624\ud6c4 3:07 ~ 2023. 3. 6. \uc624\uc804 9:04	y14 l12 M12 l12 d12 l12 a12 l11 h11 l11 m12 ls3 y24 l22 M21 l22 d21 l22 a22 l21 h21 l21 m22	
ko	H_mm_h23	minute	15:07 ~ 15:42	h12 l11 m12 ls3 h22 l21 m22	
ko	H_mm_h23	hour	13:04 ~ 17:42	h12 l11 m12 ls3 h22 l21 m22	
ko	H_mm_h23	ampm	09:04 ~ 15:07	h12 l11 m12 ls3 h22 l21 m22	
ko	H_mm_h23	day	2022. 12. 24. 15:07 ~ 2022. 12. 27. 09:04	y14 l12 M12 l12 d12 l12 h12 l11 m12 ls3 y24 l22 M22 l22 d22 l22 h22 l21 m22	
ko	H_mm_h23	month	2023. 3. 6. 09:04 ~ 2023. 5. 9. 15:07	y14 l12 M11 l12 d11 l12 h12 l11 m12 ls3 y24 l22 M21 l22 d21 l22 h22 l21 m22	
ko	H_mm_h23	year	2022. 12. 24. 15:07 ~ 2023. 3. 6. 09:04	y14 l12 M12 l12 d12 l12 h12 l11 m12 ls3 y24 l22 M21 l22 d21 l22 h22 l21 m22	
ko	j_mm_ss	minute	\uc624\ud6c4 3:07:09 ~ \uc624\ud6c4 3:42:31	a12 l11 h11 l11 m12 l11 s12 ls3 a22 l21 h21 l21 m22 l21 s22	
ko	j_mm_ss	hour	\uc624\ud6c4 1:04:05 ~ \uc624\ud6c4 5:42:31	a12 l11 h11 l11 m12 l11 s12 ls3 a22 l21 h21 l21 m22 l21 s22	
ko	j_mm_ss	ampm	\uc624\uc804 9:04:05 ~ \uc624\ud6c4 3:07:09	a12 l11 h11 l11 m12 l11 s12 ls3 a22 l21 h21 l21 m22 l21 s22	
ko	j_mm_ss	day	2022. 12. 24. \uc624\ud6c4 3:07:09 ~ 2022. 12. 27. \uc624\uc804 9:04:05	y14 l12 M12 l12 d12 l12 a12 l11 h11 l11 m12 l11 s12 ls3 y24 l22 M22 l22 d22 l22 a22 l21 h21 l21 m22 l21 s22	
ko	j_mm_ss	month	2023. 3. 6. \uc624\uc804 9:04:05 ~ 2023. 5. 9. \uc624\ud6c4 3:07:09	y14 l12 M11 l12 d11 l12 a12 l11 h11 l11 m12 l11 s12 ls3 y24 l22 M21 l22 d21 l22 a22 l21 h21 l21 m22 l21 s22	
ko	j_mm_ss	year	2022. 12. 24. \uc624\ud6c4 3:07:09 ~ 2023. 3. 6. \uc624\uc804 9:04:05	y14 l12 M12 l12 d12 l12 a12 l11 h11 l11 m12 l11 s12 ls3 y24 l22 M21 l22 d21 l22 a22 l21 h21 l21 m22 l21 s22	
ko	y_MMMM_d_j_mm	minute	2022\ub144 12\uc6d4 24\uc77c \uc624\ud6c4 3:07~3:42	ys4 ls2 Ms3 ls1 ds2 ls2 as2 ls1 h11 l11 m12 ls1 h21 l21 m22	
ko	y_MMMM_d_j_mm	hour	2022\ub144 12\uc6d4 24\uc77c \uc624\ud6c4 1:04~5:42	ys4 ls2 Ms3 ls1 ds2 ls2 as2 ls1 h11 l11 m12 ls1 h21 l21 m22	
ko	y_MMMM_d_j_mm	ampm	2022\ub144 12\uc6d4 24\uc77c \uc624\uc804 9:04 ~ \uc624\ud6c4 3:07	ys4 ls2 Ms3 ls1 ds2 ls2 a12 l11 h11 l11 m12 ls3 a22 l21 h21 l21 m22	
ko	y_MMMM_d_j_mm	day	2022\ub144 12\uc6d4 24\uc77c \uc624\ud6c4 3:07 ~ 2022\ub144 12\uc6d4 27\uc77c \uc624\uc804 9:04	y14 l12 M13 l11 d12 l12 a12 l11 h11 l11 m12 ls3 y24 l22 M23 l21 d22 l22 a22 l21 h21 l21 m22	
ko	y_MMMM_d_j_mm	month	2023\ub144 3\uc6d4 6\uc77c \uc624\uc804 9:04 ~ 2023\ub144 5\uc6d4 9\uc77c \uc624\ud6c4 3:07	y14 l12 M12 l11 d11 l12 a12 l11 h11 l11 m12 ls3 y24 l22 M22 l21 d21 l22 a22 l21 h21 l21 m22	
ko	y_MMMM_d_j_mm	year	2022\ub144 12\uc6d4 24\uc77c \uc624\ud6c4 3:07 ~ 2023\ub144 3\uc6d4 6\uc77c \uc624\uc804 9:04	y14 l12 M13 l11 d12 l12 a12 l11 h11 l11 m12 ls3 y24 l22 M22 l21 d21 l22 a22 l21 h21 l21 m22	
ko	y_M_d_j_mm_ss	minute	2022. 12. 24. \uc624\ud6c4 3:07:09 ~ \uc624\ud6c4 3:42:31	ys4 ls2 Ms2 ls2 ds2 ls2 a12 l11 h11 l11 m12 l11 s12 ls3 a22 l21 h21 l21 m22 l21 s22	
ko	y_M_d_j_mm_ss	hour	2022. 12. 24. \uc624\ud6c4 1:04:05 ~ \uc624\ud6c4 5:42:31	ys4 ls2 Ms2 ls2 ds2 ls2 a12 l11 h11 l11 m12 l11 s12 ls3 a22 l21 h21 l21 m22 l21 s22	
ko	y_M_d_j_mm_ss	ampm	2022. 12. 24. \uc624\uc804 9:04:05 ~ \uc624\ud6c4 3:07:09	ys4 ls2 Ms2 ls2 ds2 ls2 a12 l11 h11 l11 m12 l11 s12 ls3 a22 l21 h21 l21 m22 l21 s22	
ko	y_M_d_j_mm_ss	day	2022. 12. 24. \uc624\ud6c4 3:07:09 ~ 2022. 12. 27. \uc624\uc804 9:04:05	y14 l12 M12 l12 d12 l12 a12 l11 h11 l11 m12 l11 s12 ls3 y24 l22 M22 l22 d22 l22 a22 l21 h21 l21 m22 l21 s22	
ko	y_M_d_j_mm_ss	month	2023. 3. 6. \uc624\uc804 9:04:05 ~ 2023. 5. 9. \uc624\ud6c4 3:07:09	y14 l12 M11 l12 d11 l12 a12 l11 h11 l11 m12 l11 s12 ls3 y24 l22 M21 l22 d21 l22 a22 l21 h21 l21 m22 l21 s22	
ko	y_M_d_j_mm_ss	year	2022. 12. 24. \uc624\ud6c4 3:07:09 ~ 2023. 3. 6. \uc624\uc804 9:04:05	y14 l12 M12 l12 d12 l12 a12 l11 h11 l11 m12 l11 s12 ls3 y24 l22 M21 l22 d21 l22 a22 l21 h21 l21 m22 l21 s22	
lt	E_d_MMMM	ampm	gruod\u017eio 24 d., \u0161t	Ms8 ls1 ds2 ls5 Es2	
lt	E_d_MMMM	day	gruod\u017eio 24, \u0161t \u2013 gruod\u017eio 27, an	M18 l11 d12 l12 E12 ls3 M28 l21 d22 l22 E22	
lt	E_d_MMMM	month	kovo 6, pr \u2013 gegu\u017e\u0117s 9, an	M14 l11 d11 l12 E12 ls3 M27 l21 d21 l22 E22	
lt	E_d_MMMM	year	2022 gruod\u017eio 24, \u0161t \u2013 2023 kovo 6, pr	y14 l11 M18 l11 d12 l12 E12 ls3 y24 l21 M24 l21 d21 l22 E22	
lt	EEEE_y_MMMM_d	ampm	2022 m. gruod\u017eio 24 d., \u0161e\u0161tadienis	ys4 ls4 Ms8 ls1 ds2 ls5 Es11	
lt	EEEE_y_MMMM_d	day	2022 gruod\u017eio 24, \u0161e\u0161tadienis \u2013 gruod\u017eio 27, antradienis	ys4 ls1 M18 l11 d12 l12 E111 ls3 M28 l21 d22 l22 E211	
lt	EEEE_y_MMMM_d	month	2023 kovo 6, pirmadienis \u2013 gegu\u017e\u0117s 9, antradienis	ys4 ls1 M14 l11 d11 l12 E111 ls3 M27 l21 d21 l22 E211	
lt	EEEE_y_MMMM_d	year	2022 gruod\u017eio 24, \u0161e\u0161tadienis \u2013 2023 kovo 6, pirmadienis	y14 l11 M18 l11 d12 l12 E111 ls3 y24 l21 M24 l21 d21 l22 E211	
lt	y_MMMM	ampm	2022 m. gruodis	ys4 ls4 Ms7	
lt	y_MMMM	day	2022 m. gruodis	ys4 ls4 Ms7	
lt	y_MMMM	month	2023 m. kovas \u2013 2023 m. gegu\u017e\u0117	y14 l14 M15 ls3 y24 l24 M26	
lt	y_MMMM	year	2022 m. gruodis \u2013 2023 m. kovas	y14 l14 M17 ls3 y24 l24 M25	
lt	y_MMM_d	ampm	2022-12-24	ys4 ls1 Ms2 ls1 ds2	
lt	y_MMM_d	day	2022-12-24 \u2013 2022-12-27	y14 l11 M12 l11 d12 ls3 y24 l21 M22 l21 d22	
lt	y_MMM_d	month	2023-03-06 \u2013 2023-05-09	y14 l11 M12 l11 d12 ls3 y24 l21 M22 l21 d22	
lt	y_MMM_d	year	2022-12-24 \u2013 2023-03-06	y14 l11 M12 l11 d12 ls3 y24 l21 M22 l21 d22	
lt	MMM_d	ampm	12-24	Ms2 ls1 ds2	
lt	MMM_d	day	12-24 \u2013 12-27	M12 l11 d12 ls3 M22 l21 d22	
lt	MMM_d	month	03-06 \u2013 05-09	M12 l11 d12 ls3 M22 l21 d22	
lt	MMM_d	year	2022-12-24 \u2013 2023-03-06	y14 l11 M12 l11 d12 ls3 y24 l21 M22 l21 d22	
lt	y_M_d	ampm	2022-12-24	ys4 ls1 Ms2 ls1 ds2	
lt	y_M_d	day	2022-12-24 \u2013 2022-12-27	y14 l11 M12 l11 d12 ls3 y24 l21 M22 l21 d22	
lt	y_M_d	month	2023-03-06 \u2013 2023-05-09	y14 l11 M12 l11 d12 ls3 y24 l21 M22 l21 d22	
lt	y_M_d	year	2022-12-24 \u2013 2023-03-06	y14 l11 M12 l11 d12 ls3 y24 l21 M22 l21 d22	
lt	yy_MM_dd	ampm	22-12-24	ys2 ls1 Ms2 ls1 ds2	
lt	yy_MM_dd	day	22-12-24 \u2013 22-12-27	y12 l11 M12 l11 d12 ls3 y22 l21 M22 l21 d22	
lt	yy_MM_dd	month	23-03-06 \u2013 23-05-09	y12 l11 M12 l11 d12 ls3 y22 l21 M22 l21 d22	
lt	yy_MM_dd	year	22-12-24 \u2013 23-03-06	y12 l11 M12 l11 d12 ls3 y22 l21 M22 l21 d22	
lt	MMMM	ampm	gruodis	Ms7	
lt	MMMM	day	gruodis	Ms7	
lt	MMMM	month	kovas \u2013 gegu\u017e\u0117	M15 ls3 M26	
lt	MMMM	year	gruodis \u2013 kovas	M17 ls3 M25	
lt	d	ampm	24	ds2	
lt	d	day	24\u201327	d12 ls1 d22	
lt	d	month	03-06 \u2013 05-09	M12 l11 d12 ls3 M22 l21 d22	
lt	d	year	2022-12-24 \u2013 2023-03-06	y14 l11 M12 l11 d12 ls3 y24 l21 M22 l21 d22	
lt	G_y	ampm	2022 m. po Kr.	ys4 ls4 Gs6	
lt	G_y	day	2022 m. po Kr.	ys4 ls4 Gs6	
lt	G_y	month	2023 m. po Kr.	ys4 ls4 Gs6	
lt	G_y	year	po Kr. 2022\u20132023	Gs6 ls1 y14 ls1 y24	
lt	j_mm	minute	15:07\u201315:42	h12 l11 m12 ls1 h22 l21 m22	
lt	j_mm	hour	13:04\u201317:42	h12 l11 m12 ls1 h22 l21 m22	
lt	j_mm	ampm	09:04\u201315:07	h12 l11 m12 ls1 h22 l21 m22	
lt	j_mm	day	2022-12-24 15:07 \u2013 2022-12-27 09:04	y14 l11 M12 l11 d12 l11 h12 l11 m12 ls3 y24 l21 M22 l21 d22 l21 h22 l21 m22	
lt	j_mm	month	2023-03-06 09:04 \u2013 2023-05-09 15:07	y14 l11 M12 l11 d12 l11 h12 l11 m12 ls3 y24 l21 M22 l21 d22 l21 h22 l21 m22	
lt	j_mm	year	2022-12-24 15:07 \u2013 2023-03-06 09:04	y14 l11 M12 l11 d12 l11 h12 l11 m12 ls3 y24 l21 M22 l21 d22 l21 h22 l21 m22	
lt	H_mm_h23	minute	15:07\u201315:42	h12 l11 m12 ls1 h22 l21 m22	
lt	H_mm_h23	hour	13:04\u201317:42	h12 l11 m12 ls1 h22 l21 m22	
lt	H_mm_h23	ampm	09:04\u201315:07	h12 l11 m12 ls1 h22 l21 m22	
lt	H_mm_h23	day	2022-12-24 15:07 \u2013 2022-12-27 09:04	y14 l11 M12 l11 d12 l11 h12 l11 m12 ls3 y24 l21 M22 l21 d22 l21 h22 l21 m22	
lt	H_mm_h23	month	2023-03-06 09:04 \u2013 2023-05-09 15:07	y14 l11 M12 l11 d12 l11 h12 l11 m12 ls3 y24 l21 M22 l21 d22 l21 h22 l21 m22	
lt	H_mm_h23	year	2022-12-24 15:07 \u2013 2023-03-06 09:04	y14 l11 M12 l11 d12 l11 h12 l11 m12 ls3 y24 l21 M22 l21 d22 l21 h22 l21 m22	
lt	j_mm_ss	minute	15:07:09 \u2013 15:42:31	h12 l11 m12 l11 s12 ls3 h22 l21 m22 l21 s22	
lt	j_mm_ss	hour	13:04:05 \u2013 17:42:31	h12 l11 m12 l11 s12 ls3 h22 l21 m22 l21 s22	
lt	j_mm_ss	ampm	09:04:05 \u2013 15:07:09	h12 l11 m12 l11 s12 ls3 h22 l21 m22 l21 s22	
lt	j_mm_ss	day	2022-12-24 15:07:09 \u2013 2022-12-27 09:04:05	y14 l11 M12 l11 d12 l11 h12 l11 m12 l11 s12 ls3 y24 l21 M22 l21 d22 l21 h22 l21 m22 l21 s22	
lt	j_mm_ss	month	2023-03-06 09:04:05 \u2013 2023-05-09 15:07:09	y14 l11 M12 l11 d12 l11 h12 l11 m12 l11 s12 ls3 y24 l21 M22 l21 d22 l21 h22 l21 m22 l21 s22	
lt	j_mm_ss	year	2022-12-24 15:07:09 \u2013 2023-03-06 09:04:05	y14 l11 M12 l11 d12 l11 h12 l11 m12 l11 s12 ls3 y24 l21 M22 l21 d22 l21 h22 l21 m22 l21 s22	
lt	y_MMMM_d_j_mm	minute	2022 m. gruod\u017eio 24 d. 15:07\u201315:42	ys4 ls4 Ms8 ls1 ds2 ls4 h12 l11 m12 ls1 h22 l21 m22	
lt	y_MMMM_d_j_mm	hour	2022 m. gruod\u017eio 24 d. 13:04\u201317:42	ys4 ls4 Ms8 ls1 ds2 ls4 h12 l11 m12 ls1 h22 l21 m22	
lt	y_MMMM_d_j_mm	ampm	2022 m. gruod\u017eio 24 d. 09:04\u201315:07	ys4 ls4 Ms8 ls1 ds2 ls4 h12 l11 m12 ls1 h22 l21 m22	
lt	y_MMMM_d_j_mm	day	2022 m. gruod\u017eio 24 d. 15:07 \u2013 2022 m. gruod\u017eio 27 d. 09:04	y14 l14 M18 l11 d12 l14 h12 l11 m12 ls3 y24 l24 M28 l21 d22 l24 h22 l21 m22	
lt	y_MMMM_d_j_mm	month	2023 m. kovo 6 d. 09:04 \u2013 2023 m. gegu\u017e\u0117s 9 d. 15:07	y14 l14 M14 l11 d11 l14 h12 l11 m12 ls3 y24 l24 M27 l21 d21 l24 h22 l21 m22	
lt	y_MMMM_d_j_mm	year	2022 m. gruod\u017eio 24 d. 15:07 \u2013 2023 m. kovo 6 d. 09:04	y14 l14 M18 l11 d12 l14 h12 l11 m12 ls3 y24 l24 M24 l21 d21 l24 h22 l21 m22	
lt	y_M_d_j_mm_ss	minute	2022-12-24 15:07:09 \u2013 15:42:31	ys4 ls1 Ms2 ls1 ds2 ls1 h12 l11 m12 l11 s12 ls3 h22 l21 m22 l21 s22	
lt	y_M_d_j_mm_ss	hour	2022-12-24 13:04:05 \u2013 17:42:31	ys4 ls1 Ms2 ls1 ds2 ls1 h12 l11 m12 l11 s12 ls3 h22 l21 m22 l21 s22	
lt	y_M_d_j_mm_ss	ampm	2022-12-24 09:04:05 \u2013 15:07:09	ys4 ls1 Ms2 ls1 ds2 ls1 h12 l11 m12 l11 s12 ls3 h22 l21 m22 l21 s22	
lt	y_M_d_j_mm_ss	day	2022-12-24 15:07:09 \u2013 2022-12-27 09:04:05	y14 l11 M12 l11 d12 l11 h12 l11 m12 l11 s12 ls3 y24 l21 M22 l21 d22 l21 h22 l21 m22 l21 s22	
lt	y_M_d_j_mm_ss	month	2023-03-06 09:04:05 \u2013 2023-05-09 15:07:09	y14 l11 M12 l11 d12 l11 h12 l11 m12 l11 s12 ls3 y24 l21 M22 l21 d22 l21 h22 l21 m22 l21 s22	
lt	y_M_d_j_mm_ss	year	2022-12-24 15:07:09 \u2013 2023-03-06 09:04:05	y14 l11 M12 l11 d12 l11 h12 l11 m12 l11 s12 ls3 y24 l21 M22 l21 d22 l21 h22 l21 m22 l21 s22	
lv	E_d_MMMM	ampm	sestd., 24. decembris	Es6 ls2 ds2 ls2 Ms9	
lv	E_d_MMMM	day	sestd., 24. decembris \u2013 otrd., 27. decembris	E16 l12 d12 l12 M19 ls3 E25 l22 d22 l22 M29	
lv	E_d_MMMM	month	pirmd., 6. marts \u2013 otrd., 9. maijs	E16 l12 d11 l12 M15 ls3 E25 l22 d21 l22 M25	
lv	E_d_MMMM	year	sestd., 2022. gada 24. decembris\u00a0\u2013 pirmd., 2023. gada 6. marts	E16 l12 y14 l17 d12 l12 M19 ls3 E26 l22 y24 l27 d21 l22 M25	
lv	EEEE_y_MMMM_d	ampm	sestdiena, 2022. gada 24. decembris	Es9 ls2 ys4 ls7 ds2 ls2 Ms9	
lv	EEEE_y_MMMM_d	day	sestdiena, 2022. gada 24. decembris \u2013 otrdiena, 2022. gada 27. decembris	E19 l12 y14 l17 d12 l12 M19 ls3 E28 l22 y24 l27 d22 l22 M29	
lv	EEEE_y_MMMM_d	month	pirmdiena, 2023. gada 6. marts \u2013 otrdiena, 2023. gada 9. maijs	E19 l12 y14 l17 d11 l12 M15 ls3 E28 l22 y24 l27 d21 l22 M25	
lv	EEEE_y_MMMM_d	year	sestdiena, 2022. gada 24. decembris\u00a0\u2013 pirmdiena, 2023. gada 6. marts	E19 l12 y14 l17 d12 l12 M19 ls3 E29 l22 y24 l27 d21 l22 M25	
lv	y_MMMM	ampm	2022. g. decembris	ys4 ls5 Ms9	
lv	y_MMMM	day	2022. g. decembris	ys4 ls5 Ms9	
lv	y_MMMM	month	2023. gada marts \u2013 maijs	ys4 ls7 M15 ls3 M25	
lv	y_MMMM	year	2022. gada decembris\u00a0\u2013 2023. gada marts	y14 l17 M19 ls3 y24 l27 M25	
lv	y_MMM_d	ampm	2022. g. 24. dec.	ys4 ls5 ds2 ls2 Ms4	
lv	y_MMM_d	day	2022. gada 24.\u201327. dec.	ys4 ls7 d12 ls2 d22 ls2 Ms4	
lv	y_MMM_d	month	2023. gada 6. marts \u2013 9. maijs	ys4 ls7 d11 l12 M15 ls3 d21 l22 M25	
lv	y_MMM_d	year	2022. gada 24. dec. \u2013 2023. gada 6. marts	y14 l17 d12 l12 M14 ls3 y24 l27 d21 l22 M25	
lv	MMM_d	ampm	24. dec.	ds2 ls2 Ms4	
lv	MMM_d	day	24.\u201327. dec.	d12 ls2 d22 ls2 Ms4	
lv	MMM_d	month	6. marts \u2013 9. maijs	d11 l12 M15 ls3 d21 l22 M25	
lv	MMM_d	year	2022. gada 24. dec. \u2013 2023. gada 6. marts	y14 l17 d12 l12 M14 ls3 y24 l27 d21 l22 M25	
lv	y_M_d	ampm	24.12.2022.	ds2 ls1 Ms2 ls1 ys4 ls1	
lv	y_M_d	day	24.12.2022.\u201327.12.2022.	d12 l11 M12 l11 y14 ls2 d22 l21 M22 l21 y24 ls1	
lv	y_M_d	month	06.03.2023.\u201309.05.2023.	d12 l11 M12 l11 y14 ls2 d22 l21 M22 l21 y24 ls1	
lv	y_M_d	year	24.12.2022.\u201306.03.2023.	d12 l11 M12 l11 y14 ls2 d22 l21 M22 l21 y24 ls1	
lv	yy_MM_dd	ampm	24.12.22	ds2 ls1 Ms2 ls1 ys2	
lv	yy_MM_dd	day	24.12.22.\u201327.12.22.	d12 l11 M12 l11 y12 ls2 d22 l21 M22 l21 y22 ls1	
lv	yy_MM_dd	month	06.03.23.\u201309.05.23.	d12 l11 M12 l11 y12 ls2 d22 l21 M22 l21 y22 ls1	
lv	yy_MM_dd	year	24.12.22.\u201306.03.23.	d12 l11 M12 l11 y12 ls2 d22 l21 M22 l21 y22 ls1	
lv	MMMM	ampm	decembris	Ms9	
lv	MMMM	day	decembris	Ms9	
lv	MMMM	month	marts \u2013 maijs	M15 ls3 M25	
lv	MMMM	year	decembris \u2013 marts	M19 ls3 M25	
lv	d	ampm	24	ds2	
lv	d	day	24.\u201327.	d12 ls2 d22 ls1	
lv	d	month	06.03.\u201309.05.	d12 l11 M12 ls2 d22 l21 M22 ls1	
lv	d	year	24.12.2022.\u201306.03.2023.	d12 l11 M12 l11 y14 ls2 d22 l21 M22 l21 y24 ls1	
lv	G_y	ampm	m.\u0113. 2022. g.	Gs4 ls1 ys4 ls4	
lv	G_y	day	m.\u0113. 2022. g.	Gs4 ls1 ys4 ls4	
lv	G_y	month	m.\u0113. 2023. g.	Gs4 ls1 ys4 ls4	
lv	G_y	year	m.\u0113. 2022.\u20132023.	Gs4 ls1 y14 ls2 y24 ls1	
lv	j_mm	minute	15:07\u201315:42	h12 l11 m12 ls1 h22 l21 m22	
lv	j_mm	hour	13:04\u201317:42	h12 l11 m12 ls1 h22 l21 m22	
lv	j_mm	ampm	09:04\u201315:07	h12 l11 m12 ls1 h22 l21 m22	
lv	j_mm	day	24.12.2022. 15:07 \u2013 27.12.2022. 09:04	d12 l11 M12 l11 y14 l12 h12 l11 m12 ls3 d22 l21 M22 l21 y24 l22 h22 l21 m22	
lv	j_mm	month	6.03.2023. 09:04 \u2013 9.05.2023. 15:07	d11 l11 M12 l11 y14 l12 h12 l11 m12 ls3 d21 l21 M22 l21 y24 l22 h22 l21 m22	
lv	j_mm	year	24.12.2022. 15:07 \u2013 6.03.2023. 09:04	d12 l11 M12 l11 y14 l12 h12 l11 m12 ls3 d21 l21 M22 l21 y24 l22 h22 l21 m22	
lv	H_mm_h23	minute	15:07\u201315:42	h12 l11 m12 ls1 h22 l21 m22	
lv	H_mm_h23	hour	13:04\u201317:42	h12 l11 m12 ls1 h22 l21 m22	
lv	H_mm_h23	ampm	09:04\u201315:07	h12 l11 m12 ls1 h22 l21 m22	
lv	H_mm_h23	day	24.12.2022. 15:07 \u2013 27.12.2022. 09:04	d12 l11 M12 l11 y14 l12 h12 l11 m12 ls3 d22 l21 M22 l21 y24 l22 h22 l21 m22	
lv	H_mm_h23	month	6.03.2023. 09:04 \u2013 9.05.2023. 15:07	d11 l11 M12 l11 y14 l12 h12 l11 m12 ls3 d21 l21 M22 l21 y24 l22 h22 l21 m22	
lv	H_mm_h23	year	24.12.2022. 15:07 \u2013 6.03.2023. 09:04	d12 l11 M12 l11 y14 l12 h12 l11 m12 ls3 d21 l21 M22 l21 y24 l22 h22 l21 m22	
lv	j_mm_ss	minute	15:07:09 \u2013 15:42:31	h12 l11 m12 l11 s12 ls3 h22 l21 m22 l21 s22	
lv	j_mm_ss	hour	13:04:05 \u2013 17:42:31	h12 l11 m12 l11 s12 ls3 h22 l21 m22 l21 s22	
lv	j_mm_ss	ampm	09:04:05 \u2013 15:07:09	h12 l11 m12 l11 s12 ls3 h22 l21 m22 l21 s22	
lv	j_mm_ss	day	24.12.2022. 15:07:09 \u2013 27.12.2022. 09:04:05	d12 l11 M12 l11 y14 l12 h12 l11 m12 l11 s12 ls3 d22 l21 M22 l21 y24 l22 h22 l21 m22 l21 s22	
lv	j_mm_ss	month	6.03.2023. 09:04:05 \u2013 9.05.2023. 15:07:09	d11 l11 M12 l11 y14 l12 h12 l11 m12 l11 s12 ls3 d21 l21 M22 l21 y24 l22 h22 l21 m22 l21 s22	
lv	j_mm_ss	year	24.12.2022. 15:07:09 \u2013 6.03.2023. 09:04:05	d12 l11 M12 l11 y14 l12 h12 l11 m12 l11 s12 ls3 d21 l21 M22 l21 y24 l22 h22 l21 m22 l21 s22	
lv	y_MMMM_d_j_mm	minute	2022. gada 24. decembris 15:07\u201315:42	ys4 ls7 ds2 ls2 Ms9 ls1 h12 l11 m12 ls1 h22 l21 m22	
lv	y_MMMM_d_j_mm	hour	2022. gada 24. decembris 13:04\u201317:42	ys4 ls7 ds2 ls2 Ms9 ls1 h12 l11 m12 ls1 h22 l21 m22	
lv	y_MMMM_d_j_mm	ampm	2022. gada 24. decembris 09:04\u201315:07	ys4 ls7 ds2 ls2 Ms9 ls1 h12 l11 m12 ls1 h22 l21 m22	
lv	y_MMMM_d_j_mm	day	2022. gada 24. decembris 15:07 \u2013 2022. gada 27. decembris 09:04	y14 l17 d12 l12 M19 l11 h12 l11 m12 ls3 y24 l27 d22 l22 M29 l21 h22 l21 m22	
lv	y_MMMM_d_j_mm	month	2023. gada 6. marts 09:04 \u2013 2023. gada 9. maijs 15:07	y14 l17 d11 l12 M15 l11 h12 l11 m12 ls3 y24 l27 d21 l22 M25 l21 h22 l21 m22	
lv	y_MMMM_d_j_mm	year	2022. gada 24. decembris 15:07 \u2013 2023. gada 6. marts 09:04	y14 l17 d12 l12 M19 l11 h12 l11 m12 ls3 y24 l27 d21 l22 M25 l21 h22 l21 m22	
lv	y_M_d_j_mm_ss	minute	24.12.2022. 15:07:09 \u2013 15:42:31	ds2 ls1 Ms2 ls1 ys4 ls2 h12 l11 m12 l11 s12 ls3 h22 l21 m22 l21 s22	
lv	y_M_d_j_mm_ss	hour	24.12.2022. 13:04:05 \u2013 17:42:31	ds2 ls1 Ms2 ls1 ys4 ls2 h12 l11 m12 l11 s12 ls3 h22 l21 m22 l21 s22	
lv	y_M_d_j_mm_ss	ampm	24.12.2022. 09:04:05 \u2013 15:07:09	ds2 ls1 Ms2 ls1 ys4 ls2 h12 l11 m12 l11 s12 ls3 h22 l21 m22 l21 s22	
lv	y_M_d_j_mm_ss	day	24.12.2022. 15:07:09 \u2013 27.12.2022. 09:04:05	d12 l11 M12 l11 y14 l12 h12 l11 m12 l11 s12 ls3 d22 l21 M22 l21 y24 l22 h22 l21 m22 l21 s22	
lv	y_M_d_j_mm_ss	month	6.03.2023. 09:04:05 \u2013 9.05.2023. 15:07:09	d11 l11 M12 l11 y14 l12 h12 l11 m12 l11 s12 ls3 d21 l21 M22 l21 y24 l22 h22 l21 m22 l21 s22	
lv	y_M_d_j_mm_ss	year	24.12.2022. 15:07:09 \u2013 6.03.2023. 09:04:05	d12 l11 M12 l11 y14 l12 h12 l11 m12 l11 s12 ls3 d21 l21 M22 l21 y24 l22 h22 l21 m22 l21 s22	
ms	E_d_MMMM	ampm	Sab, 24 Disember	Es3 ls2 ds2 ls1 Ms8	
ms	E_d_MMMM	day	Sab, 24 Disember \u2013 Sel, 27 Disember	E13 l12 d12 l11 M18 ls3 E23 l22 d22 l21 M28	
ms	E_d_MMMM	month	Isn, 6 Mac \u2013 Sel, 9 Mei	E13 l12 d11 l11 M13 ls3 E23 l22 d21 l21 M23	
ms	E_d_MMMM	year	Sab, 24 Disember 2022 \u2013 Isn, 6 Mac 2023	E13 l12 d12 l11 M18 l11 y14 ls3 E23 l22 d21 l21 M23 l21 y24	
ms	EEEE_y_MMMM_d	ampm	Sabtu, 24 Disember 2022	Es5 ls2 ds2 ls1 Ms8 ls1 ys4	
ms	EEEE_y_MMMM_d	day	Sabtu, 24 Disember \u2013 Selasa, 27 Disember 2022	E15 l12 d12 l11 M18 ls3 E26 l22 d22 l21 M28 ls1 ys4	
ms	EEEE_y_MMMM_d	month	Isnin, 6 Mac \u2013 Selasa, 9 Mei 2023	E15 l12 d11 l11 M13 ls3 E26 l22 d21 l21 M23 ls1 ys4	
ms	EEEE_y_MMMM_d	year	Sabtu, 24 Disember 2022 \u2013 Isnin, 6 Mac 2023	E15 l12 d12 l11 M18 l11 y14 ls3 E25 l22 d21 l21 M23 l21 y24	
ms	y_MMMM	ampm	Disember 2022	Ms8 ls1 ys4	
ms	y_MMMM	day	Disember 2022	Ms8 ls1 ys4	
ms	y_MMMM	month	Mac\u2013Mei 2023	M13 ls1 M23 ls1 ys4	
ms	y_MMMM	year	Disember 2022 \u2013 Mac 2023	M18 l11 y14 ls3 M23 l21 y24	
ms	y_MMM_d	ampm	24 Dis 2022	ds2 ls1 Ms3 ls1 ys4	
ms	y_MMM_d	day	24\u201327 Dis 2022	d12 ls1 d22 ls1 Ms3 ls1 ys4	
ms	y_MMM_d	month	6 Mac \u2013 9 Mei, 2023	d11 l11 M13 ls3 d21 l21 M23 ls2 ys4	
ms	y_MMM_d	year	24 Dis 2022 \u2013 6 Mac 2023	d12 l11 M13 l11 y14 ls3 d21 l21 M23 l21 y24	
ms	MMM_d	ampm	24 Dis	ds2 ls1 Ms3	
ms	MMM_d	day	24\u201327 Dis	d12 ls1 d22 ls1 Ms3	
ms	MMM_d	month	6 Mac \u2013 9 Mei	d11 l11 M13 ls3 d21 l21 M23	
ms	MMM_d	year	24 Dis 2022 \u2013 6 Mac 2023	d12 l11 M13 l11 y14 ls3 d21 l21 M23 l21 y24	
ms	y_M_d	ampm	24/12/2022	ds2 ls1 Ms2 ls1 ys4	
ms	y_M_d	day	24/12/2022 \u2013 27/12/2022	d12 l11 M12 l11 y14 ls3 d22 l21 M22 l21 y24	
ms	y_M_d	month	6/3/2023 \u2013 9/5/2023	d11 l11 M11 l11 y14 ls3 d21 l21 M21 l21 y24	
ms	y_M_d	year	24/12/2022 \u2013 6/3/2023	d12 l11 M12 l11 y14 ls3 d21 l21 M21 l21 y24	
ms	yy_MM_dd	ampm	24/12/22	ds2 ls1 Ms2 ls1 ys2	
ms	yy_MM_dd	day	24/12/22 \u2013 27/12/22	d12 l11 M12 l11 y12 ls3 d22 l21 M22 l21 y22	
ms	yy_MM_dd	month	6/3/23 \u2013 9/5/23	d11 l11 M11 l11 y12 ls3 d21 l21 M21 l21 y22	
ms	yy_MM_dd	year	24/12/22 \u2013 6/3/23	d12 l11 M12 l11 y12 ls3 d21 l21 M21 l21 y22	
ms	MMMM	ampm	Disember	Ms8	
ms	MMMM	day	Disember	Ms8	
ms	MMMM	month	Mac \u2013 Mei	M13 ls3 M23	
ms	MMMM	year	Disember \u2013 Mac	M18 ls3 M23	
ms	d	ampm	24	ds2	
ms	d	day	24\u201327	d12 ls1 d22	
ms	d	month	6/3 \u2013 9/5	d11 l11 M11 ls3 d21 l21 M21	
ms	d	year	24/12/2022 \u2013 6/3/2023	d12 l11 M12 l11 y14 ls3 d21 l21 M21 l21 y24	
ms	G_y	ampm	2022 TM	ys4 ls1 Gs2	
ms	G_y	day	2022 TM	ys4 ls1 Gs2	
ms	G_y	month	2023 TM	ys4 ls1 Gs2	
ms	G_y	year	2022\u20132023 TM	y14 ls1 y24 ls1 Gs2	
ms	j_mm	minute	3:07\u20133:42 PTG	h11 l11 m12 ls1 h21 l21 m22 ls1 as3	
ms	j_mm	hour	1:04\u20135:42 PTG	h11 l11 m12 ls1 h21 l21 m22 ls1 as3	
ms	j_mm	ampm	9:04 PG \u2013 3:07 PTG	h11 l11 m12 l11 a12 ls3 h21 l21 m22 l21 a23	
ms	j_mm	day	24/12/2022, 3:07 PTG \u2013 27/12/2022, 9:04 PG	d12 l11 M12 l11 y14 l12 h11 l11 m12 l11 a13 ls3 d22 l21 M22 l21 y24 l22 h21 l21 m22 l21 a22	
ms	j_mm	month	6/3/2023, 9:04 PG \u2013 9/5/2023, 3:07 PTG	d11 l11 M11 l11 y14 l12 h11 l11 m12 l11 a12 ls3 d21 l21 M21 l21 y24 l22 h21 l21 m22 l21 a23	
ms	j_mm	year	24/12/2022, 3:07 PTG \u2013 6/3/2023, 9:04 PG	d12 l11 M12 l11 y14 l12 h11 l11 m12 l11 a13 ls3 d21 l21 M21 l21 y24 l22 h21 l21 m22 l21 a22	
ms	H_mm_h23	minute	15:07\u201315:42	h12 l11 m12 ls1 h22 l21 m22	
ms	H_mm_h23	hour	13:04\u201317:42	h12 l11 m12 ls1 h22 l21 m22	
ms	H_mm_h23	ampm	09:04\u201315:07	h12 l11 m12 ls1 h22 l21 m22	
ms	H_mm_h23	day	24/12/2022, 15:07 \u2013 27/12/2022, 09:04	d12 l11 M12 l11 y14 l12 h12 l11 m12 ls3 d22 l21 M22 l21 y24 l22 h22 l21 m22	
ms	H_mm_h23	month	6/3/2023, 09:04 \u2013 9/5/2023, 15:07	d11 l11 M11 l11 y14 l12 h12 l11 m12 ls3 d21 l21 M21 l21 y24 l22 h22 l21 m22	
ms	H_mm_h23	year	24/12/2022, 15:07 \u2013 6/3/2023, 09:04	d12 l11 M12 l11 y14 l12 h12 l11 m12 ls3 d21 l21 M21 l21 y24 l22 h22 l21 m22	
ms	j_mm_ss	minute	3:07:09 PTG \u2013 3:42:31 PTG	h11 l11 m12 l11 s12 l11 a13 ls3 h21 l21 m22 l21 s22 l21 a23	
ms	j_mm_ss	hour	1:04:05 PTG \u2013 5:42:31 PTG	h11 l11 m12 l11 s12 l11 a13 ls3 h21 l21 m22 l21 s22 l21 a23	
ms	j_mm_ss	ampm	9:04:05 PG \u2013 3:07:09 PTG	h11 l11 m12 l11 s12 l11 a12 ls3 h21 l21 m22 l21 s22 l21 a23	
ms	j_mm_ss	day	24/12/2022, 3:07:09 PTG \u2013 27/12/2022, 9:04:05 PG	d12 l11 M12 l11 y14 l12 h11 l11 m12 l11 s12 l11 a13 ls3 d22 l21 M22 l21 y24 l22 h21 l21 m22 l21 s22 l21 a22	
ms	j_mm_ss	month	6/3/2023, 9:04:05 PG \u2013 9/5/2023, 3:07:09 PTG	d11 l11 M11 l11 y14 l12 h11 l11 m12 l11 s12 l11 a12 ls3 d21 l21 M21 l21 y24 l22 h21 l21 m22 l21 s22 l21 a23	
ms	j_mm_ss	year	24/12/2022, 3:07:09 PTG \u2013 6/3/2023, 9:04:05 PG	d12 l11 M12 l11 y14 l12 h11 l11 m12 l11 s12 l11 a13 ls3 d21 l21 M21 l21 y24 l22 h21 l21 m22 l21 s22 l21 a22	
ms	y_MMMM_d_j_mm	minute	24 Disember 2022, 3:07\u20133:42 PTG	ds2 ls1 Ms8 ls1 ys4 ls2 h11 l11 m12 ls1 h21 l21 m22 ls1 as3	
ms	y_MMMM_d_j_mm	hour	24 Disember 2022, 1:04\u20135:42 PTG	ds2 ls1 Ms8 ls1 ys4 ls2 h11 l11 m12 ls1 h21 l21 m22 ls1 as3	
ms	y_MMMM_d_j_mm	ampm	24 Disember 2022, 9:04 PG \u2013 3:07 PTG	ds2 ls1 Ms8 ls1 ys4 ls2 h11 l11 m12 l11 a12 ls3 h21 l21 m22 l21 a23	
ms	y_MMMM_d_j_mm	day	24 Disember 2022 pada 3:07 PTG \u2013 27 Disember 2022 pada 9:04 PG	d12 l11 M18 l11 y14 l16 h11 l11 m12 l11 a13 ls3 d22 l21 M28 l21 y24 l26 h21 l21 m22 l21 a22	
ms	y_MMMM_d_j_mm	month	6 Mac 2023 pada 9:04 PG \u2013 9 Mei 2023 pada 3:07 PTG	d11 l11 M13 l11 y14 l16 h11 l11 m12 l11 a12 ls3 d21 l21 M23 l21 y24 l26 h21 l21 m22 l21 a23	
ms	y_MMMM_d_j_mm	year	24 Disember 2022 pada 3:07 PTG \u2013 6 Mac 2023 pada 9:04 PG	d12 l11 M18 l11 y14 l16 h11 l11 m12 l11 a13 ls3 d21 l21 M23 l21 y24 l26 h21 l21 m22 l21 a22	
ms	y_M_d_j_mm_ss	minute	24/12/2022, 3:07:09 PTG \u2013 3:42:31 PTG	ds2 ls1 Ms2 ls1 ys4 ls2 h11 l11 m12 l11 s12 l11 a13 ls3 h21 l21 m22 l21 s22 l21 a23	
ms	y_M_d_j_mm_ss	hour	24/12/2022, 1:04:05 PTG \u2013 5:42:31 PTG	ds2 ls1 Ms2 ls1 ys4 ls2 h11 l11 m12 l11 s12 l11 a13 ls3 h21 l21 m22 l21 s22 l21 a23	
ms	y_M_d_j_mm_ss	ampm	24/12/2022, 9:04:05 PG \u2013 3:07:09 PTG	ds2 ls1 Ms2 ls1 ys4 ls2 h11 l11 m12 l11 s12 l11 a12 ls3 h21 l21 m22 l21 s22 l21 a23	
ms	y_M_d_j_mm_ss	day	24/12/2022, 3:07:09 PTG \u2013 27/12/2022, 9:04:05 PG	d12 l11 M12 l11 y14 l12 h11 l11 m12 l11 s12 l11 a13 ls3 d22 l21 M22 l21 y24 l22 h21 l21 m22 l21 s22 l21 a22	
ms	y_M_d_j_mm_ss	month	6/3/2023, 9:04:05 PG \u2013 9/5/2023, 3:07:09 PTG	d11 l11 M11 l11 y14 l12 h11 l11 m12 l11 s12 l11 a12 ls3 d21 l21 M21 l21 y24 l22 h21 l21 m22 l21 s22 l21 a23	
ms	y_M_d_j_mm_ss	year	24/12/2022, 3:07:09 PTG \u2013 6/3/2023, 9:04:05 PG	d12 l11 M12 l11 y14 l12 h11 l11 m12 l11 s12 l11 a13 ls3 d21 l21 M21 l21 y24 l22 h21 l21 m22 l21 s22 l21 a22	
nb	E_d_MMMM	ampm	l\u00f8r. 24. desember	Es4 ls1 ds2 ls2 Ms8	
nb	E_d_MMMM	day	l\u00f8r. 24.\u2013tir. 27. desember	E14 l11 d12 ls2 E24 l21 d22 ls2 Ms8	
nb	E_d_MMMM	month	man. 6. mars\u2013tir. 9. mai	E14 l11 d11 l12 M14 ls1 E24 l21 d21 l22 M23	
nb	E_d_MMMM	year	l\u00f8r. 24. desember 2022\u2013man. 6. mars 2023	E14 l11 d12 l12 M18 l11 y14 ls1 E24 l21 d21 l22 M24 l21 y24	
nb	EEEE_y_MMMM_d	ampm	l\u00f8rdag 24. desember 2022	Es6 ls1 ds2 ls2 Ms8 ls1 ys4	
nb	EEEE_y_MMMM_d	day	l\u00f8rdag 24.\u2013tirsdag 27. desember 2022	E16 l11 d12 ls2 E27 l21 d22 ls2 Ms8 ls1 ys4	
nb	EEEE_y_MMMM_d	month	mandag 6. mars\u2013tirsdag 9. mai 2023	E16 l11 d11 l12 M14 ls1 E27 l21 d21 l22 M23 ls1 ys4	
nb	EEEE_y_MMMM_d	year	l\u00f8rdag 24. desember 2022\u2013mandag 6. mars 2023	E16 l11 d12 l12 M18 l11 y14 ls1 E26 l21 d21 l22 M24 l21 y24	
nb	y_MMMM	ampm	desember 2022	Ms8 ls1 ys4	
nb	y_MMMM	day	desember 2022	Ms8 ls1 ys4	
nb	y_MMMM	month	mars\u2013mai 2023	M14 ls1 M23 ls1 ys4	
nb	y_MMMM	year	desember 2022\u2013mars 2023	M18 l11 y14 ls1 M24 l21 y24	
nb	y_MMM_d	ampm	24. des. 2022	ds2 ls2 Ms4 ls1 ys4	
nb	y_MMM_d	day	24.\u201327. des. 2022	d12 ls2 d22 ls2 Ms4 ls1 ys4	
nb	y_MMM_d	month	6. mars\u20139. mai 2023	d11 l12 M14 ls1 d21 l22 M23 ls1 ys4	
nb	y_MMM_d	year	24. des. 2022\u20136. mars 2023	d12 l12 M14 l11 y14 ls1 d21 l22 M24 l21 y24	
nb	MMM_d	ampm	24. des.	ds2 ls2 Ms4	
nb	MMM_d	day	24.\u201327. des.	d12 ls2 d22 ls2 Ms4	
nb	MMM_d	month	6. mars\u20139. mai	d11 l12 M14 ls1 d21 l22 M23	
nb	MMM_d	year	24. des. 2022\u20136. mars 2023	d12 l12 M14 l11 y14 ls1 d21 l22 M24 l21 y24	
nb	y_M_d	ampm	24.12.2022	ds2 ls1 Ms2 ls1 ys4	
nb	y_M_d	day	24.12.2022\u201327.12.2022	d12 l11 M12 l11 y14 ls1 d22 l21 M22 l21 y24	
nb	y_M_d	month	06.03.2023\u201309.05.2023	d12 l11 M12 l11 y14 ls1 d22 l21 M22 l21 y24	
nb	y_M_d	year	24.12.2022\u201306.03.2023	d12 l11 M12 l11 y14 ls1 d22 l21 M22 l21 y24	
nb	yy_MM_dd	ampm	24.12.22	ds2 ls1 Ms2 ls1 ys2	
nb	yy_MM_dd	day	24.12.22\u201327.12.22	d12 l11 M12 l11 y12 ls1 d22 l21 M22 l21 y22	
nb	yy_MM_dd	month	06.03.23\u201309.05.23	d12 l11 M12 l11 y12 ls1 d22 l21 M22 l21 y22	
nb	yy_MM_dd	year	24.12.22\u201306.03.23	d12 l11 M12 l11 y12 ls1 d22 l21 M22 l21 y22	
nb	MMMM	ampm	desember	Ms8	
nb	MMMM	day	desember	Ms8	
nb	MMMM	month	mars\u2013mai	M14 ls1 M23	
nb	MMMM	year	desember\u2013mars	M18 ls1 M24	
nb	d	ampm	24.	ds2 ls1	
nb	d	day	24.\u201327.	d12 ls2 d22 ls1	
nb	d	month	06.03.\u201309.05.	d12 l11 M12 ls2 d22 l21 M22 ls1	
nb	d	year	24.12.2022\u201306.03.2023	d12 l11 M12 l11 y14 ls1 d22 l21 M22 l21 y24	
nb	G_y	ampm	2022 e.Kr.	ys4 ls1 Gs5	
nb	G_y	day	2022 e.Kr.	ys4 ls1 Gs5	
nb	G_y	month	2023 e.Kr.	ys4 ls1 Gs5	
nb	G_y	year	2022\u20132023 e.Kr.	y14 ls1 y24 ls1 Gs5	
nb	j_mm	minute	15:07\u201315:42	h12 l11 m12 ls1 h22 l21 m22	
nb	j_mm	hour	13:04\u201317:42	h12 l11 m12 ls1 h22 l21 m22	
nb	j_mm	ampm	09:04\u201315:07	h12 l11 m12 ls1 h22 l21 m22	
nb	j_mm	day	24.12.2022, 15:07\u201327.12.2022, 09:04	d12 l11 M12 l11 y14 l12 h12 l11 m12 ls1 d22 l21 M22 l21 y24 l22 h22 l21 m22	
nb	j_mm	month	6.3.2023, 09:04\u20139.5.2023, 15:07	d11 l11 M11 l11 y14 l12 h12 l11 m12 ls1 d21 l21 M21 l21 y24 l22 h22 l21 m22	
nb	j_mm	year	24.12.2022, 15:07\u20136.3.2023, 09:04	d12 l11 M12 l11 y14 l12 h12 l11 m12 ls1 d21 l21 M21 l21 y24 l22 h22 l21 m22	
nb	H_mm_h23	minute	15:07\u201315:42	h12 l11 m12 ls1 h22 l21 m22	
nb	H_mm_h23	hour	13:04\u201317:42	h12 l11 m12 ls1 h22 l21 m22	
nb	H_mm_h23	ampm	09:04\u201315:07	h12 l11 m12 ls1 h22 l21 m22	
nb	H_mm_h23	day	24.12.2022, 15:07\u201327.12.2022, 09:04	d12 l11 M12 l11 y14 l12 h12 l11 m12 ls1 d22 l21 M22 l21 y24 l22 h22 l21 m22	
nb	H_mm_h23	month	6.3.2023, 09:04\u20139.5.2023, 15:07	d11 l11 M11 l11 y14 l12 h12 l11 m12 ls1 d21 l21 M21 l21 y24 l22 h22 l21 m22	
nb	H_mm_h23	year	24.12.2022, 15:07\u20136.3.2023, 09:04	d12 l11 M12 l11 y14 l12 h12 l11 m12 ls1 d21 l21 M21 l21 y24 l22 h22 l21 m22	
nb	j_mm_ss	minute	15:07:09\u201315:42:31	h12 l11 m12 l11 s12 ls1 h22 l21 m22 l21 s22	
nb	j_mm_ss	hour	13:04:05\u201317:42:31	h12 l11 m12 l11 s12 ls1 h22 l21 m22 l21 s22	
nb	j_mm_ss	ampm	09:04:05\u201315:07:09	h12 l11 m12 l11 s12 ls1 h22 l21 m22 l21 s22	
nb	j_mm_ss	day	24.12.2022, 15:07:09\u201327.12.2022, 09:04:05	d12 l11 M12 l11 y14 l12 h12 l11 m12 l11 s12 ls1 d22 l21 M22 l21 y24 l22 h22 l21 m22 l21 s22	
nb	j_mm_ss	month	6.3.2023, 09:04:05\u20139.5.2023, 15:07:09	d11 l11 M11 l11 y14 l12 h12 l11 m12 l11 s12 ls1 d21 l21 M21 l21 y24 l22 h22 l21 m22 l21 s22	
nb	j_mm_ss	year	24.12.2022, 15:07:09\u20136.3.2023, 09:04:05	d12 l11 M12 l11 y14 l12 h12 l11 m12 l11 s12 ls1 d21 l21 M21 l21 y24 l22 h22 l21 m22 l21 s22	
nb	y_MMMM_d_j_mm	minute	24. desember 2022, 15:07\u201315:42	ds2 ls2 Ms8 ls1 ys4 ls2 h12 l11 m12 ls1 h22 l21 m22	
nb	y_MMMM_d_j_mm	hour	24. desember 2022, 13:04\u201317:42	ds2 ls2 Ms8 ls1 ys4 ls2 h12 l11 m12 ls1 h22 l21 m22	
nb	y_MMMM_d_j_mm	ampm	24. desember 2022, 09:04\u201315:07	ds2 ls2 Ms8 ls1 ys4 ls2 h12 l11 m12 ls1 h22 l21 m22	
nb	y_MMMM_d_j_mm	day	24. desember 2022 kl. 15:07\u201327. desember 2022 kl. 09:04	d12 l12 M18 l11 y14 l15 h12 l11 m12 ls1 d22 l22 M28 l21 y24 l25 h22 l21 m22	
nb	y_MMMM_d_j_mm	month	6. mars 2023 kl. 09:04\u20139. mai 2023 kl. 15:07	d11 l12 M14 l11 y14 l15 h12 l11 m12 ls1 d21 l22 M23 l21 y24 l25 h22 l21 m22	
nb	y_MMMM_d_j_mm	year	24. desember 2022 kl. 15:07\u20136. mars 2023 kl. 09:04	d12 l12 M18 l11 y14 l15 h12 l11 m12 ls1 d21 l22 M24 l21 y24 l25 h22 l21 m22	
nb	y_M_d_j_mm_ss	minute	24.12.2022, 15:07:09\u201315:42:31	ds2 ls1 Ms2 ls1 ys4 ls2 h12 l11 m12 l11 s12 ls1 h22 l21 m22 l21 s22	
nb	y_M_d_j_mm_ss	hour	24.12.2022, 13:04:05\u201317:42:31	ds2 ls1 Ms2 ls1 ys4 ls2 h12 l11 m12 l11 s12 ls1 h22 l21 m22 l21 s22	
nb	y_M_d_j_mm_ss	ampm	24.12.2022, 09:04:05\u201315:07:09	ds2 ls1 Ms2 ls1 ys4 ls2 h12 l11 m12 l11 s12 ls1 h22 l21 m22 l21 s22	
nb	y_M_d_j_mm_ss	day	24.12.2022, 15:07:09\u201327.12.2022, 09:04:05	d12 l11 M12 l11 y14 l12 h12 l11 m12 l11 s12 ls1 d22 l21 M22 l21 y24 l22 h22 l21 m22 l21 s22	
nb	y_M_d_j_mm_ss	month	6.3.2023, 09:04:05\u20139.5.2023, 15:07:09	d11 l11 M11 l11 y14 l12 h12 l11 m12 l11 s12 ls1 d21 l21 M21 l21 y24 l22 h22 l21 m22 l21 s22	
nb	y_M_d_j_mm_ss	year	24.12.2022, 15:07:09\u20136.3.2023, 09:04:05	d12 l11 M12 l11 y14 l12 h12 l11 m12 l11 s12 ls1 d21 l21 M21 l21 y24 l22 h22 l21 m22 l21 s22	
nl	E_d_MMMM	ampm	za 24 december	Es2 ls1 ds2 ls1 Ms8	
nl	E_d_MMMM	day	za 24 \u2013 di 27 december	E12 l11 d12 ls3 E22 l21 d22 ls1 Ms8	
nl	E_d_MMMM	month	ma 6 maart \u2013 di 9 mei	E12 l11 d11 l11 M15 ls3 E22 l21 d21 l21 M23	
nl	E_d_MMMM	year	za 24 december 2022 \u2013 ma 6 maart 2023	E12 l11 d12 l11 M18 l11 y14 ls3 E22 l21 d21 l21 M25 l21 y24	
nl	EEEE_y_MMMM_d	ampm	zaterdag 24 december 2022	Es8 ls1 ds2 ls1 Ms8 ls1 ys4	
nl	EEEE_y_MMMM_d	day	zaterdag 24 \u2013 dinsdag 27 december 2022	E18 l11 d12 ls3 E27 l21 d22 ls1 Ms8 ls1 ys4	
nl	EEEE_y_MMMM_d	month	maandag 6 maart \u2013 dinsdag 9 mei 2023	E17 l11 d11 l11 M15 ls3 E27 l21 d21 l21 M23 ls1 ys4	
nl	EEEE_y_MMMM_d	year	zaterdag 24 december 2022 \u2013 maandag 6 maart 2023	E18 l11 d12 l11 M18 l11 y14 ls3 E27 l21 d21 l21 M25 l21 y24	
nl	y_MMMM	ampm	december 2022	Ms8 ls1 ys4	
nl	y_MMMM	day	december 2022	Ms8 ls1 ys4	
nl	y_MMMM	month	maart\u2013mei 2023	M15 ls1 M23 ls1 ys4	
nl	y_MMMM	year	december 2022 \u2013 maart 2023	M18 l11 y14 ls3 M25 l21 y24	
nl	y_MMM_d	ampm	24 dec 2022	ds2 ls1 Ms3 ls1 ys4	
nl	y_MMM_d	day	24\u201327 dec 2022	d12 ls1 d22 ls1 Ms3 ls1 ys4	
nl	y_MMM_d	month	6 mrt \u2013 9 mei 2023	d11 l11 M13 ls3 d21 l21 M23 ls1 ys4	
nl	y_MMM_d	year	24 dec 2022 \u2013 6 mrt 2023	d12 l11 M13 l11 y14 ls3 d21 l21 M23 l21 y24	
nl	MMM_d	ampm	24 dec	ds2 ls1 Ms3	
nl	MMM_d	day	24\u201327 dec	d12 ls1 d22 ls1 Ms3	
nl	MMM_d	month	6 mrt \u2013 9 mei	d11 l11 M13 ls3 d21 l21 M23	
nl	MMM_d	year	24 dec 2022 \u2013 6 mrt 2023	d12 l11 M13 l11 y14 ls3 d21 l21 M23 l21 y24	
nl	y_M_d	ampm	24-12-2022	ds2 ls1 Ms2 ls1 ys4	
nl	y_M_d	day	24-12-2022 \u2013 27-12-2022	d12 l11 M12 l11 y14 ls3 d22 l21 M22 l21 y24	
nl	y_M_d	month	06-03-2023 \u2013 09-05-2023	d12 l11 M12 l11 y14 ls3 d22 l21 M22 l21 y24	
nl	y_M_d	year	24-12-2022 \u2013 06-03-2023	d12 l11 M12 l11 y14 ls3 d22 l21 M22 l21 y24	
nl	yy_MM_dd	ampm	24-12-22	ds2 ls1 Ms2 ls1 ys2	
nl	yy_MM_dd	day	24-12-22 \u2013 27-12-22	d12 l11 M12 l11 y12 ls3 d22 l21 M22 l21 y22	
nl	yy_MM_dd	month	06-03-23 \u2013 09-05-23	d12 l11 M12 l11 y12 ls3 d22 l21 M22 l21 y22	
nl	yy_MM_dd	year	24-12-22 \u2013 06-03-23	d12 l11 M12 l11 y12 ls3 d22 l21 M22 l21 y22	
nl	MMMM	ampm	december	Ms8	
nl	MMMM	day	december	Ms8	
nl	MMMM	month	maart \u2013 mei	M15 ls3 M23	
nl	MMMM	year	december \u2013 maart	M18 ls3 M25	
nl	d	ampm	24	ds2	
nl	d	day	24\u201327	d12 ls1 d22	
nl	d	month	06-03 \u2013 09-05	d12 l11 M12 ls3 d22 l21 M22	
nl	d	year	24-12-2022 \u2013 06-03-2023	d12 l11 M12 l11 y14 ls3 d22 l21 M22 l21 y24	
nl	G_y	ampm	2022 n.Chr.	ys4 ls1 Gs6	
nl	G_y	day	2022 n.Chr.	ys4 ls1 Gs6	
nl	G_y	month	2023 n.Chr.	ys4 ls1 Gs6	
nl	G_y	year	2022 \u2013 2023 n.Chr.	y14 ls3 y24 ls1 Gs6	
nl	j_mm	minute	15:07\u201315:42	h12 l11 m12 ls1 h22 l21 m22	
nl	j_mm	hour	13:04\u201317:42	h12 l11 m12 ls1 h22 l21 m22	
nl	j_mm	ampm	09:04\u201315:07	h12 l11 m12 ls1 h22 l21 m22	
nl	j_mm	day	24-12-2022, 15:07 \u2013 27-12-2022, 09:04	d12 l11 M12 l11 y14 l12 h12 l11 m12 ls3 d22 l21 M22 l21 y24 l22 h22 l21 m22	
nl	j_mm	month	6-3-2023, 09:04 \u2013 9-5-2023, 15:07	d11 l11 M11 l11 y14 l12 h12 l11 m12 ls3 d21 l21 M21 l21 y24 l22 h22 l21 m22	
nl	j_mm	year	24-12-2022, 15:07 \u2013 6-3-2023, 09:04	d12 l11 M12 l11 y14 l12 h12 l11 m12 ls3 d21 l21 M21 l21 y24 l22 h22 l21 m22	
nl	H_mm_h23	minute	15:07\u201315:42	h12 l11 m12 ls1 h22 l21 m22	
nl	H_mm_h23	hour	13:04\u201317:42	h12 l11 m12 ls1 h22 l21 m22	
nl	H_mm_h23	ampm	09:04\u201315:07	h12 l11 m12 ls1 h22 l21 m22	
nl	H_mm_h23	day	24-12-2022, 15:07 \u2013 27-12-2022, 09:04	d12 l11 M12 l11 y14 l12 h12 l11 m12 ls3 d22 l21 M22 l21 y24 l22 h22 l21 m22	
nl	H_mm_h23	month	6-3-2023, 09:04 \u2013 9-5-2023, 15:07	d11 l11 M11 l11 y14 l12 h12 l11 m12 ls3 d21 l21 M21 l21 y24 l22 h22 l21 m22	
nl	H_mm_h23	year	24-12-2022, 15:07 \u2013 6-3-2023, 09:04	d12 l11 M12 l11 y14 l12 h12 l11 m12 ls3 d21 l21 M21 l21 y24 l22 h22 l21 m22	
nl	j_mm_ss	minute	15:07:09 \u2013 15:42:31	h12 l11 m12 l11 s12 ls3 h22 l21 m22 l21 s22	
nl	j_mm_ss	hour	13:04:05 \u2013 17:42:31	h12 l11 m12 l11 s12 ls3 h22 l21 m22 l21 s22	
nl	j_mm_ss	ampm	09:04:05 \u2013 15:07:09	h12 l11 m12 l11 s12 ls3 h22 l21 m22 l21 s22	
nl	j_mm_ss	day	24-12-2022, 15:07:09 \u2013 27-12-2022, 09:04:05	d12 l11 M12 l11 y14 l12 h12 l11 m12 l11 s12 ls3 d22 l21 M22 l21 y24 l22 h22 l21 m22 l21 s22	
nl	j_mm_ss	month	6-3-2023, 09:04:05 \u2013 9-5-2023, 15:07:09	d11 l11 M11 l11 y14 l12 h12 l11 m12 l11 s12 ls3 d21 l21 M21 l21 y24 l22 h22 l21 m22 l21 s22	
nl	j_mm_ss	year	24-12-2022, 15:07:09 \u2013 6-3-2023, 09:04:05	d12 l11 M12 l11 y14 l12 h12 l11 m12 l11 s12 ls3 d21 l21 M21 l21 y24 l22 h22 l21 m22 l21 s22	
nl	y_MMMM_d_j_mm	minute	24 december 2022, 15:07\u201315:42	ds2 ls1 Ms8 ls1 ys4 ls2 h12 l11 m12 ls1 h22 l21 m22	
nl	y_MMMM_d_j_mm	hour	24 december 2022, 13:04\u201317:42	ds2 ls1 Ms8 ls1 ys4 ls2 h12 l11 m12 ls1 h22 l21 m22	
nl	y_MMMM_d_j_mm	ampm	24 december 2022, 09:04\u201315:07	ds2 ls1 Ms8 ls1 ys4 ls2 h12 l11 m12 ls1 h22 l21 m22	
nl	y_MMMM_d_j_mm	day	24 december 2022 om 15:07 \u2013 27 december 2022 om 09:04	d12 l11 M18 l11 y14 l14 h12 l11 m12 ls3 d22 l21 M28 l21 y24 l24 h22 l21 m22	
nl	y_MMMM_d_j_mm	month	6 maart 2023 om 09:04 \u2013 9 mei 2023 om 15:07	d11 l11 M15 l11 y14 l14 h12 l11 m12 ls3 d21 l21 M23 l21 y24 l24 h22 l21 m22	
nl	y_MMMM_d_j_mm	year	24 december 2022 om 15:07 \u2013 6 maart 2023 om 09:04	d12 l11 M18 l11 y14 l14 h12 l11 m12 ls3 d21 l21 M25 l21 y24 l24 h22 l21 m22	
nl	y_M_d_j_mm_ss	minute	24-12-2022, 15:07:09 \u2013 15:42:31	ds2 ls1 Ms2 ls1 ys4 ls2 h12 l11 m12 l11 s12 ls3 h22 l21 m22 l21 s22	
nl	y_M_d_j_mm_ss	hour	24-12-2022, 13:04:05 \u2013 17:42:31	ds2 ls1 Ms2 ls1 ys4 ls2 h12 l11 m12 l11 s12 ls3 h22 l21 m22 l21 s22	
nl	y_M_d_j_mm_ss	ampm	24-12-2022, 09:04:05 \u2013 15:07:09	ds2 ls1 Ms2 ls1 ys4 ls2 h12 l11 m12 l11 s12 ls3 h22 l21 m22 l21 s22	
nl	y_M_d_j_mm_ss	day	24-12-2022, 15:07:09 \u2013 27-12-2022, 09:04:05	d12 l11 M12 l11 y14 l12 h12 l11 m12 l11 s12 ls3 d22 l21 M22 l21 y24 l22 h22 l21 m22 l21 s22	
nl	y_M_d_j_mm_ss	month	6-3-2023, 09:04:05 \u2013 9-5-2023, 15:07:09	d11 l11 M11 l11 y14 l12 h12 l11 m12 l11 s12 ls3 d21 l21 M21 l21 y24 l22 h22 l21 m22 l21 s22	
nl	y_M_d_j_mm_ss	year	24-12-2022, 15:07:09 \u2013 6-3-2023, 09:04:05	d12 l11 M12 l11 y14 l12 h12 l11 m12 l11 s12 ls3 d21 l21 M21 l21 y24 l22 h22 l21 m22 l21 s22	
pl	E_d_MMMM	ampm	sob., 24 grudnia	Es4 ls2 ds2 ls1 Ms7	
pl	E_d_MMMM	day	sob., 24 grudnia \u2013 wt., 27 grudnia	E14 l12 d12 l11 M17 ls3 E23 l22 d22 l21 M27	
pl	E_d_MMMM	month	pon., 6 marca \u2013 wt., 9 maja	E14 l12 d11 l11 M15 ls3 E23 l22 d21 l21 M24	
pl	E_d_MMMM	year	sob., 24 grudnia 2022 \u2013 pon., 6 marca 2023	E14 l12 d12 l11 M17 l11 y14 ls3 E24 l22 d21 l21 M25 l21 y24	
pl	EEEE_y_MMMM_d	ampm	sobota, 24 grudnia 2022	Es6 ls2 ds2 ls1 Ms7 ls1 ys4	
pl	EEEE_y_MMMM_d	day	sobota, 24 grudnia \u2013 wtorek, 27 grudnia 2022	E16 l12 d12 l11 M17 ls3 E26 l22 d22 l21 M27 ls1 ys4	
pl	EEEE_y_MMMM_d	month	poniedzia\u0142ek, 6 marca \u2013 wtorek, 9 maja 2023	E112 l12 d11 l11 M15 ls3 E26 l22 d21 l21 M24 ls1 ys4	
pl	EEEE_y_MMMM_d	year	sobota, 24 grudnia 2022 \u2013 poniedzia\u0142ek, 6 marca 2023	E16 l12 d12 l11 M17 l11 y14 ls3 E212 l22 d21 l21 M25 l21 y24	
pl	y_MMMM	ampm	grudzie\u0144 2022	Ms8 ls1 ys4	
pl	y_MMMM	day	grudzie\u0144 2022	Ms8 ls1 ys4	
pl	y_MMMM	month	marzec 2023 \u2013 maj 2023	M16 l11 y14 ls3 M23 l21 y24	
pl	y_MMMM	year	grudzie\u0144 2022 \u2013 marzec 2023	M18 l11 y14 ls3 M26 l21 y24	
pl	y_MMM_d	ampm	24 gru 2022	ds2 ls1 Ms3 ls1 ys4	
pl	y_MMM_d	day	24\u201327 gru 2022	d12 ls1 d22 ls1 Ms3 ls1 ys4	
pl	y_MMM_d	month	6 mar\u20139 maj 2023	d11 l11 M13 ls1 d21 l21 M23 ls1 ys4	
pl	y_MMM_d	year	24 gru 2022\u20136 mar 2023	d12 l11 M13 l11 y14 ls1 d21 l21 M23 l21 y24	
pl	MMM_d	ampm	24 gru	ds2 ls1 Ms3	
pl	MMM_d	day	24\u201327 gru	d12 ls1 d22 ls1 Ms3	
pl	MMM_d	month	6 mar\u20139 maj	d11 l11 M13 ls1 d21 l21 M23	
pl	MMM_d	year	24 gru 2022\u20136 mar 2023	d12 l11 M13 l11 y14 ls1 d21 l21 M23 l21 y24	
pl	y_M_d	ampm	24.12.2022	ds2 ls1 Ms2 ls1 ys4	
pl	y_M_d	day	24\u201327.12.2022	d12 ls1 d22 ls1 Ms2 ls1 ys4	
pl	y_M_d	month	06.03\u201309.05.2023	d12 l11 M12 ls1 d22 l21 M22 ls1 ys4	
pl	y_M_d	year	24.12.2022\u201306.03.2023	d12 l11 M12 l11 y14 ls1 d22 l21 M22 l21 y24	
pl	yy_MM_dd	ampm	24.12.22	ds2 ls1 Ms2 ls1 ys2	
pl	yy_MM_dd	day	24\u201327.12.22	d12 ls1 d22 ls1 Ms2 ls1 ys2	
pl	yy_MM_dd	month	06.03\u201309.05.23	d12 l11 M12 ls1 d22 l21 M22 ls1 ys2	
pl	yy_MM_dd	year	24.12.22\u201306.03.23	d12 l11 M12 l11 y12 ls1 d22 l21 M22 l21 y22	
pl	MMMM	ampm	grudzie\u0144	Ms8	
pl	MMMM	day	grudzie\u0144	Ms8	
pl	MMMM	month	marzec \u2013 maj	M16 ls3 M23	
pl	MMMM	year	grudzie\u0144 \u2013 marzec	M18 ls3 M26	
pl	d	ampm	24	ds2	
pl	d	day	24\u201327	d12 ls1 d22	
pl	d	month	06.03\u201309.05	d12 l11 M12 ls1 d22 l21 M22	
pl	d	year	24.12.2022\u201306.03.2023	d12 l11 M12 l11 y14 ls1 d22 l21 M22 l21 y24	
pl	G_y	ampm	2022 n.e.	ys4 ls1 Gs4	
pl	G_y	day	2022 n.e.	ys4 ls1 Gs4	
pl	G_y	month	2023 n.e.	ys4 ls1 Gs4	
pl	G_y	year	2022\u20132023 n.e.	y14 ls1 y24 ls1 Gs4	
pl	j_mm	minute	15:07\u201315:42	h12 l11 m12 ls1 h22 l21 m22	
pl	j_mm	hour	13:04\u201317:42	h12 l11 m12 ls1 h22 l21 m22	
pl	j_mm	ampm	09:04\u201315:07	h12 l11 m12 ls1 h22 l21 m22	
pl	j_mm	day	24.12.2022, 15:07 \u2013 27.12.2022, 09:04	d12 l11 M12 l11 y14 l12 h12 l11 m12 ls3 d22 l21 M22 l21 y24 l22 h22 l21 m22	
pl	j_mm	month	6.03.2023, 09:04 \u2013 9.05.2023, 15:07	d11 l11 M12 l11 y14 l12 h12 l11 m12 ls3 d21 l21 M22 l21 y24 l22 h22 l21 m22	
pl	j_mm	year	24.12.2022, 15:07 \u2013 6.03.2023, 09:04	d12 l11 M12 l11 y14 l12 h12 l11 m12 ls3 d21 l21 M22 l21 y24 l22 h22 l21 m22	
pl	H_mm_h23	minute	15:07\u201315:42	h12 l11 m12 ls1 h22 l21 m22	
pl	H_mm_h23	hour	13:04\u201317:42	h12 l11 m12 ls1 h22 l21 m22	
pl	H_mm_h23	ampm	09:04\u201315:07	h12 l11 m12 ls1 h22 l21 m22	
pl	H_mm_h23	day	24.12.2022, 15:07 \u2013 27.12.2022, 09:04	d12 l11 M12 l11 y14 l12 h12 l11 m12 ls3 d22 l21 M22 l21 y24 l22 h22 l21 m22	
pl	H_mm_h23	month	6.03.2023, 09:04 \u2013 9.05.2023, 15:07	d11 l11 M12 l11 y14 l12 h12 l11 m12 ls3 d21 l21 M22 l21 y24 l22 h22 l21 m22	
pl	H_mm_h23	year	24.12.2022, 15:07 \u2013 6.03.2023, 09:04	d12 l11 M12 l11 y14 l12 h12 l11 m12 ls3 d21 l21 M22 l21 y24 l22 h22 l21 m22	
pl	j_mm_ss	minute	15:07:09 \u2013 15:42:31	h12 l11 m12 l11 s12 ls3 h22 l21 m22 l21 s22	
pl	j_mm_ss	hour	13:04:05 \u2013 17:42:31	h12 l11 m12 l11 s12 ls3 h22 l21 m22 l21 s22	
pl	j_mm_ss	ampm	09:04:05 \u2013 15:07:09	h12 l11 m12 l11 s12 ls3 h22 l21 m22 l21 s22	
pl	j_mm_ss	day	24.12.2022, 15:07:09 \u2013 27.12.2022, 09:04:05	d12 l11 M12 l11 y14 l12 h12 l11 m12 l11 s12 ls3 d22 l21 M22 l21 y24 l22 h22 l21 m22 l21 s22	
pl	j_mm_ss	month	6.03.2023, 09:04:05 \u2013 9.05.2023, 15:07:09	d11 l11 M12 l11 y14 l12 h12 l11 m12 l11 s12 ls3 d21 l21 M22 l21 y24 l22 h22 l21 m22 l21 s22	
pl	j_mm_ss	year	24.12.2022, 15:07:09 \u2013 6.03.2023, 09:04:05	d12 l11 M12 l11 y14 l12 h12 l11 m12 l11 s12 ls3 d21 l21 M22 l21 y24 l22 h22 l21 m22 l21 s22	
pl	y_MMMM_d_j_mm	minute	24 grudnia 2022, 15:07\u201315:42	ds2 ls1 Ms7 ls1 ys4 ls2 h12 l11 m12 ls1 h22 l21 m22	
pl	y_MMMM_d_j_mm	hour	24 grudnia 2022, 13:04\u201317:42	ds2 ls1 Ms7 ls1 ys4 ls2 h12 l11 m12 ls1 h22 l21 m22	
pl	y_MMMM_d_j_mm	ampm	24 grudnia 2022, 09:04\u201315:07	ds2 ls1 Ms7 ls1 ys4 ls2 h12 l11 m12 ls1 h22 l21 m22	
pl	y_MMMM_d_j_mm	day	24 grudnia 2022 15:07 \u2013 27 grudnia 2022 09:04	d12 l11 M17 l11 y14 l11 h12 l11 m12 ls3 d22 l21 M27 l21 y24 l21 h22 l21 m22	
pl	y_MMMM_d_j_mm	month	6 marca 2023 09:04 \u2013 9 maja 2023 15:07	d11 l11 M15 l11 y14 l11 h12 l11 m12 ls3 d21 l21 M24 l21 y24 l21 h22 l21 m22	
pl	y_MMMM_d_j_mm	year	24 grudnia 2022 15:07 \u2013 6 marca 2023 09:04	d12 l11 M17 l11 y14 l11 h12 l11 m12 ls3 d21 l21 M25 l21 y24 l21 h22 l21 m22	
pl	y_M_d_j_mm_ss	minute	24.12.2022, 15:07:09 \u2013 15:42:31	ds2 ls1 Ms2 ls1 ys4 ls2 h12 l11 m12 l11 s12 ls3 h22 l21 m22 l21 s22	
pl	y_M_d_j_mm_ss	hour	24.12.2022, 13:04:05 \u2013 17:42:31	ds2 ls1 Ms2 ls1 ys4 ls2 h12 l11 m12 l11 s12 ls3 h22 l21 m22 l21 s22	
pl	y_M_d_j_mm_ss	ampm	24.12.2022, 09:04:05 \u2013 15:07:09	ds2 ls1 Ms2 ls1 ys4 ls2 h12 l11 m12 l11 s12 ls3 h22 l21 m22 l21 s22	
pl	y_M_d_j_mm_ss	day	24.12.2022, 15:07:09 \u2013 27.12.2022, 09:04:05	d12 l11 M12 l11 y14 l12 h12 l11 m12 l11 s12 ls3 d22 l21 M22 l21 y24 l22 h22 l21 m22 l21 s22	
pl	y_M_d_j_mm_ss	month	6.03.2023, 09:04:05 \u2013 9.05.2023, 15:07:09	d11 l11 M12 l11 y14 l12 h12 l11 m12 l11 s12 ls3 d21 l21 M22 l21 y24 l22 h22 l21 m22 l21 s22	
pl	y_M_d_j_mm_ss	year	24.12.2022, 15:07:09 \u2013 6.03.2023, 09:04:05	d12 l11 M12 l11 y14 l12 h12 l11 m12 l11 s12 ls3 d21 l21 M22 l21 y24 l22 h22 l21 m22 l21 s22	
pt	E_d_MMMM	ampm	s\u00e1b., 24 de dezembro	Es4 ls2 ds2 ls4 Ms8	
pt	E_d_MMMM	day	s\u00e1b., 24 de dezembro \u2013 ter., 27 de dezembro	E14 l12 d12 l14 M18 ls3 E24 l22 d22 l24 M28	
pt	E_d_MMMM	month	seg., 6 de mar\u00e7o \u2013 ter., 9 de maio	E14 l12 d11 l14 M15 ls3 E24 l22 d21 l24 M24	
pt	E_d_MMMM	year	s\u00e1b., 24 de dezembro de 2022 \u2013 seg., 6 de mar\u00e7o de 2023	E14 l12 d12 l14 M18 l14 y14 ls3 E24 l22 d21 l24 M25 l24 y24	
pt	EEEE_y_MMMM_d	ampm	s\u00e1bado, 24 de dezembro de 2022	Es6 ls2 ds2 ls4 Ms8 ls4 ys4	
pt	EEEE_y_MMMM_d	day	s\u00e1bado, 24 de dezembro \u2013 ter\u00e7a-feira, 27 de dezembro de 2022	E16 l12 d12 l14 M18 ls3 E211 l22 d22 l24 M28 ls4 ys4	
pt	EEEE_y_MMMM_d	month	segunda-feira, 6 de mar\u00e7o \u2013 ter\u00e7a-feira, 9 de maio de 2023	E113 l12 d11 l14 M15 ls3 E211 l22 d21 l24 M24 ls4 ys4	
pt	EEEE_y_MMMM_d	year	s\u00e1bado, 24 de dezembro de 2022 \u2013 segunda-feira, 6 de mar\u00e7o de 2023	E16 l12 d12 l14 M18 l14 y14 ls3 E213 l22 d21 l24 M25 l24 y24	
pt	y_MMMM	ampm	dezembro de 2022	Ms8 ls4 ys4	
pt	y_MMMM	day	dezembro de 2022	Ms8 ls4 ys4	
pt	y_MMMM	month	mar\u00e7o \u2013 maio de 2023	M15 ls3 M24 ls4 ys4	
pt	y_MMMM	year	dezembro de 2022 \u2013 mar\u00e7o de 2023	M18 l14 y14 ls3 M25 l24 y24	
pt	y_MMM_d	ampm	24 de dez. de 2022	ds2 ls4 Ms4 ls4 ys4	
pt	y_MMM_d	day	24 \u2013 27 de dez. de 2022	d12 ls3 d22 ls4 Ms4 ls4 ys4	
pt	y_MMM_d	month	6 de mar. \u2013 9 de mai. de 2023	d11 l14 M14 ls3 d21 l24 M24 ls4 ys4	
pt	y_MMM_d	year	24 de dez. de 2022 \u2013 6 de mar. de 2023	d12 l14 M14 l14 y14 ls3 d21 l24 M24 l24 y24	
pt	MMM_d	ampm	24 de dez.	ds2 ls4 Ms4	
pt	MMM_d	day	24 \u2013 27 de dez.	d12 ls3 d22 ls4 Ms4	
pt	MMM_d	month	6 de mar. \u2013 9 de mai.	d11 l14 M14 ls3 d21 l24 M24	
pt	MMM_d	year	24 de dez. de 2022 \u2013 6 de mar. de 2023	d12 l14 M14 l14 y14 ls3 d21 l24 M24 l24 y24	
pt	y_M_d	ampm	24/12/2022	ds2 ls1 Ms2 ls1 ys4	
pt	y_M_d	day	24/12/2022 \u2013 27/12/2022	d12 l11 M12 l11 y14 ls3 d22 l21 M22 l21 y24	
pt	y_M_d	month	06/03/2023 \u2013 09/05/2023	d12 l11 M12 l11 y14 ls3 d22 l21 M22 l21 y24	
pt	y_M_d	year	24/12/2022 \u2013 06/03/2023	d12 l11 M12 l11 y14 ls3 d22 l21 M22 l21 y24	
pt	yy_MM_dd	ampm	24/12/22	ds2 ls1 Ms2 ls1 ys2	
pt	yy_MM_dd	day	24/12/22 \u2013 27/12/22	d12 l11 M12 l11 y12 ls3 d22 l21 M22 l21 y22	
pt	yy_MM_dd	month	06/03/23 \u2013 09/05/23	d12 l11 M12 l11 y12 ls3 d22 l21 M22 l21 y22	
pt	yy_MM_dd	year	24/12/22 \u2013 06/03/23	d12 l11 M12 l11 y12 ls3 d22 l21 M22 l21 y22	
pt	MMMM	ampm	dezembro	Ms8	
pt	MMMM	day	dezembro	Ms8	
pt	MMMM	month	mar\u00e7o \u2013 maio	M15 ls3 M24	
pt	MMMM	year	dezembro \u2013 mar\u00e7o	M18 ls3 M25	
pt	d	ampm	24	ds2	
pt	d	day	24 \u2013 27	d12 ls3 d22	
pt	d	month	06/03 \u2013 09/05	d12 l11 M12 ls3 d22 l21 M22	
pt	d	year	24/12/2022 \u2013 06/03/2023	d12 l11 M12 l11 y14 ls3 d22 l21 M22 l21 y24	
pt	G_y	ampm	2022 d.C.	ys4 ls1 Gs4	
pt	G_y	day	2022 d.C.	ys4 ls1 Gs4	
pt	G_y	month	2023 d.C.	ys4 ls1 Gs4	
pt	G_y	year	2022 \u2013 2023 d.C.	y14 ls3 y24 ls1 Gs4	
pt	j_mm	minute	15:07 \u2013 15:42	h12 l11 m12 ls3 h22 l21 m22	
pt	j_mm	hour	13:04 \u2013 17:42	h12 l11 m12 ls3 h22 l21 m22	
pt	j_mm	ampm	09:04 \u2013 15:07	h12 l11 m12 ls3 h22 l21 m22	
pt	j_mm	day	24/12/2022, 15:07 \u2013 27/12/2022, 09:04	d12 l11 M12 l11 y14 l12 h12 l11 m12 ls3 d22 l21 M22 l21 y24 l22 h22 l21 m22	
pt	j_mm	month	06/03/2023, 09:04 \u2013 09/05/2023, 15:07	d12 l11 M12 l11 y14 l12 h12 l11 m12 ls3 d22 l21 M22 l21 y24 l22 h22 l21 m22	
pt	j_mm	year	24/12/2022, 15:07 \u2013 06/03/2023, 09:04	d12 l11 M12 l11 y14 l12 h12 l11 m12 ls3 d22 l21 M22 l21 y24 l22 h22 l21 m22	
pt	H_mm_h23	minute	15:07 \u2013 15:42	h12 l11 m12 ls3 h22 l21 m22	
pt	H_mm_h23	hour	13:04 \u2013 17:42	h12 l11 m12 ls3 h22 l21 m22	
pt	H_mm_h23	ampm	09:04 \u2013 15:07	h12 l11 m12 ls3 h22 l21 m22	
pt	H_mm_h23	day	24/12/2022, 15:07 \u2013 27/12/2022, 09:04	d12 l11 M12 l11 y14 l12 h12 l11 m12 ls3 d22 l21 M22 l21 y24 l22 h22 l21 m22	
pt	H_mm_h23	month	06/03/2023, 09:04 \u2013 09/05/2023, 15:07	d12 l11 M12 l11 y14 l12 h12 l11 m12 ls3 d22 l21 M22 l21 y24 l22 h22 l21 m22	
pt	H_mm_h23	year	24/12/2022, 15:07 \u2013 06/03/2023, 09:04	d12 l11 M12 l11 y14 l12 h12 l11 m12 ls3 d22 l21 M22 l21 y24 l22 h22 l21 m22	
pt	j_mm_ss	minute	15:07:09 \u2013 15:42:31	h12 l11 m12 l11 s12 ls3 h22 l21 m22 l21 s22	
pt	j_mm_ss	hour	13:04:05 \u2013 17:42:31	h12 l11 m12 l11 s12 ls3 h22 l21 m22 l21 s22	
pt	j_mm_ss	ampm	09:04:05 \u2013 15:07:09	h12 l11 m12 l11 s12 ls3 h22 l21 m22 l21 s22	
pt	j_mm_ss	day	24/12/2022, 15:07:09 \u2013 27/12/2022, 09:04:05	d12 l11 M12 l11 y14 l12 h12 l11 m12 l11 s12 ls3 d22 l21 M22 l21 y24 l22 h22 l21 m22 l21 s22	
pt	j_mm_ss	month	06/03/2023, 09:04:05 \u2013 09/05/2023, 15:07:09	d12 l11 M12 l11 y14 l12 h12 l11 m12 l11 s12 ls3 d22 l21 M22 l21 y24 l22 h22 l21 m22 l21 s22	
pt	j_mm_ss	year	24/12/2022, 15:07:09 \u2013 06/03/2023, 09:04:05	d12 l11 M12 l11 y14 l12 h12 l11 m12 l11 s12 ls3 d22 l21 M22 l21 y24 l22 h22 l21 m22 l21 s22	
pt	y_MMMM_d_j_mm	minute	24 de dezembro de 2022 15:07 \u2013 15:42	ds2 ls4 Ms8 ls4 ys4 ls1 h12 l11 m12 ls3 h22 l21 m22	
pt	y_MMMM_d_j_mm	hour	24 de dezembro de 2022 13:04 \u2013 17:42	ds2 ls4 Ms8 ls4 ys4 ls1 h12 l11 m12 ls3 h22 l21 m22	
pt	y_MMMM_d_j_mm	ampm	24 de dezembro de 2022 09:04 \u2013 15:07	ds2 ls4 Ms8 ls4 ys4 ls1 h12 l11 m12 ls3 h22 l21 m22	
pt	y_MMMM_d_j_mm	day	24 de dezembro de 2022 \u00e0s 15:07 \u2013 27 de dezembro de 2022 \u00e0s 09:04	d12 l14 M18 l14 y14 l14 h12 l11 m12 ls3 d22 l24 M28 l24 y24 l24 h22 l21 m22	
pt	y_MMMM_d_j_mm	month	6 de mar\u00e7o de 2023 \u00e0s 09:04 \u2013 9 de maio de 2023 \u00e0s 15:07	d11 l14 M15 l14 y14 l14 h12 l11 m12 ls3 d21 l24 M24 l24 y24 l24 h22 l21 m22	
pt	y_MMMM_d_j_mm	year	24 de dezembro de 2022 \u00e0s 15:07 \u2013 6 de mar\u00e7o de 2023 \u00e0s 09:04	d12 l14 M18 l14 y14 l14 h12 l11 m12 ls3 d21 l24 M25 l24 y24 l24 h22 l21 m22	
pt	y_M_d_j_mm_ss	minute	24/12/2022 15:07:09 \u2013 15:42:31	ds2 ls1 Ms2 ls1 ys4 ls1 h12 l11 m12 l11 s12 ls3 h22 l21 m22 l21 s22	
pt	y_M_d_j_mm_ss	hour	24/12/2022 13:04:05 \u2013 17:42:31	ds2 ls1 Ms2 ls1 ys4 ls1 h12 l11 m12 l11 s12 ls3 h22 l21 m22 l21 s22	
pt	y_M_d_j_mm_ss	ampm	24/12/2022 09:04:05 \u2013 15:07:09	ds2 ls1 Ms2 ls1 ys4 ls1 h12 l11 m12 l11 s12 ls3 h22 l21 m22 l21 s22	
pt	y_M_d_j_mm_ss	day	24/12/2022, 15:07:09 \u2013 27/12/2022, 09:04:05	d12 l11 M12 l11 y14 l12 h12 l11 m12 l11 s12 ls3 d22 l21 M22 l21 y24 l22 h22 l21 m22 l21 s22	
pt	y_M_d_j_mm_ss	month	06/03/2023, 09:04:05 \u2013 09/05/2023, 15:07:09	d12 l11 M12 l11 y14 l12 h12 l11 m12 l11 s12 ls3 d22 l21 M22 l21 y24 l22 h22 l21 m22 l21 s22	
pt	y_M_d_j_mm_ss	year	24/12/2022, 15:07:09 \u2013 06/03/2023, 09:04:05	d12 l11 M12 l11 y14 l12 h12 l11 m12 l11 s12 ls3 d22 l21 M22 l21 y24 l22 h22 l21 m22 l21 s22	
pt-PT	E_d_MMMM	ampm	s\u00e1bado, 24 de dezembro	Es6 ls2 ds2 ls4 Ms8	
pt-PT	E_d_MMMM	day	s\u00e1bado, 24 de dezembro \u2013 ter\u00e7a, 27 de dezembro	E16 l12 d12 l14 M18 ls3 E25 l22 d22 l24 M28	
pt-PT	E_d_MMMM	month	segunda, 6 de mar\u00e7o \u2013 ter\u00e7a, 9 de maio	E17 l12 d11 l14 M15 ls3 E25 l22 d21 l24 M24	
pt-PT	E_d_MMMM	year	s\u00e1bado, 24 de dezembro \u2013 segunda, 6 de mar\u00e7o	E16 l12 d12 l14 M18 ls3 E27 l22 d21 l24 M25	
pt-PT	EEEE_y_MMMM_d	ampm	s\u00e1bado, 24 de dezembro de 2022	Es6 ls2 ds2 ls4 Ms8 ls4 ys4	
pt-PT	EEEE_y_MMMM_d	day	s\u00e1bado, 24 de dezembro \u2013 ter\u00e7a-feira, 27 de dezembro de 2022	E16 l12 d12 l14 M18 ls3 E211 l22 d22 l24 M28 ls4 ys4	
pt-PT	EEEE_y_MMMM_d	month	segunda-feira, 6 de mar\u00e7o \u2013 ter\u00e7a-feira, 9 de maio de 2023	E113 l12 d11 l14 M15 ls3 E211 l22 d21 l24 M24 ls4 ys4	
pt-PT	EEEE_y_MMMM_d	year	s\u00e1bado, 24 de dezembro de 2022 \u2013 segunda-feira, 6 de mar\u00e7o de 2023	E16 l12 d12 l14 M18 l14 y14 ls3 E213 l22 d21 l24 M25 l24 y24	
pt-PT	y_MMMM	ampm	dezembro de 2022	Ms8 ls4 ys4	
pt-PT	y_MMMM	day	dezembro de 2022	Ms8 ls4 ys4	
pt-PT	y_MMMM	month	mar\u00e7o \u2013 maio de 2023	M15 ls3 M24 ls4 ys4	
pt-PT	y_MMMM	year	dezembro de 2022 \u2013 mar\u00e7o de 2023	M18 l14 y14 ls3 M25 l24 y24	
pt-PT	y_MMM_d	ampm	24/12/2022	ds2 ls1 Ms2 ls1 ys4	
pt-PT	y_MMM_d	day	24/12/2022 \u2013 27/12/2022	d12 l11 M12 l11 y14 ls3 d22 l21 M22 l21 y24	
pt-PT	y_MMM_d	month	06/03/2023 \u2013 09/05/2023	d12 l11 M12 l11 y14 ls3 d22 l21 M22 l21 y24	
pt-PT	y_MMM_d	year	24/12/2022 \u2013 06/03/2023	d12 l11 M12 l11 y14 ls3 d22 l21 M22 l21 y24	
pt-PT	MMM_d	ampm	24/12	ds2 ls1 Ms2	
pt-PT	MMM_d	day	24/12 \u2013 27/12	d12 l11 M12 ls3 d22 l21 M22	
pt-PT	MMM_d	month	06/03 \u2013 09/05	d12 l11 M12 ls3 d22 l21 M22	
pt-PT	MMM_d	year	24/12/2022 \u2013 06/03/2023	d12 l11 M12 l11 y14 ls3 d22 l21 M22 l21 y24	
pt-PT	y_M_d	ampm	24/12/2022	ds2 ls1 Ms2 ls1 ys4	
pt-PT	y_M_d	day	24/12/2022 \u2013 27/12/2022	d12 l11 M12 l11 y14 ls3 d22 l21 M22 l21 y24	
pt-PT	y_M_d	month	06/03/2023 \u2013 09/05/2023	d12 l11 M12 l11 y14 ls3 d22 l21 M22 l21 y24	
pt-PT	y_M_d	year	24/12/2022 \u2013 06/03/2023	d12 l11 M12 l11 y14 ls3 d22 l21 M22 l21 y24	
pt-PT	yy_MM_dd	ampm	24/12/22	ds2 ls1 Ms2 ls1 ys2	
pt-PT	yy_MM_dd	day	24/12/22 \u2013 27/12/22	d12 l11 M12 l11 y12 ls3 d22 l21 M22 l21 y22	
pt-PT	yy_MM_dd	month	06/03/23 \u2013 09/05/23	d12 l11 M12 l11 y12 ls3 d22 l21 M22 l21 y22	
pt-PT	yy_MM_dd	year	24/12/22 \u2013 06/03/23	d12 l11 M12 l11 y12 ls3 d22 l21 M22 l21 y22	
pt-PT	MMMM	ampm	dezembro	Ms8	
pt-PT	MMMM	day	dezembro	Ms8	
pt-PT	MMMM	month	mar\u00e7o \u2013 maio	M15 ls3 M24	
pt-PT	MMMM	year	dezembro \u2013 mar\u00e7o	M18 ls3 M25	
pt-PT	d	ampm	24	ds2	
pt-PT	d	day	24\u201327	d12 ls1 d22	
pt-PT	d	month	06/03 \u2013 09/05	d12 l11 M12 ls3 d22 l21 M22	
pt-PT	d	year	24/12/2022 \u2013 06/03/2023	d12 l11 M12 l11 y14 ls3 d22 l21 M22 l21 y24	
pt-PT	G_y	ampm	2022 d.C.	ys4 ls1 Gs4	
pt-PT	G_y	day	2022 d.C.	ys4 ls1 Gs4	
pt-PT	G_y	month	2023 d.C.	ys4 ls1 Gs4	
pt-PT	G_y	year	2022 \u2013 2023 d.C.	y14 ls3 y24 ls1 Gs4	
pt-PT	j_mm	minute	15:07 \u2013 15:42	h12 l11 m12 ls3 h22 l21 m22	
pt-PT	j_mm	hour	13:04 \u2013 17:42	h12 l11 m12 ls3 h22 l21 m22	
pt-PT	j_mm	ampm	09:04 \u2013 15:07	h12 l11 m12 ls3 h22 l21 m22	
pt-PT	j_mm	day	24/12/2022, 15:07 \u2013 27/12/2022, 09:04	d12 l11 M12 l11 y14 l12 h12 l11 m12 ls3 d22 l21 M22 l21 y24 l22 h22 l21 m22	
pt-PT	j_mm	month	06/03/2023, 09:04 \u2013 09/05/2023, 15:07	d12 l11 M12 l11 y14 l12 h12 l11 m12 ls3 d22 l21 M22 l21 y24 l22 h22 l21 m22	
pt-PT	j_mm	year	24/12/2022, 15:07 \u2013 06/03/2023, 09:04	d12 l11 M12 l11 y14 l12 h12 l11 m12 ls3 d22 l21 M22 l21 y24 l22 h22 l21 m22	
pt-PT	H_mm_h23	minute	15:07 \u2013 15:42	h12 l11 m12 ls3 h22 l21 m22	
pt-PT	H_mm_h23	hour	13:04 \u2013 17:42	h12 l11 m12 ls3 h22 l21 m22	
pt-PT	H_mm_h23	ampm	09:04 \u2013 15:07	h12 l11 m12 ls3 h22 l21 m22	
pt-PT	H_mm_h23	day	24/12/2022, 15:07 \u2013 27/12/2022, 09:04	d12 l11 M12 l11 y14 l12 h12 l11 m12 ls3 d22 l21 M22 l21 y24 l22 h22 l21 m22	
pt-PT	H_mm_h23	month	06/03/2023, 09:04 \u2013 09/05/2023, 15:07	d12 l11 M12 l11 y14 l12 h12 l11 m12 ls3 d22 l21 M22 l21 y24 l22 h22 l21 m22	
pt-PT	H_mm_h23	year	24/12/2022, 15:07 \u2013 06/03/2023, 09:04	d12 l11 M12 l11 y14 l12 h12 l11 m12 ls3 d22 l21 M22 l21 y24 l22 h22 l21 m22	
pt-PT	j_mm_ss	minute	15:07:09 \u2013 15:42:31	h12 l11 m12 l11 s12 ls3 h22 l21 m22 l21 s22	
pt-PT	j_mm_ss	hour	13:04:05 \u2013 17:42:31	h12 l11 m12 l11 s12 ls3 h22 l21 m22 l21 s22	
pt-PT	j_mm_ss	ampm	09:04:05 \u2013 15:07:09	h12 l11 m12 l11 s12 ls3 h22 l21 m22 l21 s22	
pt-PT	j_mm_ss	day	24/12/2022, 15:07:09 \u2013 27/12/2022, 09:04:05	d12 l11 M12 l11 y14 l12 h12 l11 m12 l11 s12 ls3 d22 l21 M22 l21 y24 l22 h22 l21 m22 l21 s22	
pt-PT	j_mm_ss	month	06/03/2023, 09:04:05 \u2013 09/05/2023, 15:07:09	d12 l11 M12 l11 y14 l12 h12 l11 m12 l11 s12 ls3 d22 l21 M22 l21 y24 l22 h22 l21 m22 l21 s22	
pt-PT	j_mm_ss	year	24/12/2022, 15:07:09 \u2013 06/03/2023, 09:04:05	d12 l11 M12 l11 y14 l12 h12 l11 m12 l11 s12 ls3 d22 l21 M22 l21 y24 l22 h22 l21 m22 l21 s22	
pt-PT	y_MMMM_d_j_mm	minute	24 de dezembro de 2022, 15:07 \u2013 15:42	ds2 ls4 Ms8 ls4 ys4 ls2 h12 l11 m12 ls3 h22 l21 m22	
pt-PT	y_MMMM_d_j_mm	hour	24 de dezembro de 2022, 13:04 \u2013 17:42	ds2 ls4 Ms8 ls4 ys4 ls2 h12 l11 m12 ls3 h22 l21 m22	
pt-PT	y_MMMM_d_j_mm	ampm	24 de dezembro de 2022, 09:04 \u2013 15:07	ds2 ls4 Ms8 ls4 ys4 ls2 h12 l11 m12 ls3 h22 l21 m22	
pt-PT	y_MMMM_d_j_mm	day	24 de dezembro de 2022 \u00e0s 15:07 \u2013 27 de dezembro de 2022 \u00e0s 09:04	d12 l14 M18 l14 y14 l14 h12 l11 m12 ls3 d22 l24 M28 l24 y24 l24 h22 l21 m22	
pt-PT	y_MMMM_d_j_mm	month	6 de mar\u00e7o de 2023 \u00e0s 09:04 \u2013 9 de maio de 2023 \u00e0s 15:07	d11 l14 M15 l14 y14 l14 h12 l11 m12 ls3 d21 l24 M24 l24 y24 l24 h22 l21 m22	
pt-PT	y_MMMM_d_j_mm	year	24 de dezembro de 2022 \u00e0s 15:07 \u2013 6 de mar\u00e7o de 2023 \u00e0s 09:04	d12 l14 M18 l14 y14 l14 h12 l11 m12 ls3 d21 l24 M25 l24 y24 l24 h22 l21 m22	
pt-PT	y_M_d_j_mm_ss	minute	24/12/2022, 15:07:09 \u2013 15:42:31	ds2 ls1 Ms2 ls1 ys4 ls2 h12 l11 m12 l11 s12 ls3 h22 l21 m22 l21 s22	
pt-PT	y_M_d_j_mm_ss	hour	24/12/2022, 13:04:05 \u2013 17:42:31	ds2 ls1 Ms2 ls1 ys4 ls2 h12 l11 m12 l11 s12 ls3 h22 l21 m22 l21 s22	
pt-PT	y_M_d_j_mm_ss	ampm	24/12/2022, 09:04:05 \u2013 15:07:09	ds2 ls1 Ms2 ls1 ys4 ls2 h12 l11 m12 l11 s12 ls3 h22 l21 m22 l21 s22	
pt-PT	y_M_d_j_mm_ss	day	24/12/2022, 15:07:09 \u2013 27/12/2022, 09:04:05	d12 l11 M12 l11 y14 l12 h12 l11 m12 l11 s12 ls3 d22 l21 M22 l21 y24 l22 h22 l21 m22 l21 s22	
pt-PT	y_M_d_j_mm_ss	month	06/03/2023, 09:04:05 \u2013 09/05/2023, 15:07:09	d12 l11 M12 l11 y14 l12 h12 l11 m12 l11 s12 ls3 d22 l21 M22 l21 y24 l22 h22 l21 m22 l21 s22	
pt-PT	y_M_d_j_mm_ss	year	24/12/2022, 15:07:09 \u2013 06/03/2023, 09:04:05	d12 l11 M12 l11 y14 l12 h12 l11 m12 l11 s12 ls3 d22 l21 M22 l21 y24 l22 h22 l21 m22 l21 s22	
ro	E_d_MMMM	ampm	s\u00e2m., 24 decembrie	Es4 ls2 ds2 ls1 Ms9	
ro	E_d_MMMM	day	s\u00e2m., 24 decembrie \u2013 mar., 27 decembrie	E14 l12 d12 l11 M19 ls3 E24 l22 d22 l21 M29	
ro	E_d_MMMM	month	lun., 6 martie \u2013 mar., 9 mai	E14 l12 d11 l11 M16 ls3 E24 l22 d21 l21 M23	
ro	E_d_MMMM	year	s\u00e2m., 24 decembrie 2022 \u2013 lun., 6 martie 2023	E14 l12 d12 l11 M19 l11 y14 ls3 E24 l22 d21 l21 M26 l21 y24	
ro	EEEE_y_MMMM_d	ampm	s\u00e2mb\u0103t\u0103, 24 decembrie 2022	Es7 ls2 ds2 ls1 Ms9 ls1 ys4	
ro	EEEE_y_MMMM_d	day	s\u00e2mb\u0103t\u0103, 24 decembrie \u2013 mar\u021bi, 27 decembrie 2022	E17 l12 d12 l11 M19 ls3 E25 l22 d22 l21 M29 ls1 ys4	
ro	EEEE_y_MMMM_d	month	luni, 6 martie \u2013 mar\u021bi, 9 mai 2023	E14 l12 d11 l11 M16 ls3 E25 l22 d21 l21 M23 ls1 ys4	
ro	EEEE_y_MMMM_d	year	s\u00e2mb\u0103t\u0103, 24 decembrie 2022 \u2013 luni, 6 martie 2023	E17 l12 d12 l11 M19 l11 y14 ls3 E24 l22 d21 l21 M26 l21 y24	
ro	y_MMMM	ampm	decembrie 2022	Ms9 ls1 ys4	
ro	y_MMMM	day	decembrie 2022	Ms9 ls1 ys4	
ro	y_MMMM	month	martie \u2013 mai 2023	M16 ls3 M23 ls1 ys4	
ro	y_MMMM	year	decembrie 2022 \u2013 martie 2023	M19 l11 y14 ls3 M26 l21 y24	
ro	y_MMM_d	ampm	24 dec. 2022	ds2 ls1 Ms4 ls1 ys4	
ro	y_MMM_d	day	24\u201327 dec. 2022	d12 ls1 d22 ls1 Ms4 ls1 ys4	
ro	y_MMM_d	month	6 mar. \u2013 9 mai 2023	d11 l11 M14 ls3 d21 l21 M23 ls1 ys4	
ro	y_MMM_d	year	24 dec. 2022 \u2013 6 mar. 2023	d12 l11 M14 l11 y14 ls3 d21 l21 M24 l21 y24	
ro	MMM_d	ampm	24 dec.	ds2 ls1 Ms4	
ro	MMM_d	day	24\u201327 dec.	d12 ls1 d22 ls1 Ms4	
ro	MMM_d	month	6 mar. \u2013 9 mai	d11 l11 M14 ls3 d21 l21 M23	
ro	MMM_d	year	24 dec. 2022 \u2013 6 mar. 2023	d12 l11 M14 l11 y14 ls3 d21 l21 M24 l21 y24	
ro	y_M_d	ampm	24.12.2022	ds2 ls1 Ms2 ls1 ys4	
ro	y_M_d	day	24.12.2022 \u2013 27.12.2022	d12 l11 M12 l11 y14 ls3 d22 l21 M22 l21 y24	
ro	y_M_d	month	06.03.2023 \u2013 09.05.2023	d12 l11 M12 l11 y14 ls3 d22 l21 M22 l21 y24	
ro	y_M_d	year	24.12.2022 \u2013 06.03.2023	d12 l11 M12 l11 y14 ls3 d22 l21 M22 l21 y24	
ro	yy_MM_dd	ampm	24.12.22	ds2 ls1 Ms2 ls1 ys2	
ro	yy_MM_dd	day	24.12.22 \u2013 27.12.22	d12 l11 M12 l11 y12 ls3 d22 l21 M22 l21 y22	
ro	yy_MM_dd	month	06.03.23 \u2013 09.05.23	d12 l11 M12 l11 y12 ls3 d22 l21 M22 l21 y22	
ro	yy_MM_dd	year	24.12.22 \u2013 06.03.23	d12 l11 M12 l11 y12 ls3 d22 l21 M22 l21 y22	
ro	MMMM	ampm	decembrie	Ms9	
ro	MMMM	day	decembrie	Ms9	
ro	MMMM	month	martie \u2013 mai	M16 ls3 M23	
ro	MMMM	year	decembrie \u2013 martie	M19 ls3 M26	
ro	d	ampm	24	ds2	
ro	d	day	24\u201327	d12 ls1 d22	
ro	d	month	06.03 \u2013 09.05	d12 l11 M12 ls3 d22 l21 M22	
ro	d	year	24.12.2022 \u2013 06.03.2023	d12 l11 M12 l11 y14 ls3 d22 l21 M22 l21 y24	
ro	G_y	ampm	2022 d.Hr.	ys4 ls1 Gs5	
ro	G_y	day	2022 d.Hr.	ys4 ls1 Gs5	
ro	G_y	month	2023 d.Hr.	ys4 ls1 Gs5	
ro	G_y	year	2022 \u2013 2023 d.Hr.	y14 ls3 y24 ls1 Gs5	
ro	j_mm	minute	15:07\u201315:42	h12 l11 m12 ls1 h22 l21 m22	
ro	j_mm	hour	13:04\u201317:42	h12 l11 m12 ls1 h22 l21 m22	
ro	j_mm	ampm	09:04\u201315:07	h12 l11 m12 ls1 h22 l21 m22	
ro	j_mm	day	24.12.2022, 15:07 \u2013 27.12.2022, 09:04	d12 l11 M12 l11 y14 l12 h12 l11 m12 ls3 d22 l21 M22 l21 y24 l22 h22 l21 m22	
ro	j_mm	month	06.03.2023, 09:04 \u2013 09.05.2023, 15:07	d12 l11 M12 l11 y14 l12 h12 l11 m12 ls3 d22 l21 M22 l21 y24 l22 h22 l21 m22	
ro	j_mm	year	24.12.2022, 15:07 \u2013 06.03.2023, 09:04	d12 l11 M12 l11 y14 l12 h12 l11 m12 ls3 d22 l21 M22 l21 y24 l22 h22 l21 m22	
ro	H_mm_h23	minute	15:07\u201315:42	h12 l11 m12 ls1 h22 l21 m22	
ro	H_mm_h23	hour	13:04\u201317:42	h12 l11 m12 ls1 h22 l21 m22	
ro	H_mm_h23	ampm	09:04\u201315:07	h12 l11 m12 ls1 h22 l21 m22	
ro	H_mm_h23	day	24.12.2022, 15:07 \u2013 27.12.2022, 09:04	d12 l11 M12 l11 y14 l12 h12 l11 m12 ls3 d22 l21 M22 l21 y24 l22 h22 l21 m22	
ro	H_mm_h23	month	06.03.2023, 09:04 \u2013 09.05.2023, 15:07	d12 l11 M12 l11 y14 l12 h12 l11 m12 ls3 d22 l21 M22 l21 y24 l22 h22 l21 m22	
ro	H_mm_h23	year	24.12.2022, 15:07 \u2013 06.03.2023, 09:04	d12 l11 M12 l11 y14 l12 h12 l11 m12 ls3 d22 l21 M22 l21 y24 l22 h22 l21 m22	
ro	j_mm_ss	minute	15:07:09 \u2013 15:42:31	h12 l11 m12 l11 s12 ls3 h22 l21 m22 l21 s22	
ro	j_mm_ss	hour	13:04:05 \u2013 17:42:31	h12 l11 m12 l11 s12 ls3 h22 l21 m22 l21 s22	
ro	j_mm_ss	ampm	09:04:05 \u2013 15:07:09	h12 l11 m12 l11 s12 ls3 h22 l21 m22 l21 s22	
ro	j_mm_ss	day	24.12.2022, 15:07:09 \u2013 27.12.2022, 09:04:05	d12 l11 M12 l11 y14 l12 h12 l11 m12 l11 s12 ls3 d22 l21 M22 l21 y24 l22 h22 l21 m22 l21 s22	
ro	j_mm_ss	month	06.03.2023, 09:04:05 \u2013 09.05.2023, 15:07:09	d12 l11 M12 l11 y14 l12 h12 l11 m12 l11 s12 ls3 d22 l21 M22 l21 y24 l22 h22 l21 m22 l21 s22	
ro	j_mm_ss	year	24.12.2022, 15:07:09 \u2013 06.03.2023, 09:04:05	d12 l11 M12 l11 y14 l12 h12 l11 m12 l11 s12 ls3 d22 l21 M22 l21 y24 l22 h22 l21 m22 l21 s22	
ro	y_MMMM_d_j_mm	minute	24 decembrie 2022, 15:07\u201315:42	ds2 ls1 Ms9 ls1 ys4 ls2 h12 l11 m12 ls1 h22 l21 m22	
ro	y_MMMM_d_j_mm	hour	24 decembrie 2022, 13:04\u201317:42	ds2 ls1 Ms9 ls1 ys4 ls2 h12 l11 m12 ls1 h22 l21 m22	
ro	y_MMMM_d_j_mm	ampm	24 decembrie 2022, 09:04\u201315:07	ds2 ls1 Ms9 ls1 ys4 ls2 h12 l11 m12 ls1 h22 l21 m22	
ro	y_MMMM_d_j_mm	day	24 decembrie 2022 la 15:07 \u2013 27 decembrie 2022 la 09:04	d12 l11 M19 l11 y14 l14 h12 l11 m12 ls3 d22 l21 M29 l21 y24 l24 h22 l21 m22	
ro	y_MMMM_d_j_mm	month	6 martie 2023 la 09:04 \u2013 9 mai 2023 la 15:07	d11 l11 M16 l11 y14 l14 h12 l11 m12 ls3 d21 l21 M23 l21 y24 l24 h22 l21 m22	
ro	y_MMMM_d_j_mm	year	24 decembrie 2022 la 15:07 \u2013 6 martie 2023 la 09:04	d12 l11 M19 l11 y14 l14 h12 l11 m12 ls3 d21 l21 M26 l21 y24 l24 h22 l21 m22	
ro	y_M_d_j_mm_ss	minute	24.12.2022, 15:07:09 \u2013 15:42:31	ds2 ls1 Ms2 ls1 ys4 ls2 h12 l11 m12 l11 s12 ls3 h22 l21 m22 l21 s22	
ro	y_M_d_j_mm_ss	hour	24.12.2022, 13:04:05 \u2013 17:42:31	ds2 ls1 Ms2 ls1 ys4 ls2 h12 l11 m12 l11 s12 ls3 h22 l21 m22 l21 s22	
ro	y_M_d_j_mm_ss	ampm	24.12.2022, 09:04:05 \u2013 15:07:09	ds2 ls1 Ms2 ls1 ys4 ls2 h12 l11 m12 l11 s12 ls3 h22 l21 m22 l21 s22	
ro	y_M_d_j_mm_ss	day	24.12.2022, 15:07:09 \u2013 27.12.2022, 09:04:05	d12 l11 M12 l11 y14 l12 h12 l11 m12 l11 s12 ls3 d22 l21 M22 l21 y24 l22 h22 l21 m22 l21 s22	
ro	y_M_d_j_mm_ss	month	06.03.2023, 09:04:05 \u2013 09.05.2023, 15:07:09	d12 l11 M12 l11 y14 l12 h12 l11 m12 l11 s12 ls3 d22 l21 M22 l21 y24 l22 h22 l21 m22 l21 s22	
ro	y_M_d_j_mm_ss	year	24.12.2022, 15:07:09 \u2013 06.03.2023, 09:04:05	d12 l11 M12 l11 y14 l12 h12 l11 m12 l11 s12 ls3 d22 l21 M22 l21 y24 l22 h22 l21 m22 l21 s22	
ru	E_d_MMMM	ampm	\u0441\u0431, 24 \u0434\u0435\u043a\u0430\u0431\u0440\u044f	Es2 ls2 ds2 ls1 Ms7	
ru	E_d_MMMM	day	\u0441\u0431, 24 \u0434\u0435\u043a\u0430\u0431\u0440\u044f \u2013 \u0432\u0442, 27 \u0434\u0435\u043a\u0430\u0431\u0440\u044f	E12 l12 d12 l11 M17 ls3 E22 l22 d22 l21 M27	
ru	E_d_MMMM	month	\u043f\u043d, 6 \u043c\u0430\u0440\u0442\u0430 \u2013 \u0432\u0442, 9 \u043c\u0430\u044f	E12 l12 d11 l11 M15 ls3 E22 l22 d21 l21 M23	
ru	E_d_MMMM	year	\u0441\u0431, 24 \u0434\u0435\u043a\u0430\u0431\u0440\u044f \u2013 \u043f\u043d, 6 \u043c\u0430\u0440\u0442\u0430	E12 l12 d12 l11 M17 ls3 E22 l22 d21 l21 M25	
ru	EEEE_y_MMMM_d	ampm	\u0441\u0443\u0431\u0431\u043e\u0442\u0430, 24 \u0434\u0435\u043a\u0430\u0431\u0440\u044f 2022 \u0433.	Es7 ls2 ds2 ls1 Ms7 ls1 ys4 ls3	
ru	EEEE_y_MMMM_d	day	\u0441\u0431, 24 \u2013 \u0432\u0442, 27 \u0434\u0435\u043a\u0430\u0431\u0440\u044f 2022 \u0433.	E12 l12 d12 ls3 E22 l22 d22 ls1 Ms7 ls1 ys4 ls3	
ru	EEEE_y_MMMM_d	month	\u043f\u043d, 6 \u043c\u0430\u0440\u0442\u0430 \u2013 \u0432\u0442, 9 \u043c\u0430\u044f 2023 \u0433.	E12 l12 d11 l11 M15 ls3 E22 l22 d21 l21 M23 ls1 ys4 ls3	
ru	EEEE_y_MMMM_d	year	\u0441\u0431, 24 \u0434\u0435\u043a\u0430\u0431\u0440\u044f 2022 \u0433. \u2013 \u043f\u043d, 6 \u043c\u0430\u0440\u0442\u0430 2023 \u0433.	E12 l12 d12 l11 M17 l11 y14 ls6 E22 l22 d21 l21 M25 l21 y24 ls3	
ru	y_MMMM	ampm	\u0434\u0435\u043a\u0430\u0431\u0440\u044c 2022 \u0433.	Ms7 ls1 ys4 ls3	
ru	y_MMMM	day	\u0434\u0435\u043a\u0430\u0431\u0440\u044c 2022 \u0433.	Ms7 ls1 ys4 ls3	
ru	y_MMMM	month	\u043c\u0430\u0440\u0442 2023 \u0433. \u2013 \u043c\u0430\u0439 2023 \u0433.	M14 l11 y14 ls6 M23 l21 y24 ls3	
ru	y_MMMM	year	\u0434\u0435\u043a\u0430\u0431\u0440\u044c 2022 \u0433. \u2013 \u043c\u0430\u0440\u0442 2023 \u0433.	M17 l11 y14 ls6 M24 l21 y24 ls3	
ru	y_MMM_d	ampm	24 \u0434\u0435\u043a. 2022 \u0433.	ds2 ls1 Ms4 ls1 ys4 ls3	
ru	y_MMM_d	day	24\u201327 \u0434\u0435\u043a. 2022 \u0433.	d12 ls1 d22 ls1 Ms4 ls1 ys4 ls3	
ru	y_MMM_d	month	6 \u043c\u0430\u0440. \u2013 9 \u043c\u0430\u044f 2023 \u0433.	d11 l11 M14 ls3 d21 l21 M23 ls1 ys4 ls3	
ru	y_MMM_d	year	24 \u0434\u0435\u043a. 2022 \u0433. \u2013 6 \u043c\u0430\u0440. 2023 \u0433.	d12 l11 M14 l11 y14 ls6 d21 l21 M24 l21 y24 ls3	
ru	MMM_d	ampm	24 \u0434\u0435\u043a.	ds2 ls1 Ms4	
ru	MMM_d	day	24\u201327 \u0434\u0435\u043a.	d12 ls1 d22 ls1 Ms4	
ru	MMM_d	month	6 \u043c\u0430\u0440. \u2013 9 \u043c\u0430\u044f	d11 l11 M14 ls3 d21 l21 M23	
ru	MMM_d	year	24 \u0434\u0435\u043a. 2022 \u0433. \u2013 6 \u043c\u0430\u0440. 2023 \u0433.	d12 l11 M14 l11 y14 ls6 d21 l21 M24 l21 y24 ls3	
ru	y_M_d	ampm	24.12.2022	ds2 ls1 Ms2 ls1 ys4	
ru	y_M_d	day	24.12.2022\u201327.12.2022	d12 l11 M12 l11 y14 ls1 d22 l21 M22 l21 y24	
ru	y_M_d	month	06.03.2023\u201309.05.2023	d12 l11 M12 l11 y14 ls1 d22 l21 M22 l21 y24	
ru	y_M_d	year	24.12.2022\u201306.03.2023	d12 l11 M12 l11 y14 ls1 d22 l21 M22 l21 y24	
ru	yy_MM_dd	ampm	24.12.22	ds2 ls1 Ms2 ls1 ys2	
ru	yy_MM_dd	day	24.12.22\u201327.12.22	d12 l11 M12 l11 y12 ls1 d22 l21 M22 l21 y22	
ru	yy_MM_dd	month	06.03.23\u201309.05.23	d12 l11 M12 l11 y12 ls1 d22 l21 M22 l21 y22	
ru	yy_MM_dd	year	24.12.22\u201306.03.23	d12 l11 M12 l11 y12 ls1 d22 l21 M22 l21 y22	
ru	MMMM	ampm	\u0434\u0435\u043a\u0430\u0431\u0440\u044c	Ms7	
ru	MMMM	day	\u0434\u0435\u043a\u0430\u0431\u0440\u044c	Ms7	
ru	MMMM	month	\u043c\u0430\u0440\u0442 \u2013 \u043c\u0430\u0439	M14 ls3 M23	
ru	MMMM	year	\u0434\u0435\u043a\u0430\u0431\u0440\u044c \u2013 \u043c\u0430\u0440\u0442	M17 ls3 M24	
ru	d	ampm	24	ds2	
ru	d	day	24\u201327	d12 ls1 d22	
ru	d	month	06.03\u201309.05	d12 l11 M12 ls1 d22 l21 M22	
ru	d	year	24.12.2022\u201306.03.2023	d12 l11 M12 l11 y14 ls1 d22 l21 M22 l21 y24	
ru	G_y	ampm	2022 \u0433. \u043d. \u044d.	ys4 ls4 Gs5	
ru	G_y	day	2022 \u0433. \u043d. \u044d.	ys4 ls4 Gs5	
ru	G_y	month	2023 \u0433. \u043d. \u044d.	ys4 ls4 Gs5	
ru	G_y	year	2022\u20132023 \u0433\u0433. \u043d. \u044d.	y14 ls1 y24 ls5 Gs5	
ru	j_mm	minute	15:07\u201315:42	h12 l11 m12 ls1 h22 l21 m22	
ru	j_mm	hour	13:04\u201317:42	h12 l11 m12 ls1 h22 l21 m22	
ru	j_mm	ampm	09:04\u201315:07	h12 l11 m12 ls1 h22 l21 m22	
ru	j_mm	day	24.12.2022, 15:07 \u2013 27.12.2022, 09:04	d12 l11 M12 l11 y14 l12 h12 l11 m12 ls3 d22 l21 M22 l21 y24 l22 h22 l21 m22	
ru	j_mm	month	06.03.2023, 09:04 \u2013 09.05.2023, 15:07	d12 l11 M12 l11 y14 l12 h12 l11 m12 ls3 d22 l21 M22 l21 y24 l22 h22 l21 m22	
ru	j_mm	year	24.12.2022, 15:07 \u2013 06.03.2023, 09:04	d12 l11 M12 l11 y14 l12 h12 l11 m12 ls3 d22 l21 M22 l21 y24 l22 h22 l21 m22	
ru	H_mm_h23	minute	15:07\u201315:42	h12 l11 m12 ls1 h22 l21 m22	
ru	H_mm_h23	hour	13:04\u201317:42	h12 l11 m12 ls1 h22 l21 m22	
ru	H_mm_h23	ampm	09:04\u201315:07	h12 l11 m12 ls1 h22 l21 m22	
ru	H_mm_h23	day	24.12.2022, 15:07 \u2013 27.12.2022, 09:04	d12 l11 M12 l11 y14 l12 h12 l11 m12 ls3 d22 l21 M22 l21 y24 l22 h22 l21 m22	
ru	H_mm_h23	month	06.03.2023, 09:04 \u2013 09.05.2023, 15:07	d12 l11 M12 l11 y14 l12 h12 l11 m12 ls3 d22 l21 M22 l21 y24 l22 h22 l21 m22	
ru	H_mm_h23	year	24.12.2022, 15:07 \u2013 06.03.2023, 09:04	d12 l11 M12 l11 y14 l12 h12 l11 m12 ls3 d22 l21 M22 l21 y24 l22 h22 l21 m22	
ru	j_mm_ss	minute	15:07:09 \u2013 15:42:31	h12 l11 m12 l11 s12 ls3 h22 l21 m22 l21 s22	
ru	j_mm_ss	hour	13:04:05 \u2013 17:42:31	h12 l11 m12 l11 s12 ls3 h22 l21 m22 l21 s22	
ru	j_mm_ss	ampm	09:04:05 \u2013 15:07:09	h12 l11 m12 l11 s12 ls3 h22 l21 m22 l21 s22	
ru	j_mm_ss	day	24.12.2022, 15:07:09 \u2013 27.12.2022, 09:04:05	d12 l11 M12 l11 y14 l12 h12 l11 m12 l11 s12 ls3 d22 l21 M22 l21 y24 l22 h22 l21 m22 l21 s22	
ru	j_mm_ss	month	06.03.2023, 09:04:05 \u2013 09.05.2023, 15:07:09	d12 l11 M12 l11 y14 l12 h12 l11 m12 l11 s12 ls3 d22 l21 M22 l21 y24 l22 h22 l21 m22 l21 s22	
ru	j_mm_ss	year	24.12.2022, 15:07:09 \u2013 06.03.2023, 09:04:05	d12 l11 M12 l11 y14 l12 h12 l11 m12 l11 s12 ls3 d22 l21 M22 l21 y24 l22 h22 l21 m22 l21 s22	
ru	y_MMMM_d_j_mm	minute	24 \u0434\u0435\u043a\u0430\u0431\u0440\u044f 2022 \u0433., 15:07\u201315:42	ds2 ls1 Ms7 ls1 ys4 ls5 h12 l11 m12 ls1 h22 l21 m22	
ru	y_MMMM_d_j_mm	hour	24 \u0434\u0435\u043a\u0430\u0431\u0440\u044f 2022 \u0433., 13:04\u201317:42	ds2 ls1 Ms7 ls1 ys4 ls5 h12 l11 m12 ls1 h22 l21 m22	
ru	y_MMMM_d_j_mm	ampm	24 \u0434\u0435\u043a\u0430\u0431\u0440\u044f 2022 \u0433., 09:04\u201315:07	ds2 ls1 Ms7 ls1 ys4 ls5 h12 l11 m12 ls1 h22 l21 m22	
ru	y_MMMM_d_j_mm	day	24 \u0434\u0435\u043a\u0430\u0431\u0440\u044f 2022 \u0433. \u0432 15:07 \u2013 27 \u0434\u0435\u043a\u0430\u0431\u0440\u044f 2022 \u0433. \u0432 09:04	d12 l11 M17 l11 y14 l16 h12 l11 m12 ls3 d22 l21 M27 l21 y24 l26 h22 l21 m22	
ru	y_MMMM_d_j_mm	month	6 \u043c\u0430\u0440\u0442\u0430 2023 \u0433. \u0432 09:04 \u2013 9 \u043c\u0430\u044f 2023 \u0433. \u0432 15:07	d11 l11 M15 l11 y14 l16 h12 l11 m12 ls3 d21 l21 M23 l21 y24 l26 h22 l21 m22	
ru	y_MMMM_d_j_mm	year	24 \u0434\u0435\u043a\u0430\u0431\u0440\u044f 2022 \u0433. \u0432 15:07 \u2013 6 \u043c\u0430\u0440\u0442\u0430 2023 \u0433. \u0432 09:04	d12 l11 M17 l11 y14 l16 h12 l11 m12 ls3 d21 l21 M25 l21 y24 l26 h22 l21 m22	
ru	y_M_d_j_mm_ss	minute	24.12.2022, 15:07:09 \u2013 15:42:31	ds2 ls1 Ms2 ls1 ys4 ls2 h12 l11 m12 l11 s12 ls3 h22 l21 m22 l21 s22	
ru	y_M_d_j_mm_ss	hour	24.12.2022, 13:04:05 \u2013 17:42:31	ds2 ls1 Ms2 ls1 ys4 ls2 h12 l11 m12 l11 s12 ls3 h22 l21 m22 l21 s22	
ru	y_M_d_j_mm_ss	ampm	24.12.2022, 09:04:05 \u2013 15:07:09	ds2 ls1 Ms2 ls1 ys4 ls2 h12 l11 m12 l11 s12 ls3 h22 l21 m22 l21 s22	
ru	y_M_d_j_mm_ss	day	24.12.2022, 15:07:09 \u2013 27.12.2022, 09:04:05	d12 l11 M12 l11 y14 l12 h12 l11 m12 l11 s12 ls3 d22 l21 M22 l21 y24 l22 h22 l21 m22 l21 s22	
ru	y_M_d_j_mm_ss	month	06.03.2023, 09:04:05 \u2013 09.05.2023, 15:07:09	d12 l11 M12 l11 y14 l12 h12 l11 m12 l11 s12 ls3 d22 l21 M22 l21 y24 l22 h22 l21 m22 l21 s22	
ru	y_M_d_j_mm_ss	year	24.12.2022, 15:07:09 \u2013 06.03.2023, 09:04:05	d12 l11 M12 l11 y14 l12 h12 l11 m12 l11 s12 ls3 d22 l21 M22 l21 y24 l22 h22 l21 m22 l21 s22	
sk	E_d_MMMM	ampm	so 24. decembra	Es2 ls1 ds2 ls2 Ms8	
sk	E_d_MMMM	day	so 24. \u2013 ut 27. 12.	E12 l11 d12 ls4 E22 l21 d22 ls2 Ms2 ls1	
sk	E_d_MMMM	month	po 6. 3. \u2013 ut 9. 5.	E12 l11 d11 l12 M11 ls4 E22 l21 d21 l22 M21 ls1	
sk	E_d_MMMM	year	so 24. 12. 2022 \u2013 po 6. 3. 2023	E12 l11 d12 l12 M12 l12 y14 ls3 E22 l21 d21 l22 M21 l22 y24	
sk	EEEE_y_MMMM_d	ampm	sobota 24. decembra 2022	Es6 ls1 ds2 ls2 Ms8 ls1 ys4	
sk	EEEE_y_MMMM_d	day	sobota 24. \u2013 utorok 27. 12. 2022	E16 l11 d12 ls4 E26 l21 d22 ls2 Ms2 ls2 ys4	
sk	EEEE_y_MMMM_d	month	pondelok 6. 3. \u2013 utorok 9. 5. 2023	E18 l11 d11 l12 M11 ls4 E26 l21 d21 l22 M21 ls2 ys4	
sk	EEEE_y_MMMM_d	year	sobota 24. 12. 2022 \u2013 pondelok 6. 3. 2023	E16 l11 d12 l12 M12 l12 y14 ls3 E28 l21 d21 l22 M21 l22 y24	
sk	y_MMMM	ampm	december 2022	Ms8 ls1 ys4	
sk	y_MMMM	day	december 2022	Ms8 ls1 ys4	
sk	y_MMMM	month	marec 2023 \u2013 m\u00e1j 2023	M15 l11 y14 ls3 M23 l21 y24	
sk	y_MMMM	year	december 2022 \u2013 marec 2023	M18 l11 y14 ls3 M25 l21 y24	
sk	y_MMM_d	ampm	24. 12. 2022	ds2 ls2 Ms2 ls2 ys4	
sk	y_MMM_d	day	24. 12. 2022 \u2013 27. 12. 2022	d12 l12 M12 l12 y14 ls3 d22 l22 M22 l22 y24	
sk	y_MMM_d	month	6. 3. 2023 \u2013 9. 5. 2023	d11 l12 M11 l12 y14 ls3 d21 l22 M21 l22 y24	
sk	y_MMM_d	year	24. 12. 2022 \u2013 6. 3. 2023	d12 l12 M12 l12 y14 ls3 d21 l22 M21 l22 y24	
sk	MMM_d	ampm	24. 12.	ds2 ls2 Ms2 ls1	
sk	MMM_d	day	24.\u00a012. \u2013 27. 12.	d12 l12 M12 ls4 d22 l22 M22 ls1	
sk	MMM_d	month	6. 3. \u2013 9. 5.	d11 l12 M11 ls4 d21 l22 M21 ls1	
sk	MMM_d	year	24. 12. 2022 \u2013 6. 3. 2023	d12 l12 M12 l12 y14 ls3 d21 l22 M21 l22 y24	
sk	y_M_d	ampm	24. 12. 2022	ds2 ls2 Ms2 ls2 ys4	
sk	y_M_d	day	24. 12. 2022 \u2013 27. 12. 2022	d12 l12 M12 l12 y14 ls3 d22 l22 M22 l22 y24	
sk	y_M_d	month	6. 3. 2023 \u2013 9. 5. 2023	d11 l12 M11 l12 y14 ls3 d21 l22 M21 l22 y24	
sk	y_M_d	year	24. 12. 2022 \u2013 6. 3. 2023	d12 l12 M12 l12 y14 ls3 d21 l22 M21 l22 y24	
sk	yy_MM_dd	ampm	24. 12. 22	ds2 ls2 Ms2 ls2 ys2	
sk	yy_MM_dd	day	24. 12. 22 \u2013 27. 12. 22	d12 l12 M12 l12 y12 ls3 d22 l22 M22 l22 y22	
sk	yy_MM_dd	month	6. 3. 23 \u2013 9. 5. 23	d11 l12 M11 l12 y12 ls3 d21 l22 M21 l22 y22	
sk	yy_MM_dd	year	24. 12. 22 \u2013 6. 3. 23	d12 l12 M12 l12 y12 ls3 d21 l22 M21 l22 y22	
sk	MMMM	ampm	december	Ms8	
sk	MMMM	day	december	Ms8	
sk	MMMM	month	marec \u2013 m\u00e1j	M15 ls3 M23	
sk	MMMM	year	december \u2013 marec	M18 ls3 M25	
sk	d	ampm	24.	ds2 ls1	
sk	d	day	24. \u2013 27.	d12 ls4 d22 ls1	
sk	d	month	6. 3. \u2013 9. 5.	d11 l12 M11 ls4 d21 l22 M21 ls1	
sk	d	year	24. 12. 2022 \u2013 6. 3. 2023	d12 l12 M12 l12 y14 ls3 d21 l22 M21 l22 y24	
sk	G_y	ampm	2022 po Kr.	ys4 ls1 Gs6	
sk	G_y	day	2022 po Kr.	ys4 ls1 Gs6	
sk	G_y	month	2023 po Kr.	ys4 ls1 Gs6	
sk	G_y	year	2022 \u2013 2023 po Kr.	y14 ls3 y24 ls1 Gs6	
sk	j_mm	minute	15:07 \u2013 15:42	h12 l11 m12 ls3 h22 l21 m22	
sk	j_mm	hour	13:04 \u2013 17:42	h12 l11 m12 ls3 h22 l21 m22	
sk	j_mm	ampm	9:04 \u2013 15:07	h11 l11 m12 ls3 h22 l21 m22	
sk	j_mm	day	24. 12. 2022 15:07 \u2013 27. 12. 2022 9:04	d12 l12 M12 l12 y14 l11 h12 l11 m12 ls3 d22 l22 M22 l22 y24 l21 h21 l21 m22	
sk	j_mm	month	6. 3. 2023 9:04 \u2013 9. 5. 2023 15:07	d11 l12 M11 l12 y14 l11 h11 l11 m12 ls3 d21 l22 M21 l22 y24 l21 h22 l21 m22	
sk	j_mm	year	24. 12. 2022 15:07 \u2013 6. 3. 2023 9:04	d12 l12 M12 l12 y14 l11 h12 l11 m12 ls3 d21 l22 M21 l22 y24 l21 h21 l21 m22	
sk	H_mm_h23	minute	15:07 \u2013 15:42	h12 l11 m12 ls3 h22 l21 m22	
sk	H_mm_h23	hour	13:04 \u2013 17:42	h12 l11 m12 ls3 h22 l21 m22	
sk	H_mm_h23	ampm	9:04 \u2013 15:07	h11 l11 m12 ls3 h22 l21 m22	
sk	H_mm_h23	day	24. 12. 2022 15:07 \u2013 27. 12. 2022 9:04	d12 l12 M12 l12 y14 l11 h12 l11 m12 ls3 d22 l22 M22 l22 y24 l21 h21 l21 m22	
sk	H_mm_h23	month	6. 3. 2023 9:04 \u2013 9. 5. 2023 15:07	d11 l12 M11 l12 y14 l11 h11 l11 m12 ls3 d21 l22 M21 l22 y24 l21 h22 l21 m22	
sk	H_mm_h23	year	24. 12. 2022 15:07 \u2013 6. 3. 2023 9:04	d12 l12 M12 l12 y14 l11 h12 l11 m12 ls3 d21 l22 M21 l22 y24 l21 h21 l21 m22	
sk	j_mm_ss	minute	15:07:09 \u2013 15:42:31	h12 l11 m12 l11 s12 ls3 h22 l21 m22 l21 s22	
sk	j_mm_ss	hour	13:04:05 \u2013 17:42:31	h12 l11 m12 l11 s12 ls3 h22 l21 m22 l21 s22	
sk	j_mm_ss	ampm	9:04:05 \u2013 15:07:09	h11 l11 m12 l11 s12 ls3 h22 l21 m22 l21 s22	
sk	j_mm_ss	day	24. 12. 2022 15:07:09 \u2013 27. 12. 2022 9:04:05	d12 l12 M12 l12 y14 l11 h12 l11 m12 l11 s12 ls3 d22 l22 M22 l22 y24 l21 h21 l21 m22 l21 s22	
sk	j_mm_ss	month	6. 3. 2023 9:04:05 \u2013 9. 5. 2023 15:07:09	d11 l12 M11 l12 y14 l11 h11 l11 m12 l11 s12 ls3 d21 l22 M21 l22 y24 l21 h22 l21 m22 l21 s22	
sk	j_mm_ss	year	24. 12. 2022 15:07:09 \u2013 6. 3. 2023 9:04:05	d12 l12 M12 l12 y14 l11 h12 l11 m12 l11 s12 ls3 d21 l22 M21 l22 y24 l21 h21 l21 m22 l21 s22	
sk	y_MMMM_d_j_mm	minute	24. decembra 2022, 15:07 \u2013 15:42	ds2 ls2 Ms8 ls1 ys4 ls2 h12 l11 m12 ls3 h22 l21 m22	
sk	y_MMMM_d_j_mm	hour	24. decembra 2022, 13:04 \u2013 17:42	ds2 ls2 Ms8 ls1 ys4 ls2 h12 l11 m12 ls3 h22 l21 m22	
sk	y_MMMM_d_j_mm	ampm	24. decembra 2022, 9:04 \u2013 15:07	ds2 ls2 Ms8 ls1 ys4 ls2 h11 l11 m12 ls3 h22 l21 m22	
sk	y_MMMM_d_j_mm	day	24. decembra 2022 o 15:07 \u2013 27. decembra 2022 o 9:04	d12 l12 M18 l11 y14 l13 h12 l11 m12 ls3 d22 l22 M28 l21 y24 l23 h21 l21 m22	
sk	y_MMMM_d_j_mm	month	6. marca 2023 o 9:04 \u2013 9. m\u00e1ja 2023 o 15:07	d11 l12 M15 l11 y14 l13 h11 l11 m12 ls3 d21 l22 M24 l21 y24 l23 h22 l21 m22	
sk	y_MMMM_d_j_mm	year	24. decembra 2022 o 15:07 \u2013 6. marca 2023 o 9:04	d12 l12 M18 l11 y14 l13 h12 l11 m12 ls3 d21 l22 M25 l21 y24 l23 h21 l21 m22	
sk	y_M_d_j_mm_ss	minute	24. 12. 2022, 15:07:09 \u2013 15:42:31	ds2 ls2 Ms2 ls2 ys4 ls2 h12 l11 m12 l11 s12 ls3 h22 l21 m22 l21 s22	
sk	y_M_d_j_mm_ss	hour	24. 12. 2022, 13:04:05 \u2013 17:42:31	ds2 ls2 Ms2 ls2 ys4 ls2 h12 l11 m12 l11 s12 ls3 h22 l21 m22 l21 s22	
sk	y_M_d_j_mm_ss	ampm	24. 12. 2022, 9:04:05 \u2013 15:07:09	ds2 ls2 Ms2 ls2 ys4 ls2 h11 l11 m12 l11 s12 ls3 h22 l21 m22 l21 s22	
sk	y_M_d_j_mm_ss	day	24. 12. 2022 15:07:09 \u2013 27. 12. 2022 9:04:05	d12 l12 M12 l12 y14 l11 h12 l11 m12 l11 s12 ls3 d22 l22 M22 l22 y24 l21 h21 l21 m22 l21 s22	
sk	y_M_d_j_mm_ss	month	6. 3. 2023 9:04:05 \u2013 9. 5. 2023 15:07:09	d11 l12 M11 l12 y14 l11 h11 l11 m12 l11 s12 ls3 d21 l22 M21 l22 y24 l21 h22 l21 m22 l21 s22	
sk	y_M_d_j_mm_ss	year	24. 12. 2022 15:07:09 \u2013 6. 3. 2023 9:04:05	d12 l12 M12 l12 y14 l11 h12 l11 m12 l11 s12 ls3 d21 l22 M21 l22 y24 l21 h21 l21 m22 l21 s22	
sl	E_d_MMMM	ampm	sob., 24. december	Es4 ls2 ds2 ls2 Ms8	
sl	E_d_MMMM	day	sob., 24.\u2013tor., 27. december	E14 l12 d12 ls2 E24 l22 d22 ls2 Ms8	
sl	E_d_MMMM	month	pon., 6. marec\u2013tor., 9. maj	E14 l12 d11 l12 M15 ls1 E24 l22 d21 l22 M23	
sl	E_d_MMMM	year	sob., 24. december 2022\u2013pon., 6. marec 2023	E14 l12 d12 l12 M18 l11 y14 ls1 E24 l22 d21 l22 M25 l21 y24	
sl	EEEE_y_MMMM_d	ampm	sobota, 24. december 2022	Es6 ls2 ds2 ls2 Ms8 ls1 ys4	
sl	EEEE_y_MMMM_d	day	sobota, 24.\u2013torek, 27. december 2022	E16 l12 d12 ls2 E25 l22 d22 ls2 Ms8 ls1 ys4	
sl	EEEE_y_MMMM_d	month	ponedeljek, 6. marec\u2013torek, 9. maj 2023	E110 l12 d11 l12 M15 ls1 E25 l22 d21 l22 M23 ls1 ys4	
sl	EEEE_y_MMMM_d	year	sobota, 24. december 2022\u2013ponedeljek, 6. marec 2023	E16 l12 d12 l12 M18 l11 y14 ls1 E210 l22 d21 l22 M25 l21 y24	
sl	y_MMMM	ampm	december 2022	Ms8 ls1 ys4	
sl	y_MMMM	day	december 2022	Ms8 ls1 ys4	
sl	y_MMMM	month	marec\u2013maj 2023	M15 ls1 M23 ls1 ys4	
sl	y_MMMM	year	december 2022\u2013marec 2023	M18 l11 y14 ls1 M25 l21 y24	
sl	y_MMM_d	ampm	24. dec. 2022	ds2 ls2 Ms4 ls1 ys4	
sl	y_MMM_d	day	24.\u201327. dec. 2022	d12 ls2 d22 ls2 Ms4 ls1 ys4	
sl	y_MMM_d	month	6. mar.\u20139. maj 2023	d11 l12 M14 ls1 d21 l22 M23 ls1 ys4	
sl	y_MMM_d	year	24. dec. 2022\u20136. mar. 2023	d12 l12 M14 l11 y14 ls1 d21 l22 M24 l21 y24	
sl	MMM_d	ampm	24. dec.	ds2 ls2 Ms4	
sl	MMM_d	day	24.\u201327. dec.	d12 ls2 d22 ls2 Ms4	
sl	MMM_d	month	6. mar.\u20139. maj	d11 l12 M14 ls1 d21 l22 M23	
sl	MMM_d	year	24. dec. 2022\u20136. mar. 2023	d12 l12 M14 l11 y14 ls1 d21 l22 M24 l21 y24	
sl	y_M_d	ampm	24. 12. 2022	ds2 ls2 Ms2 ls2 ys4	
sl	y_M_d	day	24.\u201327. 12. 2022	d12 ls2 d22 ls2 Ms2 ls2 ys4	
sl	y_M_d	month	6. 3.\u20139. 5. 2023	d11 l12 M11 ls2 d21 l22 M21 ls2 ys4	
sl	y_M_d	year	24. 12. 2022\u20136. 3. 2023	d12 l12 M12 l12 y14 ls1 d21 l22 M21 l22 y24	
sl	yy_MM_dd	ampm	24. 12. 22	ds2 ls2 Ms2 ls2 ys2	
sl	yy_MM_dd	day	24.\u201327. 12. 22	d12 ls2 d22 ls2 Ms2 ls2 ys2	
sl	yy_MM_dd	month	6. 3.\u20139. 5. 23	d11 l12 M11 ls2 d21 l22 M21 ls2 ys2	
sl	yy_MM_dd	year	24. 12. 22\u20136. 3. 23	d12 l12 M12 l12 y12 ls1 d21 l22 M21 l22 y22	
sl	MMMM	ampm	december	Ms8	
sl	MMMM	day	december	Ms8	
sl	MMMM	month	marec\u2013maj	M15 ls1 M23	
sl	MMMM	year	december\u2013marec	M18 ls1 M25	
sl	d	ampm	24.	ds2 ls1	
sl	d	day	24.\u201327.	d12 ls2 d22 ls1	
sl	d	month	6. 3.\u20139. 5.	d11 l12 M11 ls2 d21 l22 M21 ls1	
sl	d	year	24. 12. 2022\u20136. 3. 2023	d12 l12 M12 l12 y14 ls1 d21 l22 M21 l22 y24	
sl	G_y	ampm	2022 po Kr.	ys4 ls1 Gs6	
sl	G_y	day	2022 po Kr.	ys4 ls1 Gs6	
sl	G_y	month	2023 po Kr.	ys4 ls1 Gs6	
sl	G_y	year	2022\u20132023 po Kr.	y14 ls1 y24 ls1 Gs6	
sl	j_mm	minute	15:07\u201315:42	h12 l11 m12 ls1 h22 l21 m22	
sl	j_mm	hour	13:04\u201317:42	h12 l11 m12 ls1 h22 l21 m22	
sl	j_mm	ampm	9:04\u201315:07	h11 l11 m12 ls1 h22 l21 m22	
sl	j_mm	day	24. 12. 2022, 15:07\u201327. 12. 2022, 09:04	d12 l12 M12 l12 y14 l12 h12 l11 m12 ls1 d22 l22 M22 l22 y24 l22 h22 l21 m22	
sl	j_mm	month	6. 3. 2023, 09:04\u20139. 5. 2023, 15:07	d11 l12 M11 l12 y14 l12 h12 l11 m12 ls1 d21 l22 M21 l22 y24 l22 h22 l21 m22	
sl	j_mm	year	24. 12. 2022, 15:07\u20136. 3. 2023, 09:04	d12 l12 M12 l12 y14 l12 h12 l11 m12 ls1 d21 l22 M21 l22 y24 l22 h22 l21 m22	
sl	H_mm_h23	minute	15:07\u201315:42	h12 l11 m12 ls1 h22 l21 m22	
sl	H_mm_h23	hour	13:04\u201317:42	h12 l11 m12 ls1 h22 l21 m22	
sl	H_mm_h23	ampm	9:04\u201315:07	h11 l11 m12 ls1 h22 l21 m22	
sl	H_mm_h23	day	24. 12. 2022, 15:07\u201327. 12. 2022, 09:04	d12 l12 M12 l12 y14 l12 h12 l11 m12 ls1 d22 l22 M22 l22 y24 l22 h22 l21 m22	
sl	H_mm_h23	month	6. 3. 2023, 09:04\u20139. 5. 2023, 15:07	d11 l12 M11 l12 y14 l12 h12 l11 m12 ls1 d21 l22 M21 l22 y24 l22 h22 l21 m22	
sl	H_mm_h23	year	24. 12. 2022, 15:07\u20136. 3. 2023, 09:04	d12 l12 M12 l12 y14 l12 h12 l11 m12 ls1 d21 l22 M21 l22 y24 l22 h22 l21 m22	
sl	j_mm_ss	minute	15:07:09\u201315:42:31	h12 l11 m12 l11 s12 ls1 h22 l21 m22 l21 s22	
sl	j_mm_ss	hour	13:04:05\u201317:42:31	h12 l11 m12 l11 s12 ls1 h22 l21 m22 l21 s22	
sl	j_mm_ss	ampm	09:04:05\u201315:07:09	h12 l11 m12 l11 s12 ls1 h22 l21 m22 l21 s22	
sl	j_mm_ss	day	24. 12. 2022, 15:07:09\u201327. 12. 2022, 09:04:05	d12 l12 M12 l12 y14 l12 h12 l11 m12 l11 s12 ls1 d22 l22 M22 l22 y24 l22 h22 l21 m22 l21 s22	
sl	j_mm_ss	month	6. 3. 2023, 09:04:05\u20139. 5. 2023, 15:07:09	d11 l12 M11 l12 y14 l12 h12 l11 m12 l11 s12 ls1 d21 l22 M21 l22 y24 l22 h22 l21 m22 l21 s22	
sl	j_mm_ss	year	24. 12. 2022, 15:07:09\u20136. 3. 2023, 09:04:05	d12 l12 M12 l12 y14 l12 h12 l11 m12 l11 s12 ls1 d21 l22 M21 l22 y24 l22 h22 l21 m22 l21 s22	
sl	y_MMMM_d_j_mm	minute	24. december 2022, 15:07\u201315:42	ds2 ls2 Ms8 ls1 ys4 ls2 h12 l11 m12 ls1 h22 l21 m22	
sl	y_MMMM_d_j_mm	hour	24. december 2022, 13:04\u201317:42	ds2 ls2 Ms8 ls1 ys4 ls2 h12 l11 m12 ls1 h22 l21 m22	
sl	y_MMMM_d_j_mm	ampm	24. december 2022, 9:04\u201315:07	ds2 ls2 Ms8 ls1 ys4 ls2 h11 l11 m12 ls1 h22 l21 m22	
sl	y_MMMM_d_j_mm	day	24. december 2022 ob 15:07\u201327. december 2022 ob 09:04	d12 l12 M18 l11 y14 l14 h12 l11 m12 ls1 d22 l22 M28 l21 y24 l24 h22 l21 m22	
sl	y_MMMM_d_j_mm	month	6. marec 2023 ob 09:04\u20139. maj 2023 ob 15:07	d11 l12 M15 l11 y14 l14 h12 l11 m12 ls1 d21 l22 M23 l21 y24 l24 h22 l21 m22	
sl	y_MMMM_d_j_mm	year	24. december 2022 ob 15:07\u20136. marec 2023 ob 09:04	d12 l12 M18 l11 y14 l14 h12 l11 m12 ls1 d21 l22 M25 l21 y24 l24 h22 l21 m22	
sl	y_M_d_j_mm_ss	minute	24. 12. 2022, 15:07:09\u201315:42:31	ds2 ls2 Ms2 ls2 ys4 ls2 h12 l11 m12 l11 s12 ls1 h22 l21 m22 l21 s22	
sl	y_M_d_j_mm_ss	hour	24. 12. 2022, 13:04:05\u201317:42:31	ds2 ls2 Ms2 ls2 ys4 ls2 h12 l11 m12 l11 s12 ls1 h22 l21 m22 l21 s22	
sl	y_M_d_j_mm_ss	ampm	24. 12. 2022, 09:04:05\u201315:07:09	ds2 ls2 Ms2 ls2 ys4 ls2 h12 l11 m12 l11 s12 ls1 h22 l21 m22 l21 s22	
sl	y_M_d_j_mm_ss	day	24. 12. 2022, 15:07:09\u201327. 12. 2022, 09:04:05	d12 l12 M12 l12 y14 l12 h12 l11 m12 l11 s12 ls1 d22 l22 M22 l22 y24 l22 h22 l21 m22 l21 s22	
sl	y_M_d_j_mm_ss	month	6. 3. 2023, 09:04:05\u20139. 5. 2023, 15:07:09	d11 l12 M11 l12 y14 l12 h12 l11 m12 l11 s12 ls1 d21 l22 M21 l22 y24 l22 h22 l21 m22 l21 s22	
sl	y_M_d_j_mm_ss	year	24. 12. 2022, 15:07:09\u20136. 3. 2023, 09:04:05	d12 l12 M12 l12 y14 l12 h12 l11 m12 l11 s12 ls1 d21 l22 M21 l22 y24 l22 h22 l21 m22 l21 s22	
sr	E_d_MMMM	ampm	\u0441\u0443\u0431, 24. \u0434\u0435\u0446\u0435\u043c\u0431\u0430\u0440	Es3 ls2 ds2 ls2 Ms8	
sr	E_d_MMMM	day	\u0441\u0443\u0431, 24. \u2013 \u0443\u0442\u043e, 27. \u0434\u0435\u0446\u0435\u043c\u0431\u0430\u0440	E13 l12 d12 ls4 E23 l22 d22 ls2 Ms8	
sr	E_d_MMMM	month	\u043f\u043e\u043d, 06. \u043c\u0430\u0440\u0442 \u2013 \u0443\u0442\u043e, 09. \u043c\u0430\u0458	E13 l12 d12 l12 M14 ls3 E23 l22 d22 l22 M23	
sr	E_d_MMMM	year	\u0441\u0443\u0431, 24. \u0434\u0435\u0446\u0435\u043c\u0431\u0430\u0440 2022. \u2013 \u043f\u043e\u043d, 06. \u043c\u0430\u0440\u0442 2023.	E13 l12 d12 l12 M18 l11 y14 ls4 E23 l22 d22 l22 M24 l21 y24 ls1	
sr	EEEE_y_MMMM_d	ampm	\u0441\u0443\u0431\u043e\u0442\u0430, 24. \u0434\u0435\u0446\u0435\u043c\u0431\u0430\u0440 2022.	Es6 ls2 ds2 ls2 Ms8 ls1 ys4 ls1	
sr	EEEE_y_MMMM_d	day	\u0441\u0443\u0431\u043e\u0442\u0430, 24. \u2013 \u0443\u0442\u043e\u0440\u0430\u043a, 27. \u0434\u0435\u0446\u0435\u043c\u0431\u0430\u0440 2022.	E16 l12 d12 ls4 E26 l22 d22 ls2 Ms8 ls1 ys4 ls1	
sr	EEEE_y_MMMM_d	month	\u043f\u043e\u043d\u0435\u0434\u0435\u0459\u0430\u043a, 06. \u043c\u0430\u0440\u0442 \u2013 \u0443\u0442\u043e\u0440\u0430\u043a, 09. \u043c\u0430\u0458 2023.	E19 l12 d12 l12 M14 ls3 E26 l22 d22 l22 M23 ls1 ys4 ls1	
sr	EEEE_y_MMMM_d	year	\u0441\u0443\u0431\u043e\u0442\u0430, 24. \u0434\u0435\u0446\u0435\u043c\u0431\u0430\u0440 2022. \u2013 \u043f\u043e\u043d\u0435\u0434\u0435\u0459\u0430\u043a, 06. \u043c\u0430\u0440\u0442 2023.	E16 l12 d12 l12 M18 l11 y14 ls4 E29 l22 d22 l22 M24 l21 y24 ls1	
sr	y_MMMM	ampm	\u0434\u0435\u0446\u0435\u043c\u0431\u0430\u0440 2022.	Ms8 ls1 ys4 ls1	
sr	y_MMMM	day	\u0434\u0435\u0446\u0435\u043c\u0431\u0430\u0440 2022.	Ms8 ls1 ys4 ls1	
sr	y_MMMM	month	\u043c\u0430\u0440\u0442 \u2013 \u043c\u0430\u0458 2023.	M14 ls3 M23 ls1 ys4 ls1	
sr	y_MMMM	year	\u0434\u0435\u0446\u0435\u043c\u0431\u0430\u0440 2022. \u2013 \u043c\u0430\u0440\u0442 2023.	M18 l11 y14 ls4 M24 l21 y24 ls1	
sr	y_MMM_d	ampm	24. \u0434\u0435\u0446 2022.	ds2 ls2 Ms3 ls1 ys4 ls1	
sr	y_MMM_d	day	24.\u201327. \u0434\u0435\u0446 2022.	d12 ls2 d22 ls2 Ms3 ls1 ys4 ls1	
sr	y_MMM_d	month	06. \u043c\u0430\u0440 \u2013 09. \u043c\u0430\u0458 2023.	d12 l12 M13 ls3 d22 l22 M23 ls1 ys4 ls1	
sr	y_MMM_d	year	24. \u0434\u0435\u0446 2022. \u2013 06. \u043c\u0430\u0440 2023.	d12 l12 M13 l11 y14 ls4 d22 l22 M23 l21 y24 ls1	
sr	MMM_d	ampm	24. \u0434\u0435\u0446	ds2 ls2 Ms3	
sr	MMM_d	day	24.\u201327. \u0434\u0435\u0446	d12 ls2 d22 ls2 Ms3	
sr	MMM_d	month	06. \u043c\u0430\u0440 \u2013 09. \u043c\u0430\u0458	d12 l12 M13 ls3 d22 l22 M23	
sr	MMM_d	year	24. \u0434\u0435\u0446 2022. \u2013 06. \u043c\u0430\u0440 2023.	d12 l12 M13 l11 y14 ls4 d22 l22 M23 l21 y24 ls1	
sr	y_M_d	ampm	24. 12. 2022.	ds2 ls2 Ms2 ls2 ys4 ls1	
sr	y_M_d	day	24. 12. 2022. \u2013 27. 12. 2022.	d12 l12 M12 l12 y14 ls4 d22 l22 M22 l22 y24 ls1	
sr	y_M_d	month	6. 3. 2023. \u2013 9. 5. 2023.	d11 l12 M11 l12 y14 ls4 d21 l22 M21 l22 y24 ls1	
sr	y_M_d	year	24. 12. 2022. \u2013 6. 3. 2023.	d12 l12 M12 l12 y14 ls4 d21 l22 M21 l22 y24 ls1	
sr	yy_MM_dd	ampm	24.12.22.	ds2 ls1 Ms2 ls1 ys2 ls1	
sr	yy_MM_dd	day	24. 12. 22. \u2013 27. 12. 22.	d12 l12 M12 l12 y12 ls4 d22 l22 M22 l22 y22 ls1	
sr	yy_MM_dd	month	6. 3. 23. \u2013 9. 5. 23.	d11 l12 M11 l12 y12 ls4 d21 l22 M21 l22 y22 ls1	
sr	yy_MM_dd	year	24. 12. 22. \u2013 6. 3. 23.	d12 l12 M12 l12 y12 ls4 d21 l22 M21 l22 y22 ls1	
sr	MMMM	ampm	\u0434\u0435\u0446\u0435\u043c\u0431\u0430\u0440	Ms8	
sr	MMMM	day	\u0434\u0435\u0446\u0435\u043c\u0431\u0430\u0440	Ms8	
sr	MMMM	month	\u043c\u0430\u0440\u0442 \u2013 \u043c\u0430\u0458	M14 ls3 M23	
sr	MMMM	year	\u0434\u0435\u0446\u0435\u043c\u0431\u0430\u0440 \u2013 \u043c\u0430\u0440\u0442	M18 ls3 M24	
sr	d	ampm	24	ds2	
sr	d	day	24\u201327	d12 ls1 d22	
sr	d	month	6. 3. \u2013 9. 5.	d11 l12 M11 ls4 d21 l22 M21 ls1	
sr	d	year	24. 12. 2022. \u2013 6. 3. 2023.	d12 l12 M12 l12 y14 ls4 d21 l22 M21 l22 y24 ls1	
sr	G_y	ampm	2022. \u043d. \u0435.	ys4 ls2 Gs5	
sr	G_y	day	2022. \u043d. \u0435.	ys4 ls2 Gs5	
sr	G_y	month	2023. \u043d. \u0435.	ys4 ls2 Gs5	
sr	G_y	year	\u043d. \u0435. 2022\u20132023	Gs5 ls1 y14 ls1 y24	
sr	j_mm	minute	15:07\u201315:42	h12 l11 m12 ls1 h22 l21 m22	
sr	j_mm	hour	13:04\u201317:42	h12 l11 m12 ls1 h22 l21 m22	
sr	j_mm	ampm	09:04\u201315:07	h12 l11 m12 ls1 h22 l21 m22	
sr	j_mm	day	24. 12. 2022. 15:07 \u2013 27. 12. 2022. 09:04	d12 l12 M12 l12 y14 l12 h12 l11 m12 ls3 d22 l22 M22 l22 y24 l22 h22 l21 m22	
sr	j_mm	month	6. 3. 2023. 09:04 \u2013 9. 5. 2023. 15:07	d11 l12 M11 l12 y14 l12 h12 l11 m12 ls3 d21 l22 M21 l22 y24 l22 h22 l21 m22	
sr	j_mm	year	24. 12. 2022. 15:07 \u2013 6. 3. 2023. 09:04	d12 l12 M12 l12 y14 l12 h12 l11 m12 ls3 d21 l22 M21 l22 y24 l22 h22 l21 m22	
sr	H_mm_h23	minute	15:07\u201315:42	h12 l11 m12 ls1 h22 l21 m22	
sr	H_mm_h23	hour	13:04\u201317:42	h12 l11 m12 ls1 h22 l21 m22	
sr	H_mm_h23	ampm	09:04\u201315:07	h12 l11 m12 ls1 h22 l21 m22	
sr	H_mm_h23	day	24. 12. 2022. 15:07 \u2013 27. 12. 2022. 09:04	d12 l12 M12 l12 y14 l12 h12 l11 m12 ls3 d22 l22 M22 l22 y24 l22 h22 l21 m22	
sr	H_mm_h23	month	6. 3. 2023. 09:04 \u2013 9. 5. 2023. 15:07	d11 l12 M11 l12 y14 l12 h12 l11 m12 ls3 d21 l22 M21 l22 y24 l22 h22 l21 m22	
sr	H_mm_h23	year	24. 12. 2022. 15:07 \u2013 6. 3. 2023. 09:04	d12 l12 M12 l12 y14 l12 h12 l11 m12 ls3 d21 l22 M21 l22 y24 l22 h22 l21 m22	
sr	j_mm_ss	minute	15:07:09 \u2013 15:42:31	h12 l11 m12 l11 s12 ls3 h22 l21 m22 l21 s22	
sr	j_mm_ss	hour	13:04:05 \u2013 17:42:31	h12 l11 m12 l11 s12 ls3 h22 l21 m22 l21 s22	
sr	j_mm_ss	ampm	09:04:05 \u2013 15:07:09	h12 l11 m12 l11 s12 ls3 h22 l21 m22 l21 s22	
sr	j_mm_ss	day	24. 12. 2022. 15:07:09 \u2013 27. 12. 2022. 09:04:05	d12 l12 M12 l12 y14 l12 h12 l11 m12 l11 s12 ls3 d22 l22 M22 l22 y24 l22 h22 l21 m22 l21 s22	
sr	j_mm_ss	month	6. 3. 2023. 09:04:05 \u2013 9. 5. 2023. 15:07:09	d11 l12 M11 l12 y14 l12 h12 l11 m12 l11 s12 ls3 d21 l22 M21 l22 y24 l22 h22 l21 m22 l21 s22	
sr	j_mm_ss	year	24. 12. 2022. 15:07:09 \u2013 6. 3. 2023. 09:04:05	d12 l12 M12 l12 y14 l12 h12 l11 m12 l11 s12 ls3 d21 l22 M21 l22 y24 l22 h22 l21 m22 l21 s22	
sr	y_MMMM_d_j_mm	minute	24. \u0434\u0435\u0446\u0435\u043c\u0431\u0430\u0440 2022. 15:07\u201315:42	ds2 ls2 Ms8 ls1 ys4 ls2 h12 l11 m12 ls1 h22 l21 m22	
sr	y_MMMM_d_j_mm	hour	24. \u0434\u0435\u0446\u0435\u043c\u0431\u0430\u0440 2022. 13:04\u201317:42	ds2 ls2 Ms8 ls1 ys4 ls2 h12 l11 m12 ls1 h22 l21 m22	
sr	y_MMMM_d_j_mm	ampm	24. \u0434\u0435\u0446\u0435\u043c\u0431\u0430\u0440 2022. 09:04\u201315:07	ds2 ls2 Ms8 ls1 ys4 ls2 h12 l11 m12 ls1 h22 l21 m22	
sr	y_MMMM_d_j_mm	day	24. \u0434\u0435\u0446\u0435\u043c\u0431\u0430\u0440 2022. 15:07 \u2013 27. \u0434\u0435\u0446\u0435\u043c\u0431\u0430\u0440 2022. 09:04	d12 l12 M18 l11 y14 l12 h12 l11 m12 ls3 d22 l22 M28 l21 y24 l22 h22 l21 m22	
sr	y_MMMM_d_j_mm	month	6. \u043c\u0430\u0440\u0442 2023. 09:04 \u2013 9. \u043c\u0430\u0458 2023. 15:07	d11 l12 M14 l11 y14 l12 h12 l11 m12 ls3 d21 l22 M23 l21 y24 l22 h22 l21 m22	
sr	y_MMMM_d_j_mm	year	24. \u0434\u0435\u0446\u0435\u043c\u0431\u0430\u0440 2022. 15:07 \u2013 6. \u043c\u0430\u0440\u0442 2023. 09:04	d12 l12 M18 l11 y14 l12 h12 l11 m12 ls3 d21 l22 M24 l21 y24 l22 h22 l21 m22	
sr	y_M_d_j_mm_ss	minute	24. 12. 2022. 15:07:09 \u2013 15:42:31	ds2 ls2 Ms2 ls2 ys4 ls2 h12 l11 m12 l11 s12 ls3 h22 l21 m22 l21 s22	
sr	y_M_d_j_mm_ss	hour	24. 12. 2022. 13:04:05 \u2013 17:42:31	ds2 ls2 Ms2 ls2 ys4 ls2 h12 l11 m12 l11 s12 ls3 h22 l21 m22 l21 s22	
sr	y_M_d_j_mm_ss	ampm	24. 12. 2022. 09:04:05 \u2013 15:07:09	ds2 ls2 Ms2 ls2 ys4 ls2 h12 l11 m12 l11 s12 ls3 h22 l21 m22 l21 s22	
sr	y_M_d_j_mm_ss	day	24. 12. 2022. 15:07:09 \u2013 27. 12. 2022. 09:04:05	d12 l12 M12 l12 y14 l12 h12 l11 m12 l11 s12 ls3 d22 l22 M22 l22 y24 l22 h22 l21 m22 l21 s22	
sr	y_M_d_j_mm_ss	month	6. 3. 2023. 09:04:05 \u2013 9. 5. 2023. 15:07:09	d11 l12 M11 l12 y14 l12 h12 l11 m12 l11 s12 ls3 d21 l22 M21 l22 y24 l22 h22 l21 m22 l21 s22	
sr	y_M_d_j_mm_ss	year	24. 12. 2022. 15:07:09 \u2013 6. 3. 2023. 09:04:05	d12 l12 M12 l12 y14 l12 h12 l11 m12 l11 s12 ls3 d21 l22 M21 l22 y24 l22 h22 l21 m22 l21 s22	
sv	E_d_MMMM	ampm	l\u00f6r 24 december	Es3 ls1 ds2 ls1 Ms8	
sv	E_d_MMMM	day	l\u00f6r 24\u2013tis 27 december	E13 l11 d12 ls1 E23 l21 d22 ls1 Ms8	
sv	E_d_MMMM	month	m\u00e5n 6 mars\u2013tis 9 maj	E13 l11 d11 l11 M14 ls1 E23 l21 d21 l21 M23	
sv	E_d_MMMM	year	l\u00f6r 24 december 2022\u2013m\u00e5n 06 mars 2023	E13 l11 d12 l11 M18 l11 y14 ls1 E23 l21 d22 l21 M24 l21 y24	
sv	EEEE_y_MMMM_d	ampm	l\u00f6rdag 24 december 2022	Es6 ls1 ds2 ls1 Ms8 ls1 ys4	
sv	EEEE_y_MMMM_d	day	l\u00f6rdag 24 december\u2013tisdag 27 december 2022	E16 l11 d12 l11 M18 ls1 E26 l21 d22 l21 M28 ls1 ys4	
sv	EEEE_y_MMMM_d	month	m\u00e5ndag 06 mars\u2013tisdag 09 maj 2023	E16 l11 d12 l11 M14 ls1 E26 l21 d22 l21 M23 ls1 ys4	
sv	EEEE_y_MMMM_d	year	l\u00f6rdag 24 december 2022\u2013m\u00e5ndag 06 mars 2023	E16 l11 d12 l11 M18 l11 y14 ls1 E26 l21 d22 l21 M24 l21 y24	
sv	y_MMMM	ampm	december 2022	Ms8 ls1 ys4	
sv	y_MMMM	day	december 2022	Ms8 ls1 ys4	
sv	y_MMMM	month	mars\u2013maj 2023	M14 ls1 M23 ls1 ys4	
sv	y_MMMM	year	december 2022\u2013mars 2023	M18 l11 y14 ls1 M24 l21 y24	
sv	y_MMM_d	ampm	24 dec. 2022	ds2 ls1 Ms4 ls1 ys4	
sv	y_MMM_d	day	24\u201327 dec. 2022	d12 ls1 d22 ls1 Ms4 ls1 ys4	
sv	y_MMM_d	month	6 mars\u20139 maj 2023	d11 l11 M14 ls1 d21 l21 M23 ls1 ys4	
sv	y_MMM_d	year	24 dec. 2022\u20136 mars 2023	d12 l11 M14 l11 y14 ls1 d21 l21 M24 l21 y24	
sv	MMM_d	ampm	24 dec.	ds2 ls1 Ms4	
sv	MMM_d	day	24\u201327 dec.	d12 ls1 d22 ls1 Ms4	
sv	MMM_d	month	6 mars\u20139 maj	d11 l11 M14 ls1 d21 l21 M23	
sv	MMM_d	year	24 dec. 2022\u20136 mars 2023	d12 l11 M14 l11 y14 ls1 d21 l21 M24 l21 y24	
sv	y_M_d	ampm	2022-12-24	ys4 ls1 Ms2 ls1 ds2	
sv	y_M_d	day	2022-12-24\u201327	ys4 ls1 Ms2 ls1 d12 ls1 d22	
sv	y_M_d	month	2023-03-06\u201305-09	ys4 ls1 M12 l11 d12 ls1 M22 l21 d22	
sv	y_M_d	year	2022-12-24\u20132023-03-06	y14 l11 M12 l11 d12 ls1 y24 l21 M22 l21 d22	
sv	yy_MM_dd	ampm	22-12-24	ys2 ls1 Ms2 ls1 ds2	
sv	yy_MM_dd	day	22-12-24\u201327	ys2 ls1 Ms2 ls1 d12 ls1 d22	
sv	yy_MM_dd	month	23-03-06\u201305-09	ys2 ls1 M12 l11 d12 ls1 M22 l21 d22	
sv	yy_MM_dd	year	22-12-24\u201323-03-06	y12 l11 M12 l11 d12 ls1 y22 l21 M22 l21 d22	
sv	MMMM	ampm	december	Ms8	
sv	MMMM	day	december	Ms8	
sv	MMMM	month	mars\u2013maj	M14 ls1 M23	
sv	MMMM	year	december\u2013mars	M18 ls1 M24	
sv	d	ampm	24	ds2	
sv	d	day	24\u201327	d12 ls1 d22	
sv	d	month	6/3\u20139/5	d11 l11 M11 ls1 d21 l21 M21	
sv	d	year	2022-12-24\u20132023-03-06	y14 l11 M12 l11 d12 ls1 y24 l21 M22 l21 d22	
sv	G_y	ampm	2022 e.Kr.	ys4 ls1 Gs5	
sv	G_y	day	2022 e.Kr.	ys4 ls1 Gs5	
sv	G_y	month	2023 e.Kr.	ys4 ls1 Gs5	
sv	G_y	year	2022\u20132023 e.Kr.	y14 ls1 y24 ls1 Gs5	
sv	j_mm	minute	15:07\u201315:42	h12 l11 m12 ls1 h22 l21 m22	
sv	j_mm	hour	13:04\u201317:42	h12 l11 m12 ls1 h22 l21 m22	
sv	j_mm	ampm	09:04\u201315:07	h12 l11 m12 ls1 h22 l21 m22	
sv	j_mm	day	2022-12-24 15:07\u20132022-12-27 09:04	y14 l11 M12 l11 d12 l11 h12 l11 m12 ls1 y24 l21 M22 l21 d22 l21 h22 l21 m22	
sv	j_mm	month	2023-03-06 09:04\u20132023-05-09 15:07	y14 l11 M12 l11 d12 l11 h12 l11 m12 ls1 y24 l21 M22 l21 d22 l21 h22 l21 m22	
sv	j_mm	year	2022-12-24 15:07\u20132023-03-06 09:04	y14 l11 M12 l11 d12 l11 h12 l11 m12 ls1 y24 l21 M22 l21 d22 l21 h22 l21 m22	
sv	H_mm_h23	minute	15:07\u201315:42	h12 l11 m12 ls1 h22 l21 m22	
sv	H_mm_h23	hour	13:04\u201317:42	h12 l11 m12 ls1 h22 l21 m22	
sv	H_mm_h23	ampm	09:04\u201315:07	h12 l11 m12 ls1 h22 l21 m22	
sv	H_mm_h23	day	2022-12-24 15:07\u20132022-12-27 09:04	y14 l11 M12 l11 d12 l11 h12 l11 m12 ls1 y24 l21 M22 l21 d22 l21 h22 l21 m22	
sv	H_mm_h23	month	2023-03-06 09:04\u20132023-05-09 15:07	y14 l11 M12 l11 d12 l11 h12 l11 m12 ls1 y24 l21 M22 l21 d22 l21 h22 l21 m22	
sv	H_mm_h23	year	2022-12-24 15:07\u20132023-03-06 09:04	y14 l11 M12 l11 d12 l11 h12 l11 m12 ls1 y24 l21 M22 l21 d22 l21 h22 l21 m22	
sv	j_mm_ss	minute	15:07:09\u201315:42:31	h12 l11 m12 l11 s12 ls1 h22 l21 m22 l21 s22	
sv	j_mm_ss	hour	13:04:05\u201317:42:31	h12 l11 m12 l11 s12 ls1 h22 l21 m22 l21 s22	
sv	j_mm_ss	ampm	09:04:05\u201315:07:09	h12 l11 m12 l11 s12 ls1 h22 l21 m22 l21 s22	
sv	j_mm_ss	day	2022-12-24 15:07:09\u20132022-12-27 09:04:05	y14 l11 M12 l11 d12 l11 h12 l11 m12 l11 s12 ls1 y24 l21 M22 l21 d22 l21 h22 l21 m22 l21 s22	
sv	j_mm_ss	month	2023-03-06 09:04:05\u20132023-05-09 15:07:09	y14 l11 M12 l11 d12 l11 h12 l11 m12 l11 s12 ls1 y24 l21 M22 l21 d22 l21 h22 l21 m22 l21 s22	
sv	j_mm_ss	year	2022-12-24 15:07:09\u20132023-03-06 09:04:05	y14 l11 M12 l11 d12 l11 h12 l11 m12 l11 s12 ls1 y24 l21 M22 l21 d22 l21 h22 l21 m22 l21 s22	
sv	y_MMMM_d_j_mm	minute	24 december 2022 15:07\u201315:42	ds2 ls1 Ms8 ls1 ys4 ls1 h12 l11 m12 ls1 h22 l21 m22	
sv	y_MMMM_d_j_mm	hour	24 december 2022 13:04\u201317:42	ds2 ls1 Ms8 ls1 ys4 ls1 h12 l11 m12 ls1 h22 l21 m22	
sv	y_MMMM_d_j_mm	ampm	24 december 2022 09:04\u201315:07	ds2 ls1 Ms8 ls1 ys4 ls1 h12 l11 m12 ls1 h22 l21 m22	
sv	y_MMMM_d_j_mm	day	24 december 2022 kl. 15:07\u201327 december 2022 kl. 09:04	d12 l11 M18 l11 y14 l15 h12 l11 m12 ls1 d22 l21 M28 l21 y24 l25 h22 l21 m22	
sv	y_MMMM_d_j_mm	month	6 mars 2023 kl. 09:04\u20139 maj 2023 kl. 15:07	d11 l11 M14 l11 y14 l15 h12 l11 m12 ls1 d21 l21 M23 l21 y24 l25 h22 l21 m22	
sv	y_MMMM_d_j_mm	year	24 december 2022 kl. 15:07\u20136 mars 2023 kl. 09:04	d12 l11 M18 l11 y14 l15 h12 l11 m12 ls1 d21 l21 M24 l21 y24 l25 h22 l21 m22	
sv	y_M_d_j_mm_ss	minute	2022-12-24 15:07:09\u201315:42:31	ys4 ls1 Ms2 ls1 ds2 ls1 h12 l11 m12 l11 s12 ls1 h22 l21 m22 l21 s22	
sv	y_M_d_j_mm_ss	hour	2022-12-24 13:04:05\u201317:42:31	ys4 ls1 Ms2 ls1 ds2 ls1 h12 l11 m12 l11 s12 ls1 h22 l21 m22 l21 s22	
sv	y_M_d_j_mm_ss	ampm	2022-12-24 09:04:05\u201315:07:09	ys4 ls1 Ms2 ls1 ds2 ls1 h12 l11 m12 l11 s12 ls1 h22 l21 m22 l21 s22	
sv	y_M_d_j_mm_ss	day	2022-12-24 15:07:09\u20132022-12-27 09:04:05	y14 l11 M12 l11 d12 l11 h12 l11 m12 l11 s12 ls1 y24 l21 M22 l21 d22 l21 h22 l21 m22 l21 s22	
sv	y_M_d_j_mm_ss	month	2023-03-06 09:04:05\u20132023-05-09 15:07:09	y14 l11 M12 l11 d12 l11 h12 l11 m12 l11 s12 ls1 y24 l21 M22 l21 d22 l21 h22 l21 m22 l21 s22	
sv	y_M_d_j_mm_ss	year	2022-12-24 15:07:09\u20132023-03-06 09:04:05	y14 l11 M12 l11 d12 l11 h12 l11 m12 l11 s12 ls1 y24 l21 M22 l21 d22 l21 h22 l21 m22 l21 s22	
sw	E_d_MMMM	ampm	Jumamosi, 24 Desemba	Es8 ls2 ds2 ls1 Ms7	
sw	E_d_MMMM	day	Jumamosi, 24 Desemba \u2013 Jumanne, 27 Desemba	E18 l12 d12 l11 M17 ls3 E27 l22 d22 l21 M27	
sw	E_d_MMMM	month	Jumatatu, 6 Machi \u2013 Jumanne, 9 Mei	E18 l12 d11 l11 M15 ls3 E27 l22 d21 l21 M23	
sw	E_d_MMMM	year	Jumamosi, 24 Desemba 2022 \u2013 Jumatatu, 6 Machi 2023	E18 l12 d12 l11 M17 l11 y14 ls3 E28 l22 d21 l21 M25 l21 y24	
sw	EEEE_y_MMMM_d	ampm	Jumamosi, 24 Desemba 2022	Es8 ls2 ds2 ls1 Ms7 ls1 ys4	
sw	EEEE_y_MMMM_d	day	Jumamosi, 24 Desemba \u2013 Jumanne, 27 Desemba 2022	E18 l12 d12 l11 M17 ls3 E27 l22 d22 l21 M27 ls1 ys4	
sw	EEEE_y_MMMM_d	month	Jumatatu, 6 Machi \u2013 Jumanne, 9 Mei 2023	E18 l12 d11 l11 M15 ls3 E27 l22 d21 l21 M23 ls1 ys4	
sw	EEEE_y_MMMM_d	year	Jumamosi, 24 Desemba 2022 \u2013 Jumatatu, 6 Machi 2023	E18 l12 d12 l11 M17 l11 y14 ls3 E28 l22 d21 l21 M25 l21 y24	
sw	y_MMMM	ampm	Desemba 2022	Ms7 ls1 ys4	
sw	y_MMMM	day	Desemba 2022	Ms7 ls1 ys4	
sw	y_MMMM	month	Machi\u2013Mei 2023	M15 ls1 M23 ls1 ys4	
sw	y_MMMM	year	Desemba 2022 \u2013 Machi 2023	M17 l11 y14 ls3 M25 l21 y24	
sw	y_MMM_d	ampm	24 Des 2022	ds2 ls1 Ms3 ls1 ys4	
sw	y_MMM_d	day	24 \u2013 27 Des 2022	d12 ls3 d22 ls1 Ms3 ls1 ys4	
sw	y_MMM_d	month	6 \u2013 9 Mei 2023	d11 ls3 d21 ls1 M23 ls1 ys4	6 \u2013 9 Mei 2023|d11 ls3 d21 ls1 Ms3 ls1 ys4
sw	y_MMM_d	year	24 Des 2022 \u2013 6 Mac 2023	d12 l11 M13 l11 y14 ls3 d21 l21 M23 l21 y24	
sw	MMM_d	ampm	24 Des	ds2 ls1 Ms3	
sw	MMM_d	day	24 \u2013 27 Des	d12 ls3 d22 ls1 Ms3	
sw	MMM_d	month	6 Mac \u2013 9 Mei	d11 l11 M13 ls3 d21 l21 M23	
sw	MMM_d	year	24 Des 2022 \u2013 6 Mac 2023	d12 l11 M13 l11 y14 ls3 d21 l21 M23 l21 y24	
sw	y_M_d	ampm	24/12/2022	ds2 ls1 Ms2 ls1 ys4	
sw	y_M_d	day	24/12/2022 \u2013 27/12/2022	d12 l11 M12 l11 y14 ls3 d22 l21 M22 l21 y24	
sw	y_M_d	month	6/3/2023 \u2013 9/5/2023	d11 l11 M11 l11 y14 ls3 d21 l21 M21 l21 y24	
sw	y_M_d	year	24/12/2022 \u2013 6/3/2023	d12 l11 M12 l11 y14 ls3 d21 l21 M21 l21 y24	
sw	yy_MM_dd	ampm	24/12/22	ds2 ls1 Ms2 ls1 ys2	
sw	yy_MM_dd	day	24/12/22 \u2013 27/12/22	d12 l11 M12 l11 y12 ls3 d22 l21 M22 l21 y22	
sw	yy_MM_dd	month	6/3/23 \u2013 9/5/23	d11 l11 M11 l11 y12 ls3 d21 l21 M21 l21 y22	
sw	yy_MM_dd	year	24/12/22 \u2013 6/3/23	d12 l11 M12 l11 y12 ls3 d21 l21 M21 l21 y22	
sw	MMMM	ampm	Desemba	Ms7	
sw	MMMM	day	Desemba	Ms7	
sw	MMMM	month	Machi \u2013 Mei	M15 ls3 M23	
sw	MMMM	year	Desemba \u2013 Machi	M17 ls3 M25	
sw	d	ampm	24	ds2	
sw	d	day	24 \u2013 27	d12 ls3 d22	
sw	d	month	6/3 \u2013 9/5	d11 l11 M11 ls3 d21 l21 M21	
sw	d	year	24/12/2022 \u2013 6/3/2023	d12 l11 M12 l11 y14 ls3 d21 l21 M21 l21 y24	
sw	G_y	ampm	2022 BK	ys4 ls1 Gs2	
sw	G_y	day	2022 BK	ys4 ls1 Gs2	
sw	G_y	month	2023 BK	ys4 ls1 Gs2	
sw	G_y	year	2022 \u2013 2023 BK	y14 ls3 y24 ls1 Gs2	
sw	j_mm	minute	15:07 \u2013 15:42	h12 l11 m12 ls3 h22 l21 m22	
sw	j_mm	hour	13:04 \u2013 17:42	h12 l11 m12 ls3 h22 l21 m22	
sw	j_mm	ampm	09:04 \u2013 15:07	h12 l11 m12 ls3 h22 l21 m22	
sw	j_mm	day	24/12/2022, 15:07 \u2013 27/12/2022, 09:04	d12 l11 M12 l11 y14 l12 h12 l11 m12 ls3 d22 l21 M22 l21 y24 l22 h22 l21 m22	
sw	j_mm	month	6/3/2023, 09:04 \u2013 9/5/2023, 15:07	d11 l11 M11 l11 y14 l12 h12 l11 m12 ls3 d21 l21 M21 l21 y24 l22 h22 l21 m22	
sw	j_mm	year	24/12/2022, 15:07 \u2013 6/3/2023, 09:04	d12 l11 M12 l11 y14 l12 h12 l11 m12 ls3 d21 l21 M21 l21 y24 l22 h22 l21 m22	
sw	H_mm_h23	minute	15:07 \u2013 15:42	h12 l11 m12 ls3 h22 l21 m22	
sw	H_mm_h23	hour	13:04 \u2013 17:42	h12 l11 m12 ls3 h22 l21 m22	
sw	H_mm_h23	ampm	09:04 \u2013 15:07	h12 l11 m12 ls3 h22 l21 m22	
sw	H_mm_h23	day	24/12/2022, 15:07 \u2013 27/12/2022, 09:04	d12 l11 M12 l11 y14 l12 h12 l11 m12 ls3 d22 l21 M22 l21 y24 l22 h22 l21 m22	
sw	H_mm_h23	month	6/3/2023, 09:04 \u2013 9/5/2023, 15:07	d11 l11 M11 l11 y14 l12 h12 l11 m12 ls3 d21 l21 M21 l21 y24 l22 h22 l21 m22	
sw	H_mm_h23	year	24/12/2022, 15:07 \u2013 6/3/2023, 09:04	d12 l11 M12 l11 y14 l12 h12 l11 m12 ls3 d21 l21 M21 l21 y24 l22 h22 l21 m22	
sw	j_mm_ss	minute	15:07:09 \u2013 15:42:31	h12 l11 m12 l11 s12 ls3 h22 l21 m22 l21 s22	
sw	j_mm_ss	hour	13:04:05 \u2013 17:42:31	h12 l11 m12 l11 s12 ls3 h22 l21 m22 l21 s22	
sw	j_mm_ss	ampm	09:04:05 \u2013 15:07:09	h12 l11 m12 l11 s12 ls3 h22 l21 m22 l21 s22	
sw	j_mm_ss	day	24/12/2022, 15:07:09 \u2013 27/12/2022, 09:04:05	d12 l11 M12 l11 y14 l12 h12 l11 m12 l11 s12 ls3 d22 l21 M22 l21 y24 l22 h22 l21 m22 l21 s22	
sw	j_mm_ss	month	6/3/2023, 09:04:05 \u2013 9/5/2023, 15:07:09	d11 l11 M11 l11 y14 l12 h12 l11 m12 l11 s12 ls3 d21 l21 M21 l21 y24 l22 h22 l21 m22 l21 s22	
sw	j_mm_ss	year	24/12/2022, 15:07:09 \u2013 6/3/2023, 09:04:05	d12 l11 M12 l11 y14 l12 h12 l11 m12 l11 s12 ls3 d21 l21 M21 l21 y24 l22 h22 l21 m22 l21 s22	
sw	y_MMMM_d_j_mm	minute	24 Desemba 2022 15:07 \u2013 15:42	ds2 ls1 Ms7 ls1 ys4 ls1 h12 l11 m12 ls3 h22 l21 m22	
sw	y_MMMM_d_j_mm	hour	24 Desemba 2022 13:04 \u2013 17:42	ds2 ls1 Ms7 ls1 ys4 ls1 h12 l11 m12 ls3 h22 l21 m22	
sw	y_MMMM_d_j_mm	ampm	24 Desemba 2022 09:04 \u2013 15:07	ds2 ls1 Ms7 ls1 ys4 ls1 h12 l11 m12 ls3 h22 l21 m22	
sw	y_MMMM_d_j_mm	day	24 Desemba 2022, 15:07 \u2013 27 Desemba 2022, 09:04	d12 l11 M17 l11 y14 l12 h12 l11 m12 ls3 d22 l21 M27 l21 y24 l22 h22 l21 m22	
sw	y_MMMM_d_j_mm	month	6 Machi 2023, 09:04 \u2013 9 Mei 2023, 15:07	d11 l11 M15 l11 y14 l12 h12 l11 m12 ls3 d21 l21 M23 l21 y24 l22 h22 l21 m22	
sw	y_MMMM_d_j_mm	year	24 Desemba 2022, 15:07 \u2013 6 Machi 2023, 09:04	d12 l11 M17 l11 y14 l12 h12 l11 m12 ls3 d21 l21 M25 l21 y24 l22 h22 l21 m22	
sw	y_M_d_j_mm_ss	minute	24/12/2022 15:07:09 \u2013 15:42:31	ds2 ls1 Ms2 ls1 ys4 ls1 h12 l11 m12 l11 s12 ls3 h22 l21 m22 l21 s22	
sw	y_M_d_j_mm_ss	hour	24/12/2022 13:04:05 \u2013 17:42:31	ds2 ls1 Ms2 ls1 ys4 ls1 h12 l11 m12 l11 s12 ls3 h22 l21 m22 l21 s22	
sw	y_M_d_j_mm_ss	ampm	24/12/2022 09:04:05 \u2013 15:07:09	ds2 ls1 Ms2 ls1 ys4 ls1 h12 l11 m12 l11 s12 ls3 h22 l21 m22 l21 s22	
sw	y_M_d_j_mm_ss	day	24/12/2022, 15:07:09 \u2013 27/12/2022, 09:04:05	d12 l11 M12 l11 y14 l12 h12 l11 m12 l11 s12 ls3 d22 l21 M22 l21 y24 l22 h22 l21 m22 l21 s22	
sw	y_M_d_j_mm_ss	month	6/3/2023, 09:04:05 \u2013 9/5/2023, 15:07:09	d11 l11 M11 l11 y14 l12 h12 l11 m12 l11 s12 ls3 d21 l21 M21 l21 y24 l22 h22 l21 m22 l21 s22	
sw	y_M_d_j_mm_ss	year	24/12/2022, 15:07:09 \u2013 6/3/2023, 09:04:05	d12 l11 M12 l11 y14 l12 h12 l11 m12 l11 s12 ls3 d21 l21 M21 l21 y24 l22 h22 l21 m22 l21 s22	
ta	E_d_MMMM	ampm	\u0b9f\u0bbf\u0b9a\u0bae\u0bcd\u0baa\u0bb0\u0bcd 24, \u0b9a\u0ba9\u0bbf	Ms8 ls1 ds2 ls2 Es3	
ta	E_d_MMMM	day	\u0b9a\u0ba9\u0bbf, 24 \u0b9f\u0bbf\u0b9a\u0bae\u0bcd\u0baa\u0bb0\u0bcd \u2013 \u0b9a\u0bc6\u0bb5\u0bcd., 27 \u0b9f\u0bbf\u0b9a\u0bae\u0bcd\u0baa\u0bb0\u0bcd	E13 l12 d12 l11 M18 ls3 E25 l22 d22 l21 M28	
ta	E_d_MMMM	month	\u0ba4\u0bbf\u0b99\u0bcd., 6 \u0bae\u0bbe\u0bb0\u0bcd\u0b9a\u0bcd \u2013 \u0b9a\u0bc6\u0bb5\u0bcd., 9 \u0bae\u0bc7	E15 l12 d11 l11 M16 ls3 E25 l22 d21 l21 M22	
ta	E_d_MMMM	year	\u0b9a\u0ba9\u0bbf, 24 \u0b9f\u0bbf\u0b9a\u0bae\u0bcd\u0baa\u0bb0\u0bcd, 2022 \u2013 \u0ba4\u0bbf\u0b99\u0bcd., 6 \u0bae\u0bbe\u0bb0\u0bcd\u0b9a\u0bcd, 2023	E13 l12 d12 l11 M18 l12 y14 ls3 E25 l22 d21 l21 M26 l22 y24	
ta	EEEE_y_MMMM_d	ampm	\u0b9a\u0ba9\u0bbf, 24 \u0b9f\u0bbf\u0b9a\u0bae\u0bcd\u0baa\u0bb0\u0bcd, 2022	Es3 ls2 ds2 ls1 Ms8 ls2 ys4	
ta	EEEE_y_MMMM_d	day	\u0b9a\u0ba9\u0bbf, 24 \u0b9f\u0bbf\u0b9a\u0bae\u0bcd\u0baa\u0bb0\u0bcd \u2013 \u0b9a\u0bc6\u0bb5\u0bcd\u0bb5\u0bbe\u0baf\u0bcd, 27 \u0b9f\u0bbf\u0b9a\u0bae\u0bcd\u0baa\u0bb0\u0bcd, 2022	E13 l12 d12 l11 M18 ls3 E28 l22 d22 l21 M28 ls2 ys4	
ta	EEEE_y_MMMM_d	month	\u0ba4\u0bbf\u0b99\u0bcd\u0b95\u0bb3\u0bcd, 6 \u0bae\u0bbe\u0bb0\u0bcd\u0b9a\u0bcd \u2013 \u0b9a\u0bc6\u0bb5\u0bcd\u0bb5\u0bbe\u0baf\u0bcd, 9 \u0bae\u0bc7, 2023	E17 l12 d11 l11 M16 ls3 E28 l22 d21 l21 M22 ls2 ys4	
ta	EEEE_y_MMMM_d	year	\u0b9a\u0ba9\u0bbf, 24 \u0b9f\u0bbf\u0b9a\u0bae\u0bcd\u0baa\u0bb0\u0bcd, 2022 \u2013 \u0ba4\u0bbf\u0b99\u0bcd\u0b95\u0bb3\u0bcd, 6 \u0bae\u0bbe\u0bb0\u0bcd\u0b9a\u0bcd, 2023	E13 l12 d12 l11 M18 l12 y14 ls3 E27 l22 d21 l21 M26 l22 y24	
ta	y_MMMM	ampm	\u0b9f\u0bbf\u0b9a\u0bae\u0bcd\u0baa\u0bb0\u0bcd 2022	Ms8 ls1 ys4	
ta	y_MMMM	day	\u0b9f\u0bbf\u0b9a\u0bae\u0bcd\u0baa\u0bb0\u0bcd 2022	Ms8 ls1 ys4	
ta	y_MMMM	month	\u0bae\u0bbe\u0bb0\u0bcd\u0b9a\u0bcd \u2013 \u0bae\u0bc7 2023	M16 ls3 M22 ls1 ys4	
ta	y_MMMM	year	\u0b9f\u0bbf\u0b9a\u0bae\u0bcd\u0baa\u0bb0\u0bcd 2022 \u2013 \u0bae\u0bbe\u0bb0\u0bcd\u0b9a\u0bcd 2023	M18 l11 y14 ls3 M26 l21 y24	
ta	y_MMM_d	ampm	24 \u0b9f\u0bbf\u0b9a., 2022	ds2 ls1 Ms4 ls2 ys4	
ta	y_MMM_d	day	24 \u2013 27 \u0b9f\u0bbf\u0b9a., 2022	d12 ls3 d22 ls1 Ms4 ls2 ys4	
ta	y_MMM_d	month	6 \u0bae\u0bbe\u0bb0\u0bcd. \u2013 9 \u0bae\u0bc7, 2023	d11 l11 M15 ls3 d21 l21 M22 ls2 ys4	
ta	y_MMM_d	year	24 \u0b9f\u0bbf\u0b9a., 2022 \u2013 6 \u0bae\u0bbe\u0bb0\u0bcd., 2023	d12 l11 M14 l12 y14 ls3 d21 l21 M25 l22 y24	
ta	MMM_d	ampm	\u0b9f\u0bbf\u0b9a. 24	Ms4 ls1 ds2	
ta	MMM_d	day	24 \u2013 27 \u0b9f\u0bbf\u0b9a.	d12 ls3 d22 ls1 Ms4	
ta	MMM_d	month	6 \u0bae\u0bbe\u0bb0\u0bcd. \u2013 9 \u0bae\u0bc7	d11 l11 M15 ls3 d21 l21 M22	
ta	MMM_d	year	24 \u0b9f\u0bbf\u0b9a., 2022 \u2013 6 \u0bae\u0bbe\u0bb0\u0bcd., 2023	d12 l11 M14 l12 y14 ls3 d21 l21 M25 l22 y24	
ta	y_M_d	ampm	24/12/2022	ds2 ls1 Ms2 ls1 ys4	
ta	y_M_d	day	24/12/2022 \u2013 27/12/2022	d12 l11 M12 l11 y14 ls3 d22 l21 M22 l21 y24	
ta	y_M_d	month	6/3/2023 \u2013 9/5/2023	d11 l11 M11 l11 y14 ls3 d21 l21 M21 l21 y24	
ta	y_M_d	year	24/12/2022 \u2013 6/3/2023	d12 l11 M12 l11 y14 ls3 d21 l21 M21 l21 y24	
ta	yy_MM_dd	ampm	24/12/22	ds2 ls1 Ms2 ls1 ys2	
ta	yy_MM_dd	day	24/12/22 \u2013 27/12/22	d12 l11 M12 l11 y12 ls3 d22 l21 M22 l21 y22	
ta	yy_MM_dd	month	6/3/23 \u2013 9/5/23	d11 l11 M11 l11 y12 ls3 d21 l21 M21 l21 y22	
ta	yy_MM_dd	year	24/12/22 \u2013 6/3/23	d12 l11 M12 l11 y12 ls3 d21 l21 M21 l21 y22	
ta	MMMM	ampm	\u0b9f\u0bbf\u0b9a\u0bae\u0bcd\u0baa\u0bb0\u0bcd	Ms8	
ta	MMMM	day	\u0b9f\u0bbf\u0b9a\u0bae\u0bcd\u0baa\u0bb0\u0bcd	Ms8	
ta	MMMM	month	\u0bae\u0bbe\u0bb0\u0bcd\u0b9a\u0bcd \u2013 \u0bae\u0bc7	M16 ls3 M22	
ta	MMMM	year	\u0b9f\u0bbf\u0b9a\u0bae\u0bcd\u0baa\u0bb0\u0bcd \u2013 \u0bae\u0bbe\u0bb0\u0bcd\u0b9a\u0bcd	M18 ls3 M26	
ta	d	ampm	24	ds2	
ta	d	day	24\u201327	d12 ls1 d22	
ta	d	month	6/3 \u2013 9/5	d11 l11 M11 ls3 d21 l21 M21	
ta	d	year	24/12/2022 \u2013 6/3/2023	d12 l11 M12 l11 y14 ls3 d21 l21 M21 l21 y24	
ta	G_y	ampm	\u0b95\u0bbf.\u0baa\u0bbf. 2022	Gs6 ls1 ys4	
ta	G_y	day	\u0b95\u0bbf.\u0baa\u0bbf. 2022	Gs6 ls1 ys4	
ta	G_y	month	\u0b95\u0bbf.\u0baa\u0bbf. 2023	Gs6 ls1 ys4	
ta	G_y	year	\u0b95\u0bbf.\u0baa\u0bbf. 2022\u20132023	Gs6 ls1 y14 ls1 y24	
ta	j_mm	minute	3:07\u20133:42 PM	h11 l11 m12 ls1 h21 l21 m22 ls1 as2	
ta	j_mm	hour	1:04\u20135:42 PM	h11 l11 m12 ls1 h21 l21 m22 ls1 as2	
ta	j_mm	ampm	9:04 AM \u2013 3:07 PM	h11 l11 m12 l11 a12 ls3 h21 l21 m22 l21 a22	
ta	j_mm	day	24/12/2022, 3:07 PM \u2013 27/12/2022, 9:04 AM	d12 l11 M12 l11 y14 l12 h11 l11 m12 l11 a12 ls3 d22 l21 M22 l21 y24 l22 h21 l21 m22 l21 a22	
ta	j_mm	month	6/3/2023, 9:04 AM \u2013 9/5/2023, 3:07 PM	d11 l11 M11 l11 y14 l12 h11 l11 m12 l11 a12 ls3 d21 l21 M21 l21 y24 l22 h21 l21 m22 l21 a22	
ta	j_mm	year	24/12/2022, 3:07 PM \u2013 6/3/2023, 9:04 AM	d12 l11 M12 l11 y14 l12 h11 l11 m12 l11 a12 ls3 d21 l21 M21 l21 y24 l22 h21 l21 m22 l21 a22	
ta	H_mm_h23	minute	15:07 \u2013 15:42	h12 l11 m12 ls3 h22 l21 m22	
ta	H_mm_h23	hour	13:04 \u2013 17:42	h12 l11 m12 ls3 h22 l21 m22	
ta	H_mm_h23	ampm	09:04 \u2013 15:07	h12 l11 m12 ls3 h22 l21 m22	
ta	H_mm_h23	day	24/12/2022, 15:07 \u2013 27/12/2022, 09:04	d12 l11 M12 l11 y14 l12 h12 l11 m12 ls3 d22 l21 M22 l21 y24 l22 h22 l21 m22	
ta	H_mm_h23	month	6/3/2023, 09:04 \u2013 9/5/2023, 15:07	d11 l11 M11 l11 y14 l12 h12 l11 m12 ls3 d21 l21 M21 l21 y24 l22 h22 l21 m22	
ta	H_mm_h23	year	24/12/2022, 15:07 \u2013 6/3/2023, 09:04	d12 l11 M12 l11 y14 l12 h12 l11 m12 ls3 d21 l21 M21 l21 y24 l22 h22 l21 m22	
ta	j_mm_ss	minute	3:07:09 PM \u2013 3:42:31 PM	h11 l11 m12 l11 s12 l11 a12 ls3 h21 l21 m22 l21 s22 l21 a22	
ta	j_mm_ss	hour	1:04:05 PM \u2013 5:42:31 PM	h11 l11 m12 l11 s12 l11 a12 ls3 h21 l21 m22 l21 s22 l21 a22	
ta	j_mm_ss	ampm	9:04:05 AM \u2013 3:07:09 PM	h11 l11 m12 l11 s12 l11 a12 ls3 h21 l21 m22 l21 s22 l21 a22	
ta	j_mm_ss	day	24/12/2022, 3:07:09 PM \u2013 27/12/2022, 9:04:05 AM	d12 l11 M12 l11 y14 l12 h11 l11 m12 l11 s12 l11 a12 ls3 d22 l21 M22 l21 y24 l22 h21 l21 m22 l21 s22 l21 a22	
ta	j_mm_ss	month	6/3/2023, 9:04:05 AM \u2013 9/5/2023, 3:07:09 PM	d11 l11 M11 l11 y14 l12 h11 l11 m12 l11 s12 l11 a12 ls3 d21 l21 M21 l21 y24 l22 h21 l21 m22 l21 s22 l21 a22	
ta	j_mm_ss	year	24/12/2022, 3:07:09 PM \u2013 6/3/2023, 9:04:05 AM	d12 l11 M12 l11 y14 l12 h11 l11 m12 l11 s12 l11 a12 ls3 d21 l21 M21 l21 y24 l22 h21 l21 m22 l21 s22 l21 a22	
ta	y_MMMM_d_j_mm	minute	24 \u0b9f\u0bbf\u0b9a\u0bae\u0bcd\u0baa\u0bb0\u0bcd, 2022, 3:07\u20133:42 PM	ds2 ls1 Ms8 ls2 ys4 ls2 h11 l11 m12 ls1 h21 l21 m22 ls1 as2	
ta	y_MMMM_d_j_mm	hour	24 \u0b9f\u0bbf\u0b9a\u0bae\u0bcd\u0baa\u0bb0\u0bcd, 2022, 1:04\u20135:42 PM	ds2 ls1 Ms8 ls2 ys4 ls2 h11 l11 m12 ls1 h21 l21 m22 ls1 as2	
ta	y_MMMM_d_j_mm	ampm	24 \u0b9f\u0bbf\u0b9a\u0bae\u0bcd\u0baa\u0bb0\u0bcd, 2022, 9:04 AM \u2013 3:07 PM	ds2 ls1 Ms8 ls2 ys4 ls2 h11 l11 m12 l11 a12 ls3 h21 l21 m22 l21 a22	
ta	y_MMMM_d_j_mm	day	24 \u0b9f\u0bbf\u0b9a\u0bae\u0bcd\u0baa\u0bb0\u0bcd, 2022 \u0b85\u0ba9\u0bcd\u0bb1\u0bc1 3:07 PM \u2013 27 \u0b9f\u0bbf\u0b9a\u0bae\u0bcd\u0baa\u0bb0\u0bcd, 2022 \u0b85\u0ba9\u0bcd\u0bb1\u0bc1 9:04 AM	d12 l11 M18 l12 y14 l17 h11 l11 m12 l11 a12 ls3 d22 l21 M28 l22 y24 l27 h21 l21 m22 l21 a22	
ta	y_MMMM_d_j_mm	month	6 \u0bae\u0bbe\u0bb0\u0bcd\u0b9a\u0bcd, 2023 \u0b85\u0ba9\u0bcd\u0bb1\u0bc1 9:04 AM \u2013 9 \u0bae\u0bc7, 2023 \u0b85\u0ba9\u0bcd\u0bb1\u0bc1 3:07 PM	d11 l11 M16 l12 y14 l17 h11 l11 m12 l11 a12 ls3 d21 l21 M22 l22 y24 l27 h21 l21 m22 l21 a22	
ta	y_MMMM_d_j_mm	year	24 \u0b9f\u0bbf\u0b9a\u0bae\u0bcd\u0baa\u0bb0\u0bcd, 2022 \u0b85\u0ba9\u0bcd\u0bb1\u0bc1 3:07 PM \u2013 6 \u0bae\u0bbe\u0bb0\u0bcd\u0b9a\u0bcd, 2023 \u0b85\u0ba9\u0bcd\u0bb1\u0bc1 9:04 AM	d12 l11 M18 l12 y14 l17 h11 l11 m12 l11 a12 ls3 d21 l21 M26 l22 y24 l27 h21 l21 m22 l21 a22	
ta	y_M_d_j_mm_ss	minute	24/12/2022, 3:07:09 PM \u2013 3:42:31 PM	ds2 ls1 Ms2 ls1 ys4 ls2 h11 l11 m12 l11 s12 l11 a12 ls3 h21 l21 m22 l21 s22 l21 a22	
ta	y_M_d_j_mm_ss	hour	24/12/2022, 1:04:05 PM \u2013 5:42:31 PM	ds2 ls1 Ms2 ls1 ys4 ls2 h11 l11 m12 l11 s12 l11 a12 ls3 h21 l21 m22 l21 s22 l21 a22	
ta	y_M_d_j_mm_ss	ampm	24/12/2022, 9:04:05 AM \u2013 3:07:09 PM	ds2 ls1 Ms2 ls1 ys4 ls2 h11 l11 m12 l11 s12 l11 a12 ls3 h21 l21 m22 l21 s22 l21 a22	
ta	y_M_d_j_mm_ss	day	24/12/2022, 3:07:09 PM \u2013 27/12/2022, 9:04:05 AM	d12 l11 M12 l11 y14 l12 h11 l11 m12 l11 s12 l11 a12 ls3 d22 l21 M22 l21 y24 l22 h21 l21 m22 l21 s22 l21 a22	
ta	y_M_d_j_mm_ss	month	6/3/2023, 9:04:05 AM \u2013 9/5/2023, 3:07:09 PM	d11 l11 M11 l11 y14 l12 h11 l11 m12 l11 s12 l11 a12 ls3 d21 l21 M21 l21 y24 l22 h21 l21 m22 l21 s22 l21 a22	
ta	y_M_d_j_mm_ss	year	24/12/2022, 3:07:09 PM \u2013 6/3/2023, 9:04:05 AM	d12 l11 M12 l11 y14 l12 h11 l11 m12 l11 s12 l11 a12 ls3 d21 l21 M21 l21 y24 l22 h21 l21 m22 l21 s22 l21 a22	
th	E_d_MMMM	ampm	\u0e40\u0e2a\u0e32\u0e23\u0e4c 24 \u0e18\u0e31\u0e19\u0e27\u0e32\u0e04\u0e21	Es5 ls1 ds2 ls1 Ms7	
th	E_d_MMMM	day	\u0e40\u0e2a\u0e32\u0e23\u0e4c 24 \u2013 \u0e2d\u0e31\u0e07\u0e04\u0e32\u0e23 27 \u0e18\u0e31\u0e19\u0e27\u0e32\u0e04\u0e21	E15 l11 d12 ls3 E26 l21 d22 ls1 Ms7	
th	E_d_MMMM	month	\u0e08\u0e31\u0e19\u0e17\u0e23\u0e4c 6 \u0e21\u0e35\u0e19\u0e32\u0e04\u0e21 \u2013 \u0e2d\u0e31\u0e07\u0e04\u0e32\u0e23 9 \u0e1e\u0e24\u0e29\u0e20\u0e32\u0e04\u0e21	E16 l11 d11 l11 M16 ls3 E26 l21 d21 l21 M27	
th	E_d_MMMM	year	\u0e40\u0e2a\u0e32\u0e23\u0e4c 24 \u0e18\u0e31\u0e19\u0e27\u0e32\u0e04\u0e21 2022 \u2013 \u0e08\u0e31\u0e19\u0e17\u0e23\u0e4c 6 \u0e21\u0e35\u0e19\u0e32\u0e04\u0e21 2023	E15 l11 d12 l11 M17 l11 y14 ls3 E26 l21 d21 l21 M26 l21 y24	
th	EEEE_y_MMMM_d	ampm	\u0e27\u0e31\u0e19\u0e40\u0e2a\u0e32\u0e23\u0e4c\u0e17\u0e35\u0e48 24 \u0e18\u0e31\u0e19\u0e27\u0e32\u0e04\u0e21 2022	Es8 ls4 ds2 ls1 Ms7 ls1 ys4	
th	EEEE_y_MMMM_d	day	\u0e27\u0e31\u0e19\u0e40\u0e2a\u0e32\u0e23\u0e4c\u0e17\u0e35\u0e48 24 \u2013 \u0e27\u0e31\u0e19\u0e2d\u0e31\u0e07\u0e04\u0e32\u0e23\u0e17\u0e35\u0e48 27 \u0e18\u0e31\u0e19\u0e27\u0e32\u0e04\u0e21 \u0e04.\u0e28. 2022	E18 l14 d12 ls3 E29 l24 d22 ls1 Ms7 ls1 Gs4 ls1 ys4	
th	EEEE_y_MMMM_d	month	\u0e27\u0e31\u0e19\u0e08\u0e31\u0e19\u0e17\u0e23\u0e4c\u0e17\u0e35\u0e48 6 \u0e21\u0e35\u0e19\u0e32\u0e04\u0e21 \u2013 \u0e27\u0e31\u0e19\u0e2d\u0e31\u0e07\u0e04\u0e32\u0e23\u0e17\u0e35\u0e48 9 \u0e1e\u0e24\u0e29\u0e20\u0e32\u0e04\u0e21 \u0e04.\u0e28. 2023	E19 l14 d11 l11 M16 ls3 E29 l24 d21 l21 M27 ls1 Gs4 ls1 ys4	
th	EEEE_y_MMMM_d	year	\u0e27\u0e31\u0e19\u0e40\u0e2a\u0e32\u0e23\u0e4c\u0e17\u0e35\u0e48 24 \u0e18\u0e31\u0e19\u0e27\u0e32\u0e04\u0e21 \u0e04.\u0e28. 2022 \u2013 \u0e27\u0e31\u0e19\u0e08\u0e31\u0e19\u0e17\u0e23\u0e4c\u0e17\u0e35\u0e48 6 \u0e21\u0e35\u0e19\u0e32\u0e04\u0e21 2023	E18 l14 d12 l11 M17 l11 G14 l11 y14 ls3 E29 l24 d21 l21 M26 l21 y24	
th	y_MMMM	ampm	\u0e18\u0e31\u0e19\u0e27\u0e32\u0e04\u0e21 2022	Ms7 ls1 ys4	
th	y_MMMM	day	\u0e18\u0e31\u0e19\u0e27\u0e32\u0e04\u0e21 2022	Ms7 ls1 ys4	
th	y_MMMM	month	\u0e21\u0e35\u0e19\u0e32\u0e04\u0e21 \u2013 \u0e1e\u0e24\u0e29\u0e20\u0e32\u0e04\u0e21 2023	M16 ls3 M27 ls1 ys4	
th	y_MMMM	year	\u0e18\u0e31\u0e19\u0e27\u0e32\u0e04\u0e21 2022 \u2013 \u0e21\u0e35\u0e19\u0e32\u0e04\u0e21 2023	M17 l11 y14 ls3 M26 l21 y24	
th	y_MMM_d	ampm	24 \u0e18.\u0e04. 2022	ds2 ls1 Ms4 ls1 ys4	
th	y_MMM_d	day	24\u201327 \u0e18.\u0e04. 2022	d12 ls1 d22 ls1 Ms4 ls1 ys4	
th	y_MMM_d	month	6 \u0e21\u0e35.\u0e04. \u2013 9 \u0e1e.\u0e04. 2023	d11 l11 M15 ls3 d21 l21 M24 ls1 ys4	
th	y_MMM_d	year	24 \u0e18.\u0e04. 2022 \u2013 6 \u0e21\u0e35.\u0e04. 2023	d12 l11 M14 l11 y14 ls3 d21 l21 M25 l21 y24	
th	MMM_d	ampm	24 \u0e18.\u0e04.	ds2 ls1 Ms4	
th	MMM_d	day	24\u201327 \u0e18.\u0e04.	d12 ls1 d22 ls1 Ms4	
th	MMM_d	month	6 \u0e21\u0e35.\u0e04. \u2013 9 \u0e1e.\u0e04.	d11 l11 M15 ls3 d21 l21 M24	
th	MMM_d	year	24 \u0e18.\u0e04. 2022 \u2013 6 \u0e21\u0e35.\u0e04. 2023	d12 l11 M14 l11 y14 ls3 d21 l21 M25 l21 y24	
th	y_M_d	ampm	24/12/2022	ds2 ls1 Ms2 ls1 ys4	
th	y_M_d	day	24/12/2022 \u2013 27/12/2022	d12 l11 M12 l11 y14 ls3 d22 l21 M22 l21 y24	
th	y_M_d	month	6/3/2023 \u2013 9/5/2023	d11 l11 M11 l11 y14 ls3 d21 l21 M21 l21 y24	
th	y_M_d	year	24/12/2022 \u2013 6/3/2023	d12 l11 M12 l11 y14 ls3 d21 l21 M21 l21 y24	
th	yy_MM_dd	ampm	24/12/22	ds2 ls1 Ms2 ls1 ys2	
th	yy_MM_dd	day	24/12/22 \u2013 27/12/22	d12 l11 M12 l11 y12 ls3 d22 l21 M22 l21 y22	
th	yy_MM_dd	month	6/3/23 \u2013 9/5/23	d11 l11 M11 l11 y12 ls3 d21 l21 M21 l21 y22	
th	yy_MM_dd	year	24/12/22 \u2013 6/3/23	d12 l11 M12 l11 y12 ls3 d21 l21 M21 l21 y22	
th	MMMM	ampm	\u0e18\u0e31\u0e19\u0e27\u0e32\u0e04\u0e21	Ms7	
th	MMMM	day	\u0e18\u0e31\u0e19\u0e27\u0e32\u0e04\u0e21	Ms7	
th	MMMM	month	\u0e21\u0e35\u0e19\u0e32\u0e04\u0e21 \u2013 \u0e1e\u0e24\u0e29\u0e20\u0e32\u0e04\u0e21	M16 ls3 M27	
th	MMMM	year	\u0e18\u0e31\u0e19\u0e27\u0e32\u0e04\u0e21 \u2013 \u0e21\u0e35\u0e19\u0e32\u0e04\u0e21	M17 ls3 M26	
th	d	ampm	24	ds2	
th	d	day	24\u201327	d12 ls1 d22	
th	d	month	6/3 \u2013 9/5	d11 l11 M11 ls3 d21 l21 M21	
th	d	year	24/12/2022 \u2013 6/3/2023	d12 l11 M12 l11 y14 ls3 d21 l21 M21 l21 y24	
th	G_y	ampm	\u0e04.\u0e28. 2022	Gs4 ls1 ys4	
th	G_y	day	\u0e04.\u0e28. 2022	Gs4 ls1 ys4	
th	G_y	month	\u0e04.\u0e28. 2023	Gs4 ls1 ys4	
th	G_y	year	\u0e04.\u0e28. 2022\u20132023	Gs4 ls1 y14 ls1 y24	
th	j_mm	minute	15:07 \u0e19. \u2013 15:42 \u0e19.	h12 l11 m12 ls6 h22 l21 m22 ls3	
th	j_mm	hour	13:04 \u0e19. \u2013 17:42 \u0e19.	h12 l11 m12 ls6 h22 l21 m22 ls3	
th	j_mm	ampm	09:04 \u0e19. \u2013 15:07 \u0e19.	h12 l11 m12 ls6 h22 l21 m22 ls3	
th	j_mm	day	24/12/2022 15:07 \u2013 27/12/2022 09:04	d12 l11 M12 l11 y14 l11 h12 l11 m12 ls3 d22 l21 M22 l21 y24 l21 h22 l21 m22	
th	j_mm	month	6/3/2023 09:04 \u2013 9/5/2023 15:07	d11 l11 M11 l11 y14 l11 h12 l11 m12 ls3 d21 l21 M21 l21 y24 l21 h22 l21 m22	
th	j_mm	year	24/12/2022 15:07 \u2013 6/3/2023 09:04	d12 l11 M12 l11 y14 l11 h12 l11 m12 ls3 d21 l21 M21 l21 y24 l21 h22 l21 m22	
th	H_mm_h23	minute	15:07 \u0e19. \u2013 15:42 \u0e19.	h12 l11 m12 ls6 h22 l21 m22 ls3	
th	H_mm_h23	hour	13:04 \u0e19. \u2013 17:42 \u0e19.	h12 l11 m12 ls6 h22 l21 m22 ls3	
th	H_mm_h23	ampm	09:04 \u0e19. \u2013 15:07 \u0e19.	h12 l11 m12 ls6 h22 l21 m22 ls3	
th	H_mm_h23	day	24/12/2022 15:07 \u2013 27/12/2022 09:04	d12 l11 M12 l11 y14 l11 h12 l11 m12 ls3 d22 l21 M22 l21 y24 l21 h22 l21 m22	
th	H_mm_h23	month	6/3/2023 09:04 \u2013 9/5/2023 15:07	d11 l11 M11 l11 y14 l11 h12 l11 m12 ls3 d21 l21 M21 l21 y24 l21 h22 l21 m22	
th	H_mm_h23	year	24/12/2022 15:07 \u2013 6/3/2023 09:04	d12 l11 M12 l11 y14 l11 h12 l11 m12 ls3 d21 l21 M21 l21 y24 l21 h22 l21 m22	
th	j_mm_ss	minute	15:07:09 \u2013 15:42:31	h12 l11 m12 l11 s12 ls3 h22 l21 m22 l21 s22	
th	j_mm_ss	hour	13:04:05 \u2013 17:42:31	h12 l11 m12 l11 s12 ls3 h22 l21 m22 l21 s22	
th	j_mm_ss	ampm	09:04:05 \u2013 15:07:09	h12 l11 m12 l11 s12 ls3 h22 l21 m22 l21 s22	
th	j_mm_ss	day	24/12/2022 15:07:09 \u2013 27/12/2022 09:04:05	d12 l11 M12 l11 y14 l11 h12 l11 m12 l11 s12 ls3 d22 l21 M22 l21 y24 l21 h22 l21 m22 l21 s22	
th	j_mm_ss	month	6/3/2023 09:04:05 \u2013 9/5/2023 15:07:09	d11 l11 M11 l11 y14 l11 h12 l11 m12 l11 s12 ls3 d21 l21 M21 l21 y24 l21 h22 l21 m22 l21 s22	
th	j_mm_ss	year	24/12/2022 15:07:09 \u2013 6/3/2023 09:04:05	d12 l11 M12 l11 y14 l11 h12 l11 m12 l11 s12 ls3 d21 l21 M21 l21 y24 l21 h22 l21 m22 l21 s22	
th	y_MMMM_d_j_mm	minute	24 \u0e18\u0e31\u0e19\u0e27\u0e32\u0e04\u0e21 2022 15:07 \u0e19. \u2013 15:42 \u0e19.	ds2 ls1 Ms7 ls1 ys4 ls1 h12 l11 m12 ls6 h22 l21 m22 ls3	
th	y_MMMM_d_j_mm	hour	24 \u0e18\u0e31\u0e19\u0e27\u0e32\u0e04\u0e21 2022 13:04 \u0e19. \u2013 17:42 \u0e19.	ds2 ls1 Ms7 ls1 ys4 ls1 h12 l11 m12 ls6 h22 l21 m22 ls3	
th	y_MMMM_d_j_mm	ampm	24 \u0e18\u0e31\u0e19\u0e27\u0e32\u0e04\u0e21 2022 09:04 \u0e19. \u2013 15:07 \u0e19.	ds2 ls1 Ms7 ls1 ys4 ls1 h12 l11 m12 ls6 h22 l21 m22 ls3	
th	y_MMMM_d_j_mm	day	24 \u0e18\u0e31\u0e19\u0e27\u0e32\u0e04\u0e21 2022 \u0e40\u0e27\u0e25\u0e32 15:07 \u2013 27 \u0e18\u0e31\u0e19\u0e27\u0e32\u0e04\u0e21 2022 \u0e40\u0e27\u0e25\u0e32 09:04	d12 l11 M17 l11 y14 l16 h12 l11 m12 ls3 d22 l21 M27 l21 y24 l26 h22 l21 m22	
th	y_MMMM_d_j_mm	month	6 \u0e21\u0e35\u0e19\u0e32\u0e04\u0e21 2023 \u0e40\u0e27\u0e25\u0e32 09:04 \u2013 9 \u0e1e\u0e24\u0e29\u0e20\u0e32\u0e04\u0e21 2023 \u0e40\u0e27\u0e25\u0e32 15:07	d11 l11 M16 l11 y14 l16 h12 l11 m12 ls3 d21 l21 M27 l21 y24 l26 h22 l21 m22	
th	y_MMMM_d_j_mm	year	24 \u0e18\u0e31\u0e19\u0e27\u0e32\u0e04\u0e21 2022 \u0e40\u0e27\u0e25\u0e32 15:07 \u2013 6 \u0e21\u0e35\u0e19\u0e32\u0e04\u0e21 2023 \u0e40\u0e27\u0e25\u0e32 09:04	d12 l11 M17 l11 y14 l16 h12 l11 m12 ls3 d21 l21 M26 l21 y24 l26 h22 l21 m22	
th	y_M_d_j_mm_ss	minute	24/12/2022 15:07:09 \u2013 15:42:31	ds2 ls1 Ms2 ls1 ys4 ls1 h12 l11 m12 l11 s12 ls3 h22 l21 m22 l21 s22	
th	y_M_d_j_mm_ss	hour	24/12/2022 13:04:05 \u2013 17:42:31	ds2 ls1 Ms2 ls1 ys4 ls1 h12 l11 m12 l11 s12 ls3 h22 l21 m22 l21 s22	
th	y_M_d_j_mm_ss	ampm	24/12/2022 09:04:05 \u2013 15:07:09	ds2 ls1 Ms2 ls1 ys4 ls1 h12 l11 m12 l11 s12 ls3 h22 l21 m22 l21 s22	
th	y_M_d_j_mm_ss	day	24/12/2022 15:07:09 \u2013 27/12/2022 09:04:05	d12 l11 M12 l11 y14 l11 h12 l11 m12 l11 s12 ls3 d22 l21 M22 l21 y24 l21 h22 l21 m22 l21 s22	
th	y_M_d_j_mm_ss	month	6/3/2023 09:04:05 \u2013 9/5/2023 15:07:09	d11 l11 M11 l11 y14 l11 h12 l11 m12 l11 s12 ls3 d21 l21 M21 l21 y24 l21 h22 l21 m22 l21 s22	
th	y_M_d_j_mm_ss	year	24/12/2022 15:07:09 \u2013 6/3/2023 09:04:05	d12 l11 M12 l11 y14 l11 h12 l11 m12 l11 s12 ls3 d21 l21 M21 l21 y24 l21 h22 l21 m22 l21 s22	
tr	E_d_MMMM	ampm	24 Aral\u0131k Cmt	ds2 ls1 Ms6 ls1 Es3	
tr	E_d_MMMM	day	24 Aral\u0131k Cmt \u2013 27 Aral\u0131k Sal	d12 l11 M16 l11 E13 ls3 d22 l21 M26 l21 E23	
tr	E_d_MMMM	month	6 Mart Pzt \u2013 9 May\u0131s Sal	d11 l11 M14 l11 E13 ls3 d21 l21 M25 l21 E23	
tr	E_d_MMMM	year	24 Aral\u0131k 2022 Cmt \u2013 6 Mart 2023 Pzt	d12 l11 M16 l11 y14 l11 E13 ls3 d21 l21 M24 l21 y24 l21 E23	
tr	EEEE_y_MMMM_d	ampm	24 Aral\u0131k 2022 Cumartesi	ds2 ls1 Ms6 ls1 ys4 ls1 Es9	
tr	EEEE_y_MMMM_d	day	24 Aral\u0131k 2022 Cumartesi \u2013 27 Aral\u0131k 2022 Sal\u0131	d12 l11 M16 l11 y14 l11 E19 ls3 d22 l21 M26 l21 y24 l21 E24	
tr	EEEE_y_MMMM_d	month	6 Mart 2023 Pazartesi \u2013 9 May\u0131s 2023 Sal\u0131	d11 l11 M14 l11 y14 l11 E19 ls3 d21 l21 M25 l21 y24 l21 E24	
tr	EEEE_y_MMMM_d	year	24 Aral\u0131k 2022 Cumartesi \u2013 6 Mart 2023 Pazartesi	d12 l11 M16 l11 y14 l11 E19 ls3 d21 l21 M24 l21 y24 l21 E29	
tr	y_MMMM	ampm	Aral\u0131k 2022	Ms6 ls1 ys4	
tr	y_MMMM	day	Aral\u0131k 2022	Ms6 ls1 ys4	
tr	y_MMMM	month	Mart \u2013 May\u0131s 2023	M14 ls3 M25 ls1 ys4	
tr	y_MMMM	year	Aral\u0131k 2022 \u2013 Mart 2023	M16 l11 y14 ls3 M24 l21 y24	
tr	y_MMM_d	ampm	24 Ara 2022	ds2 ls1 Ms3 ls1 ys4	
tr	y_MMM_d	day	24\u201327 Ara 2022	d12 ls1 d22 ls1 Ms3 ls1 ys4	
tr	y_MMM_d	month	6 Mar \u2013 9 May 2023	d11 l11 M13 ls3 d21 l21 M23 ls1 ys4	
tr	y_MMM_d	year	24 Ara 2022 \u2013 6 Mar 2023	d12 l11 M13 l11 y14 ls3 d21 l21 M23 l21 y24	
tr	MMM_d	ampm	24 Ara	ds2 ls1 Ms3	
tr	MMM_d	day	24 \u2013 27 Ara	d12 ls3 d22 ls1 Ms3	
tr	MMM_d	month	6 Mar \u2013 9 May	d11 l11 M13 ls3 d21 l21 M23	
tr	MMM_d	year	24 Ara 2022 \u2013 6 Mar 2023	d12 l11 M13 l11 y14 ls3 d21 l21 M23 l21 y24	
tr	y_M_d	ampm	24.12.2022	ds2 ls1 Ms2 ls1 ys4	
tr	y_M_d	day	24.12.2022 \u2013 27.12.2022	d12 l11 M12 l11 y14 ls3 d22 l21 M22 l21 y24	
tr	y_M_d	month	06.03.2023 \u2013 09.05.2023	d12 l11 M12 l11 y14 ls3 d22 l21 M22 l21 y24	
tr	y_M_d	year	24.12.2022 \u2013 06.03.2023	d12 l11 M12 l11 y14 ls3 d22 l21 M22 l21 y24	
tr	yy_MM_dd	ampm	24.12.22	ds2 ls1 Ms2 ls1 ys2	
tr	yy_MM_dd	day	24.12.22 \u2013 27.12.22	d12 l11 M12 l11 y12 ls3 d22 l21 M22 l21 y22	
tr	yy_MM_dd	month	06.03.23 \u2013 09.05.23	d12 l11 M12 l11 y12 ls3 d22 l21 M22 l21 y22	
tr	yy_MM_dd	year	24.12.22 \u2013 06.03.23	d12 l11 M12 l11 y12 ls3 d22 l21 M22 l21 y22	
tr	MMMM	ampm	Aral\u0131k	Ms6	
tr	MMMM	day	Aral\u0131k	Ms6	
tr	MMMM	month	Mart \u2013 May\u0131s	M14 ls3 M25	
tr	MMMM	year	Aral\u0131k \u2013 Mart	M16 ls3 M24	
tr	d	ampm	24	ds2	
tr	d	day	24\u201327	d12 ls1 d22	
tr	d	month	6.3 \u2013 9.5	d11 l11 M11 ls3 d21 l21 M21	
tr	d	year	24.12.2022 \u2013 06.03.2023	d12 l11 M12 l11 y14 ls3 d22 l21 M22 l21 y24	
tr	G_y	ampm	MS 2022	Gs2 ls1 ys4	
tr	G_y	day	MS 2022	Gs2 ls1 ys4	
tr	G_y	month	MS 2023	Gs2 ls1 ys4	
tr	G_y	year	MS 2022\u20132023	Gs2 ls1 y14 ls1 y24	
tr	j_mm	minute	15:07\u201315:42	h12 l11 m12 ls1 h22 l21 m22	
tr	j_mm	hour	13:04\u201317:42	h12 l11 m12 ls1 h22 l21 m22	
tr	j_mm	ampm	09:04\u201315:07	h12 l11 m12 ls1 h22 l21 m22	
tr	j_mm	day	24.12.2022 15:07 \u2013 27.12.2022 09:04	d12 l11 M12 l11 y14 l11 h12 l11 m12 ls3 d22 l21 M22 l21 y24 l21 h22 l21 m22	
tr	j_mm	month	06.03.2023 09:04 \u2013 09.05.2023 15:07	d12 l11 M12 l11 y14 l11 h12 l11 m12 ls3 d22 l21 M22 l21 y24 l21 h22 l21 m22	
tr	j_mm	year	24.12.2022 15:07 \u2013 06.03.2023 09:04	d12 l11 M12 l11 y14 l11 h12 l11 m12 ls3 d22 l21 M22 l21 y24 l21 h22 l21 m22	
tr	H_mm_h23	minute	15:07\u201315:42	h12 l11 m12 ls1 h22 l21 m22	
tr	H_mm_h23	hour	13:04\u201317:42	h12 l11 m12 ls1 h22 l21 m22	
tr	H_mm_h23	ampm	09:04\u201315:07	h12 l11 m12 ls1 h22 l21 m22	
tr	H_mm_h23	day	24.12.2022 15:07 \u2013 27.12.2022 09:04	d12 l11 M12 l11 y14 l11 h12 l11 m12 ls3 d22 l21 M22 l21 y24 l21 h22 l21 m22	
tr	H_mm_h23	month	06.03.2023 09:04 \u2013 09.05.2023 15:07	d12 l11 M12 l11 y14 l11 h12 l11 m12 ls3 d22 l21 M22 l21 y24 l21 h22 l21 m22	
tr	H_mm_h23	year	24.12.2022 15:07 \u2013 06.03.2023 09:04	d12 l11 M12 l11 y14 l11 h12 l11 m12 ls3 d22 l21 M22 l21 y24 l21 h22 l21 m22	
tr	j_mm_ss	minute	15:07:09 \u2013 15:42:31	h12 l11 m12 l11 s12 ls3 h22 l21 m22 l21 s22	
tr	j_mm_ss	hour	13:04:05 \u2013 17:42:31	h12 l11 m12 l11 s12 ls3 h22 l21 m22 l21 s22	
tr	j_mm_ss	ampm	09:04:05 \u2013 15:07:09	h12 l11 m12 l11 s12 ls3 h22 l21 m22 l21 s22	
tr	j_mm_ss	day	24.12.2022 15:07:09 \u2013 27.12.2022 09:04:05	d12 l11 M12 l11 y14 l11 h12 l11 m12 l11 s12 ls3 d22 l21 M22 l21 y24 l21 h22 l21 m22 l21 s22	
tr	j_mm_ss	month	06.03.2023 09:04:05 \u2013 09.05.2023 15:07:09	d12 l11 M12 l11 y14 l11 h12 l11 m12 l11 s12 ls3 d22 l21 M22 l21 y24 l21 h22 l21 m22 l21 s22	
tr	j_mm_ss	year	24.12.2022 15:07:09 \u2013 06.03.2023 09:04:05	d12 l11 M12 l11 y14 l11 h12 l11 m12 l11 s12 ls3 d22 l21 M22 l21 y24 l21 h22 l21 m22 l21 s22	
tr	y_MMMM_d_j_mm	minute	24 Aral\u0131k 2022 15:07\u201315:42	ds2 ls1 Ms6 ls1 ys4 ls1 h12 l11 m12 ls1 h22 l21 m22	
tr	y_MMMM_d_j_mm	hour	24 Aral\u0131k 2022 13:04\u201317:42	ds2 ls1 Ms6 ls1 ys4 ls1 h12 l11 m12 ls1 h22 l21 m22	
tr	y_MMMM_d_j_mm	ampm	24 Aral\u0131k 2022 09:04\u201315:07	ds2 ls1 Ms6 ls1 ys4 ls1 h12 l11 m12 ls1 h22 l21 m22	
tr	y_MMMM_d_j_mm	day	24 Aral\u0131k 2022 15:07 \u2013 27 Aral\u0131k 2022 09:04	d12 l11 M16 l11 y14 l11 h12 l11 m12 ls3 d22 l21 M26 l21 y24 l21 h22 l21 m22	
tr	y_MMMM_d_j_mm	month	6 Mart 2023 09:04 \u2013 9 May\u0131s 2023 15:07	d11 l11 M14 l11 y14 l11 h12 l11 m12 ls3 d21 l21 M25 l21 y24 l21 h22 l21 m22	
tr	y_MMMM_d_j_mm	year	24 Aral\u0131k 2022 15:07 \u2013 6 Mart 2023 09:04	d12 l11 M16 l11 y14 l11 h12 l11 m12 ls3 d21 l21 M24 l21 y24 l21 h22 l21 m22	
tr	y_M_d_j_mm_ss	minute	24.12.2022 15:07:09 \u2013 15:42:31	ds2 ls1 Ms2 ls1 ys4 ls1 h12 l11 m12 l11 s12 ls3 h22 l21 m22 l21 s22	
tr	y_M_d_j_mm_ss	hour	24.12.2022 13:04:05 \u2013 17:42:31	ds2 ls1 Ms2 ls1 ys4 ls1 h12 l11 m12 l11 s12 ls3 h22 l21 m22 l21 s22	
tr	y_M_d_j_mm_ss	ampm	24.12.2022 09:04:05 \u2013 15:07:09	ds2 ls1 Ms2 ls1 ys4 ls1 h12 l11 m12 l11 s12 ls3 h22 l21 m22 l21 s22	
tr	y_M_d_j_mm_ss	day	24.12.2022 15:07:09 \u2013 27.12.2022 09:04:05	d12 l11 M12 l11 y14 l11 h12 l11 m12 l11 s12 ls3 d22 l21 M22 l21 y24 l21 h22 l21 m22 l21 s22	
tr	y_M_d_j_mm_ss	month	06.03.2023 09:04:05 \u2013 09.05.2023 15:07:09	d12 l11 M12 l11 y14 l11 h12 l11 m12 l11 s12 ls3 d22 l21 M22 l21 y24 l21 h22 l21 m22 l21 s22	
tr	y_M_d_j_mm_ss	year	24.12.2022 15:07:09 \u2013 06.03.2023 09:04:05	d12 l11 M12 l11 y14 l11 h12 l11 m12 l11 s12 ls3 d22 l21 M22 l21 y24 l21 h22 l21 m22 l21 s22	
uk	E_d_MMMM	ampm	\u0441\u0431, 24 \u0433\u0440\u0443\u0434\u043d\u044f	Es2 ls2 ds2 ls1 Ms6	
uk	E_d_MMMM	day	\u0441\u0431, 24 \u2013 \u0432\u0442, 27 \u0433\u0440\u0443\u0434\u043d\u044f	E12 l12 d12 ls3 E22 l22 d22 ls1 Ms6	
uk	E_d_MMMM	month	\u043f\u043d, 6 \u0431\u0435\u0440\u0435\u0437\u043d\u044f \u2013 \u0432\u0442, 9 \u0442\u0440\u0430\u0432\u043d\u044f	E12 l12 d11 l11 M17 ls3 E22 l22 d21 l21 M26	
uk	E_d_MMMM	year	\u0441\u0431, 24 \u0433\u0440\u0443\u0434\u043d\u044f 2022 \u2013 \u043f\u043d, 6 \u0431\u0435\u0440\u0435\u0437\u043d\u044f 2023 \u0440\u0440.	E12 l12 d12 l11 M16 l11 y14 ls3 E22 l22 d21 l21 M27 l21 y24 ls4	
uk	EEEE_y_MMMM_d	ampm	\u0441\u0443\u0431\u043e\u0442\u0430, 24 \u0433\u0440\u0443\u0434\u043d\u044f 2022 \u0440.	Es6 ls2 ds2 ls1 Ms6 ls1 ys4 ls3	
uk	EEEE_y_MMMM_d	day	\u0441\u0443\u0431\u043e\u0442\u0430, 24 \u2013 \u0432\u0456\u0432\u0442\u043e\u0440\u043e\u043a, 27 \u0433\u0440\u0443\u0434\u043d\u044f 2022 \u0440.	E16 l12 d12 ls3 E28 l22 d22 ls1 Ms6 ls1 ys4 ls3	
uk	EEEE_y_MMMM_d	month	\u043f\u043e\u043d\u0435\u0434\u0456\u043b\u043e\u043a, 6 \u0431\u0435\u0440\u0435\u0437\u043d\u044f \u2013 \u0432\u0456\u0432\u0442\u043e\u0440\u043e\u043a, 9 \u0442\u0440\u0430\u0432\u043d\u044f 2023 \u0440.	E19 l12 d11 l11 M17 ls3 E28 l22 d21 l21 M26 ls1 ys4 ls3	
uk	EEEE_y_MMMM_d	year	\u0441\u0443\u0431\u043e\u0442\u0430, 24 \u0433\u0440\u0443\u0434\u043d\u044f 2022 \u2013 \u043f\u043e\u043d\u0435\u0434\u0456\u043b\u043e\u043a, 6 \u0431\u0435\u0440\u0435\u0437\u043d\u044f 2023 \u0440\u0440.	E16 l12 d12 l11 M16 l11 y14 ls3 E29 l22 d21 l21 M27 l21 y24 ls4	
uk	y_MMMM	ampm	\u0433\u0440\u0443\u0434\u0435\u043d\u044c 2022 \u0440.	Ms7 ls1 ys4 ls3	
uk	y_MMMM	day	\u0433\u0440\u0443\u0434\u0435\u043d\u044c 2022 \u0440.	Ms7 ls1 ys4 ls3	
uk	y_MMMM	month	\u0431\u0435\u0440\u0435\u0437\u0435\u043d\u044c 2023 \u0440. \u2013 \u0442\u0440\u0430\u0432\u0435\u043d\u044c 2023 \u0440.	M18 l11 y14 ls6 M27 l21 y24 ls3	
uk	y_MMMM	year	\u0433\u0440\u0443\u0434\u0435\u043d\u044c 2022 \u0440. \u2013 \u0431\u0435\u0440\u0435\u0437\u0435\u043d\u044c 2023 \u0440.	M17 l11 y14 ls6 M28 l21 y24 ls3	
uk	y_MMM_d	ampm	24 \u0433\u0440\u0443\u0434. 2022 \u0440.	ds2 ls1 Ms5 ls1 ys4 ls3	
uk	y_MMM_d	day	24\u201327 \u0433\u0440\u0443\u0434. 2022 \u0440.	d12 ls1 d22 ls1 Ms5 ls1 ys4 ls3	
uk	y_MMM_d	month	6 \u0431\u0435\u0440. \u2013 9 \u0442\u0440\u0430\u0432. 2023 \u0440.	d11 l11 M14 ls3 d21 l21 M25 ls1 ys4 ls3	
uk	y_MMM_d	year	24 \u0433\u0440\u0443\u0434. 2022 \u2013 6 \u0431\u0435\u0440. 2023 \u0440\u0440.	d12 l11 M15 l11 y14 ls3 d21 l21 M24 l21 y24 ls4	
uk	MMM_d	ampm	24 \u0433\u0440\u0443\u0434.	ds2 ls1 Ms5	
uk	MMM_d	day	24\u201327 \u0433\u0440\u0443\u0434.	d12 ls1 d22 ls1 Ms5	
uk	MMM_d	month	6 \u0431\u0435\u0440. \u2013 9 \u0442\u0440\u0430\u0432.	d11 l11 M14 ls3 d21 l21 M25	
uk	MMM_d	year	24 \u0433\u0440\u0443\u0434. 2022 \u2013 6 \u0431\u0435\u0440. 2023 \u0440\u0440.	d12 l11 M15 l11 y14 ls3 d21 l21 M24 l21 y24 ls4	
uk	y_M_d	ampm	24.12.2022	ds2 ls1 Ms2 ls1 ys4	
uk	y_M_d	day	24.12.2022 \u2013 27.12.2022	d12 l11 M12 l11 y14 ls3 d22 l21 M22 l21 y24	
uk	y_M_d	month	06.03.2023 \u2013 09.05.2023	d12 l11 M12 l11 y14 ls3 d22 l21 M22 l21 y24	
uk	y_M_d	year	24.12.2022 \u2013 06.03.2023	d12 l11 M12 l11 y14 ls3 d22 l21 M22 l21 y24	
uk	yy_MM_dd	ampm	24.12.22	ds2 ls1 Ms2 ls1 ys2	
uk	yy_MM_dd	day	24.12.22 \u2013 27.12.22	d12 l11 M12 l11 y12 ls3 d22 l21 M22 l21 y22	
uk	yy_MM_dd	month	06.03.23 \u2013 09.05.23	d12 l11 M12 l11 y12 ls3 d22 l21 M22 l21 y22	
uk	yy_MM_dd	year	24.12.22 \u2013 06.03.23	d12 l11 M12 l11 y12 ls3 d22 l21 M22 l21 y22	
uk	MMMM	ampm	\u0433\u0440\u0443\u0434\u0435\u043d\u044c	Ms7	
uk	MMMM	day	\u0433\u0440\u0443\u0434\u0435\u043d\u044c	Ms7	
uk	MMMM	month	\u0431\u0435\u0440\u0435\u0437\u0435\u043d\u044c \u2013 \u0442\u0440\u0430\u0432\u0435\u043d\u044c	M18 ls3 M27	
uk	MMMM	year	\u0433\u0440\u0443\u0434\u0435\u043d\u044c \u2013 \u0431\u0435\u0440\u0435\u0437\u0435\u043d\u044c	M17 ls3 M28	
uk	d	ampm	24	ds2	
uk	d	day	24\u201327	d12 ls1 d22	
uk	d	month	06.03 \u2013 09.05	d12 l11 M12 ls3 d22 l21 M22	
uk	d	year	24.12.2022 \u2013 06.03.2023	d12 l11 M12 l11 y14 ls3 d22 l21 M22 l21 y24	
uk	G_y	ampm	2022 \u043d. \u0435.	ys4 ls1 Gs5	
uk	G_y	day	2022 \u043d. \u0435.	ys4 ls1 Gs5	
uk	G_y	month	2023 \u043d. \u0435.	ys4 ls1 Gs5	
uk	G_y	year	2022\u20132023 \u0440\u0440. \u043d. \u0435.	y14 ls1 y24 ls5 Gs5	
uk	j_mm	minute	15:07\u201315:42	h12 l11 m12 ls1 h22 l21 m22	
uk	j_mm	hour	13:04\u201317:42	h12 l11 m12 ls1 h22 l21 m22	
uk	j_mm	ampm	09:04\u201315:07	h12 l11 m12 ls1 h22 l21 m22	
uk	j_mm	day	24.12.2022, 15:07 \u2013 27.12.2022, 09:04	d12 l11 M12 l11 y14 l12 h12 l11 m12 ls3 d22 l21 M22 l21 y24 l22 h22 l21 m22	
uk	j_mm	month	06.03.2023, 09:04 \u2013 09.05.2023, 15:07	d12 l11 M12 l11 y14 l12 h12 l11 m12 ls3 d22 l21 M22 l21 y24 l22 h22 l21 m22	
uk	j_mm	year	24.12.2022, 15:07 \u2013 06.03.2023, 09:04	d12 l11 M12 l11 y14 l12 h12 l11 m12 ls3 d22 l21 M22 l21 y24 l22 h22 l21 m22	
uk	H_mm_h23	minute	15:07\u201315:42	h12 l11 m12 ls1 h22 l21 m22	
uk	H_mm_h23	hour	13:04\u201317:42	h12 l11 m12 ls1 h22 l21 m22	
uk	H_mm_h23	ampm	09:04\u201315:07	h12 l11 m12 ls1 h22 l21 m22	
uk	H_mm_h23	day	24.12.2022, 15:07 \u2013 27.12.2022, 09:04	d12 l11 M12 l11 y14 l12 h12 l11 m12 ls3 d22 l21 M22 l21 y24 l22 h22 l21 m22	
uk	H_mm_h23	month	06.03.2023, 09:04 \u2013 09.05.2023, 15:07	d12 l11 M12 l11 y14 l12 h12 l11 m12 ls3 d22 l21 M22 l21 y24 l22 h22 l21 m22	
uk	H_mm_h23	year	24.12.2022, 15:07 \u2013 06.03.2023, 09:04	d12 l11 M12 l11 y14 l12 h12 l11 m12 ls3 d22 l21 M22 l21 y24 l22 h22 l21 m22	
uk	j_mm_ss	minute	15:07:09 \u2013 15:42:31	h12 l11 m12 l11 s12 ls3 h22 l21 m22 l21 s22	
uk	j_mm_ss	hour	13:04:05 \u2013 17:42:31	h12 l11 m12 l11 s12 ls3 h22 l21 m22 l21 s22	
uk	j_mm_ss	ampm	09:04:05 \u2013 15:07:09	h12 l11 m12 l11 s12 ls3 h22 l21 m22 l21 s22	
uk	j_mm_ss	day	24.12.2022, 15:07:09 \u2013 27.12.2022, 09:04:05	d12 l11 M12 l11 y14 l12 h12 l11 m12 l11 s12 ls3 d22 l21 M22 l21 y24 l22 h22 l21 m22 l21 s22	
uk	j_mm_ss	month	06.03.2023, 09:04:05 \u2013 09.05.2023, 15:07:09	d12 l11 M12 l11 y14 l12 h12 l11 m12 l11 s12 ls3 d22 l21 M22 l21 y24 l22 h22 l21 m22 l21 s22	
uk	j_mm_ss	year	24.12.2022, 15:07:09 \u2013 06.03.2023, 09:04:05	d12 l11 M12 l11 y14 l12 h12 l11 m12 l11 s12 ls3 d22 l21 M22 l21 y24 l22 h22 l21 m22 l21 s22	
uk	y_MMMM_d_j_mm	minute	24 \u0433\u0440\u0443\u0434\u043d\u044f 2022 \u0440., 15:07\u201315:42	ds2 ls1 Ms6 ls1 ys4 ls5 h12 l11 m12 ls1 h22 l21 m22	
uk	y_MMMM_d_j_mm	hour	24 \u0433\u0440\u0443\u0434\u043d\u044f 2022 \u0440., 13:04\u201317:42	ds2 ls1 Ms6 ls1 ys4 ls5 h12 l11 m12 ls1 h22 l21 m22	
uk	y_MMMM_d_j_mm	ampm	24 \u0433\u0440\u0443\u0434\u043d\u044f 2022 \u0440., 09:04\u201315:07	ds2 ls1 Ms6 ls1 ys4 ls5 h12 l11 m12 ls1 h22 l21 m22	
uk	y_MMMM_d_j_mm	day	24 \u0433\u0440\u0443\u0434\u043d\u044f 2022 \u0440. \u043e 15:07 \u2013 27 \u0433\u0440\u0443\u0434\u043d\u044f 2022 \u0440. \u043e 09:04	d12 l11 M16 l11 y14 l16 h12 l11 m12 ls3 d22 l21 M26 l21 y24 l26 h22 l21 m22	
uk	y_MMMM_d_j_mm	month	6 \u0431\u0435\u0440\u0435\u0437\u043d\u044f 2023 \u0440. \u043e 09:04 \u2013 9 \u0442\u0440\u0430\u0432\u043d\u044f 2023 \u0440. \u043e 15:07	d11 l11 M17 l11 y14 l16 h12 l11 m12 ls3 d21 l21 M26 l21 y24 l26 h22 l21 m22	
uk	y_MMMM_d_j_mm	year	24 \u0433\u0440\u0443\u0434\u043d\u044f 2022 \u0440. \u043e 15:07 \u2013 6 \u0431\u0435\u0440\u0435\u0437\u043d\u044f 2023 \u0440. \u043e 09:04	d12 l11 M16 l11 y14 l16 h12 l11 m12 ls3 d21 l21 M27 l21 y24 l26 h22 l21 m22	
uk	y_M_d_j_mm_ss	minute	24.12.2022, 15:07:09 \u2013 15:42:31	ds2 ls1 Ms2 ls1 ys4 ls2 h12 l11 m12 l11 s12 ls3 h22 l21 m22 l21 s22	
uk	y_M_d_j_mm_ss	hour	24.12.2022, 13:04:05 \u2013 17:42:31	ds2 ls1 Ms2 ls1 ys4 ls2 h12 l11 m12 l11 s12 ls3 h22 l21 m22 l21 s22	
uk	y_M_d_j_mm_ss	ampm	24.12.2022, 09:04:05 \u2013 15:07:09	ds2 ls1 Ms2 ls1 ys4 ls2 h12 l11 m12 l11 s12 ls3 h22 l21 m22 l21 s22	
uk	y_M_d_j_mm_ss	day	24.12.2022, 15:07:09 \u2013 27.12.2022, 09:04:05	d12 l11 M12 l11 y14 l12 h12 l11 m12 l11 s12 ls3 d22 l21 M22 l21 y24 l22 h22 l21 m22 l21 s22	
uk	y_M_d_j_mm_ss	month	06.03.2023, 09:04:05 \u2013 09.05.2023, 15:07:09	d12 l11 M12 l11 y14 l12 h12 l11 m12 l11 s12 ls3 d22 l21 M22 l21 y24 l22 h22 l21 m22 l21 s22	
uk	y_M_d_j_mm_ss	year	24.12.2022, 15:07:09 \u2013 06.03.2023, 09:04:05	d12 l11 M12 l11 y14 l12 h12 l11 m12 l11 s12 ls3 d22 l21 M22 l21 y24 l22 h22 l21 m22 l21 s22	
ur	E_d_MMMM	ampm	\u06c1\u0641\u062a\u06c1\u060c 24 \u062f\u0633\u0645\u0628\u0631	Es4 ls2 ds2 ls1 Ms5	
ur	E_d_MMMM	day	\u06c1\u0641\u062a\u06c1\u060c 24 \u062f\u0633\u0645\u0628\u0631 \u2013 \u0645\u0646\u06af\u0644\u060c 27 \u062f\u0633\u0645\u0628\u0631	E14 l12 d12 l11 M15 ls3 E24 l22 d22 l21 M25	
ur	E_d_MMMM	month	\u067e\u06cc\u0631\u060c 6 \u0645\u0627\u0631\u0686 \u2013 \u0645\u0646\u06af\u0644\u060c 9 \u0645\u0626\u06cc	E13 l12 d11 l11 M14 ls3 E24 l22 d21 l21 M23	
ur	E_d_MMMM	year	\u06c1\u0641\u062a\u06c1\u060c 24 \u062f\u0633\u0645\u0628\u0631\u060c 2022 \u2013 \u067e\u06cc\u0631\u060c 6 \u0645\u0627\u0631\u0686\u060c 2023	E14 l12 d12 l11 M15 l12 y14 ls3 E23 l22 d21 l21 M24 l22 y24	
ur	EEEE_y_MMMM_d	ampm	\u06c1\u0641\u062a\u06c1\u060c 24 \u062f\u0633\u0645\u0628\u0631\u060c 2022	Es4 ls2 ds2 ls1 Ms5 ls2 ys4	
ur	EEEE_y_MMMM_d	day	\u06c1\u0641\u062a\u06c1\u060c 24 \u062f\u0633\u0645\u0628\u0631 \u2013 \u0645\u0646\u06af\u0644\u060c 27 \u062f\u0633\u0645\u0628\u0631\u060c 2022	E14 l12 d12 l11 M15 ls3 E24 l22 d22 l21 M25 ls2 ys4	
ur	EEEE_y_MMMM_d	month	\u067e\u06cc\u0631\u060c 6 \u0645\u0627\u0631\u0686 \u2013 \u0645\u0646\u06af\u0644\u060c 9 \u0645\u0626\u06cc\u060c 2023	E13 l12 d11 l11 M14 ls3 E24 l22 d21 l21 M23 ls2 ys4	
ur	EEEE_y_MMMM_d	year	\u06c1\u0641\u062a\u06c1\u060c 24 \u062f\u0633\u0645\u0628\u0631\u060c 2022 \u2013 \u067e\u06cc\u0631\u060c 6 \u0645\u0627\u0631\u0686\u060c 2023	E14 l12 d12 l11 M15 l12 y14 ls3 E23 l22 d21 l21 M24 l22 y24	
ur	y_MMMM	ampm	\u062f\u0633\u0645\u0628\u0631 2022	Ms5 ls1 ys4	
ur	y_MMMM	day	\u062f\u0633\u0645\u0628\u0631 2022	Ms5 ls1 ys4	
ur	y_MMMM	month	\u0645\u0627\u0631\u0686\u2013\u0645\u0626\u06cc 2023	M14 ls1 M23 ls1 ys4	
ur	y_MMMM	year	\u062f\u0633\u0645\u0628\u0631 2022 \u2013 \u0645\u0627\u0631\u0686 2023	M15 l11 y14 ls3 M24 l21 y24	
ur	y_MMM_d	ampm	24 \u062f\u0633\u0645\u0628\u0631\u060c 2022	ds2 ls1 Ms5 ls2 ys4	
ur	y_MMM_d	day	24\u201327 \u062f\u0633\u0645\u0628\u0631 2022	d12 ls1 d22 ls1 Ms5 ls1 ys4	
ur	y_MMM_d	month	6 \u0645\u0627\u0631\u0686 \u2013 9 \u0645\u0626\u06cc\u060c 2023	d11 l11 M14 ls3 d21 l21 M23 ls2 ys4	
ur	y_MMM_d	year	24 \u062f\u0633\u0645\u0628\u0631\u060c 2022 \u2013 6 \u0645\u0627\u0631\u0686\u060c 2023	d12 l11 M15 l12 y14 ls3 d21 l21 M24 l22 y24	
ur	MMM_d	ampm	24 \u062f\u0633\u0645\u0628\u0631	ds2 ls1 Ms5	
ur	MMM_d	day	24\u201327 \u062f\u0633\u0645\u0628\u0631	d12 ls1 d22 ls1 Ms5	
ur	MMM_d	month	6 \u0645\u0627\u0631\u0686 \u2013 9 \u0645\u0626\u06cc	d11 l11 M14 ls3 d21 l21 M23	
ur	MMM_d	year	24 \u062f\u0633\u0645\u0628\u0631\u060c 2022 \u2013 6 \u0645\u0627\u0631\u0686\u060c 2023	d12 l11 M15 l12 y14 ls3 d21 l21 M24 l22 y24	
ur	y_M_d	ampm	24/12/2022	ds2 ls1 Ms2 ls1 ys4	
ur	y_M_d	day	24/12/2022 \u2013 27/12/2022	d12 l11 M12 l11 y14 ls3 d22 l21 M22 l21 y24	
ur	y_M_d	month	6/3/2023 \u2013 9/5/2023	d11 l11 M11 l11 y14 ls3 d21 l21 M21 l21 y24	
ur	y_M_d	year	24/12/2022 \u2013 6/3/2023	d12 l11 M12 l11 y14 ls3 d21 l21 M21 l21 y24	
ur	yy_MM_dd	ampm	24/12/22	ds2 ls1 Ms2 ls1 ys2	
ur	yy_MM_dd	day	24/12/22 \u2013 27/12/22	d12 l11 M12 l11 y12 ls3 d22 l21 M22 l21 y22	
ur	yy_MM_dd	month	6/3/23 \u2013 9/5/23	d11 l11 M11 l11 y12 ls3 d21 l21 M21 l21 y22	
ur	yy_MM_dd	year	24/12/22 \u2013 6/3/23	d12 l11 M12 l11 y12 ls3 d21 l21 M21 l21 y22	
ur	MMMM	ampm	\u062f\u0633\u0645\u0628\u0631	Ms5	
ur	MMMM	day	\u062f\u0633\u0645\u0628\u0631	Ms5	
ur	MMMM	month	\u0645\u0627\u0631\u0686 \u2013 \u0645\u0626\u06cc	M14 ls3 M23	
ur	MMMM	year	\u062f\u0633\u0645\u0628\u0631 \u2013 \u0645\u0627\u0631\u0686	M15 ls3 M24	
ur	d	ampm	24	ds2	
ur	d	day	24\u201327	d12 ls1 d22	
ur	d	month	6/3 \u2013 9/5	d11 l11 M11 ls3 d21 l21 M21	
ur	d	year	24/12/2022 \u2013 6/3/2023	d12 l11 M12 l11 y14 ls3 d21 l21 M21 l21 y24	
ur	G_y	ampm	2022 \u0639\u06cc\u0633\u0648\u06cc	ys4 ls1 Gs5	
ur	G_y	day	2022 \u0639\u06cc\u0633\u0648\u06cc	ys4 ls1 Gs5	
ur	G_y	month	2023 \u0639\u06cc\u0633\u0648\u06cc	ys4 ls1 Gs5	
ur	G_y	year	2022 \u2013 2023 \u0639\u06cc\u0633\u0648\u06cc	y14 ls3 y24 ls1 Gs5	
ur	j_mm	minute	3:07\u20133:42 PM	h11 l11 m12 ls1 h21 l21 m22 ls1 as2	
ur	j_mm	hour	1:04\u20135:42 PM	h11 l11 m12 ls1 h21 l21 m22 ls1 as2	
ur	j_mm	ampm	9:04 AM \u2013 3:07 PM	h11 l11 m12 l11 a12 ls3 h21 l21 m22 l21 a22	
ur	j_mm	day	24/12/2022\u060c 3:07 PM \u2013 27/12/2022\u060c 9:04 AM	d12 l11 M12 l11 y14 l12 h11 l11 m12 l11 a12 ls3 d22 l21 M22 l21 y24 l22 h21 l21 m22 l21 a22	
ur	j_mm	month	6/3/2023\u060c 9:04 AM \u2013 9/5/2023\u060c 3:07 PM	d11 l11 M11 l11 y14 l12 h11 l11 m12 l11 a12 ls3 d21 l21 M21 l21 y24 l22 h21 l21 m22 l21 a22	
ur	j_mm	year	24/12/2022\u060c 3:07 PM \u2013 6/3/2023\u060c 9:04 AM	d12 l11 M12 l11 y14 l12 h11 l11 m12 l11 a12 ls3 d21 l21 M21 l21 y24 l22 h21 l21 m22 l21 a22	
ur	H_mm_h23	minute	15:07\u201315:42	h12 l11 m12 ls1 h22 l21 m22	
ur	H_mm_h23	hour	13:04\u201317:42	h12 l11 m12 ls1 h22 l21 m22	
ur	H_mm_h23	ampm	09:04\u201315:07	h12 l11 m12 ls1 h22 l21 m22	
ur	H_mm_h23	day	24/12/2022\u060c 15:07 \u2013 27/12/2022\u060c 09:04	d12 l11 M12 l11 y14 l12 h12 l11 m12 ls3 d22 l21 M22 l21 y24 l22 h22 l21 m22	
ur	H_mm_h23	month	6/3/2023\u060c 09:04 \u2013 9/5/2023\u060c 15:07	d11 l11 M11 l11 y14 l12 h12 l11 m12 ls3 d21 l21 M21 l21 y24 l22 h22 l21 m22	
ur	H_mm_h23	year	24/12/2022\u060c 15:07 \u2013 6/3/2023\u060c 09:04	d12 l11 M12 l11 y14 l12 h12 l11 m12 ls3 d21 l21 M21 l21 y24 l22 h22 l21 m22	
ur	j_mm_ss	minute	3:07:09 PM \u2013 3:42:31 PM	h11 l11 m12 l11 s12 l11 a12 ls3 h21 l21 m22 l21 s22 l21 a22	
ur	j_mm_ss	hour	1:04:05 PM \u2013 5:42:31 PM	h11 l11 m12 l11 s12 l11 a12 ls3 h21 l21 m22 l21 s22 l21 a22	
ur	j_mm_ss	ampm	9:04:05 AM \u2013 3:07:09 PM	h11 l11 m12 l11 s12 l11 a12 ls3 h21 l21 m22 l21 s22 l21 a22	
ur	j_mm_ss	day	24/12/2022\u060c 3:07:09 PM \u2013 27/12/2022\u060c 9:04:05 AM	d12 l11 M12 l11 y14 l12 h11 l11 m12 l11 s12 l11 a12 ls3 d22 l21 M22 l21 y24 l22 h21 l21 m22 l21 s22 l21 a22	
ur	j_mm_ss	month	6/3/2023\u060c 9:04:05 AM \u2013 9/5/2023\u060c 3:07:09 PM	d11 l11 M11 l11 y14 l12 h11 l11 m12 l11 s12 l11 a12 ls3 d21 l21 M21 l21 y24 l22 h21 l21 m22 l21 s22 l21 a22	
ur	j_mm_ss	year	24/12/2022\u060c 3:07:09 PM \u2013 6/3/2023\u060c 9:04:05 AM	d12 l11 M12 l11 y14 l12 h11 l11 m12 l11 s12 l11 a12 ls3 d21 l21 M21 l21 y24 l22 h21 l21 m22 l21 s22 l21 a22	
ur	y_MMMM_d_j_mm	minute	24 \u062f\u0633\u0645\u0628\u0631\u060c 2022 3:07\u20133:42 PM	ds2 ls1 Ms5 ls2 ys4 ls1 h11 l11 m12 ls1 h21 l21 m22 ls1 as2	
ur	y_MMMM_d_j_mm	hour	24 \u062f\u0633\u0645\u0628\u0631\u060c 2022 1:04\u20135:42 PM	ds2 ls1 Ms5 ls2 ys4 ls1 h11 l11 m12 ls1 h21 l21 m22 ls1 as2	
ur	y_MMMM_d_j_mm	ampm	24 \u062f\u0633\u0645\u0628\u0631\u060c 2022 9:04 AM \u2013 3:07 PM	ds2 ls1 Ms5 ls2 ys4 ls1 h11 l11 m12 l11 a12 ls3 h21 l21 m22 l21 a22	
ur	y_MMMM_d_j_mm	day	24 \u062f\u0633\u0645\u0628\u0631\u060c 2022 \u06a9\u0648 3:07 PM \u2013 27 \u062f\u0633\u0645\u0628\u0631\u060c 2022 \u06a9\u0648 9:04 AM	d12 l11 M15 l12 y14 l14 h11 l11 m12 l11 a12 ls3 d22 l21 M25 l22 y24 l24 h21 l21 m22 l21 a22	
ur	y_MMMM_d_j_mm	month	6 \u0645\u0627\u0631\u0686\u060c 2023 \u06a9\u0648 9:04 AM \u2013 9 \u0645\u0626\u06cc\u060c 2023 \u06a9\u0648 3:07 PM	d11 l11 M14 l12 y14 l14 h11 l11 m12 l11 a12 ls3 d21 l21 M23 l22 y24 l24 h21 l21 m22 l21 a22	
ur	y_MMMM_d_j_mm	year	24 \u062f\u0633\u0645\u0628\u0631\u060c 2022 \u06a9\u0648 3:07 PM \u2013 6 \u0645\u0627\u0631\u0686\u060c 2023 \u06a9\u0648 9:04 AM	d12 l11 M15 l12 y14 l14 h11 l11 m12 l11 a12 ls3 d21 l21 M24 l22 y24 l24 h21 l21 m22 l21 a22	
ur	y_M_d_j_mm_ss	minute	24/12/2022 3:07:09 PM \u2013 3:42:31 PM	ds2 ls1 Ms2 ls1 ys4 ls1 h11 l11 m12 l11 s12 l11 a12 ls3 h21 l21 m22 l21 s22 l21 a22	
ur	y_M_d_j_mm_ss	hour	24/12/2022 1:04:05 PM \u2013 5:42:31 PM	ds2 ls1 Ms2 ls1 ys4 ls1 h11 l11 m12 l11 s12 l11 a12 ls3 h21 l21 m22 l21 s22 l21 a22	
ur	y_M_d_j_mm_ss	ampm	24/12/2022 9:04:05 AM \u2013 3:07:09 PM	ds2 ls1 Ms2 ls1 ys4 ls1 h11 l11 m12 l11 s12 l11 a12 ls3 h21 l21 m22 l21 s22 l21 a22	
ur	y_M_d_j_mm_ss	day	24/12/2022\u060c 3:07:09 PM \u2013 27/12/2022\u060c 9:04:05 AM	d12 l11 M12 l11 y14 l12 h11 l11 m12 l11 s12 l11 a12 ls3 d22 l21 M22 l21 y24 l22 h21 l21 m22 l21 s22 l21 a22	
ur	y_M_d_j_mm_ss	month	6/3/2023\u060c 9:04:05 AM \u2013 9/5/2023\u060c 3:07:09 PM	d11 l11 M11 l11 y14 l12 h11 l11 m12 l11 s12 l11 a12 ls3 d21 l21 M21 l21 y24 l22 h21 l21 m22 l21 s22 l21 a22	
ur	y_M_d_j_mm_ss	year	24/12/2022\u060c 3:07:09 PM \u2013 6/3/2023\u060c 9:04:05 AM	d12 l11 M12 l11 y14 l12 h11 l11 m12 l11 s12 l11 a12 ls3 d21 l21 M21 l21 y24 l22 h21 l21 m22 l21 s22 l21 a22	
vi	E_d_MMMM	ampm	Th\u1ee9 7, 24 th\u00e1ng 12	Es5 ls2 ds2 ls1 Ms8	
vi	E_d_MMMM	day	Th\u1ee9 7, 24 th\u00e1ng 12 \u2013 Th\u1ee9 3, 27 th\u00e1ng 12	E15 l12 d12 l11 M18 ls3 E25 l22 d22 l21 M28	
vi	E_d_MMMM	month	Th\u1ee9 2, 6 th\u00e1ng 3 \u2013 Th\u1ee9 3, 9 th\u00e1ng 5	E15 l12 d11 l11 M17 ls3 E25 l22 d21 l21 M27	
vi	E_d_MMMM	year	Th\u1ee9 7, 24 th\u00e1ng 12, 2022 \u2013 Th\u1ee9 2, 6 th\u00e1ng 3, 2023	E15 l12 d12 l11 M18 l12 y14 ls3 E25 l22 d21 l21 M27 l22 y24	
vi	EEEE_y_MMMM_d	ampm	Th\u1ee9 B\u1ea3y, 24 th\u00e1ng 12, 2022	Es7 ls2 ds2 ls1 Ms8 ls2 ys4	
vi	EEEE_y_MMMM_d	day	Th\u1ee9 B\u1ea3y, 24 th\u00e1ng 12 \u2013 Th\u1ee9 Ba, 27 th\u00e1ng 12, 2022	E17 l12 d12 l11 M18 ls3 E26 l22 d22 l21 M28 ls2 ys4	
vi	EEEE_y_MMMM_d	month	Th\u1ee9 Hai, 6 th\u00e1ng 3 \u2013 Th\u1ee9 Ba, 9 th\u00e1ng 5, 2023	E17 l12 d11 l11 M17 ls3 E26 l22 d21 l21 M27 ls2 ys4	
vi	EEEE_y_MMMM_d	year	Th\u1ee9 B\u1ea3y, 24 th\u00e1ng 12, 2022 \u2013 Th\u1ee9 Hai, 6 th\u00e1ng 3, 2023	E17 l12 d12 l11 M18 l12 y14 ls3 E27 l22 d21 l21 M27 l22 y24	
vi	y_MMMM	ampm	th\u00e1ng 12 n\u0103m 2022	Ms8 ls5 ys4	
vi	y_MMMM	day	th\u00e1ng 12 n\u0103m 2022	Ms8 ls5 ys4	
vi	y_MMMM	month	th\u00e1ng 3 \u2013 th\u00e1ng 5 n\u0103m 2023	M17 ls3 M27 ls5 ys4	
vi	y_MMMM	year	th\u00e1ng 12 n\u0103m 2022 \u2013 th\u00e1ng 3 n\u0103m 2023	M18 l15 y14 ls3 M27 l25 y24	
vi	y_MMM_d	ampm	24 thg 12, 2022	ds2 ls1 Ms6 ls2 ys4	
vi	y_MMM_d	day	24 \u2013 27 thg 12, 2022	d12 ls3 d22 ls1 Ms6 ls2 ys4	
vi	y_MMM_d	month	6 thg 3 \u2013 9 thg 5, 2023	d11 l11 M15 ls3 d21 l21 M25 ls2 ys4	
vi	y_MMM_d	year	24 thg 12, 2022 \u2013 6 thg 3, 2023	d12 l11 M16 l12 y14 ls3 d21 l21 M25 l22 y24	
vi	MMM_d	ampm	24 thg 12	ds2 ls1 Ms6	
vi	MMM_d	day	24 \u2013 27 thg 12	d12 ls3 d22 ls1 Ms6	
vi	MMM_d	month	6 thg 3 \u2013 9 thg 5	d11 l11 M15 ls3 d21 l21 M25	
vi	MMM_d	year	24 thg 12, 2022 \u2013 6 thg 3, 2023	d12 l11 M16 l12 y14 ls3 d21 l21 M25 l22 y24	
vi	y_M_d	ampm	24/12/2022	ds2 ls1 Ms2 ls1 ys4	
vi	y_M_d	day	24/12/2022 \u2013 27/12/2022	d12 l11 M12 l11 y14 ls3 d22 l21 M22 l21 y24	
vi	y_M_d	month	6/3/2023 \u2013 9/5/2023	d11 l11 M11 l11 y14 ls3 d21 l21 M21 l21 y24	
vi	y_M_d	year	24/12/2022 \u2013 6/3/2023	d12 l11 M12 l11 y14 ls3 d21 l21 M21 l21 y24	
vi	yy_MM_dd	ampm	24/12/22	ds2 ls1 Ms2 ls1 ys2	
vi	yy_MM_dd	day	24/12/22 \u2013 27/12/22	d12 l11 M12 l11 y12 ls3 d22 l21 M22 l21 y22	
vi	yy_MM_dd	month	6/3/23 \u2013 9/5/23	d11 l11 M11 l11 y12 ls3 d21 l21 M21 l21 y22	
vi	yy_MM_dd	year	24/12/22 \u2013 6/3/23	d12 l11 M12 l11 y12 ls3 d21 l21 M21 l21 y22	
vi	MMMM	ampm	Th\u00e1ng 12	Ms8	
vi	MMMM	day	Th\u00e1ng 12	Ms8	
vi	MMMM	month	Th\u00e1ng 3 \u2013 Th\u00e1ng 5	M17 ls3 M27	
vi	MMMM	year	Th\u00e1ng 12 \u2013 Th\u00e1ng 3	M18 ls3 M27	
vi	d	ampm	24	ds2	
vi	d	day	24 \u2013 27	d12 ls3 d22	
vi	d	month	6/3 \u2013 9/5	d11 l11 M11 ls3 d21 l21 M21	
vi	d	year	24/12/2022 \u2013 6/3/2023	d12 l11 M12 l11 y14 ls3 d21 l21 M21 l21 y24	
vi	G_y	ampm	2022 SCN	ys4 ls1 Gs3	
vi	G_y	day	2022 SCN	ys4 ls1 Gs3	
vi	G_y	month	2023 SCN	ys4 ls1 Gs3	
vi	G_y	year	2022 \u2013 2023 SCN	y14 ls3 y24 ls1 Gs3	
vi	j_mm	minute	15:07\u201315:42	h12 l11 m12 ls1 h22 l21 m22	
vi	j_mm	hour	13:04\u201317:42	h12 l11 m12 ls1 h22 l21 m22	
vi	j_mm	ampm	09:04\u201315:07	h12 l11 m12 ls1 h22 l21 m22	
vi	j_mm	day	15:07 24/12/2022 \u2013 09:04 27/12/2022	h12 l11 m12 l11 d12 l11 M12 l11 y14 ls3 h22 l21 m22 l21 d22 l21 M22 l21 y24	
vi	j_mm	month	09:04 6/3/2023 \u2013 15:07 9/5/2023	h12 l11 m12 l11 d11 l11 M11 l11 y14 ls3 h22 l21 m22 l21 d21 l21 M21 l21 y24	
vi	j_mm	year	15:07 24/12/2022 \u2013 09:04 6/3/2023	h12 l11 m12 l11 d12 l11 M12 l11 y14 ls3 h22 l21 m22 l21 d21 l21 M21 l21 y24	
vi	H_mm_h23	minute	15:07\u201315:42	h12 l11 m12 ls1 h22 l21 m22	
vi	H_mm_h23	hour	13:04\u201317:42	h12 l11 m12 ls1 h22 l21 m22	
vi	H_mm_h23	ampm	09:04\u201315:07	h12 l11 m12 ls1 h22 l21 m22	
vi	H_mm_h23	day	15:07 24/12/2022 \u2013 09:04 27/12/2022	h12 l11 m12 l11 d12 l11 M12 l11 y14 ls3 h22 l21 m22 l21 d22 l21 M22 l21 y24	
vi	H_mm_h23	month	09:04 6/3/2023 \u2013 15:07 9/5/2023	h12 l11 m12 l11 d11 l11 M11 l11 y14 ls3 h22 l21 m22 l21 d21 l21 M21 l21 y24	
vi	H_mm_h23	year	15:07 24/12/2022 \u2013 09:04 6/3/2023	h12 l11 m12 l11 d12 l11 M12 l11 y14 ls3 h22 l21 m22 l21 d21 l21 M21 l21 y24	
vi	j_mm_ss	minute	15:07:09 \u2013 15:42:31	h12 l11 m12 l11 s12 ls3 h22 l21 m22 l21 s22	
vi	j_mm_ss	hour	13:04:05 \u2013 17:42:31	h12 l11 m12 l11 s12 ls3 h22 l21 m22 l21 s22	
vi	j_mm_ss	ampm	09:04:05 \u2013 15:07:09	h12 l11 m12 l11 s12 ls3 h22 l21 m22 l21 s22	
vi	j_mm_ss	day	15:07:09 24/12/2022 \u2013 09:04:05 27/12/2022	h12 l11 m12 l11 s12 l11 d12 l11 M12 l11 y14 ls3 h22 l21 m22 l21 s22 l21 d22 l21 M22 l21 y24	
vi	j_mm_ss	month	09:04:05 6/3/2023 \u2013 15:07:09 9/5/2023	h12 l11 m12 l11 s12 l11 d11 l11 M11 l11 y14 ls3 h22 l21 m22 l21 s22 l21 d21 l21 M21 l21 y24	
vi	j_mm_ss	year	15:07:09 24/12/2022 \u2013 09:04:05 6/3/2023	h12 l11 m12 l11 s12 l11 d12 l11 M12 l11 y14 ls3 h22 l21 m22 l21 s22 l21 d21 l21 M21 l21 y24	
vi	y_MMMM_d_j_mm	minute	15:07\u201315:42 24 th\u00e1ng 12, 2022	h12 l11 m12 ls1 h22 l21 m22 ls1 ds2 ls1 Ms8 ls2 ys4	
vi	y_MMMM_d_j_mm	hour	13:04\u201317:42 24 th\u00e1ng 12, 2022	h12 l11 m12 ls1 h22 l21 m22 ls1 ds2 ls1 Ms8 ls2 ys4	
vi	y_MMMM_d_j_mm	ampm	09:04\u201315:07 24 th\u00e1ng 12, 2022	h12 l11 m12 ls1 h22 l21 m22 ls1 ds2 ls1 Ms8 ls2 ys4	
vi	y_MMMM_d_j_mm	day	l\u00fac 15:07 24 th\u00e1ng 12, 2022 \u2013 l\u00fac 09:04 27 th\u00e1ng 12, 2022	ls4 h12 l11 m12 l11 d12 l11 M18 l12 y14 ls7 h22 l21 m22 l21 d22 l21 M28 l22 y24	
vi	y_MMMM_d_j_mm	month	l\u00fac 09:04 6 th\u00e1ng 3, 2023 \u2013 l\u00fac 15:07 9 th\u00e1ng 5, 2023	ls4 h12 l11 m12 l11 d11 l11 M17 l12 y14 ls7 h22 l21 m22 l21 d21 l21 M27 l22 y24	
vi	y_MMMM_d_j_mm	year	l\u00fac 15:07 24 th\u00e1ng 12, 2022 \u2013 l\u00fac 09:04 6 th\u00e1ng 3, 2023	ls4 h12 l11 m12 l11 d12 l11 M18 l12 y14 ls7 h22 l21 m22 l21 d21 l21 M27 l22 y24	
vi	y_M_d_j_mm_ss	minute	15:07:09 \u2013 15:42:31 24/12/2022	h12 l11 m12 l11 s12 ls3 h22 l21 m22 l21 s22 ls1 ds2 ls1 Ms2 ls1 ys4	
vi	y_M_d_j_mm_ss	hour	13:04:05 \u2013 17:42:31 24/12/2022	h12 l11 m12 l11 s12 ls3 h22 l21 m22 l21 s22 ls1 ds2 ls1 Ms2 ls1 ys4	
vi	y_M_d_j_mm_ss	ampm	09:04:05 \u2013 15:07:09 24/12/2022	h12 l11 m12 l11 s12 ls3 h22 l21 m22 l21 s22 ls1 ds2 ls1 Ms2 ls1 ys4	
vi	y_M_d_j_mm_ss	day	15:07:09 24/12/2022 \u2013 09:04:05 27/12/2022	h12 l11 m12 l11 s12 l11 d12 l11 M12 l11 y14 ls3 h22 l21 m22 l21 s22 l21 d22 l21 M22 l21 y24	
vi	y_M_d_j_mm_ss	month	09:04:05 6/3/2023 \u2013 15:07:09 9/5/2023	h12 l11 m12 l11 s12 l11 d11 l11 M11 l11 y14 ls3 h22 l21 m22 l21 s22 l21 d21 l21 M21 l21 y24	
vi	y_M_d_j_mm_ss	year	15:07:09 24/12/2022 \u2013 09:04:05 6/3/2023	h12 l11 m12 l11 s12 l11 d12 l11 M12 l11 y14 ls3 h22 l21 m22 l21 s22 l21 d21 l21 M21 l21 y24	
zh	E_d_MMMM	ampm	12\u670824\u65e5\u5468\u516d	Ms2 ls1 ds2 ls1 Es2	
zh	E_d_MMMM	day	12/24\u5468\u516d\u81f312/27\u5468\u4e8c	M12 l11 d12 E12 ls1 M22 l21 d22 E22	
zh	E_d_MMMM	month	3/6\u5468\u4e00\u81f35/9\u5468\u4e8c	M11 l11 d11 E12 ls1 M21 l21 d21 E22	
zh	E_d_MMMM	year	2022/12/24\u5468\u516d \u2013 2023/3/6\u5468\u4e00	y14 l11 M12 l11 d12 E12 ls3 y24 l21 M21 l21 d21 E22	
zh	EEEE_y_MMMM_d	ampm	2022\u5e7412\u670824\u65e5\u661f\u671f\u516d	ys4 ls1 Ms2 ls1 ds2 ls1 Es3	
zh	EEEE_y_MMMM_d	day	2022/12/24\u661f\u671f\u516d\u81f32022/12/27\u661f\u671f\u4e8c	y14 l11 M12 l11 d12 E13 ls1 y24 l21 M22 l21 d22 E23	
zh	EEEE_y_MMMM_d	month	2023/3/6\u661f\u671f\u4e00\u81f32023/5/9\u661f\u671f\u4e8c	y14 l11 M11 l11 d11 E13 ls1 y24 l21 M21 l21 d21 E23	
zh	EEEE_y_MMMM_d	year	2022/12/24\u661f\u671f\u516d \u2013 2023/3/6\u661f\u671f\u4e00	y14 l11 M12 l11 d12 E13 ls3 y24 l21 M21 l21 d21 E23	
zh	y_MMMM	ampm	2022\u5e7412\u6708	ys4 ls1 Ms2 ls1	
zh	y_MMMM	day	2022\u5e7412\u6708	ys4 ls1 Ms2 ls1	
zh	y_MMMM	month	2023/3 \u2013 2023/5	y14 l11 M11 ls3 y24 l21 M21	
zh	y_MMMM	year	2022/12 \u2013 2023/3	y14 l11 M12 ls3 y24 l21 M21	
zh	y_MMM_d	ampm	2022\u5e7412\u670824\u65e5	ys4 ls1 Ms2 ls1 ds2 ls1	
zh	y_MMM_d	day	2022/12/24 \u2013 2022/12/27	y14 l11 M12 l11 d12 ls3 y24 l21 M22 l21 d22	
zh	y_MMM_d	month	2023/3/6 \u2013 2023/5/9	y14 l11 M11 l11 d11 ls3 y24 l21 M21 l21 d21	
zh	y_MMM_d	year	2022/12/24 \u2013 2023/3/6	y14 l11 M12 l11 d12 ls3 y24 l21 M21 l21 d21	
zh	MMM_d	ampm	12\u670824\u65e5	Ms2 ls1 ds2 ls1	
zh	MMM_d	day	12/24 \u2013 12/27	M12 l11 d12 ls3 M22 l21 d22	
zh	MMM_d	month	3/6 \u2013 5/9	M11 l11 d11 ls3 M21 l21 d21	
zh	MMM_d	year	2022/12/24 \u2013 2023/3/6	y14 l11 M12 l11 d12 ls3 y24 l21 M21 l21 d21	
zh	y_M_d	ampm	2022/12/24	ys4 ls1 Ms2 ls1 ds2	
zh	y_M_d	day	2022/12/24 \u2013 2022/12/27	y14 l11 M12 l11 d12 ls3 y24 l21 M22 l21 d22	
zh	y_M_d	month	2023/3/6 \u2013 2023/5/9	y14 l11 M11 l11 d11 ls3 y24 l21 M21 l21 d21	
zh	y_M_d	year	2022/12/24 \u2013 2023/3/6	y14 l11 M12 l11 d12 ls3 y24 l21 M21 l21 d21	
zh	yy_MM_dd	ampm	22/12/24	ys2 ls1 Ms2 ls1 ds2	
zh	yy_MM_dd	day	22/12/24 \u2013 22/12/27	y12 l11 M12 l11 d12 ls3 y22 l21 M22 l21 d22	
zh	yy_MM_dd	month	23/3/6 \u2013 23/5/9	y12 l11 M11 l11 d11 ls3 y22 l21 M21 l21 d21	
zh	yy_MM_dd	year	22/12/24 \u2013 23/3/6	y12 l11 M12 l11 d12 ls3 y22 l21 M21 l21 d21	
zh	MMMM	ampm	\u5341\u4e8c\u6708	Ms3	
zh	MMMM	day	\u5341\u4e8c\u6708	Ms3	
zh	MMMM	month	\u4e09\u6708 \u2013 \u4e94\u6708	M12 ls3 M22	
zh	MMMM	year	\u5341\u4e8c\u6708 \u2013 \u4e09\u6708	M13 ls3 M22	
zh	d	ampm	24\u65e5	ds2 ls1	
zh	d	day	24\u201327\u65e5	d12 ls1 d22 ls1	
zh	d	month	3/6 \u2013 5/9	M11 l11 d11 ls3 M21 l21 d21	
zh	d	year	2022/12/24 \u2013 2023/3/6	y14 l11 M12 l11 d12 ls3 y24 l21 M21 l21 d21	
zh	G_y	ampm	\u516c\u51432022\u5e74	Gs2 ys4 ls1	
zh	G_y	day	\u516c\u51432022\u5e74	Gs2 ys4 ls1	
zh	G_y	month	\u516c\u51432023\u5e74	Gs2 ys4 ls1	
zh	G_y	year	\u516c\u51432022\u5e74\u20132023\u5e74	Gs2 y14 ls2 y24 ls1	
zh	j_mm	minute	15:07\u201315:42	h12 l11 m12 ls1 h22 l21 m22	
zh	j_mm	hour	13:04\u201317:42	h12 l11 m12 ls1 h22 l21 m22	
zh	j_mm	ampm	09:04\u201315:07	h12 l11 m12 ls1 h22 l21 m22	
zh	j_mm	day	2022/12/24 15:07 \u2013 2022/12/27 09:04	y14 l11 M12 l11 d12 l11 h12 l11 m12 ls3 y24 l21 M22 l21 d22 l21 h22 l21 m22	
zh	j_mm	month	2023/3/6 09:04 \u2013 2023/5/9 15:07	y14 l11 M11 l11 d11 l11 h12 l11 m12 ls3 y24 l21 M21 l21 d21 l21 h22 l21 m22	
zh	j_mm	year	2022/12/24 15:07 \u2013 2023/3/6 09:04	y14 l11 M12 l11 d12 l11 h12 l11 m12 ls3 y24 l21 M21 l21 d21 l21 h22 l21 m22	
zh	H_mm_h23	minute	15:07\u201315:42	h12 l11 m12 ls1 h22 l21 m22	
zh	H_mm_h23	hour	13:04\u201317:42	h12 l11 m12 ls1 h22 l21 m22	
zh	H_mm_h23	ampm	09:04\u201315:07	h12 l11 m12 ls1 h22 l21 m22	
zh	H_mm_h23	day	2022/12/24 15:07 \u2013 2022/12/27 09:04	y14 l11 M12 l11 d12 l11 h12 l11 m12 ls3 y24 l21 M22 l21 d22 l21 h22 l21 m22	
zh	H_mm_h23	month	2023/3/6 09:04 \u2013 2023/5/9 15:07	y14 l11 M11 l11 d11 l11 h12 l11 m12 ls3 y24 l21 M21 l21 d21 l21 h22 l21 m22	
zh	H_mm_h23	year	2022/12/24 15:07 \u2013 2023/3/6 09:04	y14 l11 M12 l11 d12 l11 h12 l11 m12 ls3 y24 l21 M21 l21 d21 l21 h22 l21 m22	
zh	j_mm_ss	minute	15:07:09 \u2013 15:42:31	h12 l11 m12 l11 s12 ls3 h22 l21 m22 l21 s22	
zh	j_mm_ss	hour	13:04:05 \u2013 17:42:31	h12 l11 m12 l11 s12 ls3 h22 l21 m22 l21 s22	
zh	j_mm_ss	ampm	09:04:05 \u2013 15:07:09	h12 l11 m12 l11 s12 ls3 h22 l21 m22 l21 s22	
zh	j_mm_ss	day	2022/12/24 15:07:09 \u2013 2022/12/27 09:04:05	y14 l11 M12 l11 d12 l11 h12 l11 m12 l11 s12 ls3 y24 l21 M22 l21 d22 l21 h22 l21 m22 l21 s22	
zh	j_mm_ss	month	2023/3/6 09:04:05 \u2013 2023/5/9 15:07:09	y14 l11 M11 l11 d11 l11 h12 l11 m12 l11 s12 ls3 y24 l21 M21 l21 d21 l21 h22 l21 m22 l21 s22	
zh	j_mm_ss	year	2022/12/24 15:07:09 \u2013 2023/3/6 09:04:05	y14 l11 M12 l11 d12 l11 h12 l11 m12 l11 s12 ls3 y24 l21 M21 l21 d21 l21 h22 l21 m22 l21 s22	
zh	y_MMMM_d_j_mm	minute	2022/12/24 15:07\u201315:42	ys4 ls1 Ms2 ls1 ds2 ls1 h12 l11 m12 ls1 h22 l21 m22	
zh	y_MMMM_d_j_mm	hour	2022/12/24 13:04\u201317:42	ys4 ls1 Ms2 ls1 ds2 ls1 h12 l11 m12 ls1 h22 l21 m22	
zh	y_MMMM_d_j_mm	ampm	2022/12/24 09:04\u201315:07	ys4 ls1 Ms2 ls1 ds2 ls1 h12 l11 m12 ls1 h22 l21 m22	
zh	y_MMMM_d_j_mm	day	2022/12/24 15:07 \u2013 2022/12/27 09:04	y14 l11 M12 l11 d12 l11 h12 l11 m12 ls3 y24 l21 M22 l21 d22 l21 h22 l21 m22	
zh	y_MMMM_d_j_mm	month	2023/3/6 09:04 \u2013 2023/5/9 15:07	y14 l11 M11 l11 d11 l11 h12 l11 m12 ls3 y24 l21 M21 l21 d21 l21 h22 l21 m22	
zh	y_MMMM_d_j_mm	year	2022/12/24 15:07 \u2013 2023/3/6 09:04	y14 l11 M12 l11 d12 l11 h12 l11 m12 ls3 y24 l21 M21 l21 d21 l21 h22 l21 m22	
zh	y_M_d_j_mm_ss	minute	2022/12/24 15:07:09 \u2013 15:42:31	ys4 ls1 Ms2 ls1 ds2 ls1 h12 l11 m12 l11 s12 ls3 h22 l21 m22 l21 s22	
zh	y_M_d_j_mm_ss	hour	2022/12/24 13:04:05 \u2013 17:42:31	ys4 ls1 Ms2 ls1 ds2 ls1 h12 l11 m12 l11 s12 ls3 h22 l21 m22 l21 s22	
zh	y_M_d_j_mm_ss	ampm	2022/12/24 09:04:05 \u2013 15:07:09	ys4 ls1 Ms2 ls1 ds2 ls1 h12 l11 m12 l11 s12 ls3 h22 l21 m22 l21 s22	
zh	y_M_d_j_mm_ss	day	2022/12/24 15:07:09 \u2013 2022/12/27 09:04:05	y14 l11 M12 l11 d12 l11 h12 l11 m12 l11 s12 ls3 y24 l21 M22 l21 d22 l21 h22 l21 m22 l21 s22	
zh	y_M_d_j_mm_ss	month	2023/3/6 09:04:05 \u2013 2023/5/9 15:07:09	y14 l11 M11 l11 d11 l11 h12 l11 m12 l11 s12 ls3 y24 l21 M21 l21 d21 l21 h22 l21 m22 l21 s22	
zh	y_M_d_j_mm_ss	year	2022/12/24 15:07:09 \u2013 2023/3/6 09:04:05	y14 l11 M12 l11 d12 l11 h12 l11 m12 l11 s12 ls3 y24 l21 M21 l21 d21 l21 h22 l21 m22 l21 s22	
zh-Hant	E_d_MMMM	ampm	12\u670824\u65e5\u9031\u516d	Ms2 ls1 ds2 ls1 Es2	
zh-Hant	E_d_MMMM	day	12/24\u9031\u516d\u81f312/27\u9031\u4e8c	M12 l11 d12 E12 ls1 M22 l21 d22 E22	
zh-Hant	E_d_MMMM	month	3/6\u9031\u4e00\u81f35/9\u9031\u4e8c	M11 l11 d11 E12 ls1 M21 l21 d21 E22	
zh-Hant	E_d_MMMM	year	2022/12/24\u9031\u516d\u81f32023/3/6\u9031\u4e00	y14 l11 M12 l11 d12 E12 ls1 y24 l21 M21 l21 d21 E22	
zh-Hant	EEEE_y_MMMM_d	ampm	2022\u5e7412\u670824\u65e5\u661f\u671f\u516d	ys4 ls1 Ms2 ls1 ds2 ls1 Es3	
zh-Hant	EEEE_y_MMMM_d	day	2022/12/24\u661f\u671f\u516d\u81f32022/12/27\u661f\u671f\u4e8c	y14 l11 M12 l11 d12 E13 ls1 y24 l21 M22 l21 d22 E23	
zh-Hant	EEEE_y_MMMM_d	month	2023/3/6\u661f\u671f\u4e00\u81f32023/5/9\u661f\u671f\u4e8c	y14 l11 M11 l11 d11 E13 ls1 y24 l21 M21 l21 d21 E23	
zh-Hant	EEEE_y_MMMM_d	year	2022/12/24\u661f\u671f\u516d\u81f32023/3/6\u661f\u671f\u4e00	y14 l11 M12 l11 d12 E13 ls1 y24 l21 M21 l21 d21 E23	
zh-Hant	y_MMMM	ampm	2022\u5e7412\u6708	ys4 ls1 Ms2 ls1	
zh-Hant	y_MMMM	day	2022\u5e7412\u6708	ys4 ls1 Ms2 ls1	
zh-Hant	y_MMMM	month	2023/3\u81f32023/5	y14 l11 M11 ls1 y24 l21 M21	
zh-Hant	y_MMMM	year	2022/12\u81f32023/3	y14 l11 M12 ls1 y24 l21 M21	
zh-Hant	y_MMM_d	ampm	2022\u5e7412\u670824\u65e5	ys4 ls1 Ms2 ls1 ds2 ls1	
zh-Hant	y_MMM_d	day	2022/12/24\u81f32022/12/27	y14 l11 M12 l11 d12 ls1 y24 l21 M22 l21 d22	
zh-Hant	y_MMM_d	month	2023/3/6\u81f32023/5/9	y14 l11 M11 l11 d11 ls1 y24 l21 M21 l21 d21	
zh-Hant	y_MMM_d	year	2022/12/24\u81f32023/3/6	y14 l11 M12 l11 d12 ls1 y24 l21 M21 l21 d21	
zh-Hant	MMM_d	ampm	12\u670824\u65e5	Ms2 ls1 ds2 ls1	
zh-Hant	MMM_d	day	12/24\u81f312/27	M12 l11 d12 ls1 M22 l21 d22	
zh-Hant	MMM_d	month	3/6\u81f35/9	M11 l11 d11 ls1 M21 l21 d21	
zh-Hant	MMM_d	year	2022/12/24\u81f32023/3/6	y14 l11 M12 l11 d12 ls1 y24 l21 M21 l21 d21	
zh-Hant	y_M_d	ampm	2022/12/24	ys4 ls1 Ms2 ls1 ds2	
zh-Hant	y_M_d	day	2022/12/24\u81f32022/12/27	y14 l11 M12 l11 d12 ls1 y24 l21 M22 l21 d22	
zh-Hant	y_M_d	month	2023/3/6\u81f32023/5/9	y14 l11 M11 l11 d11 ls1 y24 l21 M21 l21 d21	
zh-Hant	y_M_d	year	2022/12/24\u81f32023/3/6	y14 l11 M12 l11 d12 ls1 y24 l21 M21 l21 d21	
zh-Hant	yy_MM_dd	ampm	22/12/24	ys2 ls1 Ms2 ls1 ds2	
zh-Hant	yy_MM_dd	day	22/12/24\u81f322/12/27	y12 l11 M12 l11 d12 ls1 y22 l21 M22 l21 d22	
zh-Hant	yy_MM_dd	month	23/3/6\u81f323/5/9	y12 l11 M11 l11 d11 ls1 y22 l21 M21 l21 d21	
zh-Hant	yy_MM_dd	year	22/12/24\u81f323/3/6	y12 l11 M12 l11 d12 ls1 y22 l21 M21 l21 d21	
zh-Hant	MMMM	ampm	12\u6708	Ms3	
zh-Hant	MMMM	day	12\u6708	Ms3	
zh-Hant	MMMM	month	3\u6708 \u2013 5\u6708	M12 ls3 M22	
zh-Hant	MMMM	year	12\u6708 \u2013 3\u6708	M13 ls3 M22	
zh-Hant	d	ampm	24\u65e5	ds2 ls1	
zh-Hant	d	day	24\u65e5\u81f327\u65e5	d12 ls2 d22 ls1	
zh-Hant	d	month	3/6\u81f35/9	M11 l11 d11 ls1 M21 l21 d21	
zh-Hant	d	year	2022/12/24\u81f32023/3/6	y14 l11 M12 l11 d12 ls1 y24 l21 M21 l21 d21	
zh-Hant	G_y	ampm	\u897f\u51432022\u5e74	Gs2 ys4 ls1	
zh-Hant	G_y	day	\u897f\u51432022\u5e74	Gs2 ys4 ls1	
zh-Hant	G_y	month	\u897f\u51432023\u5e74	Gs2 ys4 ls1	
zh-Hant	G_y	year	\u897f\u51432022\u20132023	Gs2 y14 ls1 y24	
zh-Hant	j_mm	minute	\u4e0b\u53483:07\u81f33:42	as2 h11 l11 m12 ls1 h21 l21 m22	
zh-Hant	j_mm	hour	\u4e0b\u53481:04\u81f35:42	as2 h11 l11 m12 ls1 h21 l21 m22	
zh-Hant	j_mm	ampm	\u4e0a\u53489:04\u81f3\u4e0b\u53483:07	a12 h11 l11 m12 ls1 a22 h21 l21 m22	
zh-Hant	j_mm	day	2022/12/24 \u4e0b\u53483:07 \u2013 2022/12/27 \u4e0a\u53489:04	y14 l11 M12 l11 d12 l11 a12 h11 l11 m12 ls3 y24 l21 M22 l21 d22 l21 a22 h21 l21 m22	
zh-Hant	j_mm	month	2023/3/6 \u4e0a\u53489:04 \u2013 2023/5/9 \u4e0b\u53483:07	y14 l11 M11 l11 d11 l11 a12 h11 l11 m12 ls3 y24 l21 M21 l21 d21 l21 a22 h21 l21 m22	
zh-Hant	j_mm	year	2022/12/24 \u4e0b\u53483:07 \u2013 2023/3/6 \u4e0a\u53489:04	y14 l11 M12 l11 d12 l11 a12 h11 l11 m12 ls3 y24 l21 M21 l21 d21 l21 a22 h21 l21 m22	
zh-Hant	H_mm_h23	minute	15:07 \u2013 15:42	h12 l11 m12 ls3 h22 l21 m22	
zh-Hant	H_mm_h23	hour	13:04 \u2013 17:42	h12 l11 m12 ls3 h22 l21 m22	
zh-Hant	H_mm_h23	ampm	09:04 \u2013 15:07	h12 l11 m12 ls3 h22 l21 m22	
zh-Hant	H_mm_h23	day	2022/12/24 15:07 \u2013 2022/12/27 09:04	y14 l11 M12 l11 d12 l11 h12 l11 m12 ls3 y24 l21 M22 l21 d22 l21 h22 l21 m22	
zh-Hant	H_mm_h23	month	2023/3/6 09:04 \u2013 2023/5/9 15:07	y14 l11 M11 l11 d11 l11 h12 l11 m12 ls3 y24 l21 M21 l21 d21 l21 h22 l21 m22	
zh-Hant	H_mm_h23	year	2022/12/24 15:07 \u2013 2023/3/6 09:04	y14 l11 M12 l11 d12 l11 h12 l11 m12 ls3 y24 l21 M21 l21 d21 l21 h22 l21 m22	
zh-Hant	j_mm_ss	minute	\u4e0b\u53483:07:09 \u2013 \u4e0b\u53483:42:31	a12 h11 l11 m12 l11 s12 ls3 a22 h21 l21 m22 l21 s22	
zh-Hant	j_mm_ss	hour	\u4e0b\u53481:04:05 \u2013 \u4e0b\u53485:42:31	a12 h11 l11 m12 l11 s12 ls3 a22 h21 l21 m22 l21 s22	
zh-Hant	j_mm_ss	ampm	\u4e0a\u53489:04:05 \u2013 \u4e0b\u53483:07:09	a12 h11 l11 m12 l11 s12 ls3 a22 h21 l21 m22 l21 s22	
zh-Hant	j_mm_ss	day	2022/12/24 \u4e0b\u53483:07:09 \u2013 2022/12/27 \u4e0a\u53489:04:05	y14 l11 M12 l11 d12 l11 a12 h11 l11 m12 l11 s12 ls3 y24 l21 M22 l21 d22 l21 a22 h21 l21 m22 l21 s22	
zh-Hant	j_mm_ss	month	2023/3/6 \u4e0a\u53489:04:05 \u2013 2023/5/9 \u4e0b\u53483:07:09	y14 l11 M11 l11 d11 l11 a12 h11 l11 m12 l11 s12 ls3 y24 l21 M21 l21 d21 l21 a22 h21 l21 m22 l21 s22	
zh-Hant	j_mm_ss	year	2022/12/24 \u4e0b\u53483:07:09 \u2013 2023/3/6 \u4e0a\u53489:04:05	y14 l11 M12 l11 d12 l11 a12 h11 l11 m12 l11 s12 ls3 y24 l21 M21 l21 d21 l21 a22 h21 l21 m22 l21 s22	
zh-Hant	y_MMMM_d_j_mm	minute	2022/12/24 \u4e0b\u53483:07\u81f33:42	ys4 ls1 Ms2 ls1 ds2 ls1 as2 h11 l11 m12 ls1 h21 l21 m22	
zh-Hant	y_MMMM_d_j_mm	hour	2022/12/24 \u4e0b\u53481:04\u81f35:42	ys4 ls1 Ms2 ls1 ds2 ls1 as2 h11 l11 m12 ls1 h21 l21 m22	
zh-Hant	y_MMMM_d_j_mm	ampm	2022/12/24 \u4e0a\u53489:04\u81f3\u4e0b\u53483:07	ys4 ls1 Ms2 ls1 ds2 ls1 a12 h11 l11 m12 ls1 a22 h21 l21 m22	
zh-Hant	y_MMMM_d_j_mm	day	2022/12/24 \u4e0b\u53483:07 \u2013 2022/12/27 \u4e0a\u53489:04	y14 l11 M12 l11 d12 l11 a12 h11 l11 m12 ls3 y24 l21 M22 l21 d22 l21 a22 h21 l21 m22	
zh-Hant	y_MMMM_d_j_mm	month	2023/3/6 \u4e0a\u53489:04 \u2013 2023/5/9 \u4e0b\u53483:07	y14 l11 M11 l11 d11 l11 a12 h11 l11 m12 ls3 y24 l21 M21 l21 d21 l21 a22 h21 l21 m22	
zh-Hant	y_MMMM_d_j_mm	year	2022/12/24 \u4e0b\u53483:07 \u2013 2023/3/6 \u4e0a\u53489:04	y14 l11 M12 l11 d12 l11 a12 h11 l11 m12 ls3 y24 l21 M21 l21 d21 l21 a22 h21 l21 m22	
zh-Hant	y_M_d_j_mm_ss	minute	2022/12/24 \u4e0b\u53483:07:09 \u2013 \u4e0b\u53483:42:31	ys4 ls1 Ms2 ls1 ds2 ls1 a12 h11 l11 m12 l11 s12 ls3 a22 h21 l21 m22 l21 s22	
zh-Hant	y_M_d_j_mm_ss	hour	2022/12/24 \u4e0b\u53481:04:05 \u2013 \u4e0b\u53485:42:31	ys4 ls1 Ms2 ls1 ds2 ls1 a12 h11 l11 m12 l11 s12 ls3 a22 h21 l21 m22 l21 s22	
zh-Hant	y_M_d_j_mm_ss	ampm	2022/12/24 \u4e0a\u53489:04:05 \u2013 \u4e0b\u53483:07:09	ys4 ls1 Ms2 ls1 ds2 ls1 a12 h11 l11 m12 l11 s12 ls3 a22 h21 l21 m22 l21 s22	
zh-Hant	y_M_d_j_mm_ss	day	2022/12/24 \u4e0b\u53483:07:09 \u2013 2022/12/27 \u4e0a\u53489:04:05	y14 l11 M12 l11 d12 l11 a12 h11 l11 m12 l11 s12 ls3 y24 l21 M22 l21 d22 l21 a22 h21 l21 m22 l21 s22	
zh-Hant	y_M_d_j_mm_ss	month	2023/3/6 \u4e0a\u53489:04:05 \u2013 2023/5/9 \u4e0b\u53483:07:09	y14 l11 M11 l11 d11 l11 a12 h11 l11 m12 l11 s12 ls3 y24 l21 M21 l21 d21 l21 a22 h21 l21 m22 l21 s22	
zh-Hant	y_M_d_j_mm_ss	year	2022/12/24 \u4e0b\u53483:07:09 \u2013 2023/3/6 \u4e0a\u53489:04:05	y14 l11 M12 l11 d12 l11 a12 h11 l11 m12 l11 s12 ls3 y24 l21 M21 l21 d21 l21 a22 h21 l21 m22 l21 s22	
